x[nm]                    Gamma[eV]                HH[eV]                   electron_Fermi_level[eV] hole_Fermi_level[eV]    
-9                       0                        0                        0                        0
-7                       0                        0                        0                        0
-5                       0                        0                        0                        0
-3                       0                        0                        0                        0
-1                       0                        0                        0                        0
1                        -0.064830752028765       -0.74093521854774        0                        0
2.998                    -0.12972647480755        -1.4826121890933         -0                       -0
4.996                    -0.12972651818887        -1.4826122324746         -0                       -0
6.9939999999999          -0.12972654324718        -1.4826122575329         -0                       -0
8.9919999999999          -0.1297265577216         -1.4826122720073         -0                       -0
10.99                    -0.12972656608245        -1.4826122803682         -0                       -0
12.988                   -0.12972657091192        -1.4826122851976         -0                       -0
14.986                   -0.12972657370156        -1.4826122879873         -0                       -0
16.984                   -0.12972657531294        -1.4826122895987         -0                       -0
18.982                   -0.12972657624372        -1.4826122905294         -0                       -0
20.98                    -0.12972657678137        -1.4826122910671         -0                       -0
22.978                   -0.12972657709193        -1.4826122913776         -0                       -0
24.976                   -0.12972657727132        -1.482612291557          -0                       -0
26.974                   -0.12972657737494        -1.4826122916607         -0                       -0
28.972                   -0.12972657743479        -1.4826122917205         -0                       -0
30.97                    -0.12972657746937        -1.4826122917551         -0                       -0
32.968                   -0.12972657748934        -1.4826122917751         -0                       -0
34.966                   -0.12972657750087        -1.4826122917866         -0                       -0
36.964                   -0.12972657750754        -1.4826122917932         -0                       -0
38.962                   -0.12972657751138        -1.4826122917971         -0                       -0
40.96                    -0.12972657751361        -1.4826122917993         -0                       -0
42.958                   -0.12972657751489        -1.4826122918006         -0                       -0
44.956                   -0.12972657751563        -1.4826122918013         -0                       -0
46.954                   -0.12972657751606        -1.4826122918018         -0                       -0
48.952                   -0.12972657751631        -1.482612291802          -0                       -0
50.949999999999          -0.12972657751645        -1.4826122918022         -0                       -0
52.947999999999          -0.12972657751653        -1.4826122918022         -0                       -0
54.945999999999          -0.12972657751658        -1.4826122918023         -0                       -0
56.943999999999          -0.12972657751661        -1.4826122918023         -0                       -0
58.941999999999          -0.12972657751663        -1.4826122918023         -0                       -0
60.939999999999          -0.12972657751664        -1.4826122918023         -0                       -0
62.937999999999          -0.12972657751664        -1.4826122918024         -0                       -0
64.935999999999          -0.12972657751664        -1.4826122918024         -0                       -0
66.933999999999          -0.12972657751665        -1.4826122918024         -0                       -0
68.931999999999          -0.12972657751665        -1.4826122918024         -0                       -0
70.929999999999          -0.12972657751665        -1.4826122918024         -0                       -0
72.927999999999          -0.12972657751665        -1.4826122918024         -0                       -0
74.925999999999          -0.12972657751665        -1.4826122918024         -0                       -0
76.923999999999          -0.12972657751665        -1.4826122918024         -0                       -0
78.921999999999          -0.12972657751665        -1.4826122918024         -0                       -0
80.919999999999          -0.12972657751665        -1.4826122918024         -0                       -0
82.917999999999          -0.12972657751665        -1.4826122918024         -0                       -0
84.915999999999          -0.12972657751665        -1.4826122918024         -0                       -0
86.913999999999          -0.12972657751665        -1.4826122918024         -0                       -0
88.911999999999          -0.12972657751665        -1.4826122918024         -0                       -0
90.909999999999          -0.12972657751665        -1.4826122918024         -0                       -0
92.907999999999          -0.12972657751665        -1.4826122918024         -0                       -0
94.905999999999          -0.12972657751665        -1.4826122918024         -0                       -0
96.903999999999          -0.12972657751665        -1.4826122918024         -0                       -0
98.901999999999          -0.12972657751665        -1.4826122918024         -0                       -0
100.9                    -0.12972657751665        -1.4826122918024         -0                       -0
102.898                  -0.12972657751665        -1.4826122918024         -0                       -0
104.896                  -0.12972657751665        -1.4826122918024         -0                       -0
106.894                  -0.12972657751665        -1.4826122918024         -0                       -0
108.892                  -0.12972657751665        -1.4826122918024         -0                       -0
110.89                   -0.12972657751665        -1.4826122918024         -0                       -0
112.888                  -0.12972657751665        -1.4826122918024         -0                       -0
114.886                  -0.12972657751665        -1.4826122918024         -0                       -0
116.884                  -0.12972657751665        -1.4826122918024         -0                       -0
118.882                  -0.12972657751665        -1.4826122918024         -0                       -0
120.88                   -0.12972657751665        -1.4826122918024         -0                       -0
122.878                  -0.12972657751665        -1.4826122918024         -0                       -0
124.876                  -0.12972657751665        -1.4826122918024         -0                       -0
126.874                  -0.12972657751665        -1.4826122918024         -0                       -0
128.872                  -0.12972657751665        -1.4826122918024         -0                       -0
130.87                   -0.12972657751665        -1.4826122918024         -0                       -0
132.868                  -0.12972657751665        -1.4826122918024         -0                       -0
134.866                  -0.12972657751665        -1.4826122918024         -0                       -0
136.864                  -0.12972657751665        -1.4826122918024         -0                       -0
138.862                  -0.12972657751665        -1.4826122918024         -0                       -0
140.86                   -0.12972657751665        -1.4826122918024         -0                       -0
142.858                  -0.12972657751665        -1.4826122918024         -0                       -0
144.856                  -0.12972657751665        -1.4826122918024         -0                       -0
146.854                  -0.12972657751665        -1.4826122918024         -0                       -0
148.852                  -0.12972657751665        -1.4826122918024         -0                       -0
150.85                   -0.12972657751665        -1.4826122918024         -0                       -0
152.848                  -0.12972657751665        -1.4826122918024         -0                       -0
154.846                  -0.12972657751665        -1.4826122918024         -0                       -0
156.844                  -0.12972657751665        -1.4826122918024         -0                       -0
158.842                  -0.12972657751665        -1.4826122918024         -0                       -0
160.84                   -0.12972657751665        -1.4826122918024         -0                       -0
162.838                  -0.12972657751665        -1.4826122918024         -0                       -0
164.836                  -0.12972657751665        -1.4826122918024         -0                       -0
166.834                  -0.12972657751665        -1.4826122918024         -0                       -0
168.832                  -0.12972657751665        -1.4826122918024         -0                       -0
170.83                   -0.12972657751665        -1.4826122918024         -0                       -0
172.828                  -0.12972657751665        -1.4826122918024         -0                       -0
174.826                  -0.12972657751665        -1.4826122918024         -0                       -0
176.824                  -0.12972657751665        -1.4826122918024         -0                       -0
178.822                  -0.12972657751665        -1.4826122918024         -0                       -0
180.82                   -0.12972657751665        -1.4826122918024         -0                       -0
182.818                  -0.12972657751665        -1.4826122918024         -0                       -0
184.816                  -0.12972657751665        -1.4826122918024         -0                       -0
186.814                  -0.12972657751665        -1.4826122918024         -0                       -0
188.812                  -0.12972657751665        -1.4826122918024         -0                       -0
190.81                   -0.12972657751665        -1.4826122918024         -0                       -0
192.808                  -0.12972657751665        -1.4826122918024         -0                       -0
194.806                  -0.12972657751665        -1.4826122918024         -0                       -0
196.804                  -0.12972657751665        -1.4826122918024         -0                       -0
198.802                  -0.12972657751665        -1.4826122918024         -0                       -0
200.8                    -0.12972657751665        -1.4826122918024         -0                       -0
202.798                  -0.12972657751665        -1.4826122918024         -0                       -0
204.796                  -0.12972657751665        -1.4826122918024         -0                       -0
206.794                  -0.12972657751665        -1.4826122918024         -0                       -0
208.792                  -0.12972657751665        -1.4826122918024         -0                       -0
210.79                   -0.12972657751665        -1.4826122918024         -0                       -0
212.788                  -0.12972657751665        -1.4826122918024         -0                       -0
214.786                  -0.12972657751665        -1.4826122918024         -0                       -0
216.784                  -0.12972657751665        -1.4826122918024         -0                       -0
218.782                  -0.12972657751665        -1.4826122918024         -0                       -0
220.78                   -0.12972657751665        -1.4826122918024         -0                       -0
222.778                  -0.12972657751665        -1.4826122918024         -0                       -0
224.776                  -0.12972657751665        -1.4826122918024         -0                       -0
226.774                  -0.12972657751665        -1.4826122918024         -0                       -0
228.772                  -0.12972657751665        -1.4826122918024         -0                       -0
230.77                   -0.12972657751665        -1.4826122918024         -0                       -0
232.768                  -0.12972657751665        -1.4826122918024         -0                       -0
234.766                  -0.12972657751665        -1.4826122918024         -0                       -0
236.764                  -0.12972657751665        -1.4826122918024         -0                       -0
238.762                  -0.12972657751665        -1.4826122918024         -0                       -0
240.76                   -0.12972657751665        -1.4826122918024         -0                       -0
242.758                  -0.12972657751665        -1.4826122918024         -0                       -0
244.756                  -0.12972657751665        -1.4826122918024         -0                       -0
246.754                  -0.12972657751665        -1.4826122918024         -0                       -0
248.752                  -0.12972657751665        -1.4826122918024         -0                       -0
250.75                   -0.12972657751665        -1.4826122918024         -0                       -0
252.748                  -0.12972657751665        -1.4826122918024         -0                       -0
254.746                  -0.12972657751665        -1.4826122918024         -0                       -0
256.744                  -0.12972657751665        -1.4826122918024         -0                       -0
258.742                  -0.12972657751665        -1.4826122918024         -0                       -0
260.74                   -0.12972657751665        -1.4826122918024         -0                       -0
262.738                  -0.12972657751665        -1.4826122918024         -0                       -0
264.736                  -0.12972657751665        -1.4826122918024         -0                       -0
266.734                  -0.12972657751665        -1.4826122918024         -0                       -0
268.732                  -0.12972657751665        -1.4826122918024         -0                       -0
270.73                   -0.12972657751665        -1.4826122918024         -0                       -0
272.728                  -0.12972657751665        -1.4826122918024         -0                       -0
274.726                  -0.12972657751665        -1.4826122918024         -0                       -0
276.724                  -0.12972657751665        -1.4826122918024         -0                       -0
278.722                  -0.12972657751665        -1.4826122918024         -0                       -0
280.72                   -0.12972657751665        -1.4826122918024         -0                       -0
282.718                  -0.12972657751665        -1.4826122918024         -0                       -0
284.716                  -0.12972657751665        -1.4826122918024         -0                       -0
286.714                  -0.12972657751665        -1.4826122918024         -0                       -0
288.712                  -0.12972657751665        -1.4826122918024         -0                       -0
290.71                   -0.12972657751665        -1.4826122918024         -0                       -0
292.708                  -0.12972657751665        -1.4826122918024         -0                       -0
294.706                  -0.12972657751665        -1.4826122918024         -0                       -0
296.704                  -0.12972657751665        -1.4826122918024         -0                       -0
298.702                  -0.12972657751665        -1.4826122918024         -0                       -0
300.7                    -0.12972657751665        -1.4826122918024         -0                       -0
302.698                  -0.12972657751665        -1.4826122918024         -0                       -0
304.696                  -0.12972657751665        -1.4826122918024         -0                       -0
306.694                  -0.12972657751665        -1.4826122918024         -0                       -0
308.692                  -0.12972657751665        -1.4826122918024         -0                       -0
310.69                   -0.12972657751665        -1.4826122918024         -0                       -0
312.688                  -0.12972657751665        -1.4826122918024         -0                       -0
314.686                  -0.12972657751665        -1.4826122918024         -0                       -0
316.684                  -0.12972657751665        -1.4826122918024         -0                       -0
318.682                  -0.12972657751665        -1.4826122918024         -0                       -0
320.68                   -0.12972657751665        -1.4826122918024         -0                       -0
322.678                  -0.12972657751665        -1.4826122918024         -0                       -0
324.676                  -0.12972657751665        -1.4826122918024         -0                       -0
326.674                  -0.12972657751665        -1.4826122918024         -0                       -0
328.672                  -0.12972657751665        -1.4826122918024         -0                       -0
330.67                   -0.12972657751665        -1.4826122918024         -0                       -0
332.668                  -0.12972657751665        -1.4826122918024         -0                       -0
334.666                  -0.12972657751665        -1.4826122918024         -0                       -0
336.664                  -0.12972657751665        -1.4826122918024         -0                       -0
338.662                  -0.12972657751665        -1.4826122918024         -0                       -0
340.66                   -0.12972657751665        -1.4826122918024         -0                       -0
342.658                  -0.12972657751665        -1.4826122918024         -0                       -0
344.656                  -0.12972657751665        -1.4826122918024         -0                       -0
346.654                  -0.12972657751665        -1.4826122918024         -0                       -0
348.652                  -0.12972657751665        -1.4826122918024         -0                       -0
350.65                   -0.12972657751665        -1.4826122918024         -0                       -0
352.648                  -0.12972657751665        -1.4826122918024         -0                       -0
354.646                  -0.12972657751665        -1.4826122918024         -0                       -0
356.644                  -0.12972657751665        -1.4826122918024         -0                       -0
358.642                  -0.12972657751665        -1.4826122918024         -0                       -0
360.64                   -0.12972657751665        -1.4826122918024         -0                       -0
362.638                  -0.12972657751665        -1.4826122918024         -0                       -0
364.636                  -0.12972657751665        -1.4826122918024         -0                       -0
366.634                  -0.12972657751665        -1.4826122918024         -0                       -0
368.632                  -0.12972657751665        -1.4826122918024         -0                       -0
370.63                   -0.12972657751665        -1.4826122918024         -0                       -0
372.628                  -0.12972657751665        -1.4826122918024         -0                       -0
374.626                  -0.12972657751665        -1.4826122918024         -0                       -0
376.624                  -0.12972657751665        -1.4826122918024         -0                       -0
378.622                  -0.12972657751665        -1.4826122918024         -0                       -0
380.62                   -0.12972657751665        -1.4826122918024         -0                       -0
382.618                  -0.12972657751665        -1.4826122918024         -0                       -0
384.616                  -0.12972657751665        -1.4826122918024         -0                       -0
386.614                  -0.12972657751665        -1.4826122918024         -0                       -0
388.612                  -0.12972657751665        -1.4826122918024         -0                       -0
390.61                   -0.12972657751665        -1.4826122918024         -0                       -0
392.608                  -0.12972657751665        -1.4826122918024         -0                       -0
394.60599999999          -0.12972657751665        -1.4826122918024         -0                       -0
396.60399999999          -0.12972657751665        -1.4826122918024         -0                       -0
398.60199999999          -0.12972657751665        -1.4826122918024         -0                       -0
400.59999999999          -0.12972657751665        -1.4826122918024         -0                       -0
402.59799999999          -0.12972657751665        -1.4826122918024         -0                       -0
404.59599999999          -0.12972657751665        -1.4826122918024         -0                       -0
406.59399999999          -0.12972657751665        -1.4826122918024         -0                       -0
408.59199999999          -0.12972657751665        -1.4826122918024         -0                       -0
410.58999999999          -0.12972657751665        -1.4826122918024         -0                       -0
412.58799999999          -0.12972657751665        -1.4826122918024         -0                       -0
414.58599999999          -0.12972657751665        -1.4826122918024         -0                       -0
416.58399999999          -0.12972657751665        -1.4826122918024         -0                       -0
418.58199999999          -0.12972657751665        -1.4826122918024         -0                       -0
420.57999999999          -0.12972657751665        -1.4826122918024         -0                       -0
422.57799999999          -0.12972657751665        -1.4826122918024         -0                       -0
424.57599999999          -0.12972657751665        -1.4826122918024         -0                       -0
426.57399999999          -0.12972657751665        -1.4826122918024         -0                       -0
428.57199999999          -0.12972657751665        -1.4826122918024         -0                       -0
430.56999999999          -0.12972657751665        -1.4826122918024         -0                       -0
432.56799999999          -0.12972657751665        -1.4826122918024         -0                       -0
434.56599999999          -0.12972657751665        -1.4826122918024         -0                       -0
436.56399999999          -0.12972657751665        -1.4826122918024         -0                       -0
438.56199999999          -0.12972657751665        -1.4826122918024         -0                       -0
440.55999999999          -0.12972657751665        -1.4826122918024         -0                       -0
442.55799999999          -0.12972657751665        -1.4826122918024         -0                       -0
444.55599999999          -0.12972657751665        -1.4826122918024         -0                       -0
446.55399999999          -0.12972657751665        -1.4826122918024         -0                       -0
448.55199999999          -0.12972657751665        -1.4826122918024         -0                       -0
450.54999999999          -0.12972657751665        -1.4826122918024         -0                       -0
452.54799999999          -0.12972657751665        -1.4826122918024         -0                       -0
454.54599999999          -0.12972657751665        -1.4826122918024         -0                       -0
456.54399999999          -0.12972657751665        -1.4826122918024         -0                       -0
458.54199999999          -0.12972657751665        -1.4826122918024         -0                       -0
460.53999999999          -0.12972657751665        -1.4826122918024         -0                       -0
462.53799999999          -0.12972657751665        -1.4826122918024         -0                       -0
464.53599999999          -0.12972657751665        -1.4826122918024         -0                       -0
466.53399999999          -0.12972657751665        -1.4826122918024         -0                       -0
468.53199999999          -0.12972657751665        -1.4826122918024         -0                       -0
470.52999999999          -0.12972657751665        -1.4826122918024         -0                       -0
472.52799999999          -0.12972657751665        -1.4826122918024         -0                       -0
474.52599999999          -0.12972657751665        -1.4826122918024         -0                       -0
476.52399999999          -0.12972657751665        -1.4826122918024         -0                       -0
478.52199999999          -0.12972657751665        -1.4826122918024         -0                       -0
480.51999999999          -0.12972657751665        -1.4826122918024         -0                       -0
482.51799999999          -0.12972657751665        -1.4826122918024         -0                       -0
484.51599999999          -0.12972657751665        -1.4826122918024         -0                       -0
486.51399999999          -0.12972657751665        -1.4826122918024         -0                       -0
488.51199999999          -0.12972657751665        -1.4826122918024         -0                       -0
490.50999999999          -0.12972657751665        -1.4826122918024         -0                       -0
492.50799999999          -0.12972657751665        -1.4826122918024         -0                       -0
494.50599999999          -0.12972657751665        -1.4826122918024         -0                       -0
496.50399999999          -0.12972657751665        -1.4826122918024         -0                       -0
498.50199999999          -0.12972657751665        -1.4826122918024         -0                       -0
500.49999999999          -0.12972657751665        -1.4826122918024         -0                       -0
502.49799999999          -0.12972657751665        -1.4826122918024         -0                       -0
504.49599999999          -0.12972657751665        -1.4826122918024         -0                       -0
506.49399999999          -0.12972657751665        -1.4826122918024         -0                       -0
508.49199999999          -0.12972657751665        -1.4826122918024         -0                       -0
510.48999999999          -0.12972657751665        -1.4826122918024         -0                       -0
512.48799999999          -0.12972657751665        -1.4826122918024         -0                       -0
514.48599999999          -0.12972657751665        -1.4826122918024         -0                       -0
516.48399999999          -0.12972657751665        -1.4826122918024         -0                       -0
518.48199999999          -0.12972657751665        -1.4826122918024         -0                       -0
520.47999999999          -0.12972657751665        -1.4826122918024         -0                       -0
522.47799999999          -0.12972657751665        -1.4826122918024         -0                       -0
524.47599999999          -0.12972657751665        -1.4826122918024         -0                       -0
526.47399999999          -0.12972657751665        -1.4826122918024         -0                       -0
528.47199999999          -0.12972657751665        -1.4826122918024         -0                       -0
530.46999999999          -0.12972657751665        -1.4826122918024         -0                       -0
532.46799999999          -0.12972657751665        -1.4826122918024         -0                       -0
534.46599999999          -0.12972657751665        -1.4826122918024         -0                       -0
536.46399999999          -0.12972657751665        -1.4826122918024         -0                       -0
538.46199999999          -0.12972657751665        -1.4826122918024         -0                       -0
540.45999999999          -0.12972657751665        -1.4826122918024         -0                       -0
542.45799999999          -0.12972657751665        -1.4826122918024         -0                       -0
544.45599999999          -0.12972657751665        -1.4826122918024         -0                       -0
546.45399999999          -0.12972657751665        -1.4826122918024         -0                       -0
548.45199999999          -0.12972657751665        -1.4826122918024         -0                       -0
550.44999999999          -0.12972657751665        -1.4826122918024         -0                       -0
552.44799999999          -0.12972657751665        -1.4826122918024         -0                       -0
554.44599999999          -0.12972657751665        -1.4826122918024         -0                       -0
556.44399999999          -0.12972657751665        -1.4826122918024         -0                       -0
558.44199999999          -0.12972657751665        -1.4826122918024         -0                       -0
560.43999999999          -0.12972657751665        -1.4826122918024         -0                       -0
562.43799999999          -0.12972657751665        -1.4826122918024         -0                       -0
564.43599999999          -0.12972657751665        -1.4826122918024         -0                       -0
566.43399999999          -0.12972657751665        -1.4826122918024         -0                       -0
568.43199999999          -0.12972657751665        -1.4826122918024         -0                       -0
570.42999999999          -0.12972657751665        -1.4826122918024         -0                       -0
572.42799999999          -0.12972657751665        -1.4826122918024         -0                       -0
574.42599999999          -0.12972657751665        -1.4826122918024         -0                       -0
576.42399999999          -0.12972657751665        -1.4826122918024         -0                       -0
578.42199999999          -0.12972657751665        -1.4826122918024         -0                       -0
580.41999999999          -0.12972657751665        -1.4826122918024         -0                       -0
582.41799999999          -0.12972657751665        -1.4826122918024         -0                       -0
584.41599999999          -0.12972657751665        -1.4826122918024         -0                       -0
586.41399999999          -0.12972657751665        -1.4826122918024         -0                       -0
588.41199999999          -0.12972657751665        -1.4826122918024         -0                       -0
590.40999999999          -0.12972657751665        -1.4826122918024         -0                       -0
592.40799999999          -0.12972657751665        -1.4826122918024         -0                       -0
594.40599999999          -0.12972657751665        -1.4826122918024         -0                       -0
596.40399999999          -0.12972657751665        -1.4826122918024         -0                       -0
598.40199999999          -0.12972657751665        -1.4826122918024         -0                       -0
600.39999999999          -0.12972657751665        -1.4826122918024         -0                       -0
602.39799999999          -0.12972657751665        -1.4826122918024         -0                       -0
604.39599999999          -0.12972657751665        -1.4826122918024         -0                       -0
606.39399999999          -0.12972657751665        -1.4826122918024         -0                       -0
608.39199999999          -0.12972657751665        -1.4826122918024         -0                       -0
610.38999999999          -0.12972657751665        -1.4826122918024         -0                       -0
612.38799999999          -0.12972657751665        -1.4826122918024         -0                       -0
614.38599999999          -0.12972657751665        -1.4826122918024         -0                       -0
616.38399999999          -0.12972657751665        -1.4826122918024         -0                       -0
618.38199999999          -0.12972657751665        -1.4826122918024         -0                       -0
620.37999999999          -0.12972657751665        -1.4826122918024         -0                       -0
622.37799999999          -0.12972657751665        -1.4826122918024         -0                       -0
624.37599999999          -0.12972657751665        -1.4826122918024         -0                       -0
626.37399999999          -0.12972657751665        -1.4826122918024         -0                       -0
628.37199999999          -0.12972657751665        -1.4826122918024         -0                       -0
630.37                   -0.12972657751665        -1.4826122918024         -0                       -0
632.368                  -0.12972657751665        -1.4826122918024         -0                       -0
634.36599999999          -0.12972657751665        -1.4826122918024         -0                       -0
636.364                  -0.12972657751665        -1.4826122918024         -0                       -0
638.362                  -0.12972657751665        -1.4826122918024         -0                       -0
640.36                   -0.12972657751665        -1.4826122918024         -0                       -0
642.358                  -0.12972657751665        -1.4826122918024         -0                       -0
644.356                  -0.12972657751665        -1.4826122918024         -0                       -0
646.354                  -0.12972657751665        -1.4826122918024         -0                       -0
648.352                  -0.12972657751665        -1.4826122918024         -0                       -0
650.35                   -0.12972657751665        -1.4826122918024         -0                       -0
652.348                  -0.12972657751665        -1.4826122918024         -0                       -0
654.346                  -0.12972657751665        -1.4826122918024         -0                       -0
656.344                  -0.12972657751665        -1.4826122918024         -0                       -0
658.342                  -0.12972657751665        -1.4826122918024         -0                       -0
660.34                   -0.12972657751665        -1.4826122918024         -0                       -0
662.338                  -0.12972657751665        -1.4826122918024         -0                       -0
664.336                  -0.12972657751665        -1.4826122918024         -0                       -0
666.334                  -0.12972657751665        -1.4826122918024         -0                       -0
668.332                  -0.12972657751665        -1.4826122918024         -0                       -0
670.33                   -0.12972657751665        -1.4826122918024         -0                       -0
672.328                  -0.12972657751665        -1.4826122918024         -0                       -0
674.326                  -0.12972657751665        -1.4826122918024         -0                       -0
676.324                  -0.12972657751665        -1.4826122918024         -0                       -0
678.322                  -0.12972657751665        -1.4826122918024         -0                       -0
680.32                   -0.12972657751665        -1.4826122918024         -0                       -0
682.318                  -0.12972657751665        -1.4826122918024         -0                       -0
684.316                  -0.12972657751665        -1.4826122918024         -0                       -0
686.314                  -0.12972657751665        -1.4826122918024         -0                       -0
688.312                  -0.12972657751665        -1.4826122918024         -0                       -0
690.31                   -0.12972657751665        -1.4826122918024         -0                       -0
692.308                  -0.12972657751665        -1.4826122918024         -0                       -0
694.306                  -0.12972657751665        -1.4826122918024         -0                       -0
696.304                  -0.12972657751665        -1.4826122918024         -0                       -0
698.302                  -0.12972657751665        -1.4826122918024         -0                       -0
700.3                    -0.12972657751665        -1.4826122918024         -0                       -0
702.298                  -0.12972657751665        -1.4826122918024         -0                       -0
704.296                  -0.12972657751665        -1.4826122918024         -0                       -0
706.294                  -0.12972657751665        -1.4826122918024         -0                       -0
708.292                  -0.12972657751665        -1.4826122918024         -0                       -0
710.29                   -0.12972657751665        -1.4826122918024         -0                       -0
712.288                  -0.12972657751665        -1.4826122918024         -0                       -0
714.286                  -0.12972657751665        -1.4826122918024         -0                       -0
716.284                  -0.12972657751665        -1.4826122918024         -0                       -0
718.282                  -0.12972657751665        -1.4826122918024         -0                       -0
720.28                   -0.12972657751665        -1.4826122918024         -0                       -0
722.278                  -0.12972657751665        -1.4826122918024         -0                       -0
724.276                  -0.12972657751665        -1.4826122918024         -0                       -0
726.274                  -0.12972657751665        -1.4826122918024         -0                       -0
728.272                  -0.12972657751665        -1.4826122918024         -0                       -0
730.27                   -0.12972657751665        -1.4826122918024         -0                       -0
732.268                  -0.12972657751665        -1.4826122918024         -0                       -0
734.266                  -0.12972657751665        -1.4826122918024         -0                       -0
736.264                  -0.12972657751665        -1.4826122918024         -0                       -0
738.262                  -0.12972657751665        -1.4826122918024         -0                       -0
740.26                   -0.12972657751665        -1.4826122918024         -0                       -0
742.258                  -0.12972657751665        -1.4826122918024         -0                       -0
744.256                  -0.12972657751665        -1.4826122918024         -0                       -0
746.254                  -0.12972657751665        -1.4826122918024         -0                       -0
748.252                  -0.12972657751665        -1.4826122918024         -0                       -0
750.25                   -0.12972657751665        -1.4826122918024         -0                       -0
752.248                  -0.12972657751665        -1.4826122918024         -0                       -0
754.246                  -0.12972657751665        -1.4826122918024         -0                       -0
756.244                  -0.12972657751665        -1.4826122918024         -0                       -0
758.242                  -0.12972657751665        -1.4826122918024         -0                       -0
760.24                   -0.12972657751665        -1.4826122918024         -0                       -0
762.238                  -0.12972657751665        -1.4826122918024         -0                       -0
764.236                  -0.12972657751665        -1.4826122918024         -0                       -0
766.234                  -0.12972657751665        -1.4826122918024         -0                       -0
768.232                  -0.12972657751665        -1.4826122918024         -0                       -0
770.23                   -0.12972657751665        -1.4826122918024         -0                       -0
772.228                  -0.12972657751665        -1.4826122918024         -0                       -0
774.226                  -0.12972657751665        -1.4826122918024         -0                       -0
776.224                  -0.12972657751665        -1.4826122918024         -0                       -0
778.222                  -0.12972657751665        -1.4826122918024         -0                       -0
780.22                   -0.12972657751665        -1.4826122918024         -0                       -0
782.218                  -0.12972657751665        -1.4826122918024         -0                       -0
784.216                  -0.12972657751665        -1.4826122918024         -0                       -0
786.214                  -0.12972657751665        -1.4826122918024         -0                       -0
788.212                  -0.12972657751665        -1.4826122918024         -0                       -0
790.21                   -0.12972657751665        -1.4826122918024         -0                       -0
792.208                  -0.12972657751665        -1.4826122918024         -0                       -0
794.206                  -0.12972657751665        -1.4826122918024         -0                       -0
796.204                  -0.12972657751665        -1.4826122918024         -0                       -0
798.202                  -0.12972657751665        -1.4826122918024         -0                       -0
800.2                    -0.12972657751665        -1.4826122918024         -0                       -0
802.198                  -0.12972657751665        -1.4826122918024         -0                       -0
804.196                  -0.12972657751665        -1.4826122918024         -0                       -0
806.194                  -0.12972657751665        -1.4826122918024         -0                       -0
808.192                  -0.12972657751665        -1.4826122918024         -0                       -0
810.19                   -0.12972657751665        -1.4826122918024         -0                       -0
812.188                  -0.12972657751665        -1.4826122918024         -0                       -0
814.186                  -0.12972657751665        -1.4826122918024         -0                       -0
816.184                  -0.12972657751665        -1.4826122918024         -0                       -0
818.182                  -0.12972657751665        -1.4826122918024         -0                       -0
820.18                   -0.12972657751665        -1.4826122918024         -0                       -0
822.178                  -0.12972657751665        -1.4826122918024         -0                       -0
824.176                  -0.12972657751665        -1.4826122918024         -0                       -0
826.174                  -0.12972657751665        -1.4826122918024         -0                       -0
828.172                  -0.12972657751665        -1.4826122918024         -0                       -0
830.17                   -0.12972657751665        -1.4826122918024         -0                       -0
832.168                  -0.12972657751665        -1.4826122918024         -0                       -0
834.166                  -0.12972657751665        -1.4826122918024         -0                       -0
836.164                  -0.12972657751665        -1.4826122918024         -0                       -0
838.162                  -0.12972657751665        -1.4826122918024         -0                       -0
840.16                   -0.12972657751665        -1.4826122918024         -0                       -0
842.158                  -0.12972657751665        -1.4826122918024         -0                       -0
844.156                  -0.12972657751665        -1.4826122918024         -0                       -0
846.154                  -0.12972657751665        -1.4826122918024         -0                       -0
848.152                  -0.12972657751665        -1.4826122918024         -0                       -0
850.15                   -0.12972657751665        -1.4826122918024         -0                       -0
852.148                  -0.12972657751665        -1.4826122918024         -0                       -0
854.146                  -0.12972657751665        -1.4826122918024         -0                       -0
856.144                  -0.12972657751665        -1.4826122918024         -0                       -0
858.142                  -0.12972657751665        -1.4826122918024         -0                       -0
860.14                   -0.12972657751665        -1.4826122918024         -0                       -0
862.138                  -0.12972657751665        -1.4826122918024         -0                       -0
864.136                  -0.12972657751665        -1.4826122918024         -0                       -0
866.134                  -0.12972657751665        -1.4826122918024         -0                       -0
868.132                  -0.12972657751665        -1.4826122918024         -0                       -0
870.13                   -0.12972657751665        -1.4826122918024         -0                       -0
872.128                  -0.12972657751665        -1.4826122918024         -0                       -0
874.126                  -0.12972657751665        -1.4826122918024         -0                       -0
876.124                  -0.12972657751665        -1.4826122918024         -0                       -0
878.122                  -0.12972657751665        -1.4826122918024         -0                       -0
880.12                   -0.12972657751665        -1.4826122918024         -0                       -0
882.118                  -0.12972657751665        -1.4826122918024         -0                       -0
884.116                  -0.12972657751665        -1.4826122918024         -0                       -0
886.114                  -0.12972657751665        -1.4826122918024         -0                       -0
888.112                  -0.12972657751665        -1.4826122918024         -0                       -0
890.11                   -0.12972657751664        -1.4826122918024         -0                       -0
892.108                  -0.12972657751664        -1.4826122918024         -0                       -0
894.106                  -0.12972657751663        -1.4826122918023         -0                       -0
896.104                  -0.12972657751662        -1.4826122918023         -0                       -0
898.102                  -0.12972657751661        -1.4826122918023         -0                       -0
900.1                    -0.12972657751657        -1.4826122918023         -0                       -0
902.098                  -0.12972657751652        -1.4826122918022         -0                       -0
904.096                  -0.12972657751643        -1.4826122918021         -0                       -0
906.094                  -0.12972657751626        -1.482612291802          -0                       -0
908.092                  -0.12972657751598        -1.4826122918017         -0                       -0
910.09                   -0.12972657751549        -1.4826122918012         -0                       -0
912.088                  -0.12972657751465        -1.4826122918004         -0                       -0
914.086                  -0.12972657751319        -1.4826122917989         -0                       -0
916.084                  -0.12972657751066        -1.4826122917964         -0                       -0
918.082                  -0.12972657750628        -1.482612291792          -0                       -0
920.08                   -0.12972657749869        -1.4826122917844         -0                       -0
922.078                  -0.12972657748556        -1.4826122917713         -0                       -0
924.076                  -0.12972657746284        -1.4826122917485         -0                       -0
926.074                  -0.12972657742349        -1.4826122917092         -0                       -0
928.072                  -0.12972657735536        -1.4826122916411         -0                       -0
930.07                   -0.12972657723743        -1.4826122915231         -0                       -0
932.068                  -0.12972657703326        -1.482612291319          -0                       -0
934.066                  -0.1297265766798         -1.4826122909655         -0                       -0
936.064                  -0.12972657606788        -1.4826122903536         -0                       -0
938.062                  -0.12972657500852        -1.4826122892942         -0                       -0
940.06                   -0.12972657317454        -1.4826122874603         -0                       -0
942.058                  -0.12972656999953        -1.4826122842852         -0                       -0
944.056                  -0.12972656450291        -1.4826122787886         -0                       -0
946.054                  -0.12972655498708        -1.4826122692728         -0                       -0
948.052                  -0.12972653851314        -1.4826122527989         -0                       -0
950.05                   -0.12972650999322        -1.4826122242789         -0                       -0
952.048                  -0.12972646061913        -1.4826121749048         -0                       -0
954.046                  -0.12972637514202        -1.4826120894277         -0                       -0
956.044                  -0.12972622716285        -1.4826119414486         -0                       -0
958.042                  -0.12972597097927        -1.482611685265          -0                       -0
960.04                   -0.12972552747082        -1.4826112417565         -0                       -0
962.038                  -0.12972475966326        -1.482610473949          -0                       -0
964.036                  -0.12972343042568        -1.4826091447114         -0                       -0
966.034                  -0.12972112923598        -1.4826068435217         -0                       -0
968.032                  -0.1297171453995         -1.4826028596852         -0                       -0
970.03                   -0.12971024857268        -1.4825959628584         -0                       -0
972.028                  -0.12969830883041        -1.4825840231161         -0                       -0
974.026                  -0.12967763900553        -1.4825633532912         -0                       -0
976.024                  -0.12964185638955        -1.4825275706753         -0                       -0
978.022                  -0.1295799128484         -1.4824656271341         -0                       -0
980.02                   -0.12947268679518        -1.4823584010809         -0                       -0
982.018                  -0.12928708995253        -1.4821728042382         -0                       -0
984.016                  -0.12896588524085        -1.4818515995266         -0                       -0
986.014                  -0.12841012035231        -1.481295834638          -0                       -0
988.012                  -0.12744889937149        -1.4803346136572         -0                       -0
990.01                   -0.12578759942932        -1.478673313715          -0                       -0
992.008                  -0.12291986845642        -1.4758055827421         -0                       -0
994.006                  -0.11798021827746        -1.4708659325632         -0                       -0
996.004                  -0.10950371160043        -1.4623894258861         -0                       -0
998.002                  -0.095054895252027       -1.4479406095377         -0                       -0
1000                     -0.070722484112952       -1.4236081983987         -0                       -0
1002                     -0.044765401929328       -1.397651116215          -0                       -0
1004                     -0.026292262865493       -1.3791779771512         -0                       -0
1006                     -0.012549820583318       -1.365435534869          -0                       -0
1008                     -0.0019638410535161      -1.3548495553392         -0                       -0
1010                     0.0064130431583562       -1.3464726711274         -0                       -0
1012                     0.013180506057789        -1.3397052082279         -0                       -0
1014                     0.018736211187877        -1.3341495030978         -0                       -0
1016                     0.023354890446089        -1.3295308238396         -0                       -0
1018                     0.027233151456431        -1.3256525628293         -0                       -0
1020                     0.030515970521902        -1.3223697437638         -0                       -0
1022                     0.033312996971754        -1.319572717314          -0                       -0
1024                     0.035708961212095        -1.3171767530736         -0                       -0
1026                     0.037770541411187        -1.3151151728745         -0                       -0
1028                     0.039551029327219        -1.3133346849585         -0                       -0
1030                     0.041093585244292        -1.3117921290414         -0                       -0
1032                     0.042433562685709        -1.3104521516            -0                       -0
1034                     0.043600204069412        -1.3092855102163         -0                       -0
1036                     0.044617901105799        -1.3082678131799         -0                       -0
1038                     0.045507147715502        -1.3073785665702         -0                       -0
1040                     0.046285271598847        -1.3066004426869         -0                       -0
1042                     0.046967003699873        -1.3059187105858         -0                       -0
1044                     0.047564927072178        -1.3053207872135         -0                       -0
1046                     0.048089834724207        -1.3047958795615         -0                       -0
1048                     0.048551017851484        -1.3043346964342         -0                       -0
1050                     0.048956500174363        -1.3039292141114         -0                       -0
1052                     0.049313230077497        -1.3035724842082         -0                       -0
1054                     0.049627239362622        -1.3032584749231         -0                       -0
1056                     0.049903775330114        -1.3029819389556         -0                       -0
1058                     0.050147411362859        -1.3027383029229         -0                       -0
1060                     0.050362140038592        -1.3025235742471         -0                       -0
1062                     0.050551451933892        -1.3023342623518         -0                       -0
1064                     0.050718402627313        -1.3021673116584         -0                       -0
1066                     0.050865669906132        -1.3020200443796         -0                       -0
1068                     0.05099560279188         -1.3018901114938         -0                       -0
1070                     0.051110263695785        -1.3017754505899         -0                       -0
1072                     0.051211464776012        -1.3016742495097         -0                       -0
1074                     0.051300799378705        -1.301584914907          -0                       -0
1076                     0.051379669293122        -1.3015060449926         -0                       -0
1078                     0.051449308429005        -1.3014364058567         -0                       -0
1080                     0.051510803425338        -1.3013749108604         -0                       -0
1082                     0.051565111618878        -1.3013206026668         -0                       -0
1084                     0.051613076734606        -1.3012726375511         -0                       -0
1086                     0.051655442605484        -1.3012302716802         -0                       -0
1088                     0.051692865183524        -1.3011928491022         -0                       -0
1090                     0.051725923066217        -1.3011597912195         -0                       -0
1092                     0.051755126730654        -1.3011305875551         -0                       -0
1094                     0.0517809266408          -1.3011047876449         -0                       -0
1096                     0.051803720370792        -1.3010819939149         -0                       -0
1098                     0.051823858867845        -1.3010618554179         -0                       -0
1100                     0.05184165196192         -1.3010440623238         -0                       -0
1102                     0.0518573732153          -1.3010283410704         -0                       -0
1104                     0.051871264193113        -1.3010144500926         -0                       -0
1106                     0.051883538225493        -1.3010021760602         -0                       -0
1108                     0.0518943837231          -1.3009913305626         -0                       -0
1110                     0.051903967099954        -1.3009817471858         -0                       -0
1112                     0.051912435350834        -1.3009732789349         -0                       -0
1114                     0.051919918324628        -1.3009657959611         -0                       -0
1116                     0.051926530729964        -1.3009591835557         -0                       -0
1118                     0.051932373904982        -1.3009533403807         -0                       -0
1120                     0.051937537379266        -1.3009481769064         -0                       -0
1122                     0.051942100252553        -1.3009436140332         -0                       -0
1124                     0.051946132411882        -1.3009395818738         -0                       -0
1126                     0.051949695606232        -1.3009360186795         -0                       -0
1128                     0.051952844395462        -1.3009328698903         -0                       -0
1130                     0.051955626988299        -1.3009300872974         -0                       -0
1132                     0.05195808598244         -1.3009276283033         -0                       -0
1134                     0.051960259018235        -1.3009254552675         -0                       -0
1136                     0.051962179356078        -1.3009235349296         -0                       -0
1138                     0.051963876386451        -1.3009218378993         -0                       -0
1140                     0.051965376080482        -1.3009203382052         -0                       -0
1142                     0.051966701387991        -1.3009190128977         -0                       -0
1144                     0.051967872589149        -1.3009178416966         -0                       -0
1146                     0.051968907605158        -1.3009168066806         -0                       -0
1148                     0.051969822272759        -1.300915892013          -0                       -0
1150                     0.051970630586764        -1.300915083699          -0                       -0
1152                     0.051971344914349        -1.3009143693714         -0                       -0
1154                     0.051971976184408        -1.3009137381013         -0                       -0
1156                     0.051972534054861        -1.3009131802309         -0                       -0
1158                     0.051973027060495        -1.3009126872252         -0                       -0
1160                     0.051973462743596        -1.3009122515421         -0                       -0
1162                     0.051973847769389        -1.3009118665163         -0                       -0
1164                     0.051974188028039        -1.3009115262577         -0                       -0
1166                     0.051974488724796        -1.3009112255609         -0                       -0
1168                     0.051974754459638        -1.3009109598261         -0                       -0
1170                     0.051974989297666        -1.300910724988          -0                       -0
1172                     0.051975196831305        -1.3009105174544         -0                       -0
1174                     0.051975380235263        -1.3009103340505         -0                       -0
1176                     0.051975542315113        -1.3009101719706         -0                       -0
1178                     0.051975685550211        -1.3009100287355         -0                       -0
1180                     0.051975812131631        -1.3009099021541         -0                       -0
1182                     0.051975923995686        -1.30090979029           -0                       -0
1184                     0.05197602285355         -1.3009096914322         -0                       -0
1186                     0.051976110217438        -1.3009096040683         -0                       -0
1188                     0.051976187423736        -1.300909526862          -0                       -0
1190                     0.051976255653452        -1.3009094586323         -0                       -0
1192                     0.051976315950276        -1.3009093983354         -0                       -0
1194                     0.05197636923655         -1.3009093450492         -0                       -0
1196                     0.051976416327374        -1.3009092979583         -0                       -0
1198                     0.051976457943081        -1.3009092563426         -0                       -0
1200                     0.051976494720248        -1.3009092195655         -0                       -0
1202                     0.051976527221441        -1.3009091870643         -0                       -0
1204                     0.051976555943816        -1.3009091583419         -0                       -0
1206                     0.051976581326726        -1.300909132959          -0                       -0
1208                     0.051976603758441        -1.3009091105273         -0                       -0
1210                     0.05197662358209         -1.3009090907036         -0                       -0
1212                     0.051976641100904        -1.3009090731848         -0                       -0
1214                     0.051976656582859        -1.3009090577029         -0                       -0
1216                     0.051976670264775        -1.3009090440209         -0                       -0
1218                     0.051976682355939        -1.3009090319298         -0                       -0
1220                     0.051976693041301        -1.3009090212444         -0                       -0
1222                     0.051976702484309        -1.3009090118014         -0                       -0
1224                     0.051976710829409        -1.3009090034563         -0                       -0
1226                     0.051976718204251        -1.3009089960815         -0                       -0
1228                     0.051976724721642        -1.3009089895641         -0                       -0
1230                     0.051976730481278        -1.3009089838044         -0                       -0
1232                     0.05197673557126         -1.3009089787145         -0                       -0
1234                     0.051976740069446        -1.3009089742163         -0                       -0
1236                     0.051976744044642        -1.3009089702411         -0                       -0
1238                     0.051976747557655        -1.3009089667281         -0                       -0
1240                     0.051976750662222        -1.3009089636235         -0                       -0
1242                     0.05197675340583         -1.3009089608799         -0                       -0
1244                     0.051976755830448        -1.3009089584553         -0                       -0
1246                     0.051976757973164        -1.3009089563126         -0                       -0
1248                     0.051976759866752        -1.300908954419          -0                       -0
1250                     0.05197676154018         -1.3009089527455         -0                       -0
1252                     0.051976763019043        -1.3009089512667         -0                       -0
1254                     0.051976764325965        -1.3009089499597         -0                       -0
1256                     0.051976765480934        -1.3009089488048         -0                       -0
1258                     0.051976766501619        -1.3009089477841         -0                       -0
1260                     0.051976767403632        -1.3009089468821         -0                       -0
1262                     0.051976768200771        -1.3009089460849         -0                       -0
1264                     0.05197676890523         -1.3009089453805         -0                       -0
1266                     0.051976769527783        -1.3009089447579         -0                       -0
1268                     0.051976770077954        -1.3009089442078         -0                       -0
1270                     0.051976770564158        -1.3009089437216         -0                       -0
1272                     0.051976770993833        -1.3009089432919         -0                       -0
1274                     0.051976771373551        -1.3009089429122         -0                       -0
1276                     0.05197677170912         -1.3009089425766         -0                       -0
1278                     0.051976772005674        -1.30090894228           -0                       -0
1280                     0.051976772267749        -1.300908942018          -0                       -0
1282                     0.051976772499353        -1.3009089417864         -0                       -0
1284                     0.051976772704029        -1.3009089415817         -0                       -0
1286                     0.051976772884909        -1.3009089414008         -0                       -0
1288                     0.051976773044758        -1.300908941241          -0                       -0
1290                     0.051976773186022        -1.3009089410997         -0                       -0
1292                     0.051976773310862        -1.3009089409749         -0                       -0
1294                     0.051976773421187        -1.3009089408645         -0                       -0
1296                     0.051976773518685        -1.300908940767          -0                       -0
1298                     0.051976773604847        -1.3009089406809         -0                       -0
1300                     0.051976773680992        -1.3009089406047         -0                       -0
1302                     0.051976773748283        -1.3009089405374         -0                       -0
1304                     0.05197677380775         -1.300908940478          -0                       -0
1306                     0.051976773860303        -1.3009089404254         -0                       -0
1308                     0.051976773906747        -1.300908940379          -0                       -0
1310                     0.05197677394779         -1.3009089403379         -0                       -0
1312                     0.051976773984062        -1.3009089403017         -0                       -0
1314                     0.051976774016116        -1.3009089402696         -0                       -0
1316                     0.051976774044443        -1.3009089402413         -0                       -0
1318                     0.051976774069478        -1.3009089402162         -0                       -0
1320                     0.051976774091601        -1.3009089401941         -0                       -0
1322                     0.051976774111153        -1.3009089401746         -0                       -0
1324                     0.051976774128431        -1.3009089401573         -0                       -0
1326                     0.0519767741437          -1.300908940142          -0                       -0
1328                     0.051976774157195        -1.3009089401285         -0                       -0
1330                     0.05197677416912         -1.3009089401166         -0                       -0
1332                     0.051976774179658        -1.3009089401061         -0                       -0
1334                     0.051976774188971        -1.3009089400967         -0                       -0
1336                     0.051976774197202        -1.3009089400885         -0                       -0
1338                     0.051976774204475        -1.3009089400812         -0                       -0
1340                     0.051976774210902        -1.3009089400748         -0                       -0
1342                     0.051976774216583        -1.3009089400691         -0                       -0
1344                     0.051976774221602        -1.3009089400641         -0                       -0
1346                     0.051976774226038        -1.3009089400597         -0                       -0
1348                     0.051976774229959        -1.3009089400558         -0                       -0
1350                     0.051976774233423        -1.3009089400523         -0                       -0
1352                     0.051976774236485        -1.3009089400492         -0                       -0
1354                     0.05197677423919         -1.3009089400465         -0                       -0
1356                     0.051976774241581        -1.3009089400441         -0                       -0
1358                     0.051976774243694        -1.300908940042          -0                       -0
1360                     0.051976774245562        -1.3009089400402         -0                       -0
1362                     0.051976774247212        -1.3009089400385         -0                       -0
1364                     0.051976774248671        -1.300908940037          -0                       -0
1366                     0.05197677424996         -1.3009089400358         -0                       -0
1368                     0.051976774251099        -1.3009089400346         -0                       -0
1370                     0.051976774252106        -1.3009089400336         -0                       -0
1372                     0.051976774252995        -1.3009089400327         -0                       -0
1374                     0.051976774253781        -1.3009089400319         -0                       -0
1376                     0.051976774254476        -1.3009089400312         -0                       -0
1378                     0.05197677425509         -1.3009089400306         -0                       -0
1380                     0.051976774255632        -1.3009089400301         -0                       -0
1382                     0.051976774256111        -1.3009089400296         -0                       -0
1384                     0.051976774256535        -1.3009089400292         -0                       -0
1386                     0.051976774256909        -1.3009089400288         -0                       -0
1388                     0.05197677425724         -1.3009089400285         -0                       -0
1390                     0.051976774257532        -1.3009089400282         -0                       -0
1392                     0.051976774257791        -1.3009089400279         -0                       -0
1394                     0.051976774258019        -1.3009089400277         -0                       -0
1396                     0.05197677425822         -1.3009089400275         -0                       -0
1398                     0.051976774258399        -1.3009089400273         -0                       -0
1400                     0.051976774258556        -1.3009089400272         -0                       -0
1402                     0.051976774258695        -1.300908940027          -0                       -0
1404                     0.051976774258818        -1.3009089400269         -0                       -0
1406                     0.051976774258927        -1.3009089400268         -0                       -0
1408                     0.051976774259023        -1.3009089400267         -0                       -0
1410                     0.051976774259108        -1.3009089400266         -0                       -0
1412                     0.051976774259182        -1.3009089400265         -0                       -0
1414                     0.051976774259249        -1.3009089400265         -0                       -0
1416                     0.051976774259308        -1.3009089400264         -0                       -0
1418                     0.051976774259359        -1.3009089400264         -0                       -0
1420                     0.051976774259405        -1.3009089400263         -0                       -0
1422                     0.051976774259445        -1.3009089400263         -0                       -0
1424                     0.051976774259481        -1.3009089400262         -0                       -0
1426                     0.051976774259513        -1.3009089400262         -0                       -0
1428                     0.051976774259541        -1.3009089400262         -0                       -0
1430                     0.051976774259566        -1.3009089400261         -0                       -0
1432                     0.051976774259588        -1.3009089400261         -0                       -0
1434                     0.051976774259607        -1.3009089400261         -0                       -0
1436                     0.051976774259625        -1.3009089400261         -0                       -0
1438                     0.05197677425964         -1.3009089400261         -0                       -0
1440                     0.051976774259654        -1.3009089400261         -0                       -0
1442                     0.051976774259666        -1.300908940026          -0                       -0
1444                     0.051976774259676        -1.300908940026          -0                       -0
1446                     0.051976774259685        -1.300908940026          -0                       -0
1448                     0.051976774259694        -1.300908940026          -0                       -0
1450                     0.051976774259701        -1.300908940026          -0                       -0
1452                     0.051976774259708        -1.300908940026          -0                       -0
1454                     0.051976774259714        -1.300908940026          -0                       -0
1456                     0.051976774259719        -1.300908940026          -0                       -0
1458                     0.051976774259724        -1.300908940026          -0                       -0
1460                     0.051976774259728        -1.300908940026          -0                       -0
1462                     0.051976774259732        -1.300908940026          -0                       -0
1464                     0.051976774259735        -1.300908940026          -0                       -0
1466                     0.051976774259738        -1.300908940026          -0                       -0
1468                     0.05197677425974         -1.300908940026          -0                       -0
1470                     0.051976774259742        -1.300908940026          -0                       -0
1472                     0.051976774259744        -1.300908940026          -0                       -0
1474                     0.051976774259745        -1.300908940026          -0                       -0
1476                     0.051976774259747        -1.300908940026          -0                       -0
1478                     0.051976774259749        -1.300908940026          -0                       -0
1480                     0.051976774259749        -1.300908940026          -0                       -0
1482                     0.05197677425975         -1.300908940026          -0                       -0
1484                     0.051976774259751        -1.300908940026          -0                       -0
1486                     0.051976774259752        -1.300908940026          -0                       -0
1488                     0.051976774259753        -1.300908940026          -0                       -0
1490                     0.051976774259754        -1.300908940026          -0                       -0
1492                     0.051976774259755        -1.300908940026          -0                       -0
1494                     0.051976774259756        -1.300908940026          -0                       -0
1496                     0.051976774259756        -1.300908940026          -0                       -0
1498                     0.051976774259757        -1.300908940026          -0                       -0
1500                     0.051976774259757        -1.300908940026          -0                       -0
1502                     0.051976774259758        -1.300908940026          -0                       -0
1504                     0.051976774259759        -1.300908940026          -0                       -0
1506                     0.05197677425976         -1.300908940026          -0                       -0
1508                     0.051976774259761        -1.300908940026          -0                       -0
1510                     0.051976774259761        -1.300908940026          -0                       -0
1512                     0.051976774259763        -1.300908940026          -0                       -0
1514                     0.051976774259764        -1.300908940026          -0                       -0
1516                     0.051976774259765        -1.3009089400259         -0                       -0
1518                     0.051976774259767        -1.3009089400259         -0                       -0
1520                     0.051976774259768        -1.3009089400259         -0                       -0
1522                     0.05197677425977         -1.3009089400259         -0                       -0
1524                     0.051976774259772        -1.3009089400259         -0                       -0
1526                     0.051976774259774        -1.3009089400259         -0                       -0
1528                     0.051976774259777        -1.3009089400259         -0                       -0
1530                     0.05197677425978         -1.3009089400259         -0                       -0
1532                     0.051976774259783        -1.3009089400259         -0                       -0
1534                     0.051976774259788        -1.3009089400259         -0                       -0
1536                     0.051976774259792        -1.3009089400259         -0                       -0
1538                     0.051976774259797        -1.3009089400259         -0                       -0
1540                     0.051976774259803        -1.3009089400259         -0                       -0
1542                     0.05197677425981         -1.3009089400259         -0                       -0
1544                     0.051976774259817        -1.3009089400259         -0                       -0
1546                     0.051976774259824        -1.3009089400259         -0                       -0
1548                     0.051976774259833        -1.3009089400259         -0                       -0
1550                     0.051976774259844        -1.3009089400259         -0                       -0
1552                     0.051976774259856        -1.3009089400259         -0                       -0
1554                     0.051976774259868        -1.3009089400258         -0                       -0
1556                     0.051976774259883        -1.3009089400258         -0                       -0
1558                     0.0519767742599          -1.3009089400258         -0                       -0
1560                     0.051976774259918        -1.3009089400258         -0                       -0
1562                     0.05197677425994         -1.3009089400258         -0                       -0
1564                     0.051976774259963        -1.3009089400258         -0                       -0
1566                     0.051976774259991        -1.3009089400257         -0                       -0
1568                     0.051976774260021        -1.3009089400257         -0                       -0
1570                     0.051976774260056        -1.3009089400257         -0                       -0
1572                     0.051976774260095        -1.3009089400256         -0                       -0
1574                     0.05197677426014         -1.3009089400256         -0                       -0
1576                     0.05197677426019         -1.3009089400255         -0                       -0
1578                     0.051976774260248        -1.3009089400255         -0                       -0
1580                     0.051976774260312        -1.3009089400254         -0                       -0
1582                     0.051976774260385        -1.3009089400253         -0                       -0
1584                     0.051976774260468        -1.3009089400252         -0                       -0
1586                     0.051976774260562        -1.3009089400252         -0                       -0
1588                     0.051976774260668        -1.300908940025          -0                       -0
1590                     0.051976774260788        -1.3009089400249         -0                       -0
1592                     0.051976774260924        -1.3009089400248         -0                       -0
1594                     0.051976774261077        -1.3009089400246         -0                       -0
1596                     0.051976774261251        -1.3009089400245         -0                       -0
1598                     0.051976774261448        -1.3009089400243         -0                       -0
1600                     0.051976774261671        -1.300908940024          -0                       -0
1602                     0.051976774261922        -1.3009089400238         -0                       -0
1604                     0.051976774262207        -1.3009089400235         -0                       -0
1606                     0.05197677426253         -1.3009089400232         -0                       -0
1608                     0.051976774262895        -1.3009089400228         -0                       -0
1610                     0.051976774263308        -1.3009089400224         -0                       -0
1612                     0.051976774263776        -1.3009089400219         -0                       -0
1614                     0.051976774264304        -1.3009089400214         -0                       -0
1616                     0.051976774264903        -1.3009089400208         -0                       -0
1618                     0.05197677426558         -1.3009089400201         -0                       -0
1620                     0.051976774266346        -1.3009089400194         -0                       -0
1622                     0.051976774267213        -1.3009089400185         -0                       -0
1624                     0.051976774268194        -1.3009089400175         -0                       -0
1626                     0.051976774269304        -1.3009089400164         -0                       -0
1628                     0.05197677427056         -1.3009089400152         -0                       -0
1630                     0.051976774271981        -1.3009089400137         -0                       -0
1632                     0.05197677427359         -1.3009089400121         -0                       -0
1634                     0.05197677427541         -1.3009089400103         -0                       -0
1636                     0.051976774277469        -1.3009089400082         -0                       -0
1638                     0.051976774279799        -1.3009089400059         -0                       -0
1640                     0.051976774282436        -1.3009089400033         -0                       -0
1642                     0.05197677428542         -1.3009089400003         -0                       -0
1644                     0.051976774288797        -1.3009089399969         -0                       -0
1646                     0.051976774292618        -1.3009089399931         -0                       -0
1648                     0.051976774296942        -1.3009089399888         -0                       -0
1650                     0.051976774301834        -1.3009089399839         -0                       -0
1652                     0.05197677430737         -1.3009089399783         -0                       -0
1654                     0.051976774313634        -1.3009089399721         -0                       -0
1656                     0.051976774320722        -1.300908939965          -0                       -0
1658                     0.051976774328743        -1.300908939957          -0                       -0
1660                     0.051976774337819        -1.3009089399479         -0                       -0
1662                     0.051976774348089        -1.3009089399376         -0                       -0
1664                     0.051976774359711        -1.300908939926          -0                       -0
1666                     0.051976774372862        -1.3009089399129         -0                       -0
1668                     0.051976774387743        -1.300908939898          -0                       -0
1670                     0.051976774404582        -1.3009089398811         -0                       -0
1672                     0.051976774423636        -1.3009089398621         -0                       -0
1674                     0.051976774445196        -1.3009089398405         -0                       -0
1676                     0.051976774469594        -1.3009089398161         -0                       -0
1678                     0.051976774497201        -1.3009089397885         -0                       -0
1680                     0.05197677452844         -1.3009089397573         -0                       -0
1682                     0.051976774563788        -1.3009089397219         -0                       -0
1684                     0.051976774603788        -1.3009089396819         -0                       -0
1686                     0.05197677464905         -1.3009089396367         -0                       -0
1688                     0.051976774700268        -1.3009089395854         -0                       -0
1690                     0.051976774758224        -1.3009089395275         -0                       -0
1692                     0.051976774823804        -1.3009089394619         -0                       -0
1694                     0.051976774898012        -1.3009089393877         -0                       -0
1696                     0.051976774981983        -1.3009089393037         -0                       -0
1698                     0.051976775077002        -1.3009089392087         -0                       -0
1700                     0.051976775184522        -1.3009089391012         -0                       -0
1702                     0.051976775306187        -1.3009089389795         -0                       -0
1704                     0.05197677544386         -1.3009089388419         -0                       -0
1706                     0.051976775599644        -1.3009089386861         -0                       -0
1708                     0.051976775775924        -1.3009089385098         -0                       -0
1710                     0.051976775975396        -1.3009089383103         -0                       -0
1712                     0.051976776201112        -1.3009089380846         -0                       -0
1714                     0.051976776456522        -1.3009089378292         -0                       -0
1716                     0.051976776745537        -1.3009089375402         -0                       -0
1718                     0.051976777072574        -1.3009089372131         -0                       -0
1720                     0.051976777442637        -1.3009089368431         -0                       -0
1722                     0.051976777861387        -1.3009089364243         -0                       -0
1724                     0.051976778335229        -1.3009089359505         -0                       -0
1726                     0.051976778871412        -1.3009089354143         -0                       -0
1728                     0.051976779478136        -1.3009089348076         -0                       -0
1730                     0.051976780164682        -1.300908934121          -0                       -0
1732                     0.051976780941553        -1.3009089333442         -0                       -0
1734                     0.051976781820632        -1.3009089324651         -0                       -0
1736                     0.051976782815365        -1.3009089314703         -0                       -0
1738                     0.051976783940968        -1.3009089303447         -0                       -0
1740                     0.051976785214659        -1.3009089290711         -0                       -0
1742                     0.051976786655921        -1.3009089276298         -0                       -0
1744                     0.0519767882868          -1.3009089259989         -0                       -0
1746                     0.051976790132243        -1.3009089241535         -0                       -0
1748                     0.051976792220477        -1.3009089220652         -0                       -0
1750                     0.051976794583446        -1.3009089197023         -0                       -0
1752                     0.051976797257296        -1.3009089170284         -0                       -0
1754                     0.051976800282925        -1.3009089140028         -0                       -0
1756                     0.051976803706615        -1.3009089105791         -0                       -0
1758                     0.051976807580736        -1.300908906705          -0                       -0
1760                     0.051976811964549        -1.3009089023212         -0                       -0
1762                     0.051976816925109        -1.3009088973606         -0                       -0
1764                     0.051976822538296        -1.3009088917474         -0                       -0
1766                     0.051976828889972        -1.3009088853957         -0                       -0
1768                     0.051976836077293        -1.3009088782084         -0                       -0
1770                     0.0519768442102          -1.3009088700755         -0                       -0
1772                     0.051976853413097        -1.3009088608726         -0                       -0
1774                     0.051976863826755        -1.300908850459          -0                       -0
1776                     0.051976875610466        -1.3009088386752         -0                       -0
1778                     0.051976888944476        -1.3009088253412         -0                       -0
1780                     0.051976904032749        -1.300908810253          -0                       -0
1782                     0.05197692110608         -1.3009087931796         -0                       -0
1784                     0.051976940425627        -1.3009087738601         -0                       -0
1786                     0.05197696228691         -1.3009087519988         -0                       -0
1788                     0.051976987024326        -1.3009087272614         -0                       -0
1790                     0.051977015016265        -1.3009086992694         -0                       -0
1792                     0.0519770466909          -1.3009086675948         -0                       -0
1794                     0.051977082532737        -1.300908631753          -0                       -0
1796                     0.051977123090021        -1.3009085911957         -0                       -0
1798                     0.051977168983125        -1.3009085453026         -0                       -0
1800                     0.051977220914041        -1.3009084933717         -0                       -0
1802                     0.051977279677113        -1.3009084346086         -0                       -0
1804                     0.051977346171193        -1.3009083681145         -0                       -0
1806                     0.05197742141338         -1.3009082928723         -0                       -0
1808                     0.051977506554586        -1.3009082077311         -0                       -0
1810                     0.051977602897136        -1.3009081113886         -0                       -0
1812                     0.051977711914683        -1.300908002371          -0                       -0
1814                     0.051977835274755        -1.300907879011          -0                       -0
1816                     0.051977974864251        -1.3009077394215         -0                       -0
1818                     0.051978132818306        -1.3009075814674         -0                       -0
1820                     0.05197831155294         -1.3009074027328         -0                       -0
1822                     0.051978513802015        -1.3009072004837         -0                       -0
1824                     0.051978742659036        -1.3009069716267         -0                       -0
1826                     0.051979001624466        -1.3009067126612         -0                       -0
1828                     0.051979294659256        -1.3009064196265         -0                       -0
1830                     0.05197962624541         -1.3009060880403         -0                       -0
1832                     0.051980001454528        -1.3009057128312         -0                       -0
1834                     0.051980426025346        -1.3009052882604         -0                       -0
1836                     0.051980906451485        -1.3009048078342         -0                       -0
1838                     0.051981450080735        -1.300904264205          -0                       -0
1840                     0.051982065227375        -1.3009036490583         -0                       -0
1842                     0.051982761299288        -1.3009029529864         -0                       -0
1844                     0.051983548941753        -1.300902165344          -0                       -0
1846                     0.051984440200157        -1.3009012740856         -0                       -0
1848                     0.051985448704074        -1.3009002655816         -0                       -0
1850                     0.051986589875539        -1.3008991244102         -0                       -0
1852                     0.051987881164672        -1.300897833121          -0                       -0
1854                     0.051989342316256        -1.3008963719695         -0                       -0
1856                     0.051990995671305        -1.3008947186144         -0                       -0
1858                     0.051992866508236        -1.3008928477775         -0                       -0
1860                     0.051994983428791        -1.3008907308569         -0                       -0
1862                     0.051997378794608        -1.3008883354911         -0                       -0
1864                     0.052000089221024        -1.3008856250647         -0                       -0
1866                     0.052003156135621        -1.3008825581501         -0                       -0
1868                     0.052006626409931        -1.3008790878758         -0                       -0
1870                     0.052010553073881        -1.3008751612118         -0                       -0
1872                     0.052014996123711        -1.300870718162          -0                       -0
1874                     0.052020023435557        -1.3008656908502         -0                       -0
1876                     0.052025711798398        -1.3008600024873         -0                       -0
1878                     0.052032148081856        -1.3008535662039         -0                       -0
1880                     0.052039430556286        -1.3008462837294         -0                       -0
1882                     0.052047670384827        -1.3008380439009         -0                       -0
1884                     0.052056993309542        -1.3008287209762         -0                       -0
1886                     0.052067541556589        -1.3008181727291         -0                       -0
1888                     0.052079475988428        -1.3008062382973         -0                       -0
1890                     0.052092978534583        -1.3007927357511         -0                       -0
1892                     0.052108254936314        -1.3007774593494         -0                       -0
1894                     0.052125537844852        -1.3007601764409         -0                       -0
1896                     0.052145090317627        -1.3007406239681         -0                       -0
1898                     0.052167209762184        -1.3007185045235         -0                       -0
1900                     0.052192232383246        -1.3006934819025         -0                       -0
1902                     0.052220538194795        -1.3006651760909         -0                       -0
1904                     0.052252556665936        -1.3006331576198         -0                       -0
1906                     0.052288773076857        -1.3005969412089         -0                       -0
1908                     0.052329735669284        -1.3005559786164         -0                       -0
1910                     0.052376063684498        -1.3005096506012         -0                       -0
1912                     0.05242845639107         -1.3004572578946         -0                       -0
1914                     0.052487703214005        -1.3003980110717         -0                       -0
1916                     0.052554695086636        -1.3003310191991         -0                       -0
1918                     0.052630437156307        -1.3002552771294         -0                       -0
1920                     0.052716062984144        -1.3001696513016         -0                       -0
1922                     0.052812850387703        -1.300072863898          -0                       -0
1924                     0.052922239082305        -1.2999634752034         -0                       -0
1926                     0.053045850281704        -1.299839864004          -0                       -0
1928                     0.053185508420334        -1.2997002058654         -0                       -0
1930                     0.053343265156459        -1.2995424491293         -0                       -0
1932                     0.053521425806524        -1.2993642884792         -0                       -0
1934                     0.053722578343909        -1.2991631359418         -0                       -0
1936                     0.053949625067678        -1.298936089218          -0                       -0
1938                     0.054205817006072        -1.2986798972796         -0                       -0
1940                     0.054494791062043        -1.2983909232237         -0                       -0
1942                     0.05482060983038         -1.2980651044553         -0                       -0
1944                     0.055187803913962        -1.2976979103718         -0                       -0
1946                     0.055601416436025        -1.2972842978497         -0                       -0
1948                     0.056067049282169        -1.2968186650035         -0                       -0
1950                     0.056590910406452        -1.2962948038793         -0                       -0
1952                     0.057179861298242        -1.2957058529875         -0                       -0
1954                     0.057841463430375        -1.2950442508553         -0                       -0
1956                     0.058584022197795        -1.2943016920879         -0                       -0
1958                     0.059416626517348        -1.2934690877684         -0                       -0
1960                     0.060349181908051        -1.2925365323777         -0                       -0
1962                     0.061392434529523        -1.2914932797562         -0                       -0
1964                     0.062557983356223        -1.2903277309295         -0                       -0
1966                     0.063858277448997        -1.2890274368367         -0                       -0
1968                     0.065306595205152        -1.2875791190806         -0                       -0
1970                     0.066917002583128        -1.2859687117026         -0                       -0
1972                     0.06870428766933         -1.2841814266164         -0                       -0
1974                     0.070683869637866        -1.2822018446478         -0                       -0
1976                     0.072871681185743        -1.2800140331            -0                       -0
1978                     0.075284024911355        -1.2776016893744         -0                       -0
1980                     0.077937405800147        -1.2749483084856         -0                       -0
1982                     0.080848343887379        -1.2720373703983         -0                       -0
1984                     0.08403317311976         -1.268852541166          -0                       -0
1986                     0.087507834216662        -1.2653778800691         -0                       -0
1988                     0.091287670687295        -1.2615980435984         -0                       -0
1990                     0.095387237848843        -1.2574984764369         -0                       -0
1992                     0.099820134523214        -1.2530655797625         -0                       -0
1994                     0.10459886598029         -1.2482868483054         -0                       -0
1996                     0.10973474469351         -1.2431509695922         -0                       -0
1998                     0.11523783277416         -1.2376478815116         -0                       -0
2000                     0.059979143036559        -1.1121611389683         -0                       -0
2002                     0.0039951825215625       -0.98739966720254        -0                       -0
2004                     0.0083304621850497       -0.98306438753905        -0                       -0
2006                     0.012005388515365        -0.97938946120873        -0                       -0
2008                     0.015140461081574        -0.97625438864253        -0                       -0
2010                     0.01782921899115         -0.97356563073295        -0                       -0
2012                     0.020145482546674        -0.97124936717743        -0                       -0
2014                     0.022148355394854        -0.96924649432925        -0                       -0
2016                     0.023885755641354        -0.96750909408275        -0                       -0
2018                     0.025396959207993        -0.96599789051611        -0                       -0
2020                     0.026714466010869        -0.96468038371323        -0                       -0
2022                     0.027865392764422        -0.96352945695968        -0                       -0
2024                     0.028872528830312        -0.96252232089379        -0                       -0
2026                     0.029755148146792        -0.96163970157731        -0                       -0
2028                     0.03052964180843         -0.96086520791567        -0                       -0
2030                     0.031210016849081        -0.96018483287502        -0                       -0
2032                     0.031808293859553        -0.95958655586455        -0                       -0
2034                     0.03233482715089         -0.95906002257321        -0                       -0
2036                     0.032798564923378        -0.95859628480072        -0                       -0
2038                     0.033207262459717        -0.95818758726438        -0                       -0
2040                     0.033567658163121        -0.95782719156098        -0                       -0
2042                     0.033885619930636        -0.95750922979346        -0                       -0
2044                     0.034166267633787        -0.95722858209031        -0                       -0
2046                     0.034414076198158        -0.95698077352594        -0                       -0
2048                     0.034632962809283        -0.95676188691482        -0                       -0
2050                     0.034826361039229        -0.95656848868487        -0                       -0
2052                     0.034997284125743        -0.95639756559836        -0                       -0
2054                     0.035148379200538        -0.95624647052356        -0                       -0
2056                     0.035281973923486        -0.95611287580061        -0                       -0
2058                     0.035400116712222        -0.95599473301188        -0                       -0
2060                     0.035504611544767        -0.95589023817933        -0                       -0
2062                     0.035597048143621        -0.95579780158048        -0                       -0
2064                     0.035678828213747        -0.95571602151035        -0                       -0
2066                     0.035751188296774        -0.95564366142733        -0                       -0
2068                     0.035815219714071        -0.95557963001003        -0                       -0
2070                     0.035871885997812        -0.95552296372629        -0                       -0
2072                     0.035922038148608        -0.95547281157549        -0                       -0
2074                     0.035966428007989        -0.95542842171611        -0                       -0
2076                     0.03600571999223         -0.95538912973187        -0                       -0
2078                     0.036040501398888        -0.95535434832521        -0                       -0
2080                     0.036071291467988        -0.95532355825611        -0                       -0
2082                     0.036098549354808        -0.95529630036929        -0                       -0
2084                     0.036122681150102        -0.955272168574          -0                       -0
2086                     0.036144046065546        -0.95525080365855        -0                       -0
2088                     0.036162961886787        -0.95523188783731        -0                       -0
2090                     0.036179709783279        -0.95521513994082        -0                       -0
2092                     0.036194538552664        -0.95520031117144        -0                       -0
2094                     0.03620766836771         -0.95518718135639        -0                       -0
2096                     0.036219294085247        -0.95517555563885        -0                       -0
2098                     0.036229588169255        -0.95516526155484        -0                       -0
2100                     0.036238703273802        -0.9551561464503         -0                       -0
2102                     0.036246774525984        -0.95514807519812        -0                       -0
2104                     0.036253921544162        -0.95514092817994        -0                       -0
2106                     0.036260250222522        -0.95513459950158        -0                       -0
2108                     0.036265854309307        -0.95512899541479        -0                       -0
2110                     0.03627081680277         -0.95512403292133        -0                       -0
2112                     0.036275211186079        -0.95511963853802        -0                       -0
2114                     0.036279102519887        -0.95511574720421        -0                       -0
2116                     0.03628254840907         -0.95511230131503        -0                       -0
2118                     0.036285599858206        -0.95510924986589        -0                       -0
2120                     0.03628830202867         -0.95510654769543        -0                       -0
2122                     0.036290694908703        -0.9551041548154         -0                       -0
2124                     0.036292813906494        -0.95510203581761        -0                       -0
2126                     0.036294690375165        -0.95510015934893        -0                       -0
2128                     0.036296352077488        -0.95509849764661        -0                       -0
2130                     0.036297823597271        -0.95509702612683        -0                       -0
2132                     0.036299126703566        -0.95509572302053        -0                       -0
2134                     0.036300280673097        -0.955094569051          -0                       -0
2136                     0.036301302575726        -0.95509354714837        -0                       -0
2138                     0.036302207527194        -0.95509264219691        -0                       -0
2140                     0.036303008912904        -0.9550918408112         -0                       -0
2142                     0.036303718586049        -0.95509113113805        -0                       -0
2144                     0.036304347043049        -0.95509050268105        -0                       -0
2146                     0.036304903578894        -0.95508994614521        -0                       -0
2148                     0.036305396424681        -0.95508945329942        -0                       -0
2150                     0.036305832869415        -0.95508901685468        -0                       -0
2152                     0.03630621936785         -0.95508863035625        -0                       -0
2154                     0.036306561635987        -0.95508828808811        -0                       -0
2156                     0.036306864735633        -0.95508798498847        -0                       -0
2158                     0.036307133149287        -0.95508771657481        -0                       -0
2160                     0.036307370846441        -0.95508747887766        -0                       -0
2162                     0.0363075813423          -0.9550872683818         -0                       -0
2164                     0.036307767749781        -0.95508708197432        -0                       -0
2166                     0.036307932825548        -0.95508691689855        -0                       -0
2168                     0.036308079010791        -0.95508677071331        -0                       -0
2170                     0.036308208467329        -0.95508664125677        -0                       -0
2172                     0.036308323109586        -0.95508652661451        -0                       -0
2174                     0.036308424632903        -0.9550864250912         -0                       -0
2176                     0.03630851453861         -0.95508633518549        -0                       -0
2178                     0.036308594156231        -0.95508625556787        -0                       -0
2180                     0.03630866466315         -0.95508618506095        -0                       -0
2182                     0.036308727102017        -0.95508612262208        -0                       -0
2184                     0.036308782396169        -0.95508606732793        -0                       -0
2186                     0.036308831363289        -0.95508601836081        -0                       -0
2188                     0.036308874727494        -0.95508597499661        -0                       -0
2190                     0.036308913130046        -0.95508593659405        -0                       -0
2192                     0.036308947138833        -0.95508590258527        -0                       -0
2194                     0.03630897725677         -0.95508587246733        -0                       -0
2196                     0.036309003929232        -0.95508584579487        -0                       -0
2198                     0.036309027550645        -0.95508582217345        -0                       -0
2200                     0.036309048470317        -0.95508580125378        -0                       -0
2202                     0.036309066997601        -0.9550857827265         -0                       -0
2204                     0.036309083406474        -0.95508576631763        -0                       -0
2206                     0.036309097939584        -0.95508575178452        -0                       -0
2208                     0.036309110811843        -0.95508573891226        -0                       -0
2210                     0.036309122213603        -0.9550857275105         -0                       -0
2212                     0.036309132313467        -0.95508571741063        -0                       -0
2214                     0.036309141260791        -0.95508570846331        -0                       -0
2216                     0.036309149187884        -0.95508570053622        -0                       -0
2218                     0.036309156211968        -0.95508569351213        -0                       -0
2220                     0.036309162436914        -0.95508568728719        -0                       -0
2222                     0.036309167954775        -0.95508568176932        -0                       -0
2224                     0.036309172847146        -0.95508567687695        -0                       -0
2226                     0.036309177186374        -0.95508567253773        -0                       -0
2228                     0.036309181036626        -0.95508566868747        -0                       -0
2230                     0.036309184454839        -0.95508566526926        -0                       -0
2232                     0.036309187491558        -0.95508566223254        -0                       -0
2234                     0.036309190191692        -0.95508565953241        -0                       -0
2236                     0.036309192595168        -0.95508565712893        -0                       -0
2238                     0.036309194737527        -0.95508565498657        -0                       -0
2240                     0.036309196650451        -0.95508565307365        -0                       -0
2242                     0.036309198362226        -0.95508565136187        -0                       -0
2244                     0.036309199898167        -0.95508564982593        -0                       -0
2246                     0.036309201280985        -0.95508564844311        -0                       -0
2248                     0.036309202531131        -0.95508564719297        -0                       -0
2250                     0.036309203667089        -0.95508564605701        -0                       -0
2252                     0.036309204705659        -0.95508564501844        -0                       -0
2254                     0.036309205662198        -0.9550856440619         -0                       -0
2256                     0.036309206550851        -0.95508564317325        -0                       -0
2258                     0.03630920738476         -0.95508564233934        -0                       -0
2260                     0.036309208176256        -0.95508564154784        -0                       -0
2262                     0.036309208937043        -0.95508564078706        -0                       -0
2264                     0.036309209678372        -0.95508564004573        -0                       -0
2266                     0.036309210411205        -0.95508563931289        -0                       -0
2268                     0.036309211146379        -0.95508563857772        -0                       -0
2270                     0.036309211894765        -0.95508563782934        -0                       -0
2272                     0.03630921266743         -0.95508563705667        -0                       -0
2274                     0.0363092134758          -0.9550856362483         -0                       -0
2276                     0.036309214331829        -0.95508563539227        -0                       -0
2278                     0.036309215248175        -0.95508563447592        -0                       -0
2280                     0.03630921623839         -0.95508563348571        -0                       -0
2282                     0.036309217317116        -0.95508563240698        -0                       -0
2284                     0.036309218500304        -0.9550856312238         -0                       -0
2286                     0.036309219805453        -0.95508562991865        -0                       -0
2288                     0.03630922125186         -0.95508562847224        -0                       -0
2290                     0.036309222860916        -0.95508562686318        -0                       -0
2292                     0.036309224656414        -0.95508562506769        -0                       -0
2294                     0.036309226664906        -0.95508562305919        -0                       -0
2296                     0.036309228916092        -0.95508562080801        -0                       -0
2298                     0.036309231443263        -0.95508561828084        -0                       -0
2300                     0.036309234283789        -0.95508561544031        -0                       -0
2302                     0.036309237479674        -0.95508561224443        -0                       -0
2304                     0.036309241078178        -0.95508560864592        -0                       -0
2306                     0.036309245132515        -0.95508560459158        -0                       -0
2308                     0.036309249702638        -0.95508560002146        -0                       -0
2310                     0.036309254856129        -0.95508559486797        -0                       -0
2312                     0.036309260669195        -0.9550855890549         -0                       -0
2314                     0.036309267227799        -0.9550855824963         -0                       -0
2316                     0.036309274628925        -0.95508557509518        -0                       -0
2318                     0.036309282982019        -0.95508556674208        -0                       -0
2320                     0.036309292410603        -0.9550855573135         -0                       -0
2322                     0.036309303054102        -0.95508554667           -0                       -0
2324                     0.03630931506991         -0.95508553465419        -0                       -0
2326                     0.03630932863571         -0.95508552108839        -0                       -0
2328                     0.036309343952108        -0.95508550577199        -0                       -0
2330                     0.036309361245596        -0.9550854884785         -0                       -0
2332                     0.036309380771902        -0.9550854689522         -0                       -0
2334                     0.036309402819773        -0.95508544690433        -0                       -0
2336                     0.036309427715243        -0.95508542200886        -0                       -0
2338                     0.036309455826453        -0.95508539389765        -0                       -0
2340                     0.0363094875691          -0.955085362155          -0                       -0
2342                     0.036309523412577        -0.95508532631152        -0                       -0
2344                     0.03630956388692         -0.95508528583718        -0                       -0
2346                     0.03630960959064         -0.95508524013346        -0                       -0
2348                     0.036309661199581        -0.95508518852452        -0                       -0
2350                     0.036309719476904        -0.9550851302472         -0                       -0
2352                     0.03630978528438         -0.95508506443972        -0                       -0
2354                     0.036309859595128        -0.95508499012897        -0                       -0
2356                     0.036309943508004        -0.9550849062161         -0                       -0
2358                     0.036310038263855        -0.95508481146025        -0                       -0
2360                     0.036310145263856        -0.95508470446024        -0                       -0
2362                     0.036310266090239        -0.95508458363386        -0                       -0
2364                     0.036310402529681        -0.95508444719442        -0                       -0
2366                     0.036310556599723        -0.95508429312438        -0                       -0
2368                     0.036310730578597        -0.9550841191455         -0                       -0
2370                     0.03631092703892         -0.95508392268518        -0                       -0
2372                     0.036311148885715        -0.95508370083838        -0                       -0
2374                     0.036311399399374        -0.95508345032473        -0                       -0
2376                     0.036311682284144        -0.95508316743996        -0                       -0
2378                     0.036312001722898        -0.9550828480012         -0                       -0
2380                     0.036312362438966        -0.95508248728513        -0                       -0
2382                     0.036312769765957        -0.95508207995814        -0                       -0
2384                     0.036313229726601        -0.9550816199975         -0                       -0
2386                     0.03631374912177         -0.95508110060233        -0                       -0
2388                     0.036314335630996        -0.9550805140931         -0                       -0
2390                     0.036314997925971        -0.95507985179813        -0                       -0
2392                     0.036315745798692        -0.95507910392541        -0                       -0
2394                     0.036316590306164        -0.95507825941794        -0                       -0
2396                     0.036317543933766        -0.95507730579033        -0                       -0
2398                     0.036318620779711        -0.95507622894439        -0                       -0
2400                     0.03631983676331         -0.95507501296079        -0                       -0
2402                     0.036321209860098        -0.955073639864          -0                       -0
2404                     0.036322760367296        -0.9550720893568         -0                       -0
2406                     0.036324511203509        -0.95507033852059        -0                       -0
2408                     0.036326488247057        -0.95506836147704        -0                       -0
2410                     0.036328720717921        -0.95506612900618        -0                       -0
2412                     0.036331241608897        -0.9550636081152         -0                       -0
2414                     0.036334088172288        -0.95506076155181        -0                       -0
2416                     0.036337302469251        -0.95505754725485        -0                       -0
2418                     0.036340931989839        -0.95505391773426        -0                       -0
2420                     0.036345030352786        -0.95504981937131        -0                       -0
2422                     0.036349658095245        -0.95504519162885        -0                       -0
2424                     0.036354883563961        -0.95503996616014        -0                       -0
2426                     0.03636078392082         -0.95503406580328        -0                       -0
2428                     0.036367446277354        -0.95502740344675        -0                       -0
2430                     0.036374968974561        -0.95501988074954        -0                       -0
2432                     0.036383463026517        -0.95501138669758        -0                       -0
2434                     0.036393053748447        -0.95500179597565        -0                       -0
2436                     0.036403882592582        -0.95499096713152        -0                       -0
2438                     0.036416109217886        -0.95497874050621        -0                       -0
2440                     0.036429913822998        -0.9549649359011         -0                       -0
2442                     0.036445499775206        -0.95494934994889        -0                       -0
2444                     0.036463096572251        -0.95493175315185        -0                       -0
2446                     0.036482963178072        -0.95491188654603        -0                       -0
2448                     0.036505391778405        -0.9548894579457         -0                       -0
2450                     0.036530712007473        -0.95486413771663        -0                       -0
2452                     0.036559295702733        -0.95483555402137        -0                       -0
2454                     0.036591562251018        -0.95480328747308        -0                       -0
2456                     0.036627984596232        -0.95476686512787        -0                       -0
2458                     0.03666909598617         -0.95472575373793        -0                       -0
2460                     0.036715497543887        -0.95467935218021        -0                       -0
2462                     0.036767866757453        -0.95462698296665        -0                       -0
2464                     0.036826966990594        -0.95456788273351        -0                       -0
2466                     0.03689365812573         -0.95450119159837        -0                       -0
2468                     0.036968908459931        -0.95442594126417        -0                       -0
2470                     0.037053807983084        -0.95434104174102        -0                       -0
2472                     0.037149583175817        -0.95424526654828        -0                       -0
2474                     0.037257613471831        -0.95413723625227        -0                       -0
2476                     0.037379449534725        -0.95401540018937        -0                       -0
2478                     0.037516833502245        -0.95387801622185        -0                       -0
2480                     0.037671721350177        -0.95372312837392        -0                       -0
2482                     0.037846307522404        -0.9535485422017         -0                       -0
2484                     0.038043051961424        -0.95335179776268        -0                       -0
2486                     0.038264709652814        -0.95313014007129        -0                       -0
2488                     0.038514362765361        -0.95288048695874        -0                       -0
2490                     0.038795455423045        -0.95259939430105        -0                       -0
2492                     0.039111831082544        -0.95228301864156        -0                       -0
2494                     0.039467772406738        -0.95192707731736        -0                       -0
2496                     0.039868043417103        -0.951526806307          -0                       -0
2498                     0.040317933571666        -0.95107691615243        -0                       -0
2500                     0.040823303246885        -0.95057154647722        -0                       -0
2502                     0.041390629898105        -0.95000421982599        -0                       -0
2504                     0.042027053932615        -0.94936779579148        -0                       -0
2506                     0.042740423052335        -0.94865442667177        -0                       -0
2508                     0.043539333513955        -0.94785551621015        -0                       -0
2510                     0.044433166421842        -0.94696168330226        -0                       -0
2512                     0.045432116828876        -0.94596273289522        -0                       -0
2514                     0.04654721309615         -0.94484763662795        -0                       -0
2516                     0.047790323687442        -0.94360452603666        -0                       -0
2518                     0.049174148391868        -0.94222070133223        -0                       -0
2520                     0.050712190931062        -0.94068265879304        -0                       -0
2522                     0.052418710075265        -0.93897613964883        -0                       -0
2524                     0.054308646826767        -0.93708620289733        -0                       -0
2526                     0.056397525982351        -0.93499732374175        -0                       -0
2528                     0.05870133149185         -0.93269351823225        -0                       -0
2530                     0.061236356485682        -0.93015849323842        -0                       -0
2532                     0.064019030598123        -0.92737581912598        -0                       -0
2534                     0.067065729151261        -0.92432912057284        -0                       -0
2536                     0.070392570708237        -0.92100227901586        -0                       -0
2538                     0.074015211220138        -0.91737963850396        -0                       -0
2540                     0.077948644218027        -0.91344620550607        -0                       -0
2542                     0.082207016994616        -0.90918783272948        -0                       -0
2544                     0.086803472301733        -0.90459137742237        -0                       -0
2546                     0.091750023700151        -0.89964482602395        -0                       -0
2548                     0.09705747042774         -0.89433737929636        -0                       -0
2550                     0.16387313857496         -1.0082671434299         -0                       -0
2552                     0.23130797656031         -1.1215777377254         -0                       -0
2554                     0.23763331040192         -1.1152524038838         -0                       -0
2556                     0.24398701507816         -1.1088986992076         -0                       -0
2558                     0.25036916223537         -1.1025165520503         -0                       -0
2560                     0.25677980813014         -1.0961059061556         -0                       -0
2562                     0.26321899688578         -1.0896667173999         -0                       -0
2564                     0.26968676307055         -1.0831989512152         -0                       -0
2566                     0.27618313373648         -1.0767025805492         -0                       -0
2568                     0.28270813002986         -1.0701775842559         -0                       -0
2570                     0.28926176846201         -1.0636239458237         -0                       -0
2572                     0.29584406191066         -1.0570416523751         -0                       -0
2574                     0.30245502040828         -1.0504306938774         -0                       -0
2576                     0.30909465176196         -1.0437910625238         -0                       -0
2578                     0.31576296204015         -1.0371227522456         -0                       -0
2580                     0.32245995595457         -1.0304257583311         -0                       -0
2582                     0.32918563715941         -1.0237000771263         -0                       -0
2584                     0.3359400084855          -1.0169457058002         -0                       -0
2586                     0.34272307212333         -1.0101626421624         -0                       -0
2588                     0.34953482976602         -1.0033508845197         -0                       -0
2590                     0.35637528272077         -0.99651043156494        -0                       -0
2592                     0.36324443199567         -0.98964128229005        -0                       -0
2594                     0.37014227836727         -0.98274343591844        -0                       -0
2596                     0.37706882243311         -0.9758168918526         -0                       -0
2598                     0.38402406465245         -0.96886164963327        -0                       -0
2600                     0.39100800537785         -0.96187770890786        -0                       -0
2602                     0.3980206448797          -0.95486506940601        -0                       -0
2604                     0.40506198336512         -0.9478237309206         -0                       -0
2606                     0.41213202099255         -0.94075369329316        -0                       -0
2608                     0.41923075788312         -0.93365495640259        -0                       -0
2610                     0.42635819412929         -0.92652752015643        -0                       -0
2612                     0.43351432980154         -0.91937138448417        -0                       -0
2614                     0.4406991649536          -0.91218654933212        -0                       -0
2616                     0.44791269962631         -0.90497301465941        -0                       -0
2618                     0.45515493385072         -0.89773078043499        -0                       -0
2620                     0.46242586765041         -0.8904598466353         -0                       -0
2622                     0.46972550104326         -0.88316021324246        -0                       -0
2624                     0.47705383404279         -0.87583188024292        -0                       -0
2626                     0.48441086665926         -0.86847484762646        -0                       -0
2628                     0.49179659890039         -0.86108911538532        -0                       -0
2630                     0.49921103077204         -0.85367468351367        -0                       -0
2632                     0.50665416227862         -0.8462315520071         -0                       -0
2634                     0.51412599342343         -0.83875972086228        -0                       -0
2636                     0.52162652420898         -0.83125919007674        -0                       -0
2638                     0.52915575463714         -0.82372995964858        -0                       -0
2640                     0.53671368470932         -0.8161720295764         -0                       -0
2642                     0.54430031442657         -0.80858539985914        -0                       -0
2644                     0.5519156437897          -0.80097007049602        -0                       -0
2646                     0.55955967279928         -0.79332604148643        -0                       -0
2648                     0.56723240145577         -0.78565331282994        -0                       -0
2650                     0.5749338297595          -0.77795188452622        -0                       -0
2652                     0.5826639577107          -0.77022175657501        -0                       -0
2654                     0.59042278530958         -0.76246292897613        -0                       -0
2656                     0.59821031255628         -0.75467540172944        -0                       -0
2658                     0.60602653945089         -0.74685917483483        -0                       -0
2660                     0.6138714659935          -0.73901424829221        -0                       -0
2662                     0.62174509218418         -0.73114062210153        -0                       -0
2664                     0.62964741802299         -0.72323829626272        -0                       -0
2666                     0.63757844350998         -0.71530727077573        -0                       -0
2668                     0.6455381686452          -0.70734754564052        -0                       -0
2670                     0.6535265934287          -0.69935912085702        -0                       -0
2672                     0.66154371786055         -0.69134199642516        -0                       -0
2674                     0.66958954194084         -0.68329617234488        -0                       -0
2676                     0.67766406566966         -0.67522164861605        -0                       -0
2678                     0.68576728904717         -0.66711842523854        -0                       -0
2680                     0.69389921207356         -0.65898650221216        -0                       -0
2682                     0.70205983474907         -0.65082587953664        -0                       -0
2684                     0.71024915707409         -0.64263655721163        -0                       -0
2686                     0.71846717904909         -0.63441853523663        -0                       -0
2688                     0.72671390067475         -0.62617181361096        -0                       -0
2690                     0.73498932195201         -0.6178963923337         -0                       -0
2692                     0.74329344288215         -0.60959227140356        -0                       -0
2694                     0.75162626346697         -0.60125945081875        -0                       -0
2696                     0.75998778370891         -0.5928979305768         -0                       -0
2698                     0.76837800361141         -0.5845077106743         -0                       -0
2700                     0.77679692317921         -0.57608879110651        -0                       -0
2702                     0.78524454241889         -0.56764117186683        -0                       -0
2704                     0.79372086133961         -0.55916485294611        -0                       -0
2706                     0.80222587995412         -0.5506598343316         -0                       -0
2708                     0.81075959828019         -0.54212611600552        -0                       -0
2710                     0.81932201634261         -0.53356369794311        -0                       -0
2712                     0.82791313417599         -0.52497258010972        -0                       -0
2714                     0.83653295182874         -0.51635276245697        -0                       -0
2716                     0.8451814693686          -0.50770424491712        -0                       -0
2718                     0.85385868689049         -0.49902702739522        -0                       -0
2720                     0.86256460452757         -0.49032110975815        -0                       -0
2722                     0.87129922246683         -0.48158649181889        -0                       -0
2724                     0.88006254097115         -0.47282317331457        -0                       -0
2726                     0.88885456041049         -0.46403115387522        -0                       -0
2728                     0.89767528130614         -0.45521043297957        -0                       -0
2730                     0.90652470439334         -0.44636100989237        -0                       -0
2732                     0.91540283071028         -0.43748288357544        -0                       -0
2734                     0.92430966172455         -0.42857605256117        -0                       -0
2736                     0.933245199513           -0.41964051477271        -0                       -0
2738                     0.94220944701795         -0.41067626726776        -0                       -0
2740                     0.89076206471439         -0.2834401029343         -0                       -0
2741.9548839583          0.83722208012787         -0.15417276959623        -0                       -0
2743.8115212149          0.84527939749936         -0.14611545222474        -0                       -0
2745.5748493593          0.85314436683865         -0.13825048288545        -0                       -0
2747.2495578322          0.86086704768513         -0.13052780203897        -0                       -0
2748.8401003969          0.86850302199328         -0.12289182773082        -0                       -0
2750.3507069837          0.87611487743275         -0.11527997229135        -0                       -0
2751.7853949391          0.88377437435219         -0.10762047537191        -0                       -0
2753.1479797095          0.89156567156426         -0.099829178159835       -0                       -0
2754.4420849884          0.89959022878053         -0.091804620943571       -0                       -0
2755.671152353           0.90797444989741         -0.083420399826692       -0                       -0
2756.8384504171          0.91688199257403         -0.074512857150069       -0                       -0
2757.9470835235          0.9265344236135          -0.064860426110597       -0                       -0
2759                     0.93724770319511         -0.054147146528988       -0                       -0
2760                     1.0106386348682          -0.16150164713668        -0                       -0
2761                     1.0862523374323          -0.26663337685338        -0                       -0
2762                     1.1000404006549          -0.25284531363076        -0                       -0
2763                     1.113141267921           -0.23974444636476        -0                       -0
2764                     1.1255559921498          -0.22732972213594        -0                       -0
2765                     1.1372862058932          -0.2155995083925         -0                       -0
2766                     1.1483343671193          -0.20455134716636        -0                       -0
2767                     1.1587040686694          -0.1941816456163         -0                       -0
2768                     1.1684004082731          -0.18448530601265        -0                       -0
2769                     1.1774304058935          -0.1754553083922         -0                       -0
2770                     1.1858034432539          -0.16708227103179        -0                       -0
2771                     1.1935316886809          -0.15935402560479        -0                       -0
2772                     1.2006304616324          -0.15225525265335        -0                       -0
2773                     1.2071184883112          -0.14576722597451        -0                       -0
2774                     1.2130180046831          -0.13986770960263        -0                       -0
2775                     1.2183546764366          -0.13453103784909        -0                       -0
2776                     1.2231573252684          -0.12972838901727        -0                       -0
2777                     1.2274574737738          -0.12542824051196        -0                       -0
2778                     1.231288742671           -0.12159697161474        -0                       -0
2779                     1.2346861499361          -0.11819956434964        -0                       -0
2780                     1.2376853690467          -0.11520034523897        -0                       -0
2781                     1.2403220024156          -0.11256371187012        -0                       -0
2782                     1.2426309176594          -0.11025479662633        -0                       -0
2783                     1.2446456812804          -0.10824003300528        -0                       -0
2784                     1.2463981096316          -0.10648760465408        -0                       -0
2785                     1.2479179432625          -0.10496777102326        -0                       -0
2786                     1.2492326395989          -0.10365307468678        -0                       -0
2787                     1.250367271146           -0.10251844313967        -0                       -0
2788                     1.2513445119932          -0.10154120229249        -0                       -0
2789                     1.2521846938322          -0.10070102045352        -0                       -0
2790                     1.2529059132186          -0.099979801067152       -0                       -0
2791                     1.2535241736701          -0.099361540615591       -0                       -0
2792                     1.2540535487484          -0.09883216553731        -0                       -0
2793                     1.2545063550314          -0.098379359254271       -0                       -0
2794                     1.254893326532           -0.097992387753699       -0                       -0
2795                     1.2552237844618          -0.097661929823934       -0                       -0
2796                     1.2555057982059          -0.097379916079818       -0                       -0
2797                     1.2557463349416          -0.097139379344088       -0                       -0
2798                     1.2559513965368          -0.096934317748917       -0                       -0
2799                     1.2561261432486          -0.096759571037098       -0                       -0
2800                     1.2562750043664          -0.09661070991927        -0                       -0
2801                     1.2564017763583          -0.096483937927409       -0                       -0
2802                     1.2565097093389          -0.096376004946794       -0                       -0
2803                     1.2566015828182          -0.096284131467538       -0                       -0
2804                     1.2566797717464          -0.096205942539328       -0                       -0
2805                     1.2567463038725          -0.096139410413182       -0                       -0
2806                     1.2568029093936          -0.096082804892117       -0                       -0
2807                     1.2568510638118          -0.096034650473915       -0                       -0
2808                     1.2568920248424          -0.095993689443287       -0                       -0
2809                     1.2569268641355          -0.095958850150185       -0                       -0
2810                     1.2569564944948          -0.095929219790917       -0                       -0
2811                     1.2569816931999          -0.095904021085767       -0                       -0
2812                     1.2570031219666          -0.095882592319108       -0                       -0
2813                     1.2570213440113          -0.095864370274451       -0                       -0
2814                     1.2570368386287          -0.095848875657017       -0                       -0
2815                     1.2570500136355          -0.095835700650251       -0                       -0
2816                     1.2570612159853          -0.095824498300417       -0                       -0
2817                     1.2570707408203          -0.095814973465432       -0                       -0
2818                     1.2570788391849          -0.095806875100855       -0                       -0
2819                     1.2570857245978          -0.09579998968795        -0                       -0
2820                     1.2570915786492          -0.095794135636534       -0                       -0
2821                     1.2570965557664          -0.095789158519297       -0                       -0
2822                     1.2571007872707          -0.09578492701503        -0                       -0
2823                     1.2571043848297          -0.095781329455971       -0                       -0
2824                     1.2571074433959          -0.095778270889793       -0                       -0
2825                     1.2571100437058          -0.095775670579884       -0                       -0
2826                     1.2571122544069          -0.095773459878785       -0                       -0
2827                     1.2571141338665          -0.095771580419263       -0                       -0
2828                     1.25711573171            -0.09576998257571        -0                       -0
2829                     1.2571170901301          -0.095768624155572       -0                       -0
2830                     1.2571182449992          -0.095767469286479       -0                       -0
2831                     1.2571192268159          -0.095766487469859       -0                       -0
2832                     1.2571200615095          -0.095765652776176       -0                       -0
2833                     1.2571207711251          -0.095764943160614       -0                       -0
2834                     1.2571213744045          -0.095764339881203       -0                       -0
2835                     1.2571218872816          -0.095763827004065       -0                       -0
2836                     1.257122323303           -0.09576339098275        -0                       -0
2837                     1.2571226939851          -0.095763020300566       -0                       -0
2838                     1.2571230091192          -0.095762705166484       -0                       -0
2839                     1.2571232770291          -0.095762437256587       -0                       -0
2840                     1.2571235047915          -0.095762209494255       -0                       -0
2841                     1.2571236984224          -0.095762015863276       -0                       -0
2842                     1.2571238630368          -0.095761851248957       -0                       -0
2843                     1.2571240029827          -0.09576171130304        -0                       -0
2844                     1.2571241219569          -0.095761592328857       -0                       -0
2845                     1.257124223102           -0.095761491183693       -0                       -0
2846                     1.2571243090899          -0.095761405195777       -0                       -0
2847                     1.257124382192           -0.095761332093712       -0                       -0
2848                     1.2571244443392          -0.095761269946477       -0                       -0
2849                     1.2571244971733          -0.095761217112425       -0                       -0
2850                     1.2571245420898          -0.095761172195919       -0                       -0
2851                     1.2571245802753          -0.095761134010462       -0                       -0
2852                     1.2571246127384          -0.095761101547363       -0                       -0
2853                     1.2571246403366          -0.095761073949089       -0                       -0
2854                     1.2571246637991          -0.095761050486612       -0                       -0
2855                     1.2571246837456          -0.095761030540154       -0                       -0
2856                     1.2571247007029          -0.095761013582817       -0                       -0
2857                     1.2571247151191          -0.095760999166659       -0                       -0
2858                     1.2571247273748          -0.095760986910866       -0                       -0
2859                     1.257124737794           -0.095760976491693       -0                       -0
2860                     1.2571247466518          -0.095760967633908       -0                       -0
2861                     1.2571247541822          -0.095760960103528       -0                       -0
2862                     1.2571247605841          -0.095760953701629       -0                       -0
2863                     1.2571247660266          -0.095760948259102       -0                       -0
2864                     1.2571247706535          -0.095760943632178       -0                       -0
2865                     1.2571247745871          -0.095760939698632       -0                       -0
2866                     1.2571247779312          -0.095760936354557       -0                       -0
2867                     1.2571247807741          -0.095760933511616       -0                       -0
2868                     1.257124783191           -0.09576093109471        -0                       -0
2869                     1.2571247852457          -0.095760929039996       -0                       -0
2870                     1.2571247869925          -0.095760927293196       -0                       -0
2871                     1.2571247884775          -0.095760925808167       -0                       -0
2872                     1.25712478974            -0.09576092454568        -0                       -0
2873                     1.2571247908133          -0.095760923472386       -0                       -0
2874                     1.2571247917258          -0.095760922559933       -0                       -0
2875                     1.2571247925015          -0.095760921784218       -0                       -0
2876                     1.257124793161           -0.09576092112475        -0                       -0
2877                     1.2571247937216          -0.095760920564108       -0                       -0
2878                     1.2571247941982          -0.095760920087482       -0                       -0
2879                     1.2571247946034          -0.095760919682282       -0                       -0
2880                     1.2571247949479          -0.095760919337804       -0                       -0
2881                     1.2571247952408          -0.095760919044949       -0                       -0
2882                     1.2571247954897          -0.09576091879598        -0                       -0
2883                     1.2571247957014          -0.095760918584321       -0                       -0
2884                     1.2571247958813          -0.095760918404381       -0                       -0
2885                     1.2571247960343          -0.095760918251406       -0                       -0
2886                     1.2571247961644          -0.095760918121355       -0                       -0
2887                     1.2571247962749          -0.095760918010794       -0                       -0
2888                     1.2571247963689          -0.095760917916801       -0                       -0
2889                     1.2571247964488          -0.095760917836893       -0                       -0
2890                     1.2571247965168          -0.095760917768961       -0                       -0
2891                     1.2571247965745          -0.095760917711208       -0                       -0
2892                     1.2571247966236          -0.09576091766211        -0                       -0
2893                     1.2571247966653          -0.09576091762037        -0                       -0
2894                     1.2571247967008          -0.095760917584885       -0                       -0
2895                     1.257124796731           -0.095760917554718       -0                       -0
2896                     1.2571247967566          -0.095760917529071       -0                       -0
2897                     1.2571247967784          -0.095760917507268       -0                       -0
2898                     1.257124796797           -0.095760917488732       -0                       -0
2899                     1.2571247968127          -0.095760917472973       -0                       -0
2900                     1.2571247968261          -0.095760917459577       -0                       -0
2901                     1.2571247968375          -0.095760917448188       -0                       -0
2902                     1.2571247968472          -0.095760917438506       -0                       -0
2903                     1.2571247968554          -0.095760917430274       -0                       -0
2904                     1.2571247968624          -0.095760917423277       -0                       -0
2905                     1.2571247968684          -0.095760917417328       -0                       -0
2906                     1.2571247968734          -0.09576091741227        -0                       -0
2907                     1.2571247968777          -0.09576091740797        -0                       -0
2908                     1.2571247968814          -0.095760917404314       -0                       -0
2909                     1.2571247968845          -0.095760917401207       -0                       -0
2910                     1.2571247968871          -0.095760917398565       -0                       -0
2911                     1.2571247968894          -0.095760917396319       -0                       -0
2912                     1.2571247968913          -0.095760917394409       -0                       -0
2913                     1.2571247968929          -0.095760917392786       -0                       -0
2914                     1.2571247968943          -0.095760917391406       -0                       -0
2915                     1.2571247968955          -0.095760917390233       -0                       -0
2916                     1.2571247968965          -0.095760917389235       -0                       -0
2917                     1.2571247968973          -0.095760917388387       -0                       -0
2918                     1.257124796898           -0.095760917387666       -0                       -0
2919                     1.2571247968987          -0.095760917387053       -0                       -0
2920                     1.2571247968992          -0.095760917386532       -0                       -0
2921                     1.2571247968996          -0.095760917386089       -0                       -0
2922                     1.2571247969             -0.095760917385713       -0                       -0
2923                     1.2571247969003          -0.095760917385393       -0                       -0
2924                     1.2571247969006          -0.09576091738512        -0                       -0
2925                     1.2571247969008          -0.095760917384889       -0                       -0
2926                     1.257124796901           -0.095760917384693       -0                       -0
2927                     1.2571247969012          -0.095760917384525       -0                       -0
2928                     1.2571247969013          -0.095760917384383       -0                       -0
2929                     1.2571247969015          -0.095760917384263       -0                       -0
2930                     1.2571247969016          -0.09576091738416        -0                       -0
2931                     1.2571247969016          -0.095760917384073       -0                       -0
2932                     1.2571247969017          -0.095760917383999       -0                       -0
2933                     1.2571247969018          -0.095760917383936       -0                       -0
2934                     1.2571247969018          -0.095760917383882       -0                       -0
2935                     1.2571247969019          -0.095760917383836       -0                       -0
2936                     1.2571247969019          -0.095760917383797       -0                       -0
2937                     1.2571247969019          -0.095760917383765       -0                       -0
2938                     1.257124796902           -0.095760917383737       -0                       -0
2939                     1.257124796902           -0.095760917383713       -0                       -0
2940                     1.257124796902           -0.095760917383692       -0                       -0
2941                     1.257124796902           -0.095760917383675       -0                       -0
2942                     1.2571247969021          -0.095760917383661       -0                       -0
2943                     1.2571247969021          -0.095760917383648       -0                       -0
2944                     1.2571247969021          -0.095760917383638       -0                       -0
2945                     1.2571247969021          -0.095760917383629       -0                       -0
2946                     1.2571247969021          -0.095760917383621       -0                       -0
2947                     1.2571247969021          -0.095760917383615       -0                       -0
2948                     1.2571247969021          -0.095760917383609       -0                       -0
2949                     1.2571247969021          -0.095760917383605       -0                       -0
2950                     1.2571247969021          -0.095760917383601       -0                       -0
2951                     1.2571247969021          -0.095760917383597       -0                       -0
2952                     1.2571247969021          -0.095760917383594       -0                       -0
2953                     1.2571247969021          -0.095760917383592       -0                       -0
2954                     1.2571247969021          -0.09576091738359        -0                       -0
2955                     1.2571247969021          -0.095760917383588       -0                       -0
2956                     1.2571247969021          -0.095760917383586       -0                       -0
2957                     1.2571247969021          -0.095760917383585       -0                       -0
2958                     1.2571247969021          -0.095760917383584       -0                       -0
2959                     1.2571247969021          -0.095760917383583       -0                       -0
2960                     1.2571247969021          -0.095760917383582       -0                       -0
2961                     1.2571247969021          -0.095760917383581       -0                       -0
2962                     1.2571247969021          -0.095760917383581       -0                       -0
2963                     1.2571247969021          -0.09576091738358        -0                       -0
2964                     1.2571247969021          -0.09576091738358        -0                       -0
2965                     1.2571247969021          -0.095760917383579       -0                       -0
2966                     1.2571247969021          -0.095760917383579       -0                       -0
2967                     1.2571247969021          -0.095760917383579       -0                       -0
2968                     1.2571247969021          -0.095760917383579       -0                       -0
2969                     1.2571247969021          -0.095760917383579       -0                       -0
2970                     1.2571247969021          -0.095760917383579       -0                       -0
2971                     1.2571247969021          -0.095760917383578       -0                       -0
2972                     1.2571247969021          -0.095760917383578       -0                       -0
2973                     1.2571247969021          -0.095760917383578       -0                       -0
2974                     1.2571247969021          -0.095760917383578       -0                       -0
2975                     1.2571247969021          -0.095760917383578       -0                       -0
2976                     1.2571247969021          -0.095760917383579       -0                       -0
2977                     1.2571247969021          -0.095760917383579       -0                       -0
2978                     1.2571247969021          -0.095760917383579       -0                       -0
2979                     1.2571247969021          -0.095760917383579       -0                       -0
2980                     1.2571247969021          -0.095760917383579       -0                       -0
2981                     1.2571247969021          -0.095760917383579       -0                       -0
2982                     1.2571247969021          -0.095760917383579       -0                       -0
2983                     1.2571247969021          -0.095760917383579       -0                       -0
2984                     1.2571247969021          -0.095760917383579       -0                       -0
2985                     1.2571247969021          -0.095760917383579       -0                       -0
2986                     1.2571247969021          -0.095760917383579       -0                       -0
2987                     1.2571247969021          -0.095760917383579       -0                       -0
2988                     1.2571247969021          -0.095760917383578       -0                       -0
2989                     1.2571247969021          -0.095760917383578       -0                       -0
2990                     1.2571247969021          -0.095760917383578       -0                       -0
2991                     1.2571247969021          -0.095760917383577       -0                       -0
2992                     1.2571247969021          -0.095760917383577       -0                       -0
2993                     1.2571247969021          -0.095760917383577       -0                       -0
2994                     1.2571247969021          -0.095760917383577       -0                       -0
2995                     1.2571247969021          -0.095760917383577       -0                       -0
2996                     1.2571247969021          -0.095760917383577       -0                       -0
2997                     1.2571247969021          -0.095760917383577       -0                       -0
2998                     1.2571247969021          -0.095760917383577       -0                       -0
2999                     1.2571247969021          -0.095760917383577       -0                       -0
3000                     1.2571247969021          -0.095760917383577       -0                       -0
3001                     1.2571247969021          -0.095760917383576       -0                       -0
3002                     1.2571247969021          -0.095760917383576       -0                       -0
3003                     1.2571247969021          -0.095760917383576       -0                       -0
3004                     1.2571247969021          -0.095760917383576       -0                       -0
3005                     1.2571247969021          -0.095760917383576       -0                       -0
3006                     1.2571247969021          -0.095760917383576       -0                       -0
3007                     1.2571247969021          -0.095760917383576       -0                       -0
3008                     1.2571247969021          -0.095760917383576       -0                       -0
3009                     1.2571247969021          -0.095760917383576       -0                       -0
3010                     1.2571247969021          -0.095760917383576       -0                       -0
3011                     1.2571247969021          -0.095760917383576       -0                       -0
3012                     1.2571247969021          -0.095760917383576       -0                       -0
3013                     1.2571247969021          -0.095760917383576       -0                       -0
3014                     1.2571247969021          -0.095760917383576       -0                       -0
3015                     1.2571247969021          -0.095760917383576       -0                       -0
3016                     1.2571247969021          -0.095760917383576       -0                       -0
3017                     1.2571247969021          -0.095760917383577       -0                       -0
3018                     1.2571247969021          -0.095760917383577       -0                       -0
3019                     1.2571247969021          -0.095760917383577       -0                       -0
3020                     1.2571247969021          -0.095760917383577       -0                       -0
3021                     1.2571247969021          -0.095760917383577       -0                       -0
3022                     1.2571247969021          -0.095760917383577       -0                       -0
3023                     1.2571247969021          -0.095760917383577       -0                       -0
3024                     1.2571247969021          -0.095760917383578       -0                       -0
3025                     1.2571247969021          -0.095760917383578       -0                       -0
3026                     1.2571247969021          -0.095760917383578       -0                       -0
3027                     1.2571247969021          -0.095760917383578       -0                       -0
3028                     1.2571247969021          -0.095760917383579       -0                       -0
3029                     1.2571247969021          -0.095760917383579       -0                       -0
3030                     1.2571247969021          -0.095760917383579       -0                       -0
3031                     1.2571247969021          -0.095760917383579       -0                       -0
3032                     1.2571247969021          -0.095760917383579       -0                       -0
3033                     1.2571247969021          -0.095760917383579       -0                       -0
3034                     1.2571247969021          -0.095760917383579       -0                       -0
3035                     1.2571247969021          -0.095760917383579       -0                       -0
3036                     1.2571247969021          -0.095760917383579       -0                       -0
3037                     1.2571247969021          -0.095760917383579       -0                       -0
3038                     1.2571247969021          -0.095760917383579       -0                       -0
3039                     1.2571247969021          -0.095760917383579       -0                       -0
3040                     1.2571247969021          -0.095760917383579       -0                       -0
3041                     1.2571247969021          -0.095760917383579       -0                       -0
3042                     1.2571247969021          -0.095760917383579       -0                       -0
3043                     1.2571247969021          -0.095760917383579       -0                       -0
3044                     1.2571247969021          -0.095760917383578       -0                       -0
3045                     1.2571247969021          -0.095760917383578       -0                       -0
3046                     1.2571247969021          -0.095760917383578       -0                       -0
3047                     1.2571247969021          -0.095760917383578       -0                       -0
3048                     1.2571247969021          -0.095760917383578       -0                       -0
3049                     1.2571247969021          -0.095760917383578       -0                       -0
3050                     1.2571247969021          -0.095760917383578       -0                       -0
3051                     1.2571247969021          -0.095760917383578       -0                       -0
3052                     1.2571247969021          -0.095760917383577       -0                       -0
3053                     1.2571247969021          -0.095760917383577       -0                       -0
3054                     1.2571247969021          -0.095760917383577       -0                       -0
3055                     1.2571247969021          -0.095760917383577       -0                       -0
3056                     1.2571247969021          -0.095760917383578       -0                       -0
3057                     1.2571247969021          -0.095760917383578       -0                       -0
3058                     1.2571247969021          -0.095760917383578       -0                       -0
3059                     1.2571247969021          -0.095760917383578       -0                       -0
3060                     1.2571247969021          -0.095760917383578       -0                       -0
3061                     1.2571247969021          -0.095760917383578       -0                       -0
3062                     1.2571247969021          -0.095760917383578       -0                       -0
3063                     1.2571247969021          -0.095760917383578       -0                       -0
3064                     1.2571247969021          -0.095760917383578       -0                       -0
3065                     1.2571247969021          -0.095760917383579       -0                       -0
3066                     1.2571247969021          -0.095760917383579       -0                       -0
3067                     1.2571247969021          -0.095760917383579       -0                       -0
3068                     1.2571247969021          -0.095760917383579       -0                       -0
3069                     1.2571247969021          -0.095760917383579       -0                       -0
3070                     1.2571247969021          -0.095760917383579       -0                       -0
3071                     1.2571247969021          -0.09576091738358        -0                       -0
3072                     1.2571247969021          -0.09576091738358        -0                       -0
3073                     1.2571247969021          -0.09576091738358        -0                       -0
3074                     1.2571247969021          -0.09576091738358        -0                       -0
3075                     1.2571247969021          -0.09576091738358        -0                       -0
3076                     1.2571247969021          -0.09576091738358        -0                       -0
3077                     1.2571247969021          -0.09576091738358        -0                       -0
3078                     1.2571247969021          -0.09576091738358        -0                       -0
3079                     1.2571247969021          -0.095760917383581       -0                       -0
3080                     1.2571247969021          -0.095760917383581       -0                       -0
3081                     1.2571247969021          -0.095760917383581       -0                       -0
3082                     1.2571247969021          -0.095760917383581       -0                       -0
3083                     1.2571247969021          -0.095760917383581       -0                       -0
3084                     1.2571247969021          -0.095760917383581       -0                       -0
3085                     1.2571247969021          -0.095760917383581       -0                       -0
3086                     1.2571247969021          -0.095760917383581       -0                       -0
3087                     1.2571247969021          -0.095760917383581       -0                       -0
3088                     1.2571247969021          -0.095760917383581       -0                       -0
3089                     1.2571247969021          -0.095760917383581       -0                       -0
3090                     1.2571247969021          -0.095760917383581       -0                       -0
3091                     1.2571247969021          -0.095760917383581       -0                       -0
3092                     1.2571247969021          -0.095760917383581       -0                       -0
3093                     1.2571247969021          -0.095760917383581       -0                       -0
3094                     1.2571247969021          -0.095760917383581       -0                       -0
3095                     1.2571247969021          -0.095760917383581       -0                       -0
3096                     1.2571247969021          -0.095760917383581       -0                       -0
3097                     1.2571247969021          -0.095760917383581       -0                       -0
3098                     1.2571247969021          -0.095760917383581       -0                       -0
3099                     1.2571247969021          -0.095760917383581       -0                       -0
3100                     1.2571247969021          -0.095760917383581       -0                       -0
3101                     1.2571247969021          -0.095760917383581       -0                       -0
3102                     1.2571247969021          -0.095760917383581       -0                       -0
3103                     1.2571247969021          -0.095760917383581       -0                       -0
3104                     1.2571247969021          -0.095760917383581       -0                       -0
3105                     1.2571247969021          -0.095760917383581       -0                       -0
3106                     1.2571247969021          -0.095760917383581       -0                       -0
3107                     1.2571247969021          -0.095760917383581       -0                       -0
3108                     1.2571247969021          -0.095760917383581       -0                       -0
3109                     1.2571247969021          -0.095760917383581       -0                       -0
3110                     1.2571247969021          -0.095760917383581       -0                       -0
3111                     1.2571247969021          -0.095760917383581       -0                       -0
3112                     1.2571247969021          -0.095760917383581       -0                       -0
3113                     1.2571247969021          -0.095760917383581       -0                       -0
3114                     1.2571247969021          -0.095760917383581       -0                       -0
3115                     1.2571247969021          -0.095760917383581       -0                       -0
3116                     1.2571247969021          -0.095760917383581       -0                       -0
3117                     1.2571247969021          -0.095760917383581       -0                       -0
3118                     1.2571247969021          -0.095760917383581       -0                       -0
3119                     1.2571247969021          -0.095760917383581       -0                       -0
3120                     1.2571247969021          -0.095760917383581       -0                       -0
3121                     1.2571247969021          -0.095760917383581       -0                       -0
3122                     1.2571247969021          -0.095760917383581       -0                       -0
3123                     1.2571247969021          -0.095760917383581       -0                       -0
3124                     1.2571247969021          -0.095760917383581       -0                       -0
3125                     1.2571247969021          -0.095760917383581       -0                       -0
3126                     1.2571247969021          -0.095760917383581       -0                       -0
3127                     1.2571247969021          -0.095760917383581       -0                       -0
3128                     1.2571247969021          -0.095760917383581       -0                       -0
3129                     1.2571247969021          -0.095760917383581       -0                       -0
3130                     1.2571247969021          -0.095760917383581       -0                       -0
3131                     1.2571247969021          -0.095760917383581       -0                       -0
3132                     1.2571247969021          -0.095760917383581       -0                       -0
3133                     1.2571247969021          -0.095760917383581       -0                       -0
3134                     1.2571247969021          -0.095760917383581       -0                       -0
3135                     1.2571247969021          -0.095760917383581       -0                       -0
3136                     1.2571247969021          -0.095760917383581       -0                       -0
3137                     1.2571247969021          -0.095760917383581       -0                       -0
3138                     1.2571247969021          -0.095760917383581       -0                       -0
3139                     1.2571247969021          -0.095760917383581       -0                       -0
3140                     1.2571247969021          -0.095760917383581       -0                       -0
3141                     1.2571247969021          -0.095760917383581       -0                       -0
3142                     1.2571247969021          -0.095760917383581       -0                       -0
3143                     1.2571247969021          -0.095760917383581       -0                       -0
3144                     1.2571247969021          -0.095760917383581       -0                       -0
3145                     1.2571247969021          -0.095760917383581       -0                       -0
3146                     1.2571247969021          -0.095760917383581       -0                       -0
3147                     1.2571247969021          -0.095760917383581       -0                       -0
3148                     1.2571247969021          -0.095760917383581       -0                       -0
3149                     1.2571247969021          -0.095760917383581       -0                       -0
3150                     1.2571247969021          -0.095760917383581       -0                       -0
3151                     1.2571247969021          -0.095760917383581       -0                       -0
3152                     1.2571247969021          -0.095760917383581       -0                       -0
3153                     1.2571247969021          -0.095760917383581       -0                       -0
3154                     1.2571247969021          -0.095760917383581       -0                       -0
3155                     1.2571247969021          -0.095760917383581       -0                       -0
3156                     1.2571247969021          -0.095760917383581       -0                       -0
3157                     1.2571247969021          -0.095760917383581       -0                       -0
3158                     1.2571247969021          -0.095760917383581       -0                       -0
3159                     1.2571247969021          -0.095760917383581       -0                       -0
3160                     1.2571247969021          -0.095760917383581       -0                       -0
3161                     1.2571247969021          -0.095760917383581       -0                       -0
3162                     1.2571247969021          -0.095760917383581       -0                       -0
3163                     1.2571247969021          -0.095760917383581       -0                       -0
3164                     1.2571247969021          -0.095760917383581       -0                       -0
3165                     1.2571247969021          -0.095760917383581       -0                       -0
3166                     1.2571247969021          -0.095760917383581       -0                       -0
3167                     1.2571247969021          -0.095760917383581       -0                       -0
3168                     1.2571247969021          -0.095760917383581       -0                       -0
3169                     1.2571247969021          -0.095760917383581       -0                       -0
3170                     1.2571247969021          -0.095760917383581       -0                       -0
3171                     1.2571247969021          -0.095760917383581       -0                       -0
3172                     1.2571247969021          -0.095760917383581       -0                       -0
3173                     1.2571247969021          -0.095760917383581       -0                       -0
3174                     1.2571247969021          -0.095760917383581       -0                       -0
3175                     1.2571247969021          -0.095760917383581       -0                       -0
3176                     1.2571247969021          -0.095760917383581       -0                       -0
3177                     1.2571247969021          -0.095760917383581       -0                       -0
3178                     1.2571247969021          -0.095760917383581       -0                       -0
3179                     1.2571247969021          -0.095760917383581       -0                       -0
3180                     1.2571247969021          -0.095760917383581       -0                       -0
3181                     1.2571247969021          -0.095760917383581       -0                       -0
3182                     1.2571247969021          -0.095760917383581       -0                       -0
3183                     1.2571247969021          -0.095760917383581       -0                       -0
3184                     1.2571247969021          -0.095760917383581       -0                       -0
3185                     1.2571247969021          -0.095760917383581       -0                       -0
3186                     1.2571247969021          -0.095760917383581       -0                       -0
3187                     1.2571247969021          -0.095760917383581       -0                       -0
3188                     1.2571247969021          -0.095760917383581       -0                       -0
3189                     1.2571247969021          -0.095760917383581       -0                       -0
3190                     1.2571247969021          -0.095760917383581       -0                       -0
3191                     1.2571247969021          -0.095760917383581       -0                       -0
3192                     1.2571247969021          -0.095760917383581       -0                       -0
3193                     1.2571247969021          -0.095760917383581       -0                       -0
3194                     1.2571247969021          -0.095760917383581       -0                       -0
3195                     1.2571247969021          -0.095760917383581       -0                       -0
3196                     1.2571247969021          -0.095760917383581       -0                       -0
3197                     1.2571247969021          -0.095760917383581       -0                       -0
3198                     1.2571247969021          -0.095760917383581       -0                       -0
3199                     1.2571247969021          -0.095760917383581       -0                       -0
3200                     1.2571247969021          -0.095760917383581       -0                       -0
3201                     1.2571247969021          -0.095760917383581       -0                       -0
3202                     1.2571247969021          -0.095760917383581       -0                       -0
3203                     1.2571247969021          -0.095760917383581       -0                       -0
3204                     1.2571247969021          -0.095760917383581       -0                       -0
3205                     1.2571247969021          -0.095760917383581       -0                       -0
3206                     1.2571247969021          -0.095760917383581       -0                       -0
3207                     1.2571247969021          -0.095760917383581       -0                       -0
3208                     1.2571247969021          -0.095760917383581       -0                       -0
3209                     1.2571247969021          -0.095760917383581       -0                       -0
3210                     1.2571247969021          -0.095760917383581       -0                       -0
3211                     1.2571247969021          -0.095760917383581       -0                       -0
3212                     1.2571247969021          -0.095760917383581       -0                       -0
3213                     1.2571247969021          -0.095760917383581       -0                       -0
3214                     1.2571247969021          -0.095760917383581       -0                       -0
3215                     1.2571247969021          -0.095760917383581       -0                       -0
3216                     1.2571247969021          -0.095760917383581       -0                       -0
3217                     1.2571247969021          -0.095760917383581       -0                       -0
3218                     1.2571247969021          -0.095760917383581       -0                       -0
3219                     1.2571247969021          -0.095760917383581       -0                       -0
3220                     1.2571247969021          -0.095760917383581       -0                       -0
3221                     1.2571247969021          -0.095760917383581       -0                       -0
3222                     1.2571247969021          -0.095760917383581       -0                       -0
3223                     1.2571247969021          -0.095760917383581       -0                       -0
3224                     1.2571247969021          -0.095760917383581       -0                       -0
3225                     1.2571247969021          -0.095760917383581       -0                       -0
3226                     1.2571247969021          -0.095760917383581       -0                       -0
3227                     1.2571247969021          -0.095760917383581       -0                       -0
3228                     1.2571247969021          -0.095760917383581       -0                       -0
3229                     1.2571247969021          -0.095760917383581       -0                       -0
3230                     1.2571247969021          -0.095760917383581       -0                       -0
3231                     1.2571247969021          -0.095760917383581       -0                       -0
3232                     1.2571247969021          -0.095760917383581       -0                       -0
3233                     1.2571247969021          -0.095760917383581       -0                       -0
3234                     1.2571247969021          -0.095760917383581       -0                       -0
3235                     1.2571247969021          -0.095760917383581       -0                       -0
3236                     1.2571247969021          -0.095760917383581       -0                       -0
3237                     1.2571247969021          -0.095760917383581       -0                       -0
3238                     1.2571247969021          -0.095760917383581       -0                       -0
3239                     1.2571247969021          -0.095760917383581       -0                       -0
3240                     1.2571247969021          -0.095760917383581       -0                       -0
3241                     1.2571247969021          -0.095760917383581       -0                       -0
3242                     1.2571247969021          -0.095760917383581       -0                       -0
3243                     1.2571247969021          -0.095760917383581       -0                       -0
3244                     1.2571247969021          -0.095760917383581       -0                       -0
3245                     1.2571247969021          -0.095760917383581       -0                       -0
3246                     1.2571247969021          -0.095760917383581       -0                       -0
3247                     1.2571247969021          -0.095760917383581       -0                       -0
3248                     1.2571247969021          -0.095760917383581       -0                       -0
3249                     1.2571247969021          -0.095760917383581       -0                       -0
3250                     1.2571247969021          -0.095760917383581       -0                       -0
3251                     1.2571247969021          -0.095760917383581       -0                       -0
3252                     1.2571247969021          -0.095760917383581       -0                       -0
3253                     1.2571247969021          -0.095760917383581       -0                       -0
3254                     1.2571247969021          -0.095760917383581       -0                       -0
3255                     1.2571247969021          -0.095760917383581       -0                       -0
3256                     1.2571247969021          -0.095760917383581       -0                       -0
3257                     1.2571247969021          -0.095760917383581       -0                       -0
3258                     1.2571247969021          -0.095760917383581       -0                       -0
3259                     1.2571247969021          -0.095760917383581       -0                       -0
3260                     1.2571247969021          -0.095760917383581       -0                       -0
3261                     1.2571247969021          -0.095760917383581       -0                       -0
3262                     1.2571247969021          -0.095760917383581       -0                       -0
3263                     1.2571247969021          -0.095760917383581       -0                       -0
3264                     1.2571247969021          -0.095760917383581       -0                       -0
3265                     1.2571247969021          -0.095760917383581       -0                       -0
3266                     1.2571247969021          -0.095760917383581       -0                       -0
3267                     1.2571247969021          -0.095760917383581       -0                       -0
3268                     1.2571247969021          -0.095760917383581       -0                       -0
3269                     1.2571247969021          -0.095760917383581       -0                       -0
3270                     1.2571247969021          -0.095760917383581       -0                       -0
3271                     1.2571247969021          -0.095760917383581       -0                       -0
3272                     1.2571247969021          -0.095760917383581       -0                       -0
3273                     1.2571247969021          -0.095760917383581       -0                       -0
3274                     1.2571247969021          -0.095760917383581       -0                       -0
3275                     1.2571247969021          -0.095760917383581       -0                       -0
3276                     1.2571247969021          -0.095760917383581       -0                       -0
3277                     1.2571247969021          -0.095760917383581       -0                       -0
3278                     1.2571247969021          -0.095760917383581       -0                       -0
3279                     1.2571247969021          -0.095760917383581       -0                       -0
3280                     1.2571247969021          -0.095760917383581       -0                       -0
3281                     1.2571247969021          -0.095760917383581       -0                       -0
3282                     1.2571247969021          -0.095760917383581       -0                       -0
3283                     1.2571247969021          -0.095760917383581       -0                       -0
3284                     1.2571247969021          -0.095760917383581       -0                       -0
3285                     1.2571247969021          -0.095760917383581       -0                       -0
3286                     1.2571247969021          -0.095760917383581       -0                       -0
3287                     1.2571247969021          -0.095760917383581       -0                       -0
3288                     1.2571247969021          -0.095760917383581       -0                       -0
3289                     1.2571247969021          -0.095760917383581       -0                       -0
3290                     1.2571247969021          -0.095760917383581       -0                       -0
3291                     1.2571247969021          -0.095760917383581       -0                       -0
3292                     1.2571247969021          -0.095760917383581       -0                       -0
3293                     1.2571247969021          -0.095760917383581       -0                       -0
3294                     1.2571247969021          -0.095760917383581       -0                       -0
3295                     1.2571247969021          -0.095760917383581       -0                       -0
3296                     1.2571247969021          -0.095760917383581       -0                       -0
3297                     1.2571247969021          -0.095760917383581       -0                       -0
3298                     1.2571247969021          -0.095760917383581       -0                       -0
3299                     1.2571247969021          -0.095760917383581       -0                       -0
3300                     1.2571247969021          -0.095760917383581       -0                       -0
3301                     1.2571247969021          -0.095760917383581       -0                       -0
3302                     1.2571247969021          -0.095760917383581       -0                       -0
3303                     1.2571247969021          -0.095760917383581       -0                       -0
3304                     1.2571247969021          -0.095760917383581       -0                       -0
3305                     1.2571247969021          -0.095760917383581       -0                       -0
3306                     1.2571247969021          -0.095760917383581       -0                       -0
3307                     1.2571247969021          -0.095760917383581       -0                       -0
3308                     1.2571247969021          -0.095760917383581       -0                       -0
3309                     1.2571247969021          -0.095760917383581       -0                       -0
3310                     1.2571247969021          -0.095760917383581       -0                       -0
3311                     1.2571247969021          -0.095760917383581       -0                       -0
3312                     1.2571247969021          -0.095760917383581       -0                       -0
3313                     1.2571247969021          -0.095760917383581       -0                       -0
3314                     1.2571247969021          -0.095760917383581       -0                       -0
3315                     1.2571247969021          -0.095760917383581       -0                       -0
3316                     1.2571247969021          -0.095760917383581       -0                       -0
3317                     1.2571247969021          -0.095760917383581       -0                       -0
3318                     1.2571247969021          -0.095760917383581       -0                       -0
3319                     1.2571247969021          -0.095760917383581       -0                       -0
3320                     1.2571247969021          -0.095760917383581       -0                       -0
3321                     1.2571247969021          -0.095760917383581       -0                       -0
3322                     1.2571247969021          -0.095760917383581       -0                       -0
3323                     1.2571247969021          -0.095760917383581       -0                       -0
3324                     1.2571247969021          -0.095760917383581       -0                       -0
3325                     1.2571247969021          -0.095760917383581       -0                       -0
3326                     1.2571247969021          -0.095760917383581       -0                       -0
3327                     1.2571247969021          -0.095760917383581       -0                       -0
3328                     1.2571247969021          -0.095760917383581       -0                       -0
3329                     1.2571247969021          -0.095760917383581       -0                       -0
3330                     1.2571247969021          -0.095760917383581       -0                       -0
3331                     1.2571247969021          -0.095760917383581       -0                       -0
3332                     1.2571247969021          -0.095760917383581       -0                       -0
3333                     1.2571247969021          -0.095760917383581       -0                       -0
3334                     1.2571247969021          -0.095760917383581       -0                       -0
3335                     1.2571247969021          -0.095760917383581       -0                       -0
3336                     1.2571247969021          -0.095760917383581       -0                       -0
3337                     1.2571247969021          -0.095760917383581       -0                       -0
3338                     1.2571247969021          -0.095760917383581       -0                       -0
3339                     1.2571247969021          -0.095760917383581       -0                       -0
3340                     1.2571247969021          -0.095760917383581       -0                       -0
3341                     1.2571247969021          -0.095760917383581       -0                       -0
3342                     1.2571247969021          -0.095760917383581       -0                       -0
3343                     1.2571247969021          -0.095760917383581       -0                       -0
3344                     1.2571247969021          -0.095760917383581       -0                       -0
3345                     1.2571247969021          -0.095760917383581       -0                       -0
3346                     1.2571247969021          -0.095760917383581       -0                       -0
3347                     1.2571247969021          -0.095760917383581       -0                       -0
3348                     1.2571247969021          -0.095760917383581       -0                       -0
3349                     1.2571247969021          -0.095760917383581       -0                       -0
3350                     1.2571247969021          -0.095760917383581       -0                       -0
3351                     1.2571247969021          -0.095760917383581       -0                       -0
3352                     1.2571247969021          -0.095760917383581       -0                       -0
3353                     1.2571247969021          -0.095760917383581       -0                       -0
3354                     1.2571247969021          -0.095760917383581       -0                       -0
3355                     1.2571247969021          -0.095760917383581       -0                       -0
3356                     1.2571247969021          -0.095760917383581       -0                       -0
3357                     1.2571247969021          -0.095760917383581       -0                       -0
3358                     1.2571247969021          -0.095760917383581       -0                       -0
3359                     1.2571247969021          -0.095760917383581       -0                       -0
3360                     1.2571247969021          -0.095760917383581       -0                       -0
3361                     1.2571247969021          -0.095760917383581       -0                       -0
3362                     1.2571247969021          -0.095760917383581       -0                       -0
3363                     1.2571247969021          -0.095760917383581       -0                       -0
3364                     1.2571247969021          -0.095760917383581       -0                       -0
3365                     1.2571247969021          -0.095760917383581       -0                       -0
3366                     1.2571247969021          -0.095760917383581       -0                       -0
3367                     1.2571247969021          -0.095760917383581       -0                       -0
3368                     1.2571247969021          -0.095760917383581       -0                       -0
3369                     1.2571247969021          -0.095760917383581       -0                       -0
3370                     1.2571247969021          -0.095760917383581       -0                       -0
3371                     1.2571247969021          -0.095760917383581       -0                       -0
3372                     1.2571247969021          -0.095760917383581       -0                       -0
3373                     1.2571247969021          -0.095760917383581       -0                       -0
3374                     1.2571247969021          -0.095760917383581       -0                       -0
3375                     1.2571247969021          -0.095760917383581       -0                       -0
3376                     1.2571247969021          -0.095760917383581       -0                       -0
3377                     1.2571247969021          -0.095760917383581       -0                       -0
3378                     1.2571247969021          -0.095760917383581       -0                       -0
3379                     1.2571247969021          -0.095760917383581       -0                       -0
3380                     1.2571247969021          -0.095760917383581       -0                       -0
3381                     1.2571247969021          -0.095760917383581       -0                       -0
3382                     1.2571247969021          -0.095760917383581       -0                       -0
3383                     1.2571247969021          -0.095760917383581       -0                       -0
3384                     1.2571247969021          -0.095760917383581       -0                       -0
3385                     1.2571247969021          -0.095760917383581       -0                       -0
3386                     1.2571247969021          -0.095760917383581       -0                       -0
3387                     1.2571247969021          -0.095760917383581       -0                       -0
3388                     1.2571247969021          -0.095760917383581       -0                       -0
3389                     1.2571247969021          -0.095760917383581       -0                       -0
3390                     1.2571247969021          -0.095760917383581       -0                       -0
3391                     1.2571247969021          -0.095760917383581       -0                       -0
3392                     1.2571247969021          -0.095760917383581       -0                       -0
3393                     1.2571247969021          -0.095760917383581       -0                       -0
3394                     1.2571247969021          -0.095760917383581       -0                       -0
3395                     1.2571247969021          -0.095760917383581       -0                       -0
3396                     1.2571247969021          -0.095760917383581       -0                       -0
3397                     1.2571247969021          -0.095760917383581       -0                       -0
3398                     1.2571247969021          -0.095760917383581       -0                       -0
3399                     1.2571247969021          -0.095760917383581       -0                       -0
3400                     1.2571247969021          -0.095760917383581       -0                       -0
3401                     1.2571247969021          -0.095760917383581       -0                       -0
3402                     1.2571247969021          -0.095760917383581       -0                       -0
3403                     1.2571247969021          -0.095760917383581       -0                       -0
3404                     1.2571247969021          -0.095760917383581       -0                       -0
3405                     1.2571247969021          -0.095760917383581       -0                       -0
3406                     1.2571247969021          -0.095760917383581       -0                       -0
3407                     1.2571247969021          -0.095760917383581       -0                       -0
3408                     1.2571247969021          -0.095760917383581       -0                       -0
3409                     1.2571247969021          -0.095760917383581       -0                       -0
3410                     1.2571247969021          -0.095760917383581       -0                       -0
3411                     1.2571247969021          -0.095760917383581       -0                       -0
3412                     1.2571247969021          -0.095760917383581       -0                       -0
3413                     1.2571247969021          -0.095760917383581       -0                       -0
3414                     1.2571247969021          -0.095760917383581       -0                       -0
3415                     1.2571247969021          -0.095760917383581       -0                       -0
3416                     1.2571247969021          -0.095760917383581       -0                       -0
3417                     1.2571247969021          -0.095760917383581       -0                       -0
3418                     1.2571247969021          -0.095760917383581       -0                       -0
3419                     1.2571247969021          -0.095760917383581       -0                       -0
3420                     1.2571247969021          -0.095760917383581       -0                       -0
3421                     1.2571247969021          -0.095760917383581       -0                       -0
3422                     1.2571247969021          -0.095760917383581       -0                       -0
3423                     1.2571247969021          -0.095760917383581       -0                       -0
3424                     1.2571247969021          -0.095760917383581       -0                       -0
3425                     1.2571247969021          -0.095760917383581       -0                       -0
3426                     1.2571247969021          -0.095760917383581       -0                       -0
3427                     1.2571247969021          -0.095760917383581       -0                       -0
3428                     1.2571247969021          -0.095760917383581       -0                       -0
3429                     1.2571247969021          -0.095760917383581       -0                       -0
3430                     1.2571247969021          -0.095760917383581       -0                       -0
3431                     1.2571247969021          -0.095760917383581       -0                       -0
3432                     1.2571247969021          -0.095760917383581       -0                       -0
3433                     1.2571247969021          -0.095760917383581       -0                       -0
3434                     1.2571247969021          -0.095760917383581       -0                       -0
3435                     1.2571247969021          -0.095760917383581       -0                       -0
3436                     1.2571247969021          -0.095760917383581       -0                       -0
3437                     1.2571247969021          -0.095760917383581       -0                       -0
3438                     1.2571247969021          -0.095760917383581       -0                       -0
3439                     1.2571247969021          -0.095760917383581       -0                       -0
3440                     1.2571247969021          -0.095760917383581       -0                       -0
3441                     1.2571247969021          -0.095760917383581       -0                       -0
3442                     1.2571247969021          -0.095760917383581       -0                       -0
3443                     1.2571247969021          -0.095760917383581       -0                       -0
3444                     1.2571247969021          -0.095760917383581       -0                       -0
3445                     1.2571247969021          -0.095760917383581       -0                       -0
3446                     1.2571247969021          -0.095760917383581       -0                       -0
3447                     1.2571247969021          -0.095760917383581       -0                       -0
3448                     1.2571247969021          -0.095760917383581       -0                       -0
3449                     1.2571247969021          -0.095760917383581       -0                       -0
3450                     1.2571247969021          -0.095760917383581       -0                       -0
3451                     1.2571247969021          -0.09576091738358        -0                       -0
3452                     1.2571247969021          -0.09576091738358        -0                       -0
3453                     1.2571247969021          -0.09576091738358        -0                       -0
3454                     1.2571247969021          -0.09576091738358        -0                       -0
3455                     1.2571247969021          -0.09576091738358        -0                       -0
3456                     1.2571247969021          -0.09576091738358        -0                       -0
3457                     1.2571247969021          -0.09576091738358        -0                       -0
3458                     1.2571247969021          -0.09576091738358        -0                       -0
3459                     1.2571247969021          -0.095760917383579       -0                       -0
3460                     1.2571247969021          -0.095760917383579       -0                       -0
3461                     1.2571247969021          -0.095760917383579       -0                       -0
3462                     1.2571247969021          -0.095760917383579       -0                       -0
3463                     1.2571247969021          -0.095760917383579       -0                       -0
3464                     1.2571247969021          -0.095760917383579       -0                       -0
3465                     1.2571247969021          -0.095760917383579       -0                       -0
3466                     1.2571247969021          -0.095760917383578       -0                       -0
3467                     1.2571247969021          -0.095760917383578       -0                       -0
3468                     1.2571247969021          -0.095760917383578       -0                       -0
3469                     1.2571247969021          -0.095760917383578       -0                       -0
3470                     1.2571247969021          -0.095760917383578       -0                       -0
3471                     1.2571247969021          -0.095760917383578       -0                       -0
3472                     1.2571247969021          -0.095760917383578       -0                       -0
3473                     1.2571247969021          -0.095760917383578       -0                       -0
3474                     1.2571247969021          -0.095760917383578       -0                       -0
3475                     1.2571247969021          -0.095760917383578       -0                       -0
3476                     1.2571247969021          -0.095760917383578       -0                       -0
3477                     1.2571247969021          -0.095760917383578       -0                       -0
3478                     1.2571247969021          -0.095760917383579       -0                       -0
3479                     1.2571247969021          -0.095760917383579       -0                       -0
3480                     1.2571247969021          -0.095760917383579       -0                       -0
3481                     1.2571247969021          -0.095760917383579       -0                       -0
3482                     1.2571247969021          -0.095760917383579       -0                       -0
3483                     1.2571247969021          -0.095760917383579       -0                       -0
3484                     1.2571247969021          -0.095760917383579       -0                       -0
3485                     1.2571247969021          -0.095760917383579       -0                       -0
3486                     1.2571247969021          -0.095760917383579       -0                       -0
3487                     1.2571247969021          -0.095760917383579       -0                       -0
3488                     1.2571247969021          -0.095760917383579       -0                       -0
3489                     1.2571247969021          -0.095760917383579       -0                       -0
3490                     1.2571247969021          -0.095760917383579       -0                       -0
3491                     1.2571247969021          -0.095760917383579       -0                       -0
3492                     1.2571247969021          -0.095760917383579       -0                       -0
3493                     1.2571247969021          -0.095760917383578       -0                       -0
3494                     1.2571247969021          -0.095760917383578       -0                       -0
3495                     1.2571247969021          -0.095760917383578       -0                       -0
3496                     1.2571247969021          -0.095760917383578       -0                       -0
3497                     1.2571247969021          -0.095760917383577       -0                       -0
3498                     1.2571247969021          -0.095760917383577       -0                       -0
3499                     1.2571247969021          -0.095760917383577       -0                       -0
3500                     1.2571247969021          -0.095760917383577       -0                       -0
3501                     1.2571247969021          -0.095760917383577       -0                       -0
3502                     1.2571247969021          -0.095760917383577       -0                       -0
3503                     1.2571247969021          -0.095760917383577       -0                       -0
3504                     1.2571247969021          -0.095760917383577       -0                       -0
3505                     1.2571247969021          -0.095760917383577       -0                       -0
3506                     1.2571247969021          -0.095760917383577       -0                       -0
3507                     1.2571247969021          -0.095760917383578       -0                       -0
3508                     1.2571247969021          -0.095760917383578       -0                       -0
3509                     1.2571247969021          -0.095760917383578       -0                       -0
3510                     1.2571247969021          -0.095760917383577       -0                       -0
3511                     1.2571247969021          -0.095760917383577       -0                       -0
3512                     1.2571247969021          -0.095760917383577       -0                       -0
3513                     1.2571247969021          -0.095760917383577       -0                       -0
3514                     1.2571247969021          -0.095760917383576       -0                       -0
3515                     1.2571247969021          -0.095760917383576       -0                       -0
3516                     1.2571247969021          -0.095760917383576       -0                       -0
3517                     1.2571247969021          -0.095760917383576       -0                       -0
3518                     1.2571247969021          -0.095760917383575       -0                       -0
3519                     1.2571247969021          -0.095760917383575       -0                       -0
3520                     1.2571247969021          -0.095760917383575       -0                       -0
3521                     1.2571247969021          -0.095760917383575       -0                       -0
3522                     1.2571247969021          -0.095760917383575       -0                       -0
3523                     1.2571247969021          -0.095760917383575       -0                       -0
3524                     1.2571247969021          -0.095760917383575       -0                       -0
3525                     1.2571247969021          -0.095760917383575       -0                       -0
3526                     1.2571247969021          -0.095760917383575       -0                       -0
3527                     1.2571247969021          -0.095760917383576       -0                       -0
3528                     1.2571247969021          -0.095760917383576       -0                       -0
3529                     1.2571247969021          -0.095760917383576       -0                       -0
3530                     1.2571247969021          -0.095760917383577       -0                       -0
3531                     1.2571247969021          -0.095760917383577       -0                       -0
3532                     1.2571247969021          -0.095760917383577       -0                       -0
3533                     1.2571247969021          -0.095760917383577       -0                       -0
3534                     1.2571247969021          -0.095760917383578       -0                       -0
3535                     1.2571247969021          -0.095760917383578       -0                       -0
3536                     1.2571247969021          -0.095760917383578       -0                       -0
3537                     1.2571247969021          -0.095760917383578       -0                       -0
3538                     1.2571247969021          -0.095760917383578       -0                       -0
3539                     1.2571247969021          -0.095760917383578       -0                       -0
3540                     1.2571247969021          -0.095760917383578       -0                       -0
3541                     1.2571247969021          -0.095760917383578       -0                       -0
3542                     1.2571247969021          -0.095760917383578       -0                       -0
3543                     1.2571247969021          -0.095760917383578       -0                       -0
3544                     1.2571247969021          -0.095760917383579       -0                       -0
3545                     1.2571247969021          -0.095760917383579       -0                       -0
3546                     1.2571247969021          -0.095760917383579       -0                       -0
3547                     1.2571247969021          -0.09576091738358        -0                       -0
3548                     1.2571247969021          -0.09576091738358        -0                       -0
3549                     1.2571247969021          -0.095760917383581       -0                       -0
3550                     1.2571247969021          -0.095760917383581       -0                       -0
3551                     1.2571247969021          -0.095760917383582       -0                       -0
3552                     1.2571247969021          -0.095760917383583       -0                       -0
3553                     1.2571247969021          -0.095760917383584       -0                       -0
3554                     1.2571247969021          -0.095760917383585       -0                       -0
3555                     1.2571247969021          -0.095760917383586       -0                       -0
3556                     1.2571247969021          -0.095760917383588       -0                       -0
3557                     1.2571247969021          -0.09576091738359        -0                       -0
3558                     1.2571247969021          -0.095760917383592       -0                       -0
3559                     1.2571247969021          -0.095760917383594       -0                       -0
3560                     1.2571247969021          -0.095760917383597       -0                       -0
3561                     1.2571247969021          -0.095760917383601       -0                       -0
3562                     1.2571247969021          -0.095760917383605       -0                       -0
3563                     1.2571247969021          -0.09576091738361        -0                       -0
3564                     1.2571247969021          -0.095760917383615       -0                       -0
3565                     1.2571247969021          -0.095760917383622       -0                       -0
3566                     1.2571247969021          -0.09576091738363        -0                       -0
3567                     1.2571247969021          -0.095760917383639       -0                       -0
3568                     1.2571247969021          -0.09576091738365        -0                       -0
3569                     1.2571247969021          -0.095760917383662       -0                       -0
3570                     1.257124796902           -0.095760917383678       -0                       -0
3571                     1.257124796902           -0.095760917383695       -0                       -0
3572                     1.257124796902           -0.095760917383716       -0                       -0
3573                     1.257124796902           -0.09576091738374        -0                       -0
3574                     1.2571247969019          -0.095760917383769       -0                       -0
3575                     1.2571247969019          -0.095760917383803       -0                       -0
3576                     1.2571247969019          -0.095760917383842       -0                       -0
3577                     1.2571247969018          -0.095760917383889       -0                       -0
3578                     1.2571247969018          -0.095760917383944       -0                       -0
3579                     1.2571247969017          -0.095760917384008       -0                       -0
3580                     1.2571247969016          -0.095760917384084       -0                       -0
3581                     1.2571247969015          -0.095760917384173       -0                       -0
3582                     1.2571247969014          -0.095760917384278       -0                       -0
3583                     1.2571247969013          -0.095760917384402       -0                       -0
3584                     1.2571247969012          -0.095760917384547       -0                       -0
3585                     1.257124796901           -0.095760917384717       -0                       -0
3586                     1.2571247969008          -0.095760917384918       -0                       -0
3587                     1.2571247969006          -0.095760917385155       -0                       -0
3588                     1.2571247969003          -0.095760917385432       -0                       -0
3589                     1.2571247969             -0.095760917385759       -0                       -0
3590                     1.2571247968996          -0.095760917386143       -0                       -0
3591                     1.2571247968991          -0.095760917386595       -0                       -0
3592                     1.2571247968986          -0.095760917387127       -0                       -0
3593                     1.257124796898           -0.095760917387753       -0                       -0
3594                     1.2571247968972          -0.095760917388489       -0                       -0
3595                     1.2571247968964          -0.095760917389354       -0                       -0
3596                     1.2571247968953          -0.095760917390373       -0                       -0
3597                     1.2571247968941          -0.095760917391571       -0                       -0
3598                     1.2571247968927          -0.095760917392979       -0                       -0
3599                     1.2571247968911          -0.095760917394637       -0                       -0
3600                     1.2571247968891          -0.095760917396586       -0                       -0
3601                     1.2571247968868          -0.095760917398879       -0                       -0
3602                     1.2571247968841          -0.095760917401576       -0                       -0
3603                     1.257124796881           -0.095760917404749       -0                       -0
3604                     1.2571247968772          -0.095760917408481       -0                       -0
3605                     1.2571247968728          -0.095760917412871       -0                       -0
3606                     1.2571247968677          -0.095760917418035       -0                       -0
3607                     1.2571247968616          -0.095760917424109       -0                       -0
3608                     1.2571247968545          -0.095760917431253       -0                       -0
3609                     1.2571247968461          -0.095760917439657       -0                       -0
3610                     1.2571247968362          -0.095760917449543       -0                       -0
3611                     1.2571247968245          -0.095760917461171       -0                       -0
3612                     1.2571247968109          -0.095760917474849       -0                       -0
3613                     1.2571247967948          -0.095760917490938       -0                       -0
3614                     1.2571247967759          -0.095760917509862       -0                       -0
3615                     1.2571247967536          -0.095760917532123       -0                       -0
3616                     1.2571247967274          -0.095760917558308       -0                       -0
3617                     1.2571247966966          -0.095760917589108       -0                       -0
3618                     1.2571247966604          -0.095760917625338       -0                       -0
3619                     1.2571247966178          -0.095760917667954       -0                       -0
3620                     1.2571247965676          -0.095760917718082       -0                       -0
3621                     1.2571247965087          -0.095760917777046       -0                       -0
3622                     1.2571247964393          -0.095760917846404       -0                       -0
3623                     1.2571247963577          -0.095760917927987       -0                       -0
3624                     1.2571247962618          -0.095760918023952       -0                       -0
3625                     1.2571247961489          -0.095760918136833       -0                       -0
3626                     1.2571247960161          -0.095760918269612       -0                       -0
3627                     1.2571247958599          -0.095760918425796       -0                       -0
3628                     1.2571247956762          -0.095760918609512       -0                       -0
3629                     1.2571247954601          -0.095760918825611       -0                       -0
3630                     1.2571247952059          -0.095760919079803       -0                       -0
3631                     1.2571247949069          -0.095760919378802       -0                       -0
3632                     1.2571247945552          -0.095760919730507       -0                       -0
3633                     1.2571247941415          -0.095760920144208       -0                       -0
3634                     1.2571247936549          -0.095760920630833       -0                       -0
3635                     1.2571247930825          -0.095760921203238       -0                       -0
3636                     1.2571247924092          -0.095760921876542       -0                       -0
3637                     1.2571247916172          -0.095760922668531       -0                       -0
3638                     1.2571247906856          -0.095760923600127       -0                       -0
3639                     1.2571247895898          -0.095760924695938       -0                       -0
3640                     1.2571247883008          -0.095760925984911       -0                       -0
3641                     1.2571247867846          -0.095760927501096       -0                       -0
3642                     1.2571247850012          -0.095760929284544       -0                       -0
3643                     1.2571247829033          -0.095760931382365       -0                       -0
3644                     1.2571247804357          -0.095760933849976       -0                       -0
3645                     1.2571247775332          -0.095760936752561       -0                       -0
3646                     1.2571247741189          -0.095760940166793       -0                       -0
3647                     1.2571247701029          -0.095760944182864       -0                       -0
3648                     1.2571247653789          -0.095760948906859       -0                       -0
3649                     1.2571247598221          -0.095760954463568       -0                       -0
3650                     1.2571247532859          -0.095760960999776       -0                       -0
3651                     1.2571247455976          -0.095760968688141       -0                       -0
3652                     1.257124736554           -0.095760977731758       -0                       -0
3653                     1.2571247259162          -0.095760988369521       -0                       -0
3654                     1.2571247134033          -0.095761000882435       -0                       -0
3655                     1.2571246986847          -0.095761015601038       -0                       -0
3656                     1.2571246813716          -0.095761032914134       -0                       -0
3657                     1.2571246610067          -0.095761053279059       -0                       -0
3658                     1.2571246370519          -0.095761077233769       -0                       -0
3659                     1.2571246088747          -0.095761105411044       -0                       -0
3660                     1.2571245757305          -0.095761138555204       -0                       -0
3661                     1.2571245367439          -0.095761177541775       -0                       -0
3662                     1.2571244908851          -0.095761223400609       -0                       -0
3663                     1.2571244369426          -0.095761277343094       -0                       -0
3664                     1.2571243734916          -0.095761340794147       -0                       -0
3665                     1.2571242988559          -0.095761415429857       -0                       -0
3666                     1.257124211064           -0.095761503221754       -0                       -0
3667                     1.2571241077968          -0.095761606488888       -0                       -0
3668                     1.2571239863266          -0.095761727959079       -0                       -0
3669                     1.2571238434447          -0.095761870840975       -0                       -0
3670                     1.2571236753769          -0.095762038908793       -0                       -0
3671                     1.2571234776837          -0.095762236602013       -0                       -0
3672                     1.2571232451431          -0.095762469142624       -0                       -0
3673                     1.2571229716127          -0.095762742673048       -0                       -0
3674                     1.2571226498674          -0.095763064418356       -0                       -0
3675                     1.2571222714086          -0.09576344287708        -0                       -0
3676                     1.2571218262401          -0.095763888045638       -0                       -0
3677                     1.2571213026034          -0.095764411682303       -0                       -0
3678                     1.257120686668           -0.095765027617678       -0                       -0
3679                     1.2571199621659          -0.095765752119863       -0                       -0
3680                     1.2571191099618          -0.095766604323939       -0                       -0
3681                     1.2571181075486          -0.09576760673709        -0                       -0
3682                     1.257116928453           -0.095768785832675       -0                       -0
3683                     1.2571155415368          -0.095770172748876       -0                       -0
3684                     1.2571139101754          -0.095771804110326       -0                       -0
3685                     1.2571119912914          -0.095773722994314       -0                       -0
3686                     1.2571097342188          -0.095775980066948       -0                       -0
3687                     1.2571070793666          -0.09577863491912        -0                       -0
3688                     1.2571039566484          -0.095781757637293       -0                       -0
3689                     1.2571002836355          -0.095785430650251       -0                       -0
3690                     1.2570959633856          -0.095789750900096       -0                       -0
3691                     1.2570908818915          -0.095794832394179       -0                       -0
3692                     1.2570849050813          -0.095800809204404       -0                       -0
3693                     1.2570778752939          -0.095807838991859       -0                       -0
3694                     1.2570696071377          -0.095816107148058       -0                       -0
3695                     1.257059882626           -0.09582583165971        -0                       -0
3696                     1.2570484454636          -0.095837268822079       -0                       -0
3697                     1.2570349943386          -0.0958507199471         -0                       -0
3698                     1.2570191750488          -0.095866539236892       -0                       -0
3699                     1.2570005712641          -0.095885143021581       -0                       -0
3700                     1.2569786936928          -0.095907020592952       -0                       -0
3701                     1.2569529673829          -0.095932746902841       -0                       -0
3702                     1.2569227168478          -0.095962997437898       -0                       -0
3703                     1.2568871486549          -0.095998565630842       -0                       -0
3704                     1.2568453310628          -0.096040383222964       -0                       -0
3705                     1.2567961702321          -0.096089544053574       -0                       -0
3706                     1.2567383824664          -0.096147331819355       -0                       -0
3707                     1.2566704618662          -0.096215252419519       -0                       -0
3708                     1.2565906427055          -0.096295071580247       -0                       -0
3709                     1.2564968557538          -0.096388858531914       -0                       -0
3710                     1.256386677694           -0.09649903659172        -0                       -0
3711                     1.2562572727085          -0.096628441577259       -0                       -0
3712                     1.2561053252501          -0.096780389035577       -0                       -0
3713                     1.2559269629793          -0.096958751306401       -0                       -0
3714                     1.2557176688535          -0.097168045432233       -0                       -0
3715                     1.2554721814242          -0.097413532861467       -0                       -0
3716                     1.2551843825491          -0.09770133173663        -0                       -0
3717                     1.2548471720017          -0.098038542284062       -0                       -0
3718                     1.2544523289041          -0.098433385381596       -0                       -0
3719                     1.2539903605583          -0.098895353727389       -0                       -0
3720                     1.2534503401749          -0.099435374110839       -0                       -0
3721                     1.2528197362459          -0.1000659780398         -0                       -0
3722                     1.252084237926           -0.10080147635971        -0                       -0
3723                     1.2512275828002          -0.10165813148548        -0                       -0
3724                     1.2502313958098          -0.10265431847593        -0                       -0
3725                     1.249075050779           -0.10381066350671        -0                       -0
3726                     1.247735568744           -0.10515014554173        -0                       -0
3727                     1.2461875697786          -0.10669814450709        -0                       -0
3728                     1.2444032967431          -0.10848241754257        -0                       -0
3729                     1.2423527296781          -0.11053298460759        -0                       -0
3730                     1.2400038076719          -0.11288190661379        -0                       -0
3731                     1.2373227702139          -0.11556294407186        -0                       -0
3732                     1.2342746218364          -0.11861109244933        -0                       -0
3733                     1.2308237123079          -0.12206200197781        -0                       -0
3734                     1.2269344106299          -0.1259513036558         -0                       -0
3735                     1.2225718364383          -0.1303138778474         -0                       -0
3736                     1.2177025997617          -0.13518311452398        -0                       -0
3737                     1.2122954924607          -0.14059022182505        -0                       -0
3738                     1.2063220746244          -0.14656363966127        -0                       -0
3739                     1.1997571079538          -0.15312860633194        -0                       -0
3740                     1.1925788049068          -0.16030690937887        -0                       -0
3741                     1.1847688842724          -0.16811683001327        -0                       -0
3742                     1.1763124465851          -0.17657326770058        -0                       -0
3743                     1.1671977019599          -0.18568801232585        -0                       -0
3744                     1.1574155951314          -0.19547011915433        -0                       -0
3745                     1.1469593763264          -0.2059263379593         -0                       -0
3746                     1.1358241627472          -0.21706155153855        -0                       -0
3747                     1.1240065261349          -0.22887918815081        -0                       -0
3748                     1.1115041299976          -0.24138158428808        -0                       -0
3749                     1.098315428305           -0.25457028598071        -0                       -0
3750                     1.0844394276657          -0.26844628662           -0                       -0
3751                     1.0698755081261          -0.28301020615966        -0                       -0
3752                     1.0546232938305          -0.29826242045519        -0                       -0
3753                     1.0386825633744          -0.3142031509113         -0                       -0
3754                     1.0220531900121          -0.3308325242736         -0                       -0
3755                     1.0047351032211          -0.34815061106465        -0                       -0
3756                     0.98672826485647         -0.36615744942925        -0                       -0
3757                     0.96803265485928         -0.38485305942644        -0                       -0
3758                     0.94864826297287         -0.40423745131284        -0                       -0
3759                     0.92857508409733         -0.42431063018839        -0                       -0
3760                     0.84314926054109         -0.20192193185259        -0                       -0
3761                     0.76582948252559         0.028572812023956        -0                       -0
3762.0374419527          0.75900695734074         0.021750286839107        -0                       0
3763.1137277578          0.75532046485503         0.018063794353392        -0                       0
3764.2303118051          0.75334598473402         0.016089314232379        -0                       -0
3765.3887029394          0.75230489451807         0.01504822401643         -0                       -0
3766.5904664997          0.75176679052963         0.014510120027994        -0                       -0
3767.8372264344          0.75149490443276         0.014238233931127        -0                       -0
3769.1306674955          0.75136086722053         0.014104196718894        -0                       -0
3770.4725375156          0.75129648531941         0.014039814817778        -0                       -0
3771.8646497695          0.75126639021885         0.014009719717216        -0                       -0
3773.3088854244          0.75125271383225         0.013996043330619        -0                       -0
3774.8071960824          0.75124667757329         0.013990007071649        -0                       -0
3776.3616064171          0.75124409244362         0.01398742194198         -0                       -0
3777.9742169099          0.75124301899893         0.013986348497293        -0                       -0
3779.6472066885          0.75124258670079         0.013985916199157        -0                       -0
3781.3828364711          0.75124241649202         0.013985745990383        -0                       -0
3783.1834516219          0.75124234658511         0.013985676083473        -0                       -0
3785.05148532            0.75124230363454         0.013985633132903        -0                       -0
3786.9894618473          0.75124223454018         0.013985564038546        -0                       -0
3789                     0.37660800708836         0.007011058265114        0                        0
3791                     0                        0                        0                        0
3793                     0                        0                        0                        0
3795                     0                        0                        0                        0
3797                     0                        0                        0                        0
3799                     0                        0                        0                        0
