x[nm]                    Hole_density[1e18_cm^-3]
-9                       0
-7                       0
-5                       0
-3                       0
-1                       0
1                        1.2180519015219e-24
2.998                    1.8964812678367e-24
4.996                    1.4756540281719e-24
6.9939999999999          1.1482087332818e-24
8.9919999999999          8.9342339719613e-25
10.99                    6.9517460744135e-25
12.988                   5.4091688482995e-25
14.986                   4.2088864617427e-25
16.984                   3.2749441831161e-25
18.982                   2.5482416269422e-25
20.98                    1.98279272102e-25
22.978                   1.5428156292155e-25
24.976                   1.2004684365619e-25
26.974                   9.3408729086959e-26
28.972                   7.2681550123887e-26
30.97                    5.6553683849598e-26
32.968                   4.40045534708e-26
34.966                   3.4240045828774e-26
36.964                   2.6642259632416e-26
38.962                   2.0730404449451e-26
40.96                    1.6130376124027e-26
42.958                   1.2551083339762e-26
44.956                   9.7660272639469e-27
46.954                   7.5989686260117e-27
48.952                   5.9127752379605e-27
50.949999999999          4.6007442240398e-27
52.947999999999          3.579849827403e-27
54.945999999999          2.7854895127209e-27
56.943999999999          2.1673958963559e-27
58.941999999999          1.6864558096843e-27
60.939999999999          1.3122352048375e-27
62.937999999999          1.02105327808e-27
64.935999999999          7.9448394071014e-28
66.933999999999          6.181898100688e-28
68.931999999999          4.8101493521853e-28
70.929999999999          3.7427884467647e-28
72.927999999999          2.9122724330528e-28
74.925999999999          2.2660459828154e-28
76.923999999999          1.7632156723922e-28
78.921999999999          1.3719622333111e-28
80.919999999999          1.0675270184494e-28
82.917999999999          8.3064526664778e-29
84.915999999999          6.4632702224866e-29
86.913999999999          5.0290856574031e-29
88.911999999999          3.9131432972588e-29
90.909999999999          3.0448259401469e-29
92.907999999999          2.3691861763115e-29
94.905999999999          1.8434692978721e-29
96.903999999999          1.434407766758e-29
98.901999999999          1.1161160338883e-29
100.9                    8.6845249305786e-30
102.898                  6.7574491343062e-30
104.896                  5.25798695585e-30
106.894                  4.0912519322614e-30
108.892                  3.1834126850787e-30
110.89                   2.4770208462619e-30
112.888                  1.927375706447e-30
114.886                  1.4996955392637e-30
116.884                  1.1669166021779e-30
118.882                  9.0798053390692e-31
120.88                   7.0650177434719e-31
122.878                  5.4973068090792e-31
124.876                  4.2774672690765e-31
126.874                  3.3283072736276e-31
128.872                  2.5897636640652e-31
130.87                   2.0151011563311e-31
132.868                  1.5679549167329e-31
134.866                  1.2200293832312e-31
136.864                  9.4930771290857e-32
138.862                  7.3865854886292e-32
140.86                   5.7475194227241e-32
142.858                  4.472158288216e-32
144.856                  3.4797968103918e-32
146.854                  2.7076380264804e-32
148.852                  2.1068194730649e-32
150.85                   1.6393211532249e-32
152.848                  1.2755596185475e-32
154.846                  9.9251591871925e-33
156.844                  7.7227895473273e-33
158.842                  6.0091205861233e-33
160.84                   4.6757107645213e-33
162.838                  3.6381814676754e-33
164.836                  2.8308774982775e-33
166.834                  2.2027123939408e-33
168.832                  1.7139356589513e-33
170.83                   1.3336173397423e-33
172.828                  1.0376907671958e-33
174.826                  8.0742960985457e-34
176.824                  6.2826286546972e-34
178.822                  4.888528031556e-34
180.82                   3.803775080267e-34
182.818                  2.9597262750392e-34
184.816                  2.302969928112e-34
186.814                  1.7919462804776e-34
188.812                  1.394317586574e-34
190.81                   1.084921771043e-34
192.808                  8.4418016427317e-35
194.806                  6.5685855770709e-35
196.804                  5.1110317808111e-35
198.802                  3.9769057673009e-35
200.8                    3.0944396670296e-35
202.798                  2.4077907330918e-35
204.796                  1.8735075936795e-35
206.794                  1.4577806348925e-35
208.792                  1.1343025171805e-35
210.79                   8.8260343818949e-36
212.788                  6.8675579689293e-36
214.786                  5.3436628972743e-36
216.784                  4.157916582415e-36
218.782                  3.2352846050862e-36
220.78                   2.517382508388e-36
222.778                  1.9587812100286e-36
224.776                  1.5241322349611e-36
226.774                  1.1859308521822e-36
228.772                  9.2277556625097e-37
230.77                   7.1801382357416e-37
232.768                  5.5868823330259e-37
234.766                  4.3471661935008e-37
236.764                  3.3825401695336e-37
238.762                  2.6319624070535e-37
240.76                   2.0479360968231e-37
242.758                  1.5935038606295e-37
244.756                  1.2399090761573e-37
246.754                  9.6477614841179e-38
248.752                  7.506945746611e-38
250.75                   5.8411720206121e-38
252.748                  4.5450295933978e-38
254.746                  3.5364981431755e-38
256.744                  2.7517574659692e-38
258.742                  2.1411489119907e-38
260.74                   1.6660329698441e-38
262.738                  1.2963441454554e-38
264.736                  1.0086884076573e-38
266.734                  7.848628061531e-39
268.732                  6.1070358279743e-39
270.73                   4.7518988429279e-39
272.728                  3.6974635894532e-39
274.726                  2.8770050557112e-39
276.724                  2.2386043541303e-39
278.722                  1.7418632770154e-39
280.72                   1.3553478845947e-39
282.718                  1.0545993549061e-39
284.716                  8.2058622144908e-40
286.714                  6.3850005568421e-40
288.712                  4.9681838477478e-40
290.71                   3.8657554569157e-40
292.708                  3.0079533508906e-40
294.706                  2.3404955284868e-40
296.704                  1.8211450377862e-40
298.702                  1.4170372078419e-40
300.7                    1.1025999614228e-40
302.698                  8.5793560550262e-41
304.696                  6.6756169865941e-41
306.694                  5.1943131705789e-41
308.692                  4.0417072112182e-41
310.69                   3.1448618219129e-41
312.688                  2.4470243295889e-41
314.686                  1.9040353467607e-41
316.684                  1.4815343508755e-41
318.682                  1.1527853390739e-41
320.68                   8.9698496507924e-42
322.678                  6.9794609656e-42
324.676                  5.4307348803815e-42
326.674                  4.2256674958647e-42
328.672                  3.2880017491029e-42
330.67                   2.5584018412909e-42
332.668                  1.9906984487788e-42
334.666                  1.5489671129891e-42
336.664                  1.2052549287882e-42
338.662                  9.3781167539777e-43
340.66                   7.2971345522451e-43
342.658                  5.6779174401922e-43
344.656                  4.4180008230388e-43
346.654                  3.4376567602414e-43
348.652                  2.6748487550317e-43
350.65                   2.0813060643647e-43
352.648                  1.6194691103236e-43
354.646                  1.2601126975973e-43
356.644                  9.8049663344858e-44
358.642                  7.6292672079012e-44
360.64                   5.9363506353757e-44
362.638                  4.6190882958759e-44
364.636                  3.5941233925695e-44
366.634                  2.7965958071312e-44
368.632                  2.1760377299881e-44
370.63                   1.6931800406257e-44
372.628                  1.3174673446443e-44
374.626                  1.0251244182884e-44
376.624                  7.9765170441862e-45
378.622                  6.2065465441177e-45
380.62                   4.8293283636092e-45
382.618                  3.7577116803651e-45
384.616                  2.923884235985e-45
386.614                  2.2750811538077e-45
388.612                  1.7702459600515e-45
390.61                   1.3774325165651e-45
392.608                  1.0717834586305e-45
394.60599999999          8.3395721269785e-46
396.60399999999          6.4890405520854e-46
398.60199999999          5.0491376110762e-46
400.59999999999          3.9287457692636e-46
402.59799999999          3.0569662600693e-46
404.59599999999          2.3786325876092e-46
406.59399999999          1.8508195725747e-46
408.59199999999          1.4401270326784e-46
410.58999999999          1.1205662080642e-46
412.58799999999          8.719151839822e-47
414.58599999999          6.7843924132958e-47
416.58399999999          5.2789515841863e-47
418.58199999999          4.1075645585551e-47
420.57999999999          3.1961055777135e-47
422.57799999999          2.4868972156788e-47
424.57599999999          1.9350605325672e-47
426.57399999999          1.505675120424e-47
428.57199999999          1.1715693282505e-47
430.56999999999          9.1160083093555e-48
432.56799999999          7.0931873592428e-48
434.56599999999          5.5192256529309e-48
436.56399999999          4.294522372693e-48
438.56199999999          3.3415778896024e-48
440.55999999999          2.6000895613632e-48
442.55799999999          2.0231357611461e-48
444.55599999999          1.5742066615131e-48
446.55399999999          1.2248938804524e-48
448.55199999999          9.5309278956272e-49
450.54999999999          7.4160372585171e-49
452.54799999999          5.7704359136896e-49
454.54599999999          4.4899896633824e-49
456.54399999999          3.4936714450729e-49
458.54199999999          2.7184339121449e-49
460.53999999999          2.1152197769258e-49
462.53799999999          1.645857449287e-49
464.53599999999          1.2806455257857e-49
466.53399999999          9.9647327502485e-50
468.53199999999          7.7535818292071e-50
470.52999999999          6.033080132602e-50
472.52799999999          4.6943537436192e-50
474.52599999999          3.6526876132725e-50
476.52399999999          2.8421647640613e-50
478.52199999999          2.2114950418206e-50
480.51999999999          1.7207694577877e-50
482.51799999999          1.3389347345846e-50
484.51599999999          1.041828244547e-50
486.51399999999          8.1064899064905e-51
488.51199999999          6.3076787318822e-51
490.50999999999          4.9080195551446e-51
492.50799999999          3.8189414803145e-51
494.50599999999          2.971527286353e-51
496.50399999999          2.3121523225891e-51
498.50199999999          1.7990911230755e-51
500.49999999999          1.3998770052939e-51
502.49799999999          1.0892475677388e-51
504.49599999999          8.4754607678971e-52
506.49399999999          6.5947758210086e-52
508.49199999999          5.1314104708139e-52
510.48999999999          3.992762473608e-52
512.48799999999          3.1067778072572e-52
514.48599999999          2.4173910688315e-52
516.48399999999          1.8809776373499e-52
518.48199999999          1.4635930933264e-52
520.47999999999          1.138825204669e-52
522.47799999999          8.8612255189162e-53
524.47599999999          6.8949402748699e-53
526.47399999999          5.3649691335062e-53
528.47199999999          4.1744950146095e-53
530.46999999999          3.2481843219126e-53
532.46799999999          2.5274198081911e-53
534.46599999999          1.9665912564578e-53
536.46399999999          1.5302092503359e-53
538.46199999999          1.1906593920442e-53
540.45999999999          9.2645485416579e-54
542.45799999999          7.2087668609724e-54
544.45599999999          5.6091583332084e-54
546.45399999999          4.3644992012901e-54
548.45199999999          3.3960270233924e-54
550.44999999999          2.6424565595526e-54
552.44799999999          2.0561016214021e-54
554.44599999999          1.5998574743829e-54
556.44399999999          1.2448528378639e-54
558.44199999999          9.6862290094654e-55
560.43999999999          7.5368774179603e-55
562.43799999999          5.8644619240219e-55
564.43599999999          4.5631515216561e-55
566.43399999999          3.5505988578931e-55
568.43199999999          2.7627292650361e-55
570.42999999999          2.1496860944792e-55
572.42799999999          1.6726757714845e-55
574.42599999999          1.301512924932e-55
576.42399999999          1.0127102470443e-55
578.42199999999          7.8799220877663e-56
580.41999999999          6.1313857829024e-56
582.41799999999          4.770845599748e-56
584.41599999999          3.7122061052012e-56
586.41399999999          2.8884762416587e-56
588.41199999999          2.2475301107168e-56
590.40999999999          1.7488084290691e-56
592.40799999999          1.360751923634e-56
594.40599999999          1.0588042503085e-56
596.40399999999          8.2385806038575e-57
598.40199999999          6.4104588120496e-57
600.39999999999          4.9879929756035e-57
602.39799999999          3.8811689855808e-57
604.39599999999          3.0199466535558e-57
606.39399999999          2.3498275453107e-57
608.39199999999          1.8284063018793e-57
610.38999999999          1.4226872143973e-57
612.38799999999          1.1069962447237e-57
614.38599999999          8.6135636380999e-58
616.38399999999          6.7022339869023e-58
618.38199999999          5.2150239207035e-58
620.37999999999          4.0578222942759e-58
622.37799999999          3.1574010056895e-58
624.37599999999          2.4567810977803e-58
626.37399999999          1.9116271108847e-58
628.37199999999          1.4874415202769e-58
630.37                   1.1573817213856e-58
632.368                  9.005614208943e-59
634.36599999999          7.007289451852e-59
636.364                  5.4523882905484e-59
638.362                  4.2425160649031e-59
640.36                   3.3011116600337e-59
642.358                  2.568602693614e-59
644.356                  1.998635755803e-59
646.354                  1.5551431501278e-59
648.352                  1.2100605177144e-59
650.35                   9.4155091536807e-60
652.348                  7.32622966581e-60
654.346                  5.7005564160289e-60
656.344                  4.435616263026e-60
658.342                  3.4513633752487e-60
660.34                   2.6855139041901e-60
662.338                  2.0896046418406e-60
664.336                  1.6259262528447e-60
666.334                  1.2651370152781e-60
668.332                  9.8440606677357e-61
670.33                   7.6596865999335e-61
672.328                  5.9600200353803e-61
674.326                  4.6375055113148e-61
676.324                  3.6084538709279e-61
678.322                  2.80774638582e-61
680.32                   2.1847140213151e-61
682.318                  1.6999310831762e-61
684.316                  1.3227203466241e-61
686.314                  1.0292117914007e-61
688.312                  8.0083209898574e-62
690.31                   6.2312932685421e-62
692.308                  4.8485838476946e-62
694.306                  3.7726944175146e-62
696.304                  2.9355423387622e-62
698.302                  2.2841523508129e-62
700.3                    1.7773042796325e-62
702.298                  1.3829246115197e-62
704.296                  1.0760568705447e-62
706.294                  8.3728236449128e-63
708.292                  6.5149136358689e-63
710.29                   5.0692695180095e-63
712.288                  3.9444104530779e-63
714.286                  3.069154987139e-63
716.284                  2.3881166646158e-63
718.282                  1.8581991550489e-63
720.28                   1.4458691030406e-63
722.278                  1.1250341264268e-63
724.276                  8.7539168169732e-64
726.274                  6.8114431232299e-64
728.272                  5.2999998047776e-64
730.27                   4.123942228166e-64
732.268                  3.2088490806966e-64
734.266                  2.4968129651192e-64
736.264                  1.9427760003702e-64
738.262                  1.5116785439452e-64
740.26                   1.1762406061165e-64
742.258                  9.1523556315514e-65
744.256                  7.1214692955511e-65
746.254                  5.5412318936387e-65
748.252                  4.3116454799941e-65
750.25                   3.3549014193927e-65
752.248                  2.6104566310167e-65
754.246                  2.0312024022609e-65
756.244                  1.5804833338082e-65
758.242                  1.2297777738272e-65
760.24                   9.5689295840639e-66
762.238                  7.4456064610606e-66
764.236                  5.7934437792621e-66
766.234                  4.50789213733e-66
768.232                  3.5076014018709e-66
770.23                   2.7292728440689e-66
772.228                  2.1236535751751e-66
774.226                  1.6524198074057e-66
776.224                  1.2857517119672e-66
778.222                  1.0004464104204e-66
780.22                   7.7844968885304e-67
782.218                  6.0571352124769e-67
784.216                  4.7130710574612e-67
786.214                  3.6672515988949e-67
788.212                  2.8534970352942e-67
790.21                   2.2203127085383e-67
792.208                  1.7276305048581e-67
794.206                  1.3442733313368e-67
796.204                  1.0459822191504e-67
798.202                  8.1388120799126e-68
800.2                    6.3328286905232e-68
802.198                  4.927588796711e-68
804.196                  3.834168352889e-68
806.194                  2.9833753514719e-68
808.192                  2.3213713297339e-68
810.19                   1.8062644540694e-68
812.188                  1.4054585908963e-68
814.186                  1.093590612534e-68
816.184                  8.5092541008971e-69
818.182                  6.6210704923527e-69
820.18                   5.1518704160081e-69
822.178                  4.008682404755e-69
824.176                  3.1191651428697e-69
826.174                  2.4270296836069e-69
828.172                  1.8884774660214e-69
830.17                   1.4694287275343e-69
832.168                  1.1433659252775e-69
834.166                  8.8965569720364e-70
836.164                  6.9224317610729e-70
838.162                  5.386360323138e-70
840.16                   4.1911395492295e-70
842.158                  3.2611354731799e-70
844.156                  2.5374971292446e-70
846.154                  1.9744324435089e-70
848.152                  1.5363104962963e-70
850.15                   1.1954067857778e-70
852.148                  9.3014881231919e-71
854.146                  7.2375096356504e-71
856.144                  5.6315231533244e-71
858.142                  4.3819013200638e-71
860.14                   3.4095676526592e-71
862.138                  2.6529925548142e-71
864.136                  2.064299703926e-71
866.134                  1.6062364215445e-71
868.132                  1.2498163115506e-71
870.13                   9.724849914162e-72
872.128                  7.5669284341177e-72
874.126                  5.8878446898884e-72
876.124                  4.5813457063958e-72
878.122                  3.5647557955386e-72
880.12                   2.7737448112869e-72
882.118                  2.1582573167478e-72
884.116                  1.6793450595532e-72
886.114                  1.306702313557e-72
888.112                  1.0167481224553e-72
890.11                   7.9113408906604e-73
892.108                  6.1558328268258e-73
894.106                  4.7898679017315e-73
896.104                  3.72700740281e-73
898.102                  2.899993165904e-73
900.1                    2.2564914563768e-73
902.098                  1.7557812730637e-73
904.096                  1.3661775098389e-73
906.094                  1.0630259116147e-73
908.092                  8.2714294491846e-74
910.09                   6.4360185754507e-74
912.088                  5.0078810873742e-74
914.086                  3.896643972026e-74
916.084                  3.0319877769533e-74
918.082                  2.3591967719527e-74
920.08                   1.8356965195533e-74
922.078                  1.428359750524e-74
924.076                  1.1114100593113e-74
926.074                  8.6479076456714e-75
928.072                  6.728957157148e-75
930.07                   5.2358173057784e-75
932.068                  4.0740017079484e-75
934.066                  3.1699902886025e-75
936.064                  2.4665769066056e-75
938.062                  1.9192493312602e-75
940.06                   1.4933724936973e-75
942.058                  1.1619967683685e-75
944.056                  9.041525919716e-76
946.054                  7.0352350274797e-76
948.052                  5.4741362965609e-76
950.05                   4.2594429381952e-76
952.048                  3.3142888295519e-76
954.046                  2.5788644067453e-76
956.044                  2.0066319048686e-76
958.042                  1.5613804450092e-76
960.04                   1.2149346142732e-76
962.038                  9.45371538519e-77
964.036                  7.3563362563191e-77
966.034                  5.7244919616328e-77
968.032                  4.4549270257939e-77
970.03                   3.4673140155879e-77
972.028                  2.6991714588052e-77
974.026                  2.1019115171667e-77
976.024                  1.6377675819555e-77
978.022                  1.2774078926403e-77
980.02                   9.9808523886957e-78
982.018                  7.8220797855012e-78
984.016                  6.1624720450447e-78
986.014                  4.8992332948534e-78
988.012                  3.9565134032531e-78
990.01                   3.2829023971621e-78
992.008                  2.8541083105126e-78
994.006                  2.6883737111864e-78
996.004                  2.9035238903104e-78
998.002                  3.9508592150172e-78
1000                     7.8794297805157e-78
1002                     1.6729471628957e-77
1004                     2.6591629370554e-77
1006                     3.5199416574374e-77
1008                     4.123820382907e-77
1010                     4.4356048395891e-77
1012                     4.4830013364527e-77
1014                     4.3234282247605e-77
1016                     4.0211131764349e-77
1018                     3.6343425681424e-77
1020                     3.2099808437018e-77
1022                     2.7823903835614e-77
1024                     2.3746310273992e-77
1026                     2.0005840769501e-77
1028                     1.6672293041567e-77
1030                     1.376691974484e-77
1032                     1.1279115856397e-77
1034                     9.1791278102051e-78
1036                     7.4272085970749e-78
1038                     5.9798729058526e-78
1040                     4.7939279921453e-78
1042                     3.8288799371909e-78
1044                     3.0482042593184e-78
1046                     2.4198573922113e-78
1048                     1.9163064219733e-78
1050                     1.5142737885378e-78
1052                     1.1943313995942e-78
1054                     9.404324816093e-79
1056                     7.3943647096277e-79
1058                     5.8065934416508e-79
1060                     4.55466404814e-79
1062                     3.5691458512137e-79
1064                     2.7944515899006e-79
1066                     2.1862419258277e-79
1068                     1.7092620161805e-79
1070                     1.3355572425843e-79
1072                     1.0430142858097e-79
1074                     8.1417667975042e-80
1076                     6.3528889202972e-80
1078                     4.9552867891328e-80
1080                     3.8639323281409e-80
1082                     3.0121007616023e-80
1084                     2.3474855146778e-80
1086                     1.8291203566681e-80
1088                     1.4249466395545e-80
1090                     1.1098942365064e-80
1092                     8.6437031368902e-81
1094                     6.7307104663503e-81
1096                     5.240484894982e-81
1098                     4.0797864582322e-81
1100                     3.1758793075312e-81
1102                     2.4720414116911e-81
1104                     1.9240517405101e-81
1106                     1.4974439931565e-81
1108                     1.1653608690881e-81
1110                     9.0687842809094e-82
1112                     7.0569814935859e-82
1114                     5.4912641284945e-82
1116                     4.2727852319431e-82
1118                     3.3245806408899e-82
1120                     2.5867309589573e-82
1122                     2.012591158781e-82
1124                     1.5658528407502e-82
1126                     1.2182556950498e-82
1128                     9.4780499760446e-83
1130                     7.3738345096272e-83
1132                     5.7367026873014e-83
1134                     4.4629959697053e-83
1136                     3.4720534451024e-83
1138                     2.7011117815198e-83
1140                     2.1013355004944e-83
1142                     1.6347272742019e-83
1144                     1.2717233066267e-83
1146                     9.8932199549762e-84
1148                     7.6962767709693e-84
1150                     5.9871743199586e-84
1152                     4.6575931562015e-84
1154                     3.6232625197625e-84
1156                     2.818621887632e-84
1158                     2.1926673456295e-84
1160                     1.7057198942574e-84
1162                     1.3269111077464e-84
1164                     1.0322269470218e-84
1166                     8.0298584689802e-85
1168                     6.2465468488184e-85
1170                     4.8592762937947e-85
1172                     3.7800951040289e-85
1174                     2.9405830816025e-85
1176                     2.2875143321296e-85
1178                     1.7794831365446e-85
1180                     1.3842790617287e-85
1182                     1.0768449503635e-85
1184                     8.3768836485973e-86
1186                     6.5164579579831e-86
1188                     5.0692130170065e-86
1190                     3.9433864002104e-86
1192                     3.0675948076091e-86
1194                     2.386308212486e-86
1196                     1.8563291038861e-86
1198                     1.4440536197694e-86
1200                     1.1233409324426e-86
1202                     8.7385580736442e-87
1204                     6.7977925346687e-87
1206                     5.2880551900822e-87
1208                     4.1136184075196e-87
1210                     3.2000147667274e-87
1212                     2.4893153860842e-87
1214                     1.9364568775101e-87
1216                     1.5063840437098e-87
1218                     1.171827151881e-87
1220                     9.1157285218714e-88
1222                     7.0911910820426e-88
1224                     5.5162885452147e-88
1226                     4.2911603734772e-88
1228                     3.3381242821539e-88
1230                     2.5967506284224e-88
1232                     2.0200307363006e-88
1234                     1.5713962047514e-88
1236                     1.2224002031154e-88
1238                     9.5091373222345e-89
1240                     7.3972248167191e-89
1242                     5.7543531417011e-89
1244                     4.476351671236e-89
1246                     3.4821853252041e-89
1248                     2.7088163336529e-89
1250                     2.1072071649561e-89
1252                     1.639211174069e-89
1254                     1.2751538149677e-89
1256                     9.9195104815758e-90
1258                     7.7164563622065e-90
1260                     6.0026851755536e-90
1262                     4.669530608262e-90
1264                     3.632460371589e-90
1266                     2.8257162049681e-90
1268                     2.1981442966632e-90
1270                     1.7099517384309e-90
1272                     1.3301833486582e-90
1274                     1.0347588752721e-90
1276                     8.0494612205592e-91
1278                     6.2617318287282e-91
1280                     4.8710447032742e-91
1282                     3.7892195198253e-91
1284                     2.9476601897779e-91
1286                     2.2930053381557e-91
1288                     1.7837447799331e-91
1290                     1.3875874533334e-91
1292                     1.0794139167696e-91
1294                     8.3968358193413e-92
1296                     6.531956893144e-92
1298                     5.0812546241411e-92
1300                     3.952743254085e-92
1302                     3.074866422386e-92
1304                     2.3919599389322e-92
1306                     1.8607222435003e-92
1308                     1.4474687515814e-92
1310                     1.1259959909037e-92
1312                     8.7592009838693e-93
1314                     6.813843253716e-93
1316                     5.3005359695502e-93
1318                     4.1233237271184e-93
1320                     3.2075621511439e-93
1322                     2.4951848637933e-93
1324                     1.9410216265758e-93
1326                     1.5099341973461e-93
1328                     1.1745882935786e-93
1330                     9.1372038712214e-94
1332                     7.1078943180531e-94
1334                     5.5292803297671e-94
1336                     4.3012655500827e-94
1338                     3.3459843285651e-94
1340                     2.6028644351946e-94
1342                     2.0247863117486e-94
1344                     1.575095326789e-94
1346                     1.2252775880699e-94
1348                     9.5315194087763e-95
1350                     7.4146351098613e-95
1352                     5.7678961195751e-95
1354                     4.4868864283695e-95
1356                     3.4903800976092e-95
1358                     2.7151909057976e-95
1360                     2.1121658526263e-95
1362                     1.6430684779611e-95
1364                     1.2781543740483e-95
1366                     9.9428515962725e-96
1368                     7.734613273028e-96
1370                     6.0168093533071e-96
1372                     4.6805177603545e-96
1374                     3.6410072545949e-96
1376                     2.8323648166145e-96
1378                     2.2033162510856e-96
1380                     1.7139750055527e-96
1382                     1.3333130539952e-96
1384                     1.0371934795964e-96
1386                     8.0684000722228e-97
1388                     6.2764644211485e-97
1390                     4.8825052398561e-97
1392                     3.7981347168746e-97
1394                     2.9545953601342e-97
1396                     2.2984002392892e-97
1398                     1.7879414999555e-97
1400                     1.3908521033957e-97
1402                     1.0819535055074e-97
1404                     8.4165914206186e-98
1406                     6.5473248878996e-98
1408                     5.0932094770185e-98
1410                     3.9620430054913e-98
1412                     3.0821007555625e-98
1414                     2.3975875714295e-98
1416                     1.8651000141046e-98
1418                     1.4508742471241e-98
1420                     1.1286451477391e-98
1422                     8.7798089464997e-99
1424                     6.8298743224514e-99
1426                     5.3130066433933e-99
1428                     4.1330247468747e-99
1430                     3.2151086390076e-99
1432                     2.5010553271999e-99
1434                     1.9455882995123e-99
1436                     1.5134866430312e-99
1438                     1.1773517651231e-99
1440                     9.1587011039774e-100
1442                     7.1246171617382e-100
1444                     5.5422891439585e-100
1446                     4.3113851955719e-100
1448                     3.3538564700942e-100
1450                     2.6089882280861e-100
1452                     2.0295500523015e-100
1454                     1.5788010733259e-100
1456                     1.2281603138135e-100
1458                     9.5539443309914e-101
1460                     7.4320796115167e-101
1462                     5.7814663178168e-101
1464                     4.4974427793068e-101
1466                     3.4985919559555e-101
1468                     2.7215789671839e-101
1470                     2.1171351697675e-101
1472                     1.6469341441538e-101
1474                     1.2811615025401e-101
1476                     9.9662442570467e-102
1478                     7.7528105858774e-102
1480                     6.0309651690502e-102
1482                     4.6915296675187e-102
1484                     3.6495734935033e-102
1486                     2.8390285532451e-102
1488                     2.2085000180126e-102
1490                     1.7180074937911e-102
1492                     1.3364499545617e-102
1494                     1.0396336963039e-102
1496                     8.0873826872558e-103
1498                     6.2912311290653e-103
1500                     4.8939923643881e-103
1502                     3.8070706307448e-103
1504                     2.9615466695338e-103
1506                     2.303807711104e-103
1508                     1.7921480098024e-103
1510                     1.3941243765955e-103
1512                     1.0844990295373e-103
1514                     8.4363932286974e-104
1516                     6.5627288518265e-104
1518                     5.1051923274615e-104
1520                     3.9713645480139e-104
1522                     3.0893520481849e-104
1524                     2.4032284022875e-104
1526                     1.8694880555794e-104
1528                     1.4542877350432e-104
1530                     1.1313005236835e-104
1532                     8.8004653002782e-105
1534                     6.8459430434297e-105
1536                     5.3255066129748e-105
1538                     4.1427485599748e-105
1540                     3.2226728607116e-105
1542                     2.5069395877672e-105
1544                     1.9501657066511e-105
1546                     1.5170474398169e-105
1548                     1.1801217336589e-105
1550                     9.1802488814862e-106
1552                     7.1413793274311e-106
1554                     5.5553285490019e-106
1556                     4.3215286392658e-106
1558                     3.3617471253532e-106
1560                     2.6151264235842e-106
1562                     2.0343249971874e-106
1564                     1.5825155360977e-106
1566                     1.2310498201877e-106
1568                     9.5764220016535e-107
1570                     7.4495651475572e-107
1572                     5.7950684376822e-107
1574                     4.5080239627739e-107
1576                     3.5068231320276e-107
1578                     2.727982056191e-107
1580                     2.1221161771567e-107
1582                     1.6508089043811e-107
1584                     1.2841757054204e-107
1586                     9.9896919505125e-108
1588                     7.771050709412e-108
1590                     6.0451542877842e-108
1592                     4.7025674814965e-108
1594                     3.6581598856345e-108
1596                     2.8457079673028e-108
1598                     2.2136959805882e-108
1600                     1.7220494691598e-108
1602                     1.3395942352702e-108
1604                     1.0420796541038e-108
1606                     8.1064099628613e-109
1608                     6.3060325789202e-109
1610                     4.9055065150492e-109
1612                     3.8160275685353e-109
1614                     2.9685143336744e-109
1616                     2.3092279054567e-109
1618                     1.7963644166594e-109
1620                     1.3974043487983e-109
1622                     1.0870505427176e-109
1624                     8.4562416271555e-110
1626                     6.5781690590423e-110
1628                     5.1172033720781e-110
1630                     3.9807080232117e-110
1632                     3.0966204025894e-110
1634                     2.4088825058e-110
1636                     1.8738864220973e-110
1638                     1.4577092550189e-110
1640                     1.1339621479378e-110
1642                     8.821170261119e-111
1644                     6.8620495770814e-111
1646                     5.3380359980899e-111
1648                     4.1524952563192e-111
1650                     3.2302548840629e-111
1652                     2.5128376968984e-111
1654                     1.9547538871577e-111
1656                     1.5206166176972e-111
1658                     1.1828982222731e-111
1660                     9.2018473823668e-112
1662                     7.1581809540273e-112
1664                     5.5683986534557e-112
1666                     4.3316959664448e-112
1668                     3.3696563616768e-112
1670                     2.6212790751261e-112
1672                     2.0391111890305e-112
1674                     1.5862387492762e-112
1676                     1.2339461347264e-112
1678                     9.5989526437297e-113
1680                     7.4670918994327e-113
1682                     5.8087026275578e-113
1684                     4.5186301006995e-113
1686                     3.515073726487e-113
1688                     2.7344002563018e-113
1690                     2.1271089443363e-113
1692                     1.6546928168188e-113
1694                     1.2871970315558e-113
1696                     1.0013195088724e-113
1698                     7.7893339923658e-114
1700                     6.0593770056765e-114
1702                     4.7136314546268e-114
1704                     3.6667666466357e-114
1706                     2.8524032435975e-114
1708                     2.2189042976048e-114
1710                     1.7261010684229e-114
1712                     1.3427460141707e-114
1714                     1.044531455096e-114
1716                     8.1254827837038e-115
1718                     6.3208695385152e-115
1720                     4.917048359213e-115
1722                     3.8250061111134e-115
1724                     2.9754988587456e-115
1726                     2.3146612639446e-115
1728                     1.8005911061527e-115
1730                     1.4006923570501e-115
1732                     1.0896083398665e-115
1734                     8.4761391966235e-116
1736                     6.5936477698726e-116
1738                     5.1292445917543e-116
1740                     3.9900751679454e-116
1742                     3.1039073423494e-116
1744                     2.4145512189722e-116
1746                     1.8782962873549e-116
1748                     1.4611398377073e-116
1750                     1.1366309258003e-116
1752                     8.8419317828524e-117
1754                     6.8782009130531e-117
1756                     5.3506009422662e-117
1758                     4.1622702366637e-117
1760                     3.2378594575669e-117
1762                     2.5187538301806e-117
1764                     1.95935651326e-117
1766                     1.5241974065589e-117
1768                     1.1856840720582e-117
1770                     9.2235215996598e-118
1772                     7.1750440294615e-118
1774                     5.5815188027206e-118
1776                     4.341904198526e-118
1778                     3.3775991564373e-118
1780                     2.6274593620868e-118
1782                     2.0439202255104e-118
1784                     1.5899809190253e-118
1786                     1.2368582393117e-118
1788                     9.6216153039701e-119
1790                     7.4847294354031e-119
1792                     5.8224301150826e-119
1794                     4.5293150810873e-119
1796                     3.5233911683262e-119
1798                     2.7408753122896e-119
1800                     2.1321502135766e-119
1802                     1.6586182210857e-119
1804                     1.2902539457525e-119
1806                     1.0037004216562e-119
1808                     7.8078809640482e-120
1810                     6.0738274337532e-120
1812                     4.7248924455167e-120
1814                     3.6755441689354e-120
1816                     2.8592467605734e-120
1818                     2.2242414917638e-120
1820                     1.7302648580898e-120
1822                     1.3459955734754e-120
1824                     1.0470685687376e-120
1826                     8.1453006689317e-121
1828                     6.3363577518228e-121
1830                     4.9291599000684e-121
1832                     3.8344833531351e-121
1834                     2.9829202050516e-121
1836                     2.3204774554287e-121
1838                     1.8051534789253e-121
1840                     1.4042748355307e-121
1842                     1.0924245554233e-121
1844                     8.4983053617732e-122
1846                     6.6111186470196e-122
1848                     5.1430357144001e-122
1850                     4.000979790679e-122
1852                     3.1125454165842e-122
1854                     2.4214075383201e-122
1856                     1.8837502023779e-122
1858                     1.4654884074956e-122
1860                     1.1401069596704e-122
1862                     8.8697929864287e-123
1864                     6.9005969797989e-123
1866                     5.3686591547787e-123
1868                     4.1768778723757e-123
1870                     3.24971585205e-123
1872                     2.5284110260611e-123
1874                     1.9672510120177e-123
1876                     1.5306749835434e-123
1878                     1.1910191815555e-123
1880                     9.2676311969667e-124
1882                     7.2116528467834e-124
1884                     5.612018286971e-124
1886                     4.3674096261789e-124
1888                     3.3990070340919e-124
1890                     2.6454925499756e-124
1892                     2.0591634541755e-124
1894                     1.6029087830985e-124
1896                     1.2478572954634e-124
1898                     9.7154777039059e-125
1900                     7.5650563567036e-125
1902                     5.8913568715883e-125
1904                     4.5886070123142e-125
1906                     3.5745133229912e-125
1908                     2.7850481507336e-125
1910                     2.170394255156e-125
1912                     1.6917899341815e-125
1914                     1.319074686629e-125
1916                     1.0287798438581e-125
1918                     8.0264315126607e-126
1920                     6.2645315620122e-126
1922                     4.8915016592512e-126
1924                     3.8212680317852e-126
1926                     2.9868383890025e-126
1928                     2.3360682385831e-126
1930                     1.8283669740437e-126
1932                     1.432135076805e-126
1934                     1.1227701101055e-126
1936                     8.8111522649871e-127
1938                     6.9225195064612e-127
1940                     5.4456081226034e-127
1942                     4.2899037324387e-127
1944                     3.3848839403021e-127
1946                     2.6755915371598e-127
1948                     2.119189277455e-127
1950                     1.6822784209959e-127
1952                     1.3388115809014e-127
1954                     1.0684680343303e-127
1956                     8.5538891665542e-128
1958                     6.8719248652559e-128
1960                     5.5420736156183e-128
1962                     4.4887540466243e-128
1964                     3.6528666210743e-128
1966                     2.9881709610696e-128
1968                     2.4584634451762e-128
1970                     2.0353779022687e-128
1972                     1.6966715197635e-128
1974                     1.4248886595718e-128
1976                     1.2063190693172e-128
1978                     1.0301854952774e-128
1980                     8.8801011903599e-129
1982                     7.7312046415088e-129
1984                     6.8026416232851e-129
1986                     6.0530878384697e-129
1988                     5.4500825562223e-129
1990                     4.9682154932404e-129
1992                     4.587725853994e-129
1994                     4.2934287495237e-129
1996                     4.0739047603522e-129
1998                     3.9209050870593e-129
2000                     1.2959779766556e-125
2002                     2.7870881700609e-125
2004                     2.9039359357245e-125
2006                     2.9493744014092e-125
2008                     2.9336185152838e-125
2010                     2.8680030788339e-125
2012                     2.7637449292893e-125
2014                     2.6311861365331e-125
2016                     2.4793934086057e-125
2018                     2.3160043751961e-125
2020                     2.1472338567226e-125
2022                     1.9779754436736e-125
2024                     1.8119527468003e-125
2026                     1.651889720353e-125
2028                     1.4996807004995e-125
2030                     1.3565488307686e-125
2032                     1.2231870490333e-125
2034                     1.099879419254e-125
2036                     9.8660283506039e-126
2038                     8.8311041659991e-126
2040                     7.8899857886837e-126
2042                     7.0375999519702e-126
2044                     6.268246727983e-126
2046                     5.5759120685879e-126
2048                     4.9545005740358e-126
2050                     4.3980044477385e-126
2052                     3.9006221274405e-126
2054                     3.4568377864916e-126
2056                     3.0614708505981e-126
2058                     2.7097029022232e-126
2060                     2.3970878436746e-126
2062                     2.119549941293e-126
2064                     1.8733733493842e-126
2066                     1.6551858833559e-126
2068                     1.461939147108e-126
2070                     1.2908865925691e-126
2072                     1.1395606748644e-126
2074                     1.0057499437868e-126
2076                     8.8747666311605e-127
2078                     7.8297535895717e-127
2080                     6.9067255436687e-127
2082                     6.0916784012792e-127
2084                     5.3721635254383e-127
2086                     4.7371267212581e-127
2088                     4.1767611690409e-127
2090                     3.682373767789e-127
2092                     3.2462641766313e-127
2094                     2.8616157369309e-127
2096                     2.5223974057972e-127
2098                     2.2232758177447e-127
2100                     1.9595366040615e-127
2102                     1.7270141305395e-127
2104                     1.5220288572508e-127
2106                     1.3413315741997e-127
2108                     1.1820538205272e-127
2110                     1.0416638499459e-127
2112                     9.1792755947545e-128
2114                     8.0887385113628e-128
2116                     7.1276394622818e-128
2118                     6.2806421871141e-128
2120                     5.5342215774838e-128
2122                     4.8764510958512e-128
2124                     4.2968148565919e-128
2126                     3.7860415724219e-128
2128                     3.3359578719948e-128
2130                     2.9393587678331e-128
2132                     2.5898932996727e-128
2134                     2.2819635989456e-128
2136                     2.010635817673e-128
2138                     1.7715615415151e-128
2140                     1.5609084641104e-128
2142                     1.3752992399949e-128
2144                     1.2117575580405e-128
2146                     1.0676605880773e-128
2148                     9.4069705162698e-129
2150                     8.2883025480903e-129
2152                     7.3026549867504e-129
2154                     6.4342135057917e-129
2156                     5.6690432068026e-129
2158                     4.9948654116339e-129
2160                     4.400860930654e-129
2162                     3.8774966738058e-129
2164                     3.4163728404204e-129
2166                     3.0100882498012e-129
2168                     2.6521216624502e-129
2170                     2.3367271958864e-129
2172                     2.0588421632436e-129
2174                     1.8140058606713e-129
2176                     1.598288004089e-129
2178                     1.4082256697967e-129
2180                     1.2407677291955e-129
2182                     1.0932258876163e-129
2184                     9.6323154280429e-130
2186                     8.486977716894e-130
2188                     7.4778583612506e-130
2190                     6.5887567060818e-130
2192                     5.8053987875674e-130
2194                     5.1152082151976e-130
2196                     4.5071042962959e-130
2198                     3.9713241646353e-130
2200                     3.4992660595799e-130
2202                     3.0833512412659e-130
2204                     2.7169023261657e-130
2206                     2.3940360907084e-130
2208                     2.1095690226917e-130
2210                     1.858934104702e-130
2212                     1.6381074939627e-130
2214                     1.4435439218023e-130
2216                     1.2721197758497e-130
2218                     1.1210829513477e-130
2220                     9.8800866660093e-131
2222                     8.7076053329422e-131
2224                     7.6745625675487e-131
2226                     6.7643741554252e-131
2228                     5.9624283522692e-131
2230                     5.2558512890778e-131
2232                     4.6333002785964e-131
2234                     4.0847817047547e-131
2236                     3.6014905714358e-131
2238                     3.1756691346194e-131
2240                     2.8004823483121e-131
2242                     2.4699081245707e-131
2244                     2.1786406457721e-131
2246                     1.9220051768129e-131
2248                     1.695883009548e-131
2250                     1.496645334443e-131
2252                     1.3210949777423e-131
2254                     1.1664150687273e-131
2256                     1.0301238129084e-131
2258                     9.1003464502062e-132
2260                     8.0422112206725e-132
2262                     7.1098599276382e-132
2264                     6.2883394678568e-132
2266                     5.5644760630813e-132
2268                     4.9266637438911e-132
2270                     4.3646780061672e-132
2272                     3.8695116487016e-132
2274                     3.4332301566312e-132
2276                     3.0488443093742e-132
2278                     2.710197968461e-132
2280                     2.411869244617e-132
2282                     2.1490834585805e-132
2284                     1.9176364998967e-132
2286                     1.7138273554036e-132
2288                     1.5343987270401e-132
2290                     1.3764847893783e-132
2292                     1.2375652530867e-132
2294                     1.1154250033067e-132
2296                     1.0081186734289e-132
2298                     9.1393959663045e-133
2300                     8.3139265127296e-133
2302                     7.5917058334126e-133
2304                     6.961334509708e-133
2306                     6.4129089426172e-133
2308                     5.9378698964811e-133
2310                     5.5288750393385e-133
2312                     5.1796942094186e-133
2314                     4.8851267632406e-133
2316                     4.6409410702398e-133
2318                     4.4438370593622e-133
2320                     4.2914337595341e-133
2322                     4.1822850979936e-133
2324                     4.1159289542594e-133
2326                     4.0929767919036e-133
2328                     4.1152543621829e-133
2330                     4.1860083647002e-133
2332                     4.3102001035506e-133
2334                     4.4949158919228e-133
2336                     4.7499364196734e-133
2338                     5.0885252802967e-133
2340                     5.5285230294685e-133
2342                     6.0938715796958e-133
2344                     6.8167506493473e-133
2346                     7.7405929959189e-133
2348                     8.9243732548927e-133
2350                     1.0448759919975e-132
2352                     1.2425018658088e-132
2354                     1.5008017442197e-132
2356                     1.8415406239652e-132
2358                     2.29561831236e-132
2360                     2.9073672666118e-132
2362                     3.7410859547613e-132
2364                     4.8910758179056e-132
2366                     6.4972272510832e-132
2368                     8.7694885648236e-132
2370                     1.2026710231149e-131
2372                     1.6759010473944e-131
2374                     2.3729060333412e-131
2376                     3.4138501621769e-131
2378                     4.9904627916705e-131
2380                     7.4125917523205e-131
2382                     1.1187486108399e-130
2384                     1.7156483169907e-130
2386                     2.6733600850237e-130
2388                     4.2327258429265e-130
2390                     6.8095175416844e-130
2392                     1.1131305138718e-129
2394                     1.8488828145542e-129
2396                     3.1203710617307e-129
2398                     5.3510210448741e-129
2400                     9.3239651056754e-129
2402                     1.6508141548883e-128
2404                     2.9698142930146e-128
2406                     5.4286765544266e-128
2408                     1.0083056604336e-127
2410                     1.902935239078e-127
2412                     3.6491303481908e-127
2414                     7.1103063014561e-127
2416                     1.407734674068e-126
2418                     2.8319584084569e-126
2420                     5.7887727208505e-126
2422                     1.2023189476277e-125
2424                     2.5373854718163e-125
2426                     5.4411007981909e-125
2428                     1.1855521401359e-124
2430                     2.6247510078698e-124
2432                     5.9045815937415e-124
2434                     1.3496579291589e-123
2436                     3.1346702162619e-123
2438                     7.3976464135973e-123
2440                     1.7738988258738e-122
2442                     4.3221286330015e-122
2444                     1.0700402018705e-121
2446                     2.6917583327669e-121
2448                     6.8802719193894e-121
2450                     1.7869347887325e-120
2452                     4.7156913296256e-120
2454                     1.2644905885978e-119
2456                     3.4452393377802e-119
2458                     9.5379877056436e-119
2460                     2.6830433160848e-118
2462                     7.6688841102159e-118
2464                     2.227256476922e-117
2466                     6.5726703525231e-117
2468                     1.9708203434787e-116
2470                     6.004623573603e-116
2472                     1.8589088805871e-115
2474                     5.8474158734348e-115
2476                     1.8689747213738e-114
2478                     6.0698287363184e-114
2480                     2.0030095145484e-113
2482                     6.716192756721e-113
2484                     2.2882151500659e-112
2486                     7.9214398036074e-112
2488                     2.7864096194567e-111
2490                     9.9590831903185e-111
2492                     3.6168235715967e-110
2494                     1.3346544954473e-109
2496                     5.0043070360531e-109
2498                     1.9065693485221e-108
2500                     7.3806537315854e-108
2502                     2.9031576462446e-107
2504                     1.1603258644645e-106
2506                     4.7121910673945e-106
2508                     1.9444616189369e-105
2510                     8.1528494657386e-105
2512                     3.4733858994153e-104
2514                     1.5035927227359e-103
2516                     6.6136461967963e-103
2518                     2.9558695676296e-102
2520                     1.3423418772052e-101
2522                     6.1940481484818e-101
2524                     2.9041535819917e-100
2526                     1.3835604766836e-99
2528                     6.6974623335843e-99
2530                     3.2942456205577e-98
2532                     1.6463995532703e-97
2534                     8.3608044678412e-97
2536                     4.3141422298309e-96
2538                     2.2619052883921e-95
2540                     1.2050024722002e-94
2542                     6.5228144520113e-94
2544                     3.5876963312409e-93
2546                     2.0050716346018e-92
2548                     1.1386170287855e-91
2550                     3.2854373186014e-91
2552                     5.7011187895068e-94
2554                     3.3521877786952e-93
2556                     1.9732345885957e-92
2558                     1.1628166283137e-91
2560                     6.8600278754816e-91
2562                     4.0515635954008e-90
2564                     2.3955297726715e-89
2566                     1.4179555548939e-88
2568                     8.4024472887014e-88
2570                     4.984609121872e-87
2572                     2.9603192688308e-86
2574                     1.7600626582566e-85
2576                     1.0476104908161e-84
2578                     6.2424300067996e-84
2580                     3.7238283770436e-83
2582                     2.2238616497875e-82
2584                     1.3295602021881e-81
2586                     7.9577516452598e-81
2588                     4.7682046629898e-80
2590                     2.8602337574873e-79
2592                     1.717632705145e-78
2594                     1.0326216030385e-77
2596                     6.21490143036e-77
2598                     3.7446343466681e-76
2600                     2.2587424853365e-75
2602                     1.3639742071212e-74
2604                     8.2457037568508e-74
2606                     4.9903548795328e-73
2608                     3.0235507771507e-72
2610                     1.8339404734558e-71
2612                     1.1136156782392e-70
2614                     6.769671126106e-70
2616                     4.1198550669943e-69
2618                     2.5100272608832e-68
2620                     1.5309361256281e-67
2622                     9.347981346248e-67
2624                     5.7142697210248e-66
2626                     3.4969205670747e-65
2628                     2.142362371717e-64
2630                     1.3139602560957e-63
2632                     8.067772799258e-63
2634                     4.9591497456744e-62
2636                     3.0517075932379e-61
2638                     1.8800125443279e-60
2640                     1.1594731837717e-59
2642                     7.1588424270033e-59
2644                     4.4249363771745e-58
2646                     2.738125759309e-57
2648                     1.6962188457135e-56
2650                     1.0519437317213e-55
2652                     6.5310839921708e-55
2654                     4.0593842347228e-54
2656                     2.5259060048124e-53
2658                     1.5734623040512e-52
2660                     9.8124539859085e-52
2662                     6.1260573249042e-51
2664                     3.8288346585957e-50
2666                     2.3957103078471e-49
2668                     1.5006662774993e-48
2670                     9.4105732178186e-48
2672                     5.9078595975873e-47
2674                     3.7130122840665e-46
2676                     2.3361715961725e-45
2678                     1.4715168027877e-44
2680                     9.2791425073429e-44
2682                     5.8577737902106e-43
2684                     3.7020261427237e-42
2686                     2.3422243895145e-41
2688                     1.4835413288106e-40
2690                     9.4070387476188e-40
2692                     5.9715675469439e-39
2694                     3.7949486021655e-38
2696                     2.4143797521765e-37
2698                     1.5377558759138e-36
2700                     9.8050845489142e-36
2702                     6.2588915081536e-35
2704                     3.9996835977198e-34
2706                     2.5587978868139e-33
2708                     1.6388094613645e-32
2710                     1.0507588939617e-31
2712                     6.7446562416831e-31
2714                     4.3340977045919e-30
2716                     2.7881729417119e-29
2718                     1.7956548040968e-28
2720                     1.1577322419158e-27
2722                     7.4726654177324e-27
2724                     4.8286428017009e-26
2726                     3.1236096420626e-25
2728                     2.0228820591391e-24
2730                     1.3114945900731e-23
2732                     8.5122540571669e-23
2734                     5.5310143298331e-22
2736                     3.5978837181009e-21
2738                     2.3429962597538e-20
2740                     6.5653248951764e-16
2741.9548839583          9.2547890569851e-15
2743.8115212149          5.8554714842438e-14
2745.5748493593          3.379495914916e-13
2747.2495578322          1.7873352277953e-12
2748.8401003969          8.6995898996051e-12
2750.3507069837          3.9130364171956e-11
2751.7853949391          1.6328571720474e-10
2753.1479797095          6.3447690278746e-10
2754.4420849884          2.30383844292e-09
2755.671152353           7.8436279695237e-09
2756.8384504171          2.5118827528738e-08
2757.9470835235          7.5896140210989e-08
2759                     2.1698696554893e-07
2760                     2.9435359078835e-07
2761                     2.4988214874872e-10
2762                     6.9911583757553e-10
2763                     1.9045477284382e-09
2764                     5.0520005816443e-09
2765                     1.3048594475772e-08
2766                     3.281654745754e-08
2767                     8.0362021648818e-08
2768                     1.9161858629654e-07
2769                     4.4489059462659e-07
2770                     1.0057675898363e-06
2771                     2.2139656537312e-06
2772                     4.7454016384026e-06
2773                     9.903848255622e-06
2774                     2.0126302209422e-05
2775                     3.9824765202292e-05
2776                     7.6731218546025e-05
2777                     0.00014395322222547
2778                     0.00026296779379266
2779                     0.00046775476012365
2780                     0.00081016388841346
2781                     0.0013663885653928
2782                     0.0022440617170086
2783                     0.0035890097178223
2784                     0.0055901656613837
2785                     0.0084806931393651
2786                     0.012533206635575
2787                     0.018047314381064
2788                     0.025328708198095
2789                     0.034660664893895
2790                     0.046270832742373
2791                     0.060298029277254
2792                     0.076764826218353
2793                     0.09556141938521
2794                     0.11644453305625
2795                     0.13905226113819
2796                     0.16293259440293
2797                     0.18758083798791
2798                     0.21247986179113
2799                     0.2371373477997
2800                     0.26111561635594
2801                     0.28405164392819
2802                     0.30566690859066
2803                     0.32576826650528
2804                     0.34424197642548
2805                     0.36104327596575
2806                     0.37618373356155
2807                     0.38971815467012
2808                     0.40173228586103
2809                     0.41233205725696
2810                     0.42163469654776
2811                     0.4297617563101
2812                     0.43683391263511
2813                     0.44296729582903
2814                     0.44827107868636
2815                     0.45284605239843
2816                     0.4567839471452
2817                     0.46016729148145
2818                     0.46306964381341
2819                     0.46555606596849
2820                     0.46768374082885
2821                     0.46950266247088
2822                     0.47105634834896
2823                     0.47238253935244
2824                     0.47351386580241
2825                     0.4744784664083
2826                     0.47530055358227
2827                     0.47600092291691
2828                     0.47659740756797
2829                     0.47710528014267
2830                     0.47753760578291
2831                     0.47790555068201
2832                     0.47821865045613
2833                     0.4784850427335
2834                     0.47871166811556
2835                     0.47890444336826
2836                     0.47906841036294
2837                     0.47920786393369
2838                     0.47932646147095
2839                     0.47942731674166
2840                     0.47951308012078
2841                     0.47958600714061
2842                     0.47964801701445
2843                     0.47970074256888
2844                     0.47974557282261
2845                     0.47978368927837
2846                     0.47981609684368
2847                     0.47984365016713
2848                     0.47986707606321
2849                     0.47988699260237
2850                     0.47990392535874
2851                     0.47991832123649
2852                     0.47993056023374
2853                     0.47994096545077
2854                     0.47994981160331
2855                     0.47995733226379
2856                     0.47996372602007
2857                     0.47996916171317
2858                     0.47997378289143
2859                     0.4799777115982
2860                     0.47998105159264
2861                     0.47998389108839
2862                     0.47998630508219
2863                     0.4799883573338
2864                     0.47999010204948
2865                     0.47999158531322
2866                     0.4799928463037
2867                     0.4799939183289
2868                     0.47999482970569
2869                     0.47999560450775
2870                     0.47999626320131
2871                     0.47999682318571
2872                     0.479997299253
2873                     0.47999770397858
2874                     0.4799980480534
2875                     0.47999834056633
2876                     0.47999858924422
2877                     0.47999880065603
2878                     0.47999898038632
2879                     0.47999913318277
2880                     0.47999926308159
2881                     0.47999937351416
2882                     0.47999946739761
2883                     0.47999954721196
2884                     0.47999961506555
2885                     0.4799996727508
2886                     0.47999972179148
2887                     0.47999976348307
2888                     0.47999979892686
2889                     0.47999982905915
2890                     0.47999985467589
2891                     0.47999987645378
2892                     0.47999989496809
2893                     0.47999991070789
2894                     0.47999992408897
2895                     0.4799999354648
2896                     0.47999994513587
2897                     0.47999995335767
2898                     0.47999996034736
2899                     0.4799999662896
2900                     0.47999997134135
2901                     0.47999997563606
2902                     0.47999997928718
2903                     0.47999998239115
2904                     0.47999998502996
2905                     0.47999998727333
2906                     0.47999998918052
2907                     0.4799999908019
2908                     0.4799999921803
2909                     0.47999999335214
2910                     0.47999999434837
2911                     0.47999999519531
2912                     0.47999999591533
2913                     0.47999999652745
2914                     0.47999999704784
2915                     0.47999999749024
2916                     0.47999999786635
2917                     0.47999999818609
2918                     0.47999999845792
2919                     0.47999999868901
2920                     0.47999999888548
2921                     0.4799999990525
2922                     0.47999999919449
2923                     0.4799999993152
2924                     0.47999999941782
2925                     0.47999999950507
2926                     0.47999999957924
2927                     0.4799999996423
2928                     0.4799999996959
2929                     0.47999999974148
2930                     0.47999999978022
2931                     0.47999999981316
2932                     0.47999999984117
2933                     0.47999999986497
2934                     0.47999999988521
2935                     0.47999999990241
2936                     0.47999999991703
2937                     0.47999999992947
2938                     0.47999999994004
2939                     0.47999999994903
2940                     0.47999999995667
2941                     0.47999999996316
2942                     0.47999999996868
2943                     0.47999999997338
2944                     0.47999999997737
2945                     0.47999999998075
2946                     0.47999999998364
2947                     0.47999999998609
2948                     0.47999999998817
2949                     0.47999999998994
2950                     0.47999999999145
2951                     0.47999999999273
2952                     0.47999999999381
2953                     0.47999999999474
2954                     0.47999999999553
2955                     0.4799999999962
2956                     0.47999999999677
2957                     0.47999999999725
2958                     0.47999999999766
2959                     0.47999999999802
2960                     0.47999999999831
2961                     0.47999999999857
2962                     0.47999999999878
2963                     0.47999999999897
2964                     0.47999999999913
2965                     0.47999999999926
2966                     0.47999999999937
2967                     0.47999999999947
2968                     0.47999999999955
2969                     0.47999999999962
2970                     0.47999999999968
2971                     0.47999999999972
2972                     0.47999999999976
2973                     0.47999999999979
2974                     0.47999999999982
2975                     0.47999999999985
2976                     0.47999999999987
2977                     0.47999999999989
2978                     0.47999999999991
2979                     0.47999999999993
2980                     0.47999999999994
2981                     0.47999999999995
2982                     0.47999999999996
2983                     0.47999999999996
2984                     0.47999999999997
2985                     0.47999999999997
2986                     0.47999999999997
2987                     0.47999999999997
2988                     0.47999999999997
2989                     0.47999999999997
2990                     0.47999999999998
2991                     0.47999999999998
2992                     0.47999999999998
2993                     0.47999999999998
2994                     0.47999999999998
2995                     0.47999999999998
2996                     0.47999999999998
2997                     0.47999999999998
2998                     0.47999999999998
2999                     0.47999999999999
3000                     0.47999999999999
3001                     0.47999999999999
3002                     0.47999999999998
3003                     0.47999999999998
3004                     0.47999999999998
3005                     0.47999999999998
3006                     0.47999999999998
3007                     0.47999999999998
3008                     0.47999999999998
3009                     0.47999999999997
3010                     0.47999999999997
3011                     0.47999999999997
3012                     0.47999999999997
3013                     0.47999999999997
3014                     0.47999999999997
3015                     0.47999999999997
3016                     0.47999999999997
3017                     0.47999999999997
3018                     0.47999999999998
3019                     0.47999999999998
3020                     0.47999999999998
3021                     0.47999999999999
3022                     0.47999999999999
3023                     0.47999999999999
3024                     0.47999999999999
3025                     0.47999999999999
3026                     0.47999999999999
3027                     0.47999999999998
3028                     0.47999999999998
3029                     0.47999999999998
3030                     0.47999999999998
3031                     0.47999999999998
3032                     0.47999999999998
3033                     0.47999999999998
3034                     0.47999999999998
3035                     0.47999999999999
3036                     0.47999999999999
3037                     0.47999999999999
3038                     0.47999999999999
3039                     0.47999999999999
3040                     0.48
3041                     0.48
3042                     0.48
3043                     0.48
3044                     0.48000000000001
3045                     0.48000000000001
3046                     0.48000000000001
3047                     0.48000000000001
3048                     0.48000000000001
3049                     0.48000000000001
3050                     0.48000000000001
3051                     0.48000000000001
3052                     0.48000000000001
3053                     0.48000000000001
3054                     0.48000000000002
3055                     0.48000000000002
3056                     0.48000000000002
3057                     0.48000000000003
3058                     0.48000000000003
3059                     0.48000000000003
3060                     0.48000000000003
3061                     0.48000000000003
3062                     0.48000000000003
3063                     0.48000000000003
3064                     0.48000000000003
3065                     0.48000000000003
3066                     0.48000000000003
3067                     0.48000000000003
3068                     0.48000000000003
3069                     0.48000000000002
3070                     0.48000000000001
3071                     0.48000000000001
3072                     0.48
3073                     0.48
3074                     0.47999999999999
3075                     0.47999999999999
3076                     0.47999999999999
3077                     0.47999999999998
3078                     0.47999999999998
3079                     0.47999999999998
3080                     0.47999999999998
3081                     0.47999999999998
3082                     0.47999999999999
3083                     0.47999999999998
3084                     0.47999999999999
3085                     0.47999999999999
3086                     0.47999999999999
3087                     0.47999999999999
3088                     0.47999999999998
3089                     0.47999999999998
3090                     0.47999999999998
3091                     0.47999999999998
3092                     0.47999999999998
3093                     0.47999999999999
3094                     0.47999999999999
3095                     0.47999999999999
3096                     0.47999999999999
3097                     0.47999999999999
3098                     0.47999999999999
3099                     0.47999999999999
3100                     0.47999999999999
3101                     0.47999999999999
3102                     0.47999999999998
3103                     0.47999999999998
3104                     0.47999999999998
3105                     0.47999999999997
3106                     0.47999999999997
3107                     0.47999999999997
3108                     0.47999999999997
3109                     0.47999999999997
3110                     0.47999999999997
3111                     0.47999999999998
3112                     0.47999999999998
3113                     0.47999999999998
3114                     0.47999999999998
3115                     0.47999999999998
3116                     0.47999999999998
3117                     0.47999999999998
3118                     0.47999999999998
3119                     0.47999999999998
3120                     0.47999999999998
3121                     0.47999999999998
3122                     0.47999999999998
3123                     0.47999999999998
3124                     0.47999999999998
3125                     0.47999999999999
3126                     0.47999999999999
3127                     0.47999999999999
3128                     0.48
3129                     0.48
3130                     0.48000000000001
3131                     0.48000000000001
3132                     0.48000000000002
3133                     0.48000000000002
3134                     0.48000000000003
3135                     0.48000000000003
3136                     0.48000000000003
3137                     0.48000000000003
3138                     0.48000000000003
3139                     0.48000000000003
3140                     0.48000000000003
3141                     0.48000000000002
3142                     0.48000000000002
3143                     0.48000000000002
3144                     0.48000000000001
3145                     0.48000000000001
3146                     0.48000000000001
3147                     0.48
3148                     0.48
3149                     0.47999999999999
3150                     0.47999999999999
3151                     0.47999999999998
3152                     0.47999999999998
3153                     0.47999999999998
3154                     0.47999999999998
3155                     0.47999999999997
3156                     0.47999999999997
3157                     0.47999999999998
3158                     0.47999999999998
3159                     0.47999999999998
3160                     0.47999999999998
3161                     0.47999999999998
3162                     0.47999999999999
3163                     0.47999999999999
3164                     0.47999999999999
3165                     0.48
3166                     0.48000000000001
3167                     0.48000000000001
3168                     0.48000000000001
3169                     0.48000000000002
3170                     0.48000000000002
3171                     0.48000000000002
3172                     0.48000000000002
3173                     0.48000000000002
3174                     0.48000000000002
3175                     0.48000000000002
3176                     0.48000000000002
3177                     0.48000000000001
3178                     0.48000000000001
3179                     0.48000000000001
3180                     0.48000000000001
3181                     0.48000000000001
3182                     0.48000000000001
3183                     0.48
3184                     0.48
3185                     0.47999999999999
3186                     0.47999999999999
3187                     0.47999999999999
3188                     0.47999999999998
3189                     0.47999999999998
3190                     0.47999999999998
3191                     0.47999999999997
3192                     0.47999999999997
3193                     0.47999999999997
3194                     0.47999999999997
3195                     0.47999999999997
3196                     0.47999999999997
3197                     0.47999999999997
3198                     0.47999999999997
3199                     0.47999999999997
3200                     0.47999999999997
3201                     0.47999999999997
3202                     0.47999999999997
3203                     0.47999999999997
3204                     0.47999999999997
3205                     0.47999999999997
3206                     0.47999999999997
3207                     0.47999999999997
3208                     0.47999999999998
3209                     0.47999999999998
3210                     0.47999999999998
3211                     0.47999999999998
3212                     0.47999999999998
3213                     0.47999999999998
3214                     0.47999999999998
3215                     0.47999999999998
3216                     0.47999999999998
3217                     0.47999999999998
3218                     0.47999999999998
3219                     0.47999999999998
3220                     0.47999999999999
3221                     0.47999999999999
3222                     0.47999999999999
3223                     0.47999999999999
3224                     0.47999999999999
3225                     0.47999999999999
3226                     0.47999999999999
3227                     0.48
3228                     0.48
3229                     0.48
3230                     0.48
3231                     0.48
3232                     0.47999999999999
3233                     0.47999999999999
3234                     0.47999999999999
3235                     0.47999999999999
3236                     0.47999999999999
3237                     0.48
3238                     0.48
3239                     0.48
3240                     0.48000000000001
3241                     0.48000000000001
3242                     0.48000000000001
3243                     0.48000000000001
3244                     0.48000000000001
3245                     0.48000000000001
3246                     0.48000000000001
3247                     0.48
3248                     0.48
3249                     0.48
3250                     0.48
3251                     0.48
3252                     0.48
3253                     0.48000000000001
3254                     0.48000000000001
3255                     0.48000000000001
3256                     0.48000000000001
3257                     0.48000000000001
3258                     0.48000000000001
3259                     0.48
3260                     0.48
3261                     0.48
3262                     0.48
3263                     0.48
3264                     0.48
3265                     0.48
3266                     0.48
3267                     0.48
3268                     0.47999999999999
3269                     0.47999999999999
3270                     0.47999999999999
3271                     0.47999999999999
3272                     0.47999999999999
3273                     0.47999999999999
3274                     0.47999999999999
3275                     0.47999999999999
3276                     0.47999999999999
3277                     0.47999999999999
3278                     0.47999999999999
3279                     0.47999999999999
3280                     0.47999999999999
3281                     0.47999999999999
3282                     0.47999999999999
3283                     0.47999999999999
3284                     0.47999999999999
3285                     0.47999999999999
3286                     0.48
3287                     0.48
3288                     0.48
3289                     0.48000000000001
3290                     0.48000000000001
3291                     0.48
3292                     0.48
3293                     0.48
3294                     0.48
3295                     0.48
3296                     0.48
3297                     0.48
3298                     0.48
3299                     0.48
3300                     0.48000000000001
3301                     0.48000000000001
3302                     0.48000000000001
3303                     0.48
3304                     0.48
3305                     0.48
3306                     0.48
3307                     0.47999999999999
3308                     0.47999999999999
3309                     0.47999999999999
3310                     0.47999999999999
3311                     0.47999999999999
3312                     0.47999999999999
3313                     0.47999999999998
3314                     0.47999999999998
3315                     0.47999999999999
3316                     0.47999999999999
3317                     0.47999999999999
3318                     0.47999999999999
3319                     0.47999999999999
3320                     0.47999999999999
3321                     0.47999999999999
3322                     0.47999999999999
3323                     0.47999999999999
3324                     0.47999999999999
3325                     0.47999999999999
3326                     0.47999999999998
3327                     0.47999999999998
3328                     0.47999999999998
3329                     0.47999999999998
3330                     0.47999999999998
3331                     0.47999999999998
3332                     0.47999999999999
3333                     0.47999999999999
3334                     0.47999999999999
3335                     0.47999999999999
3336                     0.47999999999999
3337                     0.47999999999999
3338                     0.47999999999999
3339                     0.47999999999999
3340                     0.47999999999999
3341                     0.47999999999998
3342                     0.47999999999998
3343                     0.47999999999998
3344                     0.47999999999998
3345                     0.47999999999998
3346                     0.47999999999998
3347                     0.47999999999999
3348                     0.47999999999999
3349                     0.47999999999998
3350                     0.47999999999999
3351                     0.47999999999999
3352                     0.47999999999999
3353                     0.47999999999999
3354                     0.47999999999999
3355                     0.47999999999999
3356                     0.47999999999999
3357                     0.47999999999999
3358                     0.47999999999999
3359                     0.47999999999999
3360                     0.47999999999999
3361                     0.47999999999999
3362                     0.48
3363                     0.48
3364                     0.48000000000001
3365                     0.48000000000001
3366                     0.48000000000001
3367                     0.48000000000002
3368                     0.48000000000002
3369                     0.48000000000003
3370                     0.48000000000003
3371                     0.48000000000003
3372                     0.48000000000003
3373                     0.48000000000003
3374                     0.48000000000003
3375                     0.48000000000003
3376                     0.48000000000003
3377                     0.48000000000003
3378                     0.48000000000003
3379                     0.48000000000003
3380                     0.48000000000003
3381                     0.48000000000003
3382                     0.48000000000003
3383                     0.48000000000003
3384                     0.48000000000002
3385                     0.48000000000002
3386                     0.48000000000001
3387                     0.48000000000001
3388                     0.48000000000001
3389                     0.48000000000001
3390                     0.48000000000001
3391                     0.48000000000001
3392                     0.48000000000001
3393                     0.48000000000001
3394                     0.48000000000001
3395                     0.48000000000001
3396                     0.48000000000001
3397                     0.48000000000001
3398                     0.48000000000001
3399                     0.48
3400                     0.48
3401                     0.48
3402                     0.48
3403                     0.48
3404                     0.48
3405                     0.48000000000001
3406                     0.48000000000001
3407                     0.48000000000001
3408                     0.48000000000001
3409                     0.48000000000001
3410                     0.48000000000001
3411                     0.48000000000001
3412                     0.48000000000001
3413                     0.48000000000001
3414                     0.48
3415                     0.48
3416                     0.48
3417                     0.48
3418                     0.48000000000001
3419                     0.48000000000001
3420                     0.48000000000001
3421                     0.48000000000001
3422                     0.48000000000001
3423                     0.48000000000001
3424                     0.48000000000001
3425                     0.48000000000001
3426                     0.48000000000001
3427                     0.48000000000001
3428                     0.48
3429                     0.48
3430                     0.48
3431                     0.48
3432                     0.48000000000001
3433                     0.48000000000001
3434                     0.48000000000001
3435                     0.48000000000001
3436                     0.48000000000001
3437                     0.48000000000001
3438                     0.48000000000001
3439                     0.48000000000001
3440                     0.48000000000001
3441                     0.48000000000001
3442                     0.48000000000001
3443                     0.48000000000001
3444                     0.48000000000001
3445                     0.48
3446                     0.48
3447                     0.48
3448                     0.48
3449                     0.48
3450                     0.48
3451                     0.47999999999999
3452                     0.47999999999999
3453                     0.47999999999999
3454                     0.47999999999999
3455                     0.47999999999999
3456                     0.47999999999999
3457                     0.48
3458                     0.48
3459                     0.48
3460                     0.48000000000001
3461                     0.48000000000001
3462                     0.48000000000001
3463                     0.48000000000001
3464                     0.48000000000001
3465                     0.48000000000001
3466                     0.48000000000001
3467                     0.48000000000001
3468                     0.48000000000001
3469                     0.48000000000001
3470                     0.48
3471                     0.48
3472                     0.48
3473                     0.48
3474                     0.48
3475                     0.48
3476                     0.48
3477                     0.48
3478                     0.48
3479                     0.47999999999999
3480                     0.47999999999999
3481                     0.47999999999999
3482                     0.47999999999999
3483                     0.47999999999999
3484                     0.47999999999998
3485                     0.47999999999998
3486                     0.47999999999998
3487                     0.47999999999998
3488                     0.47999999999999
3489                     0.47999999999999
3490                     0.47999999999999
3491                     0.48
3492                     0.48
3493                     0.48
3494                     0.48000000000001
3495                     0.48000000000001
3496                     0.48
3497                     0.48
3498                     0.48
3499                     0.48
3500                     0.48
3501                     0.48
3502                     0.48
3503                     0.48
3504                     0.48
3505                     0.48000000000001
3506                     0.48000000000001
3507                     0.48000000000001
3508                     0.48000000000001
3509                     0.48000000000001
3510                     0.48000000000001
3511                     0.48000000000001
3512                     0.48000000000001
3513                     0.48000000000001
3514                     0.48000000000001
3515                     0.48000000000001
3516                     0.48000000000001
3517                     0.48000000000001
3518                     0.48000000000001
3519                     0.48000000000001
3520                     0.48000000000001
3521                     0.48000000000001
3522                     0.48000000000001
3523                     0.48000000000001
3524                     0.48000000000001
3525                     0.48000000000001
3526                     0.48000000000001
3527                     0.48000000000001
3528                     0.48000000000001
3529                     0.48000000000001
3530                     0.48000000000001
3531                     0.48000000000001
3532                     0.48000000000001
3533                     0.48
3534                     0.48
3535                     0.48
3536                     0.48
3537                     0.47999999999999
3538                     0.47999999999999
3539                     0.47999999999999
3540                     0.47999999999999
3541                     0.47999999999999
3542                     0.47999999999999
3543                     0.47999999999998
3544                     0.47999999999998
3545                     0.47999999999997
3546                     0.47999999999997
3547                     0.47999999999997
3548                     0.47999999999996
3549                     0.47999999999995
3550                     0.47999999999994
3551                     0.47999999999993
3552                     0.47999999999992
3553                     0.4799999999999
3554                     0.47999999999988
3555                     0.47999999999985
3556                     0.47999999999982
3557                     0.47999999999979
3558                     0.47999999999974
3559                     0.4799999999997
3560                     0.47999999999964
3561                     0.47999999999958
3562                     0.4799999999995
3563                     0.47999999999942
3564                     0.47999999999932
3565                     0.47999999999919
3566                     0.47999999999905
3567                     0.47999999999887
3568                     0.47999999999867
3569                     0.47999999999844
3570                     0.47999999999817
3571                     0.47999999999785
3572                     0.47999999999747
3573                     0.47999999999702
3574                     0.4799999999965
3575                     0.47999999999588
3576                     0.47999999999515
3577                     0.47999999999429
3578                     0.47999999999328
3579                     0.4799999999921
3580                     0.4799999999907
3581                     0.47999999998906
3582                     0.47999999998712
3583                     0.47999999998485
3584                     0.47999999998217
3585                     0.47999999997903
3586                     0.47999999997533
3587                     0.47999999997098
3588                     0.47999999996587
3589                     0.47999999995985
3590                     0.47999999995278
3591                     0.47999999994445
3592                     0.47999999993466
3593                     0.47999999992314
3594                     0.47999999990959
3595                     0.47999999989366
3596                     0.47999999987492
3597                     0.47999999985287
3598                     0.47999999982693
3599                     0.47999999979642
3600                     0.47999999976054
3601                     0.47999999971833
3602                     0.47999999966868
3603                     0.47999999961027
3604                     0.47999999954157
3605                     0.47999999946076
3606                     0.4799999993657
3607                     0.47999999925389
3608                     0.47999999912237
3609                     0.47999999896766
3610                     0.47999999878568
3611                     0.47999999857162
3612                     0.47999999831983
3613                     0.47999999802366
3614                     0.47999999767528
3615                     0.4799999972655
3616                     0.47999999678348
3617                     0.4799999962165
3618                     0.47999999554957
3619                     0.47999999476507
3620                     0.47999999384229
3621                     0.47999999275685
3622                     0.47999999148008
3623                     0.47999998997824
3624                     0.47999998821167
3625                     0.4799999861337
3626                     0.47999998368945
3627                     0.47999998081433
3628                     0.47999997743241
3629                     0.47999997345435
3630                     0.47999996877506
3631                     0.47999996327094
3632                     0.47999995679659
3633                     0.47999994918099
3634                     0.47999994022296
3635                     0.47999992968587
3636                     0.47999991729137
3637                     0.47999990271205
3638                     0.4799998855628
3639                     0.47999986539059
3640                     0.47999984166256
3641                     0.47999981375191
3642                     0.47999978092138
3643                     0.4799997423037
3644                     0.47999969687876
3645                     0.47999964344663
3646                     0.47999958059585
3647                     0.47999950666618
3648                     0.47999941970471
3649                     0.47999931741429
3650                     0.47999919709285
3651                     0.47999905556201
3652                     0.47999888908314
3653                     0.4799986932586
3654                     0.47999846291558
3655                     0.47999819196943
3656                     0.47999787326299
3657                     0.47999749837751
3658                     0.47999705741025
3659                     0.47999653871294
3660                     0.47999592858415
3661                     0.4799952109073
3662                     0.47999436672506
3663                     0.4799933737386
3664                     0.47999220571869
3665                     0.47999083181295
3666                     0.47998921573107
3667                     0.47998731478642
3668                     0.47998507876885
3669                     0.47998244861886
3670                     0.4799793548682
3671                     0.47997571580582
3672                     0.4799714353208
3673                     0.47996640036535
3674                     0.47996047797128
3675                     0.47995351174114
3676                     0.47994531772189
3677                     0.47993567955269
3678                     0.47992434275917
3679                     0.47991100804469
3680                     0.4798953234027
3681                     0.47987687484386
3682                     0.47985517549554
3683                     0.47982965278985
3684                     0.47979963340656
3685                     0.47976432558071
3686                     0.47972279831733
3687                     0.47967395697802
3688                     0.47961651461363
3689                     0.47954895831192
3690                     0.47946950970786
3691                     0.47937607866346
3692                     0.47926620896328
3693                     0.4791370146869
3694                     0.47898510571003
3695                     0.47880650054945
3696                     0.47859652450144
3697                     0.47834969073112
3698                     0.47805956165078
3699                     0.47771858758578
3700                     0.47731791937439
3701                     0.47684719120016
3702                     0.47629426963426
3703                     0.47564496460904
3704                     0.4748826979053
3705                     0.4739881247914
3706                     0.47293870481032
3707                     0.47170821852033
3708                     0.47026622845691
3709                     0.46857748496838
3710                     0.46660128123559
3711                     0.4642907671652
3712                     0.46159223950274
3713                     0.45844443610582
3714                     0.45477787659967
3715                     0.45051431037889
3716                     0.44556635680465
3717                     0.43983745185027
3718                     0.43322225009181
3719                     0.42560766936403
3720                     0.41687480422785
3721                     0.4069019673819
3722                     0.39556913514318
3723                     0.38276405914102
3724                     0.36839024136358
3725                     0.35237682979733
3726                     0.33469025334323
3727                     0.31534706167441
3728                     0.29442697287178
3729                     0.27208460029158
3730                     0.24855782360859
3731                     0.2241704392628
3732                     0.19932676774536
3733                     0.17449649925835
3734                     0.15018932734967
3735                     0.12692076939043
3736                     0.10517267036848
3737                     0.085353674355295
3738                     0.067765793732629
3739                     0.052582651654372
3740                     0.039842975468906
3741                     0.029459945455335
3742                     0.021243896959594
3743                     0.014933530243309
3744                     0.010229797804771
3745                     0.0068271095676424
3746                     0.004438049802994
3747                     0.0028098124167605
3748                     0.0017324261417841
3749                     0.0010401589175298
3750                     0.00060813012682077
3751                     0.00034620671252665
3752                     0.00019191581551517
3753                     0.00010359027120757
3754                     5.4445021894465e-05
3755                     2.7862965097937e-05
3756                     1.3884360120302e-05
3757                     6.7367976143077e-06
3758                     3.1828053330279e-06
3759                     1.4641835630377e-06
3760                     9.8421437037643
3761                     14.652457040305
3762.0374419527          12.324360334347
3763.1137277578          11.178061488318
3764.2303118051          10.595971535615
3765.3887029394          10.297922818851
3766.5904664997          10.14625958938
3767.8372264344          10.070246108062
3769.1306674955          10.032924359185
3770.4725375156          10.015033352712
3771.8646497695          10.006678204187
3773.3088854244          10.002882970778
3774.8071960824          10.001208225223
3776.3616064171          10.000491049434
3777.9742169099          10.00019326159
3779.6472066885          10.00007333815
3781.3828364711          10.000026120972
3783.1834516219          10.000006728323
3785.05148532            9.9999948135584
3786.9894618473          9.9999756463604
3789                     5.0130986565377
3791                     0
3793                     0
3795                     0
3797                     0
3799                     0
