x[nm]                        Electron_density[1e18_cm^-3]
-9                           0
-7                           0
-5                           0
-3                           0
-1                           0
1                            2.4987445838311
2.998                        4.9999944625517
4.996                        4.9999968014082
6.9939999999999              4.9999981524005
8.9919999999999              4.9999989327735
10.99                        4.99999938354
12.988                       4.999999643916
14.986                       4.9999997943171
16.984                       4.9999998811933
18.982                       4.9999999313756
20.98                        4.9999999603626
22.978                       4.9999999771064
24.976                       4.9999999867783
26.974                       4.9999999923653
28.972                       4.9999999955925
30.97                        4.9999999974568
32.968                       4.9999999985338
34.966                       4.9999999991559
36.964                       4.9999999995153
38.962                       4.9999999997229
40.96                        4.9999999998431
42.958                       4.9999999999125
44.956                       4.9999999999526
46.954                       4.9999999999761
48.952                       4.9999999999897
50.949999999999              4.9999999999977
52.947999999999              5.0000000000025
54.945999999999              5.0000000000053
56.943999999999              5.0000000000073
58.941999999999              5.0000000000085
60.939999999999              5.0000000000093
62.937999999999              5.00000000001
64.935999999999              5.0000000000105
66.933999999999              5.0000000000109
68.931999999999              5.0000000000113
70.929999999999              5.0000000000119
72.927999999999              5.0000000000125
74.925999999999              5.000000000013
76.923999999999              5.0000000000135
78.921999999999              5.0000000000141
80.919999999999              5.0000000000148
82.917999999999              5.0000000000154
84.915999999999              5.000000000016
86.913999999999              5.0000000000166
88.911999999999              5.0000000000171
90.909999999999              5.0000000000178
92.907999999999              5.0000000000184
94.905999999999              5.000000000019
96.903999999999              5.0000000000196
98.901999999999              5.0000000000203
100.9                        5.0000000000208
102.898                      5.0000000000214
104.896                      5.0000000000222
106.894                      5.0000000000227
108.892                      5.0000000000234
110.89                       5.0000000000239
112.888                      5.0000000000246
114.886                      5.0000000000252
116.884                      5.0000000000259
118.882                      5.0000000000268
120.88                       5.0000000000276
122.878                      5.0000000000283
124.876                      5.0000000000292
126.874                      5.0000000000301
128.872                      5.0000000000309
130.87                       5.0000000000317
132.868                      5.0000000000326
134.866                      5.0000000000333
136.864                      5.0000000000339
138.862                      5.0000000000346
140.86                       5.0000000000351
142.858                      5.0000000000357
144.856                      5.0000000000362
146.854                      5.0000000000367
148.852                      5.0000000000373
150.85                       5.0000000000378
152.848                      5.0000000000383
154.846                      5.0000000000388
156.844                      5.0000000000394
158.842                      5.0000000000399
160.84                       5.0000000000403
162.838                      5.0000000000409
164.836                      5.0000000000415
166.834                      5.0000000000421
168.832                      5.0000000000428
170.83                       5.0000000000434
172.828                      5.000000000044
174.826                      5.0000000000447
176.824                      5.0000000000452
178.822                      5.0000000000459
180.82                       5.0000000000465
182.818                      5.0000000000471
184.816                      5.0000000000475
186.814                      5.0000000000481
188.812                      5.0000000000487
190.81                       5.0000000000492
192.808                      5.0000000000496
194.806                      5.0000000000502
196.804                      5.0000000000507
198.802                      5.0000000000512
200.8                        5.0000000000519
202.798                      5.0000000000524
204.796                      5.0000000000531
206.794                      5.0000000000538
208.792                      5.0000000000545
210.79                       5.0000000000553
212.788                      5.0000000000559
214.786                      5.0000000000566
216.784                      5.0000000000574
218.782                      5.0000000000581
220.78                       5.0000000000587
222.778                      5.0000000000593
224.776                      5.0000000000599
226.774                      5.0000000000606
228.772                      5.0000000000611
230.77                       5.0000000000617
232.768                      5.0000000000623
234.766                      5.0000000000629
236.764                      5.0000000000634
238.762                      5.000000000064
240.76                       5.0000000000646
242.758                      5.0000000000652
244.756                      5.0000000000657
246.754                      5.0000000000664
248.752                      5.0000000000669
250.75                       5.0000000000674
252.748                      5.000000000068
254.746                      5.0000000000685
256.744                      5.000000000069
258.742                      5.0000000000694
260.74                       5.00000000007
262.738                      5.0000000000706
264.736                      5.0000000000712
266.734                      5.0000000000718
268.732                      5.0000000000725
270.73                       5.0000000000732
272.728                      5.0000000000739
274.726                      5.0000000000746
276.724                      5.0000000000754
278.722                      5.0000000000762
280.72                       5.0000000000771
282.718                      5.000000000078
284.716                      5.000000000079
286.714                      5.0000000000798
288.712                      5.0000000000807
290.71                       5.0000000000816
292.708                      5.0000000000825
294.706                      5.0000000000834
296.704                      5.0000000000844
298.702                      5.0000000000851
300.7                        5.0000000000859
302.698                      5.0000000000869
304.696                      5.0000000000878
306.694                      5.0000000000886
308.692                      5.0000000000894
310.69                       5.0000000000902
312.688                      5.000000000091
314.686                      5.0000000000918
316.684                      5.0000000000927
318.682                      5.0000000000936
320.68                       5.0000000000945
322.678                      5.0000000000953
324.676                      5.0000000000961
326.674                      5.0000000000969
328.672                      5.0000000000977
330.67                       5.0000000000985
332.668                      5.0000000000992
334.666                      5.0000000001
336.664                      5.0000000001007
338.662                      5.0000000001014
340.66                       5.0000000001021
342.658                      5.0000000001028
344.656                      5.0000000001035
346.654                      5.0000000001042
348.652                      5.0000000001049
350.65                       5.0000000001055
352.648                      5.0000000001061
354.646                      5.0000000001068
356.644                      5.0000000001075
358.642                      5.0000000001082
360.64                       5.0000000001088
362.638                      5.0000000001096
364.636                      5.0000000001102
366.634                      5.0000000001109
368.632                      5.0000000001117
370.63                       5.0000000001123
372.628                      5.000000000113
374.626                      5.0000000001136
376.624                      5.0000000001142
378.622                      5.0000000001148
380.62                       5.0000000001154
382.618                      5.0000000001162
384.616                      5.0000000001169
386.614                      5.0000000001176
388.612                      5.0000000001183
390.61                       5.0000000001189
392.608                      5.0000000001196
394.60599999999              5.0000000001203
396.60399999999              5.0000000001209
398.60199999999              5.0000000001215
400.59999999999              5.0000000001221
402.59799999999              5.0000000001225
404.59599999999              5.000000000123
406.59399999999              5.0000000001234
408.59199999999              5.0000000001238
410.58999999999              5.0000000001243
412.58799999999              5.0000000001247
414.58599999999              5.0000000001252
416.58399999999              5.0000000001256
418.58199999999              5.000000000126
420.57999999999              5.0000000001266
422.57799999999              5.000000000127
424.57599999999              5.0000000001274
426.57399999999              5.0000000001277
428.57199999999              5.0000000001282
430.56999999999              5.0000000001286
432.56799999999              5.000000000129
434.56599999999              5.0000000001296
436.56399999999              5.0000000001301
438.56199999999              5.0000000001307
440.55999999999              5.0000000001312
442.55799999999              5.0000000001319
444.55599999999              5.0000000001325
446.55399999999              5.000000000133
448.55199999999              5.0000000001336
450.54999999999              5.0000000001342
452.54799999999              5.0000000001347
454.54599999999              5.0000000001353
456.54399999999              5.0000000001358
458.54199999999              5.0000000001363
460.53999999999              5.0000000001369
462.53799999999              5.0000000001375
464.53599999999              5.000000000138
466.53399999999              5.0000000001386
468.53199999999              5.0000000001391
470.52999999999              5.0000000001397
472.52799999999              5.0000000001403
474.52599999999              5.0000000001409
476.52399999999              5.0000000001414
478.52199999999              5.0000000001419
480.51999999999              5.0000000001425
482.51799999999              5.000000000143
484.51599999999              5.0000000001435
486.51399999999              5.0000000001439
488.51199999999              5.0000000001444
490.50999999999              5.0000000001449
492.50799999999              5.0000000001453
494.50599999999              5.0000000001459
496.50399999999              5.0000000001464
498.50199999999              5.0000000001469
500.49999999999              5.0000000001474
502.49799999999              5.000000000148
504.49599999999              5.0000000001485
506.49399999999              5.000000000149
508.49199999999              5.0000000001495
510.48999999999              5.0000000001499
512.48799999999              5.0000000001502
514.48599999999              5.0000000001507
516.48399999999              5.0000000001511
518.48199999999              5.0000000001516
520.47999999999              5.000000000152
522.47799999999              5.0000000001526
524.47599999999              5.0000000001532
526.47399999999              5.0000000001538
528.47199999999              5.0000000001544
530.46999999999              5.000000000155
532.46799999999              5.0000000001554
534.46599999999              5.0000000001559
536.46399999999              5.0000000001564
538.46199999999              5.0000000001569
540.45999999999              5.0000000001574
542.45799999999              5.0000000001578
544.45599999999              5.0000000001582
546.45399999999              5.0000000001587
548.45199999999              5.0000000001592
550.44999999999              5.0000000001596
552.44799999999              5.0000000001601
554.44599999999              5.0000000001605
556.44399999999              5.0000000001607
558.44199999999              5.000000000161
560.43999999999              5.0000000001613
562.43799999999              5.0000000001616
564.43599999999              5.0000000001619
566.43399999999              5.0000000001621
568.43199999999              5.0000000001624
570.42999999999              5.0000000001627
572.42799999999              5.0000000001629
574.42599999999              5.0000000001631
576.42399999999              5.0000000001635
578.42199999999              5.0000000001636
580.41999999999              5.0000000001638
582.41799999999              5.0000000001641
584.41599999999              5.0000000001641
586.41399999999              5.0000000001644
588.41199999999              5.0000000001647
590.40999999999              5.0000000001651
592.40799999999              5.0000000001654
594.40599999999              5.0000000001657
596.40399999999              5.0000000001659
598.40199999999              5.0000000001662
600.39999999999              5.0000000001664
602.39799999999              5.0000000001666
604.39599999999              5.0000000001667
606.39399999999              5.0000000001669
608.39199999999              5.0000000001672
610.38999999999              5.0000000001674
612.38799999999              5.0000000001677
614.38599999999              5.000000000168
616.38399999999              5.0000000001684
618.38199999999              5.0000000001687
620.37999999999              5.0000000001689
622.37799999999              5.0000000001692
624.37599999999              5.0000000001695
626.37399999999              5.0000000001698
628.37199999999              5.00000000017
630.37                       5.0000000001702
632.368                      5.0000000001704
634.36599999999              5.0000000001706
636.364                      5.0000000001707
638.362                      5.0000000001709
640.36                       5.0000000001711
642.358                      5.0000000001713
644.356                      5.0000000001715
646.354                      5.0000000001716
648.352                      5.0000000001717
650.35                       5.0000000001718
652.348                      5.0000000001718
654.346                      5.000000000172
656.344                      5.000000000172
658.342                      5.0000000001721
660.34                       5.0000000001722
662.338                      5.0000000001724
664.336                      5.0000000001725
666.334                      5.0000000001727
668.332                      5.0000000001728
670.33                       5.000000000173
672.328                      5.0000000001729
674.326                      5.000000000173
676.324                      5.000000000173
678.322                      5.0000000001731
680.32                       5.0000000001731
682.318                      5.0000000001731
684.316                      5.0000000001733
686.314                      5.0000000001733
688.312                      5.0000000001735
690.31                       5.0000000001735
692.308                      5.0000000001736
694.306                      5.0000000001736
696.304                      5.0000000001738
698.302                      5.000000000174
700.3                        5.000000000174
702.298                      5.000000000174
704.296                      5.0000000001741
706.294                      5.000000000174
708.292                      5.000000000174
710.29                       5.0000000001739
712.288                      5.0000000001738
714.286                      5.0000000001737
716.284                      5.0000000001736
718.282                      5.0000000001736
720.28                       5.0000000001734
722.278                      5.0000000001733
724.276                      5.0000000001732
726.274                      5.000000000173
728.272                      5.0000000001729
730.27                       5.0000000001728
732.268                      5.0000000001728
734.266                      5.0000000001726
736.264                      5.0000000001725
738.262                      5.0000000001724
740.26                       5.0000000001723
742.258                      5.0000000001721
744.256                      5.000000000172
746.254                      5.0000000001718
748.252                      5.0000000001716
750.25                       5.0000000001714
752.248                      5.0000000001711
754.246                      5.0000000001709
756.244                      5.0000000001705
758.242                      5.0000000001703
760.24                       5.00000000017
762.238                      5.0000000001697
764.236                      5.0000000001693
766.234                      5.0000000001689
768.232                      5.0000000001685
770.23                       5.000000000168
772.228                      5.0000000001676
774.226                      5.0000000001671
776.224                      5.0000000001668
778.222                      5.0000000001665
780.22                       5.0000000001662
782.218                      5.0000000001658
784.216                      5.0000000001653
786.214                      5.0000000001649
788.212                      5.0000000001644
790.21                       5.0000000001641
792.208                      5.0000000001636
794.206                      5.0000000001632
796.204                      5.0000000001628
798.202                      5.0000000001624
800.2                        5.000000000162
802.198                      5.0000000001617
804.196                      5.0000000001614
806.194                      5.0000000001609
808.192                      5.0000000001606
810.19                       5.0000000001602
812.188                      5.0000000001599
814.186                      5.0000000001595
816.184                      5.0000000001592
818.182                      5.0000000001589
820.18                       5.0000000001585
822.178                      5.0000000001581
824.176                      5.0000000001576
826.174                      5.0000000001572
828.172                      5.0000000001568
830.17                       5.0000000001562
832.168                      5.0000000001558
834.166                      5.0000000001554
836.164                      5.000000000155
838.162                      5.0000000001546
840.16                       5.0000000001541
842.158                      5.0000000001537
844.156                      5.0000000001533
846.154                      5.0000000001529
848.152                      5.0000000001525
850.15                       5.0000000001521
852.148                      5.0000000001517
854.146                      5.0000000001513
856.144                      5.0000000001509
858.142                      5.0000000001504
860.14                       5.0000000001498
862.138                      5.0000000001493
864.136                      5.0000000001488
866.134                      5.0000000001482
868.132                      5.0000000001478
870.13                       5.0000000001473
872.128                      5.0000000001468
874.126                      5.0000000001463
876.124                      5.0000000001458
878.122                      5.0000000001454
880.12                       5.0000000001449
882.118                      5.0000000001446
884.116                      5.0000000001442
886.114                      5.0000000001438
888.112                      5.0000000001434
890.11                       5.000000000143
892.108                      5.0000000001425
894.106                      5.0000000001419
896.104                      5.000000000141
898.102                      5.0000000001398
900.1                        5.0000000001377
902.098                      5.0000000001345
904.096                      5.0000000001291
906.094                      5.00000000012
908.092                      5.0000000001045
910.09                       5.0000000000779
912.088                      5.0000000000322
914.086                      4.999999999953
916.084                      4.9999999998164
918.082                      4.9999999995799
920.08                       4.9999999991706
922.078                      4.9999999984625
924.076                      4.9999999972367
926.074                      4.9999999951148
928.072                      4.9999999914418
930.07                       4.9999999850831
932.068                      4.9999999740751
934.066                      4.9999999550184
936.064                      4.9999999220273
938.062                      4.9999998649128
940.06                       4.9999997660357
942.058                      4.9999995948584
944.056                      4.9999992985139
946.054                      4.9999987854782
948.052                      4.9999978973036
950.05                       4.9999963596833
952.048                      4.9999936977339
954.046                      4.9999890893309
956.044                      4.9999811112032
958.042                      4.9999672993705
960.04                       4.9999433881749
962.038                      4.9999019929103
964.036                      4.9998303292496
966.034                      4.9997062653302
968.032                      4.9994914877905
970.03                       4.9991196728945
972.028                      4.9984760147292
974.026                      4.9973618036716
976.024                      4.9954331626881
978.022                      4.9920951622758
980.02                       4.9863190368813
982.018                      4.9763273245584
984.016                      4.9590535048482
986.014                      4.9292206965249
988.012                      4.8777892298465
990.01                       4.7893968057715
992.008                      4.638311024843
994.006                      4.3825811361215
996.004                      3.9574310819813
998.002                      3.2746492907129
1000                         2.2558240978267
1002                         1.3758388262391
1004                         0.89617330549406
1006                         0.62191314395961
1008                         0.45686452934989
1010                         0.35239042540029
1012                         0.28311021322168
1014                         0.23524692658258
1016                         0.20099430739311
1018                         0.1757368021299
1020                         0.1566338973556
1022                         0.14187232160861
1024                         0.13025577358675
1026                         0.12097138134374
1028                         0.11345207591034
1030                         0.10729285000652
1032                         0.1021982896554
1034                         0.097948810664672
1036                         0.09437839744879
1038                         0.091359597319764
1040                         0.088793199302218
1042                         0.086601002812953
1044                         0.084720664702782
1046                         0.083101969681492
1048                         0.081704091856956
1050                         0.080493557043141
1052                         0.079442707622098
1054                         0.07852853258705
1056                         0.077731766219724
1058                         0.077036186658984
1060                         0.07642806481762
1062                         0.075895727533774
1064                         0.075429208351806
1066                         0.075019966134937
1068                         0.074660656638233
1070                         0.074344945770802
1072                         0.074067355931836
1074                         0.073823138781647
1076                         0.073608169292314
1078                         0.073418857044566
1080                         0.073252071592727
1082                         0.07310507937618
1084                         0.072975490163327
1086                         0.072861211409051
1088                         0.072760409216184
1090                         0.072671474835299
1092                         0.072592995830643
1094                         0.072523731194444
1096                         0.072462589815554
1098                         0.072408611808517
1100                         0.072360952290206
1102                         0.072318867257399
1104                         0.072281701273106
1106                         0.07224887671406
1108                         0.072219884369086
1110                         0.072194275208925
1112                         0.072171653173902
1114                         0.072151668847594
1116                         0.072134013903033
1118                         0.072118416223386
1120                         0.07210463561243
1122                         0.072092460021188
1124                         0.07208170222697
1126                         0.07207219690912
1128                         0.072063798073109
1130                         0.072056376780528
1132                         0.072049819148083
1134                         0.072044024583193
1136                         0.072038904227779
1138                         0.0720343795854
1140                         0.072030381309868
1142                         0.072026848136197
1144                         0.072023725936937
1146                         0.072020966889164
1148                         0.072018528738976
1150                         0.072016374152123
1152                         0.072014470140431
1154                         0.072012787555366
1156                         0.072011300640682
1158                         0.072009986637285
1160                         0.072008825434219
1162                         0.072007799260312
1164                         0.072006892411816
1166                         0.072006091011755
1168                         0.072005382797335
1170                         0.072004756932088
1172                         0.072004203839925
1174                         0.072003715058497
1176                         0.072003283109608
1178                         0.072002901384765
1180                         0.07200256404397
1182                         0.072002265926371
1184                         0.072002002471247
1186                         0.072001769648218
1188                         0.072001563895564
1190                         0.072001382065727
1192                         0.072001221377141
1194                         0.072001079371675
1196                         0.072000953877022
1198                         0.072000842973464
1200                         0.072000744964489
1202                         0.072000658350835
1204                         0.072000581807585
1206                         0.072000514163864
1208                         0.072000454384919
1210                         0.072000401556344
1212                         0.072000354870016
1214                         0.072000313611787
1216                         0.072000277150548
1218                         0.072000244928564
1220                         0.072000216452939
1222                         0.0720001912881
1224                         0.0720001690491
1226                         0.07200014939577
1228                         0.072000132027482
1230                         0.072000116678557
1232                         0.072000103114205
1234                         0.072000091126947
1236                         0.072000080533412
1238                         0.072000071171561
1240                         0.072000062898187
1242                         0.072000055586735
1244                         0.072000049125368
1246                         0.07200004341525
1248                         0.072000038369033
1250                         0.072000033909526
1252                         0.072000029968516
1254                         0.072000026485719
1256                         0.072000023407864
1258                         0.072000020687868
1260                         0.072000018284122
1262                         0.072000016159854
1264                         0.072000014282574
1266                         0.07200001262357
1268                         0.072000011157445
1270                         0.072000009861789
1272                         0.072000008716778
1274                         0.072000007704898
1276                         0.072000006810667
1278                         0.072000006020411
1280                         0.072000005322043
1282                         0.072000004704878
1284                         0.072000004159469
1286                         0.072000003677479
1288                         0.072000003251533
1290                         0.072000002875117
1292                         0.07200000254247
1294                         0.072000002248508
1296                         0.072000001988724
1298                         0.072000001759152
1300                         0.072000001556276
1302                         0.072000001376999
1304                         0.072000001218567
1306                         0.072000001078564
1308                         0.07200000095484
1310                         0.072000000845512
1312                         0.072000000748894
1314                         0.072000000663522
1316                         0.072000000588086
1318                         0.072000000521424
1320                         0.072000000462518
1322                         0.07200000041047
1324                         0.072000000364483
1326                         0.07200000032385
1328                         0.072000000287946
1330                         0.072000000256227
1332                         0.072000000228201
1334                         0.072000000203443
1336                         0.072000000181575
1338                         0.072000000162251
1340                         0.072000000145174
1342                         0.072000000130092
1344                         0.072000000116766
1346                         0.072000000104995
1348                         0.072000000094597
1350                         0.072000000085416
1352                         0.072000000077307
1354                         0.07200000007015
1356                         0.072000000063827
1358                         0.072000000058242
1360                         0.072000000053316
1362                         0.072000000048963
1364                         0.072000000045124
1366                         0.072000000041735
1368                         0.07200000003875
1370                         0.072000000036118
1372                         0.072000000033794
1374                         0.072000000031749
1376                         0.072000000029943
1378                         0.072000000028347
1380                         0.072000000026944
1382                         0.072000000025718
1384                         0.072000000024636
1386                         0.072000000023687
1388                         0.072000000022849
1390                         0.072000000022111
1392                         0.072000000021464
1394                         0.072000000020899
1396                         0.072000000020404
1398                         0.072000000019968
1400                         0.072000000019592
1402                         0.072000000019258
1404                         0.072000000018963
1406                         0.072000000018702
1408                         0.072000000018482
1410                         0.07200000001829
1412                         0.072000000018122
1414                         0.072000000017971
1416                         0.072000000017848
1418                         0.072000000017739
1420                         0.072000000017649
1422                         0.072000000017576
1424                         0.072000000017512
1426                         0.072000000017457
1428                         0.072000000017417
1430                         0.072000000017379
1432                         0.072000000017353
1434                         0.072000000017329
1436                         0.072000000017313
1438                         0.072000000017303
1440                         0.072000000017294
1442                         0.072000000017284
1444                         0.072000000017282
1446                         0.072000000017284
1448                         0.072000000017291
1450                         0.072000000017306
1452                         0.072000000017315
1454                         0.072000000017332
1456                         0.072000000017346
1458                         0.072000000017367
1460                         0.072000000017381
1462                         0.072000000017403
1464                         0.072000000017426
1466                         0.072000000017452
1468                         0.072000000017476
1470                         0.072000000017505
1472                         0.072000000017526
1474                         0.072000000017554
1476                         0.072000000017576
1478                         0.072000000017602
1480                         0.072000000017625
1482                         0.072000000017654
1484                         0.072000000017682
1486                         0.072000000017718
1488                         0.072000000017744
1490                         0.072000000017772
1492                         0.072000000017803
1494                         0.072000000017834
1496                         0.072000000017862
1498                         0.07200000001789
1500                         0.072000000017921
1502                         0.072000000017952
1504                         0.07200000001798
1506                         0.072000000018006
1508                         0.072000000018032
1510                         0.072000000018058
1512                         0.072000000018087
1514                         0.072000000018115
1516                         0.072000000018139
1518                         0.07200000001816
1520                         0.072000000018189
1522                         0.07200000001821
1524                         0.072000000018226
1526                         0.072000000018245
1528                         0.07200000001826
1530                         0.072000000018271
1532                         0.072000000018283
1534                         0.07200000001829
1536                         0.072000000018297
1538                         0.0720000000183
1540                         0.072000000018302
1542                         0.0720000000183
1544                         0.072000000018295
1546                         0.072000000018283
1548                         0.072000000018269
1550                         0.07200000001825
1552                         0.072000000018231
1554                         0.07200000001821
1556                         0.072000000018181
1558                         0.072000000018151
1560                         0.07200000001811
1562                         0.072000000018063
1564                         0.072000000018016
1566                         0.072000000017954
1568                         0.072000000017886
1570                         0.072000000017803
1572                         0.072000000017708
1574                         0.072000000017602
1576                         0.072000000017471
1578                         0.072000000017322
1580                         0.072000000017154
1582                         0.072000000016962
1584                         0.072000000016747
1586                         0.072000000016501
1588                         0.072000000016224
1590                         0.072000000015907
1592                         0.072000000015545
1594                         0.07200000001514
1596                         0.072000000014683
1598                         0.072000000014165
1600                         0.072000000013575
1602                         0.07200000001291
1604                         0.07200000001216
1606                         0.072000000011306
1608                         0.072000000010333
1610                         0.072000000009242
1612                         0.072000000008006
1614                         0.072000000006607
1616                         0.072000000005026
1618                         0.072000000003239
1620                         0.072000000001211
1622                         0.071999999998917
1624                         0.071999999996318
1626                         0.071999999993376
1628                         0.071999999990046
1630                         0.071999999986273
1632                         0.071999999982008
1634                         0.071999999977179
1636                         0.071999999971709
1638                         0.071999999965525
1640                         0.071999999958518
1642                         0.071999999950589
1644                         0.071999999941614
1646                         0.071999999931458
1648                         0.071999999919957
1650                         0.071999999906941
1652                         0.071999999892212
1654                         0.071999999875539
1656                         0.071999999856668
1658                         0.071999999835306
1660                         0.071999999811138
1662                         0.071999999783781
1664                         0.071999999752829
1666                         0.071999999717803
1668                         0.071999999678171
1670                         0.071999999633311
1672                         0.071999999582555
1674                         0.071999999525114
1676                         0.071999999460121
1678                         0.071999999386574
1680                         0.071999999303348
1682                         0.071999999209176
1684                         0.071999999102603
1686                         0.071999998982008
1688                         0.071999998845541
1690                         0.071999998691119
1692                         0.071999998516378
1694                         0.071999998318651
1696                         0.071999998094911
1698                         0.071999997841717
1700                         0.07199999755522
1702                         0.071999997231025
1704                         0.071999996864174
1706                         0.07199999644905
1708                         0.071999995979304
1710                         0.071999995447763
1712                         0.071999994846284
1714                         0.071999994165664
1716                         0.071999993395502
1718                         0.071999992524007
1720                         0.071999991537854
1722                         0.071999990421958
1724                         0.071999989159243
1726                         0.0719999877304
1728                         0.07199998611357
1730                         0.071999984284015
1732                         0.071999982213757
1734                         0.071999979871123
1736                         0.071999977220281
1738                         0.071999974220683
1740                         0.071999970826439
1742                         0.071999966985632
1744                         0.071999962639509
1746                         0.071999957721598
1748                         0.071999952156672
1750                         0.071999945859597
1752                         0.071999938734054
1754                         0.071999930671052
1756                         0.071999921547248
1758                         0.071999911223078
1760                         0.071999899540629
1762                         0.071999886321204
1764                         0.071999871362591
1766                         0.071999854435972
1768                         0.071999835282443
1770                         0.071999813609018
1772                         0.07199978908417
1774                         0.071999761332769
1776                         0.071999729930307
1778                         0.071999694396455
1780                         0.071999654187687
1782                         0.071999608688961
1784                         0.071999557204326
1786                         0.071999498946264
1788                         0.07199943302366
1790                         0.071999358428166
1792                         0.071999274018765
1794                         0.07199917850435
1796                         0.071999070423956
1798                         0.071998948124414
1800                         0.071998809735067
1802                         0.07199865313919
1804                         0.07199847594159
1806                         0.07199827543198
1808                         0.071998048543553
1810                         0.071997791806067
1812                         0.071997501292788
1814                         0.071997172560466
1816                         0.071996800581382
1818                         0.07199637966651
1820                         0.071995903378535
1822                         0.071995364433452
1824                         0.071994754589246
1826                         0.071994064519952
1828                         0.07199328367313
1830                         0.071992400108657
1832                         0.071991400316322
1834                         0.071990269009481
1836                         0.071988988891665
1838                         0.071987540392497
1840                         0.071985901369002
1842                         0.071984046767753
1844                         0.071981948242751
1846                         0.071979573723198
1848                         0.071976886924742
1850                         0.071973846796746
1852                         0.071970406897266
1854                         0.071966514686439
1856                         0.071962110727572
1858                         0.071957127784168
1860                         0.071951489799299
1862                         0.071945110742262
1864                         0.071937893305548
1866                         0.071929727432847
1868                         0.071920488656741
1870                         0.071910036221814
1872                         0.071898210966192
1874                         0.0718848329312
1876                         0.071869698665272
1878                         0.071852578184361
1880                         0.071833211546688
1882                         0.071811304995119
1884                         0.071786526615384
1886                         0.071758501452902
1888                         0.071726806025174
1890                         0.071690962160948
1892                         0.071650430090795
1894                         0.071604600707992
1896                         0.071552786912121
1898                         0.071494213942607
1900                         0.071428008604528
1902                         0.071353187285671
1904                         0.07126864266269
1906                         0.0711731289958
1908                         0.071065245917303
1910                         0.070943420630727
1912                         0.070805888456224
1914                         0.070650671686978
1916                         0.070475556762735
1918                         0.070278069824957
1920                         0.070055450797002
1922                         0.069804626237786
1924                         0.069522181354687
1926                         0.06920433173804
1928                         0.068846895603206
1930                         0.068445267605416
1932                         0.067994395635947
1934                         0.067488762422949
1936                         0.066922374252845
1938                         0.06628875969966
1940                         0.065580981895831
1942                         0.064791668582767
1944                         0.063913064913655
1946                         0.062937114691799
1948                         0.061855576336474
1950                         0.060660180259133
1952                         0.059342834347847
1954                         0.05789588369288
1956                         0.056312429291179
1958                         0.054586707958545
1960                         0.052714531764305
1962                         0.0506937797349
1964                         0.048524927215803
1966                         0.046211589221851
1968                         0.043761043773756
1970                         0.041184690517067
1972                         0.038498390320787
1974                         0.035722625106945
1976                         0.032882416353579
1978                         0.030006948099724
1980                         0.027128857894476
1982                         0.024283187695296
1984                         0.021506024840446
1986                         0.018832906843058
1988                         0.016297106213401
1990                         0.013927944434315
1992                         0.011749299279764
1994                         0.0097784609329382
1996                         0.0080254583841386
1998                         0.0064929225583826
2000                         0.1372349136439
2002                         0.22970953477964
2004                         0.20019715592706
2006                         0.17771645740407
2008                         0.16026556947404
2010                         0.14649347069855
2012                         0.13546694774904
2014                         0.12652722708333
2016                         0.11919981367261
2018                         0.11313654869735
2020                         0.10807758717582
2022                         0.103825947323
2024                         0.10023015357977
2026                         0.097172190304513
2028                         0.094559003308078
2030                         0.092316412052471
2032                         0.090384686081039
2034                         0.08871528761811
2036                         0.087268442816869
2038                         0.086011309572039
2040                         0.084916580114241
2042                         0.083961404148912
2044                         0.083126550894608
2046                         0.082395751002154
2048                         0.081755175232985
2050                         0.081193018070778
2052                         0.08069916255183
2054                         0.080264908483996
2056                         0.079882750531998
2058                         0.079546195830739
2060                         0.079249613159826
2062                         0.07898810749436
2064                         0.078757415095625
2066                         0.078553815333434
2068                         0.078374056221469
2070                         0.078215291257259
2072                         0.078075025633063
2074                         0.077951070255967
2076                         0.077841502307951
2078                         0.077744631309048
2080                         0.077658969831424
2082                         0.077583208160534
2084                         0.077516192318905
2086                         0.077456904964991
2088                         0.077404448758343
2090                         0.077358031846971
2092                         0.077316955185877
2094                         0.077280601439851
2096                         0.077248425259947
2098                         0.077219944753832
2100                         0.077194733995583
2102                         0.077172416442139
2104                         0.077152659141882
2106                         0.077135167636264
2108                         0.077119681468467
2110                         0.077105970224628
2112                         0.07709383004246
2114                         0.077083080530787
2116                         0.077073562050334
2118                         0.077065133312626
2120                         0.077057669258931
2122                         0.077051059186089
2124                         0.077045205090012
2126                         0.077040020201151
2128                         0.077035427689417
2130                         0.077031359518649
2132                         0.077027755433171
2134                         0.077024562060977
2136                         0.077021732119975
2138                         0.077019223715239
2140                         0.077016999716701
2142                         0.077015027207905
2144                         0.077013276997564
2146                         0.077011723186512
2148                         0.077010342783684
2150                         0.077009115365312
2152                         0.07700802277225
2154                         0.077007048840954
2156                         0.077006179164038
2158                         0.077005400876937
2160                         0.077004702467405
2162                         0.077004073605097
2164                         0.07700350498866
2166                         0.077002988208058
2168                         0.077002515620146
2170                         0.077002080235531
2172                         0.077001675615193
2174                         0.077001295775216
2176                         0.077000935098259
2178                         0.077000588250483
2180                         0.077000250102634
2182                         0.076999915654214
2184                         0.076999579959498
2186                         0.076999238054415
2188                         0.076998884883149
2190                         0.076998515223367
2192                         0.076998123609027
2194                         0.076997704249548
2196                         0.076997250944221
2198                         0.076996756990556
2200                         0.07699621508521
2202                         0.076995617216039
2204                         0.076994954543722
2206                         0.076994217271137
2208                         0.076993394498626
2210                         0.07699247406297
2212                         0.076991442357753
2214                         0.076990284132432
2216                         0.076988982267161
2218                         0.076987517520082
2220                         0.076985868243351
2222                         0.076984010063758
2224                         0.076981915523224
2226                         0.076979553673952
2228                         0.076976889622303
2230                         0.07697388401471
2232                         0.076970492458232
2234                         0.076966664867168
2236                         0.076962344726462
2238                         0.076957468261017
2240                         0.076951963499173
2242                         0.07694574921664
2244                         0.076938733745985
2246                         0.076930813634536
2248                         0.076921872131703
2250                         0.076911777484394
2252                         0.076900381016584
2254                         0.076887514966234
2256                         0.076872990049789
2258                         0.076856592720772
2260                         0.076838082085468
2262                         0.076817186434267
2264                         0.076793599343044
2266                         0.076766975293756
2268                         0.076736924758548
2270                         0.076703008685927
2272                         0.076664732321851
2274                         0.076621538292723
2276                         0.076572798871091
2278                         0.076517807339381
2280                         0.076455768361042
2282                         0.076385787264383
2284                         0.076306858140407
2286                         0.076217850654753
2288                         0.076117495474547
2290                         0.076004368215916
2292                         0.075876871827505
2294                         0.075733217341861
2296                         0.075571402951758
2298                         0.07538919140519
2300                         0.075184085764309
2302                         0.074953303643404
2304                         0.07469375013452
2306                         0.074401989751533
2308                         0.074074217881249
2310                         0.073706232430525
2312                         0.073293406609369
2314                         0.07283066410054
2316                         0.0723124582434
2318                         0.071732757311724
2320                         0.071085038495544
2322                         0.070362293805623
2324                         0.069557051797775
2326                         0.068661419742804
2328                         0.06766715160951
2330                         0.066565747922393
2332                         0.065348594111615
2334                         0.064007144260503
2336                         0.06253315700068
2338                         0.060918989483155
2340                         0.059157953594839
2342                         0.057244735592606
2344                         0.055175875787201
2346                         0.05295029857976
2348                         0.050569874924465
2350                         0.048039989309637
2352                         0.045370072158308
2354                         0.04257404722805
2356                         0.039670633857312
2358                         0.036683438114939
2360                         0.033640767862791
2362                         0.030575117242532
2364                         0.027522288231562
2366                         0.024520151110115
2368                         0.021607089796818
2370                         0.01882022676147
2372                         0.016193567411439
2374                         0.013756235641239
2376                         0.011530981489608
2378                         0.0095331229198418
2380                         0.007770036841288
2382                         0.0062412465686929
2384                         0.0049390764165216
2386                         0.0038497738545262
2388                         0.0029549487680119
2390                         0.0022331559446107
2392                         0.0016614522550525
2394                         0.0012167891370445
2396                         0.00087714487861136
2398                         0.00062234960397
2400                         0.00043459995856139
2402                         0.00029869440229583
2404                         0.00020204126508126
2406                         0.00013450070038197
2408                         8.8120711608126e-05
2410                         5.6819708394292e-05
2412                         3.6056767904197e-05
2414                         2.2518580208452e-05
2416                         1.3840809191385e-05
2418                         8.3723656872355e-06
2420                         4.9842652411809e-06
2422                         2.9202523860376e-06
2424                         1.6838598950867e-06
2426                         9.5555981207653e-07
2428                         5.3367416840738e-07
2430                         2.9333297627637e-07
2432                         1.5867627962076e-07
2434                         8.4475262868371e-08
2436                         4.4260215260641e-08
2438                         2.2822537130644e-08
2440                         1.1581925189227e-08
2442                         5.7844759816351e-09
2444                         2.8432413280791e-09
2446                         1.3754026571005e-09
2448                         6.5480566756131e-10
2450                         3.0680429530032e-10
2452                         1.4147407937321e-10
2454                         6.4203507247649e-11
2456                         2.8675240255455e-11
2458                         1.2604389485456e-11
2460                         5.4525920217783e-12
2462                         2.321403519212e-12
2464                         9.7266823615002e-13
2466                         4.0109322405941e-13
2468                         1.6277679874028e-13
2470                         6.5013941281181e-14
2472                         2.5555706010733e-14
2474                         9.886400310698e-15
2476                         3.7641025786777e-15
2478                         1.4104850965776e-15
2480                         5.202222895468e-16
2482                         1.8888823819161e-16
2484                         6.755342873237e-17
2486                         2.3832802441493e-17
2488                         8.3307445308275e-18
2490                         2.9215746038833e-18
2492                         1.064278021026e-18
2494                         4.1456471429604e-19
2496                         1.5892638700451e-19
2498                         5.996062091448e-20
2500                         2.2263973054108e-20
2502                         8.1359008819582e-21
2504                         2.9260050102747e-21
2506                         1.035645009965e-21
2508                         3.6075570152032e-22
2510                         1.236750017801e-22
2512                         4.172699233795e-23
2514                         1.385538742353e-23
2516                         4.5277944313771e-24
2518                         1.4562004573459e-24
2520                         4.6091629297574e-25
2522                         1.4357849364388e-25
2524                         4.4017275714675e-26
2526                         1.3280773271179e-26
2528                         3.9435740494886e-27
2530                         1.1524526019832e-27
2532                         3.3145347805114e-28
2534                         9.3818508301881e-29
2536                         2.6134903535217e-29
2538                         7.1650580697932e-30
2540                         1.9332363956836e-30
2542                         5.1335364022148e-31
2544                         1.3415744058895e-31
2546                         3.4504784377922e-32
2548                         8.7339420571662e-33
2550                         1.1037723919274e-33
2552                         8.7123891463928e-36
2554                         2.3842410463418e-36
2556                         6.5174982401897e-37
2558                         1.7796293184189e-37
2560                         4.8539583819599e-38
2562                         1.3224535048371e-38
2564                         3.5990065964616e-39
2566                         9.7836912850087e-40
2568                         2.6566889260224e-40
2570                         7.206037827439e-41
2572                         1.9524064638931e-41
2574                         5.2839877631285e-42
2576                         1.4284703706984e-42
2578                         3.857434295025e-43
2580                         1.0405038825281e-43
2582                         2.8035398909818e-44
2584                         7.5454933724988e-45
2586                         2.0285532435209e-45
2588                         5.4475728584133e-46
2590                         1.4612938308374e-46
2592                         3.9155242801616e-47
2594                         1.0479972886263e-47
2596                         2.8018718235029e-48
2598                         7.4826293962599e-49
2600                         1.9960806050915e-49
2602                         5.3188749638413e-50
2604                         1.4157264770922e-50
2606                         3.7640622296707e-51
2608                         9.9965951119542e-52
2610                         2.6519496673782e-52
2612                         7.0274266127471e-53
2614                         1.8601382701925e-53
2616                         4.9182658935276e-54
2618                         1.2989626010353e-54
2620                         3.4268820577783e-55
2622                         9.0306609058964e-56
2624                         2.3771565294219e-56
2626                         6.2504875082436e-57
2628                         1.6416775924243e-57
2630                         4.3070480464637e-58
2632                         1.1287283405936e-58
2634                         2.9547246132634e-59
2636                         7.7261379346225e-60
2638                         2.0180214208985e-60
2640                         5.2651039934217e-61
2642                         1.3721639410322e-61
2644                         3.5720943242664e-62
2646                         9.2887591337172e-63
2648                         2.4127390403612e-63
2650                         6.2600942071071e-64
2652                         1.622442272731e-64
2654                         4.2002535246685e-65
2656                         1.0861745524181e-65
2658                         2.8057024377884e-66
2660                         7.2393814809108e-67
2662                         1.8658605504742e-67
2664                         4.8036877528503e-68
2666                         1.2353448931102e-68
2668                         3.1733614798401e-69
2670                         8.1427056226371e-70
2672                         2.0870641112853e-70
2674                         5.3434372417173e-71
2676                         1.3665436329548e-71
2678                         3.4909542732041e-72
2680                         8.9080507885488e-73
2682                         2.2705918562989e-73
2684                         5.781137973396e-74
2686                         1.4702983169813e-74
2688                         3.7352136921206e-75
2690                         9.4785807188076e-76
2692                         2.4026418634619e-76
2694                         6.0834876974118e-77
2696                         1.5386296437684e-77
2698                         3.8871690118163e-78
2700                         9.8095846567607e-79
2702                         2.4727811544367e-79
2704                         6.2264228620071e-80
2706                         1.5660636493278e-80
2708                         3.934577219799e-81
2710                         9.8742610443538e-82
2712                         2.4753066169602e-82
2714                         6.1982811018553e-83
2716                         1.5503558806747e-83
2718                         3.8735520911571e-84
2720                         9.6673015930237e-85
2722                         2.4100108711913e-85
2724                         6.0013727609948e-86
2726                         1.4927946538339e-86
2728                         3.7090902988471e-87
2730                         9.2056107878796e-88
2732                         2.2822103926185e-88
2734                         5.651667657279e-89
2736                         1.3980265508318e-89
2738                         3.4543957488634e-90
2740                         2.9264796894674e-89
2741.9548839583              1.3505629516932e-89
2743.8115212149              3.3624239636176e-90
2745.5748493593              8.9697267761088e-91
2747.2495578322              2.5551893926086e-91
2748.8401003969              7.7478763501983e-92
2750.3507069837              2.4930090447009e-92
2751.7853949391              8.4874404272259e-93
2753.1479797095              3.0488267191274e-93
2754.4420849884              1.1525020534392e-93
2755.671152353               4.5730840347021e-94
2756.8384504171              1.900175665483e-94
2757.9470835235              8.2490595357714e-95
2759                         3.7333444988506e-95
2760                         8.9176068914078e-96
2761                         1.2860034329789e-97
2762                         6.610653708382e-98
2763                         3.4899392678139e-98
2764                         1.8921802446338e-98
2765                         1.0536061367318e-98
2766                         6.0251129142526e-99
2767                         3.5385318862887e-99
2768                         2.1342824183397e-99
2769                         1.3220600123087e-99
2770                         8.4104709305031e-100
2771                         5.4948788758281e-100
2772                         3.6869092541889e-100
2773                         2.5405604610261e-100
2774                         1.7978481758651e-100
2775                         1.3065390213486e-100
2776                         9.75036405261e-101
2777                         7.4717476093198e-101
2778                         5.878776581078e-101
2779                         4.7485079274918e-101
2780                         3.9368632810902e-101
2781                         3.3492878210903e-101
2782                         2.9228783629278e-101
2783                         2.6153285622321e-101
2784                         2.3979923260839e-101
2785                         2.251475605118e-101
2786                         2.1628062689477e-101
2787                         2.1236061622426e-101
2788                         2.1289119337161e-101
2789                         2.176425470762e-101
2790                         2.2660570473719e-101
2791                         2.3996755873564e-101
2792                         2.5810130662485e-101
2793                         2.8156913460049e-101
2794                         3.1113540799677e-101
2795                         3.4778964594275e-101
2796                         3.9277932028234e-101
2797                         4.4765314141049e-101
2798                         5.1431604959808e-101
2799                         5.9509767203213e-101
2800                         6.9283657328316e-101
2801                         8.1098325395372e-101
2802                         9.5372557013229e-101
2803                         1.1261410866322e-100
2804                         1.3343818740587e-100
2805                         1.5858984522357e-100
2806                         1.8897110154678e-100
2807                         2.2567378017712e-100
2808                         2.7001925521811e-100
2809                         3.2360655239092e-100
2810                         3.8837055644815e-100
2811                         4.6665244340719e-100
2812                         5.6128490141869e-100
2813                         6.7569524248173e-100
2814                         8.1403015851835e-100
2815                         9.8130666324773e-100
2816                         1.1835947145342e-99
2817                         1.4282381651303e-99
2818                         1.72412208498e-99
2819                         2.0819961862744e-99
2820                         2.5148661247197e-99
2821                         3.0384669213179e-99
2822                         3.6718357383374e-99
2823                         4.4380048598541e-99
2824                         5.3648401029714e-99
2825                         6.4860551798186e-99
2826                         7.8424389354459e-99
2827                         9.483340135883e-99
2828                         1.1468463856054e-98
2829                         1.3870044860165e-98
2830                         1.6775477090589e-98
2831                         2.0290494984622e-98
2832                         2.4543022426316e-98
2833                         2.9687829444002e-98
2834                         3.5912166167914e-98
2835                         4.344257913681e-98
2836                         5.2553158082696e-98
2837                         6.3575513395418e-98
2838                         7.6910847469568e-98
2839                         9.3044559358271e-98
2840                         1.1256391437654e-97
2841                         1.3617942186804e-97
2842                         1.6475069933473e-97
2843                         1.9931776444271e-97
2844                         2.4113889400454e-97
2845                         2.917364280916e-97
2846                         3.5295218665006e-97
2847                         4.2701451591253e-97
2848                         5.1661940524691e-97
2849                         6.2502862728111e-97
2850                         7.5618847382801e-97
2851                         9.1487340986922e-97
2852                         1.10685987493e-96
2853                         1.3391365586125e-96
2854                         1.6201588047948e-96
2855                         1.9601564053918e-96
2856                         2.3715059880695e-96
2857                         2.8691815536777e-96
2858                         3.4712995639894e-96
2859                         4.1997784221857e-96
2860                         5.081136352679e-96
2861                         6.1474567249203e-96
2862                         7.4375559611794e-96
2863                         8.9983965428067e-96
2864                         1.0886796551624e-95
2865                         1.3171497977657e-95
2866                         1.5935669084318e-95
2867                         1.9279931922858e-95
2868                         2.3326025204497e-95
2869                         2.8221235867155e-95
2870                         3.4143760655911e-95
2871                         4.1309192890953e-95
2872                         4.9978370556152e-95
2873                         6.0466871396636e-95
2874                         7.3156500668502e-95
2875                         8.850918972104e-95
2876                         1.070838113515e-94
2877                         1.2955652404972e-94
2878                         1.5674538570949e-94
2879                         1.8964013280192e-94
2880                         2.2943820904074e-94
2881                         2.7758835506483e-94
2882                         3.3584334590231e-94
2883                         4.0632379597978e-94
2884                         4.9159535432489e-94
2885                         5.9476210004349e-94
2886                         7.1957953787995e-94
2887                         8.7059130715664e-94
2888                         1.05329458061e-93
2889                         1.2743401740181e-93
2890                         1.5417746510664e-93
2891                         1.8653332366216e-93
2892                         2.2567942011238e-93
2893                         2.7304076164996e-93
2894                         3.303414091286e-93
2895                         3.9966723681106e-93
2896                         4.8354186295049e-93
2897                         5.8501851525172e-93
2898                         7.0779117532446e-93
2899                         8.5632904804079e-93
2900                         1.0360392507872e-92
2901                         1.2534636448722e-92
2902                         1.5165169742011e-92
2903                         1.8347749800088e-92
2904                         2.2198229796849e-92
2905                         2.6856775987545e-92
2906                         3.2492970080223e-92
2907                         3.9311982396732e-92
2908                         4.756204054048e-92
2909                         5.7543465447441e-92
2910                         6.9619603753302e-92
2911                         8.423005443988e-92
2912                         1.0190667124083e-91
2913                         1.2329292333084e-91
2914                         1.491673190714e-91
2915                         1.8047174549113e-91
2916                         2.1834575512219e-91
2917                         2.6416804831197e-91
2918                         3.1960666106083e-91
2919                         3.8667968533752e-91
2920                         4.6782873223054e-91
2921                         5.6600781216138e-91
2922                         6.8479086760265e-91
2923                         8.2850187273672e-91
2924                         1.0023722359797e-90
2925                         1.2127312351815e-90
2926                         1.467236417778e-90
2927                         1.7751523529854e-90
2928                         2.1476878832547e-90
2929                         2.5984041517049e-90
2930                         3.143708258669e-90
2931                         3.803450517573e-90
2932                         4.6016470516265e-90
2933                         5.5673540354931e-90
2934                         6.7357254063294e-90
2935                         8.1492925472909e-90
2936                         9.8595125268987e-90
2937                         1.1928641253718e-89
2938                         1.4431999733444e-89
2939                         1.7460715925333e-89
2940                         2.1125042007793e-89
2941                         2.5558367809188e-89
2942                         3.0922076501871e-89
2943                         3.7411419317801e-89
2944                         4.5262623138791e-89
2945                         5.4761489693877e-89
2946                         6.6253799394223e-89
2947                         8.0157898528866e-89
2948                         9.6979928023957e-89
2949                         1.1733224812708e-88
2950                         1.4195572971715e-88
2951                         1.7174672369448e-88
2952                         2.0778969019823e-88
2953                         2.5139667542939e-88
2954                         3.0415507312542e-88
2955                         3.6798540931354e-88
2956                         4.4521125383898e-88
2957                         5.3864380360802e-88
2958                         6.5168421656802e-88
2959                         7.8844742161546e-88
2960                         9.5391191139464e-88
2961                         1.1541009707866e-87
2962                         1.396301938219e-87
2963                         1.6893314814088e-87
2964                         2.0438565441791e-87
2965                         2.4727826475479e-87
2966                         2.9917236801322e-87
2967                         3.6195702793123e-87
2968                         4.3791774935254e-87
2969                         5.2981967581639e-87
2970                         6.4100824709026e-87
2971                         7.755309808089e-87
2972                         9.3828481134927e-87
2973                         1.1351943494126e-86
2974                         1.3734275513694e-86
2975                         1.6616566492217e-86
2976                         2.0103738396319e-86
2977                         2.4322732238151e-86
2978                         2.9427129017812e-86
2979                         3.5602740422091e-86
2980                         4.3074372793743e-86
2981                         5.2114010595183e-86
2982                         6.3050717263356e-86
2983                         7.628261386951e-86
2984                         9.2291371634348e-86
2985                         1.1165974585926e-85
2986                         1.3509278954863e-85
2987                         1.634435189476e-85
2988                         1.977439652792e-85
2989                         2.3924274303514e-85
2990                         2.8945050239164e-85
2991                         3.5019492032185e-85
2992                         4.2368723220695e-85
2993                         5.1260272584825e-85
2994                         6.2017812804588e-85
2995                         7.5032942883794e-85
2996                         9.0779443247093e-85
2997                         1.0983052242819e-84
2998                         1.3287968316809e-84
2999                         1.6076596749686e-84
3000                         1.9450449977748e-84
3001                         2.3532343954838e-84
3002                         2.8470868933231e-84
3003                         3.4445798487771e-84
3004                         4.1674633684087e-84
3005                         5.0420520613552e-84
3006                         6.1001829511278e-84
3007                         7.3803744158936e-84
3008                         8.9292283453085e-84
3009                         1.0803126555607e-83
3010                         1.3070283216329e-83
3011                         1.5813228001703e-83
3012                         1.9131810359046e-83
3013                         2.3146834256427e-83
3014                         2.8004455722674e-83
3015                         3.3881503260232e-83
3016                         4.0991914806032e-83
3017                         4.9594525560416e-83
3018                         6.0002490178891e-83
3019                         7.2594682315933e-83
3020                         8.7829486490299e-83
3021                         1.0626148432716e-82
3022                         1.2856164259435e-82
3023                         1.5554173792332e-82
3024                         1.8818390733029e-82
3025                         2.2767640024413e-82
3026                         2.754568334961e-82
3027                         3.33264523852e-82
3028                         4.0320380311011e-82
3029                         4.8782062057903e-82
3030                         5.9019522144021e-82
3031                         7.140542746992e-82
3032                         8.6390653243849e-82
3033                         1.0452069586788e-81
3034                         1.2645553025128e-81
3035                         1.5299363440276e-81
3036                         1.8510105585143e-81
3037                         2.2394657798062e-81
3038                         2.7094426640917e-81
3039                         3.2780494420576e-81
3040                         3.9659846975118e-81
3041                         4.7982908430526e-81
3042                         5.8052657210114e-81
3043                         7.0235655140305e-81
3044                         8.4975391137281e-81
3045                         1.0280842521521e-80
3046                         1.2438392049478e-80
3047                         1.5048727422159e-80
3048                         1.8206870801756e-80
3049                         2.2027785811558e-80
3050                         2.665056247409e-80
3051                         3.224348040522e-80
3052                         3.9010134576056e-80
3053                         4.7196846634322e-80
3054                         5.7101631574249e-80
3055                         6.9085046162177e-80
3056                         8.3583314025347e-80
3057                         1.0112420518703e-79
3058                         1.2234624809932e-79
3059                         1.4802197353537e-79
3060                         1.7908603647184e-79
3061                         2.1666923966211e-79
3062                         2.6213969743606e-79
3063                         3.1715263818269e-79
3064                         3.8371065843917e-79
3065                         4.6423662197323e-79
3066                         5.6166185755113e-79
3067                         6.7953286599175e-79
3068                         8.2214042088641e-79
3069                         9.9467576254584e-79
3070                         1.2034195709894e-78
3071                         1.4559705970252e-78
3072                         1.7615222741135e-78
3073                         2.1311973803165e-78
3074                         2.5784529327928e-78
3075                         3.1195700539199e-78
3076                         3.7742466412886e-78
3077                         4.5663144161097e-78
3078                         5.5246064522301e-78
3079                         6.6840067657946e-78
3080                         8.0867201730096e-78
3081                         9.7838086417295e-78
3082                         1.1837050063568e-77
3083                         1.432118711008e-77
3084                         1.7326648036502e-77
3085                         2.0962838476535e-77
3086                         2.5362124056974e-77
3087                         3.068464880848e-77
3088                         3.7124164773605e-77
3089                         4.491508502313e-77
3090                         5.4341016826575e-77
3091                         6.5745085603767e-77
3092                         7.9542425472847e-77
3093                         9.6235291079172e-77
3094                         1.1643134081013e-76
3095                         1.4086575694659e-76
3096                         1.7042800797508e-76
3097                         2.0619422726962e-76
3098                         2.4946638680147e-76
3099                         3.0181969188887e-76
3100                         3.6515992226394e-76
3101                         4.4179280680238e-76
3102                         5.3450795731425e-76
3103                         6.4668041677742e-76
3104                         7.8239351860121e-76
3105                         9.4658752927699e-76
3106                         1.1452394853483e-75
3107                         1.3855807711757e-75
3108                         1.6763603578233e-75
3109                         2.0281632855635e-75
3110                         2.4537959834896e-75
3111                         2.9687524527477e-75
3112                         3.5917782835237e-75
3113                         4.3455530372873e-75
3114                         5.2575158345665e-75
3115                         6.3608642015266e-75
3116                         7.6957625356539e-75
3117                         9.3108041814445e-75
3118                         1.1264780338994e-74
3119                         1.3628820197796e-74
3120                         1.6488980201493e-74
3121                         1.9949376698741e-74
3122                         2.4135976015802e-74
3123                         2.9201179918174e-74
3124                         3.532937338251e-74
3125                         4.2743636630379e-74
3126                         5.1713865757223e-74
3127                         6.2566597565903e-74
3128                         7.5696896251213e-74
3129                         9.158273463778e-74
3130                         1.1080239348122e-73
3131                         1.3405551220681e-73
3132                         1.6218855738053e-73
3133                         1.9622563602306e-73
3134                         2.3740577544144e-73
3135                         2.8722802664954e-73
3136                         3.4750603324449e-73
3137                         4.204340521709e-73
3138                         5.0866682967913e-73
3139                         6.1541624014469e-73
3140                         7.4456820562243e-73
3141                         9.0082415227365e-73
3142                         1.0898721530034e-72
3143                         1.3185939862893e-72
3144                         1.5953156486172e-72
3145                         1.9301104397456e-72
3146                         2.3351656537966e-72
3147                         2.8252262245624e-72
3148                         3.4181314747322e-72
3149                         4.1354645079313e-72
3150                         5.0033378829289e-72
3151                         6.0533441703445e-72
3152                         7.3237059942857e-72
3153                         8.8606674230593e-72
3154                         1.0720177358747e-71
3155                         1.2969926204873e-71
3156                         1.5691809951501e-71
3157                         1.8984911376097e-71
3158                         2.296910688265e-71
3159                         2.7789430276238e-71
3160                         3.3621352324377e-71
3161                         4.0677168293246e-71
3162                         4.9213725979647e-71
3163                         5.9541775556728e-71
3164                         7.2037281589166e-71
3165                         8.7155109000949e-71
3166                         1.0544558119625e-70
3167                         1.275745130867e-70
3168                         1.5434744827305e-70
3169                         1.8673898266976e-70
3170                         2.2592824201957e-70
3171                         2.7334180476031e-70
3172                         3.3070563273425e-70
3173                         4.0010790013647e-70
3174                         4.8407500781902e-70
3175                         5.8566355004499e-70
3176                         7.085715814925e-70
3177                         8.5727323488066e-70
3178                         1.0371815896071e-69
3179                         1.2548457201858e-69
3180                         1.5181890974995e-69
3181                         1.8367980212141e-69
3182                         2.222270582955e-69
3183                         2.6886388632991e-69
3184                         3.2528797315177e-69
3185                         3.935532842345e-69
3186                         4.7614483262648e-69
3187                         5.7606913909477e-69
3188                         6.9696367633949e-69
3189                         8.4322928129769e-69
3190                         1.0201903556469e-68
3191                         1.2342886861724e-68
3192                         1.4933179405006e-68
3193                         1.8067073743795e-68
3194                         2.1858650780979e-68
3195                         2.6445932569953e-68
3196                         3.1995906632222e-68
3197                         3.87106046841e-68
3198                         4.6834457052065e-68
3199                         5.6663190494224e-68
3200                         6.8554593328913e-68
3201                         8.2941539745661e-68
3202                         1.0034774741314e-67
3203                         1.2140684199704e-67
3204                         1.4688542257964e-67
3205                         1.777109676152e-67
3206                         2.1500559726141e-67
3207                         2.6012692111288e-67
3208                         3.1471745828737e-67
3209                         3.8076442886848e-67
3210                         4.6067209324994e-67
3211                         5.573492726984e-67
3212                         6.743152370832e-67
3213                         8.1582781432752e-67
3214                         9.8703838505776e-67
3215                         1.1941794046093e-66
3216                         1.4447912786185e-66
3217                         1.7479968509882e-66
3218                         2.114833496217e-66
3219                         2.5586549050091e-66
3220                         3.095617189078e-66
3221                         3.7452670004677e-66
3222                         4.5312530742764e-66
3223                         5.4821870965605e-66
3224                         6.6326852349766e-66
3225                         8.0246282462485e-66
3226                         9.7086860312486e-66
3227                         1.1746162134978e-65
3228                         1.4211225335449e-65
3229                         1.7193609556394e-65
3230                         2.0801880386788e-65
3231                         2.516738711595e-65
3232                         3.0449044147295e-65
3233                         3.6839115845139e-65
3234                         4.4570215396142e-65
3235                         5.3923772459935e-65
3236                         6.5240277850723e-65
3237                         7.8931678179636e-65
3238                         9.5496371651098e-65
3239                         1.155373508944e-64
3240                         1.3978415327095e-64
3241                         1.6911941769838e-64
3242                         2.0461101472069e-64
3243                         2.4755091943194e-64
3244                         2.9950224231699e-64
3245                         3.6235613003878e-64
3246                         4.3840060749102e-64
3247                         5.3040386712353e-64
3248                         6.4171503746229e-64
3249                         7.7638609902768e-64
3250                         9.3931938566866e-64
3251                         1.136446040698e-63
3252                         1.3749419240387e-63
3253                         1.6634888298948e-63
3254                         2.0125905238647e-63
3255                         2.4349551039705e-63
3256                         2.9459576044144e-63
3257                         3.5641996818978e-63
3258                         4.3121867583584e-63
3259                         5.2171472696669e-63
3260                         6.3120238428066e-63
3261                         7.6366724826427e-63
3262                         9.2393134214175e-63
3263                         1.1178286445204e-62
3264                         1.35241745952e-62
3265                         1.6362373551443e-62
3266                         1.9796200230363e-62
3267                         2.3950653756224e-62
3268                         2.8976965714395e-62
3269                         3.505810532604e-62
3270                         4.2415439945156e-62
3271                         5.1316793335229e-62
3272                         6.2086195065186e-62
3273                         7.5115675924863e-62
3274                         9.0879538740052e-62
3275                         1.0995162407732e-61
3276                         1.3302619934969e-61
3277                         1.6094323173414e-61
3278                         1.9471896489305e-61
3279                         2.3558291256172e-61
3280                         2.85022615653e-61
3281                         3.4483779213991e-61
3282                         4.1720585089537e-61
3283                         5.0476115434212e-61
3284                         6.1069091525439e-61
3285                         7.388512185735e-61
3286                         8.939073916961e-61
3287                         1.0815038330338e-60
3288                         1.3084694809912e-60
3289                         1.5830664029019e-60
3290                         1.9152905531264e-60
3291                         2.3172356485938e-60
3292                         2.8035334076851e-60
3293                         3.3918861781609e-60
3294                         4.1037113430005e-60
3295                         4.9649209620008e-60
3296                         6.0068650298612e-60
3297                         7.2674726875064e-60
3298                         8.7926329293387e-60
3299                         1.0637865067316e-59
3300                         1.2870339760553e-59
3301                         1.5571324180545e-59
3302                         1.8839140321592e-59
3303                         2.2792744145683e-59
3304                         2.7576055850868e-59
3305                         3.3363198894777e-59
3306                         4.0364838485683e-59
3307                         4.8835850276645e-59
3308                         5.9084598420697e-59
3309                         7.1484160729452e-59
3310                         8.6485909556491e-59
3311                         1.046359427807e-58
3312                         1.2659496301482e-58
3313                         1.5316232868767e-58
3314                         1.8530515251452e-58
3315                         2.2419350660601e-58
3316                         2.7124301576211e-58
3317                         3.2816638944417e-58
3318                         3.9703576830631e-58
3319                         4.8035815484205e-58
3320                         5.8116667399409e-58
3321                         7.031309858212e-58
3322                         8.5069086949557e-58
3323                         1.0292178413926e-57
3324                         1.2452106905402e-57
3325                         1.5065320493645e-57
3326                         1.8226946114457e-57
3327                         2.2052074152653e-57
3328                         2.6679947994599e-57
3329                         3.2279032805127e-57
3330                         3.9053148043816e-57
3331                         4.7248886958286e-57
3332                         5.7164593140919e-57
3333                         6.9161220916206e-57
3334                         8.3675474901551e-57
3335                         1.0123570705154e-56
3336                         1.2248114987437e-56
3337                         1.4818518595331e-56
3338                         1.7928350083699e-56
3339                         2.1690814412781e-56
3340                         2.6242873866988e-56
3341                         3.1750233794486e-56
3342                         3.841337465988e-56
3343                         4.6474849990444e-56
3344                         5.6228115877832e-56
3345                         6.802821344923e-56
3346                         8.2304693174301e-56
3347                         9.9577251482154e-56
3348                         1.2047464889689e-55
3349                         1.4575759835499e-55
3350                         1.7634645689149e-55
3351                         2.1335472873562e-55
3352                         2.5812959940476e-55
3353                         3.1230097633049e-55
3354                         3.778408212072e-55
3355                         4.5713493389611e-55
3356                         5.5306980098267e-55
3357                         6.6913767047288e-55
3358                         8.0956367758707e-55
3359                         9.7945964932019e-55
3360                         1.1850101866054e-54
3361                         1.4336977978963e-54
3362                         1.7345752795432e-54
3363                         2.0985952582318e-54
3364                         2.5390088915788e-54
3365                         3.0718482404976e-54
3366                         3.7165098727877e-54
3367                         4.4964609424492e-54
3368                         5.440093447621e-54
3369                         6.5817577640803e-54
3370                         7.9630130772799e-54
3371                         9.6341402315023e-54
3372                         1.1655972067292e-53
3373                         1.4102107875619e-53
3374                         1.7061592579965e-53
3375                         2.0642158174666e-53
3376                         2.4974145415258e-53
3377                         3.0215248519311e-53
3378                         3.6556255595674e-53
3379                         4.422799376686e-53
3380                         5.3509731802864e-53
3381                         6.4739346141445e-53
3382                         7.832562036122e-53
3383                         9.4763125836433e-53
3384                         1.1465022526317e-52
3385                         1.3871085442648e-52
3386                         1.6782087511437e-52
3387                         2.0303995848486e-52
3388                         2.4565015951346e-52
3389                         2.9720258671886e-52
3390                         3.5957386605132e-52
3391                         4.3503445435823e-52
3392                         5.2633128919264e-52
3393                         6.3678778360635e-52
3394                         7.7042480596642e-52
3395                         9.3210704873589e-52
3396                         1.1277201143767e-51
3397                         1.3643847647056e-51
3398                         1.6507161328672e-51
3399                         1.9971373338343e-51
3400                         2.4162588895687e-51
3401                         2.9233377807878e-51
3402                         3.5368328358667e-51
3403                         4.2790766742986e-51
3404                         5.177088664989e-51
3405                         6.2635584929196e-51
3406                         7.578036138253e-51
3407                         9.1683715858299e-51
3408                         1.1092456673772e-50
3409                         1.3420332488452e-50
3410                         1.6236739019811e-50
3411                         1.9644199890302e-50
3412                         2.3766754448617e-50
3413                         2.8754473084939e-50
3414                         3.4788920135479e-50
3415                         4.2089763238495e-50
3416                         5.0922769737421e-50
3417                         6.1609481218436e-50
3418                         7.4538918357683e-50
3419                         9.0181742161317e-50
3420                         1.0910738709978e-49
3421                         1.3200478982149e-49
3422                         1.5970746801845e-49
3423                         1.9322386237165e-49
3424                         2.3377404609223e-49
3425                         2.8283413836959e-49
3426                         3.421900384772e-49
3427                         4.1400243658005e-49
3428                         5.0088546778557e-49
3429                         6.0600187262487e-49
3430                         7.3317812802281e-49
3431                         8.8704373978688e-49
3432                         1.0731997671794e-48
3433                         1.2984227142515e-48
3434                         1.5709112100491e-48
3435                         1.9005844574128e-48
3436                         2.299443314588e-48
3437                         2.7820071538422e-48
3438                         3.3658423997358e-48
3439                         4.0722019870484e-48
3440                         4.9267990160867e-48
3441                         5.9607427681909e-48
3442                         7.2116711545427e-48
3443                         8.725120821989e-48
3444                         1.0556184790866e-47
3445                         1.2771517966613e-47
3446                         1.5451763530387e-47
3447                         1.8694488534811e-47
3448                         2.2617735567265e-47
3449                         2.7364319769333e-47
3450                         3.3107027633752e-47
3451                         4.0054906826897e-47
3452                         4.8460876000709e-47
3453                         5.8630931608588e-47
3454                         7.0935286874315e-47
3455                         8.5821848397923e-47
3456                         1.038325209777e-46
3457                         1.25622934181e-46
3458                         1.5198630875613e-46
3459                         1.8388233167705e-46
3460                         2.2247209093841e-46
3461                         2.6916034180725e-46
3462                         3.2564664311917e-46
3463                         3.9398722509693e-46
3464                         4.7666984082123e-46
3465                         5.7670432611775e-46
3466                         6.977321644473e-46
3467                         8.4415904521046e-46
3468                         1.021315240892e-45
3469                         1.2356496411388e-45
3470                         1.4949645070536e-45
3471                         1.8086994912977e-45
3472                         2.1882752629815e-45
3473                         2.6475092460721e-45
3474                         3.2031186051462e-45
3475                         3.8753287883151e-45
3476                         4.6886097796739e-45
3477                         5.6725668625427e-45
3478                         6.8630183193143e-45
3479                         8.3032992986407e-45
3480                         1.0045839313699e-44
3481                         1.2154070796073e-44
3482                         1.4704738180962e-44
3483                         1.7790691579689e-44
3484                         2.1524266735561e-44
3485                         2.6041374301182e-44
3486                         3.1506447296245e-44
3487                         3.8118426844547e-44
3488                         4.6118004084714e-44
3489                         5.579638187671e-44
3490                         6.7505875250215e-44
3491                         8.1672736475405e-44
3492                         9.8812671617935e-44
3493                         1.1954961341616e-43
3494                         1.4463843385607e-43
3495                         1.7499242323363e-43
3496                         2.1171653600487e-43
3497                         2.5614761364873e-43
3498                         3.0990304874641e-43
3499                         3.7493966176091e-43
3500                         4.5362493376572e-43
3501                         5.4882318815653e-43
3502                         6.6399985855686e-43
3503                         8.0334763850717e-43
3504                         9.7193910507404e-43
3505                         1.1759113722268e-42
3506                         1.4226894957858e-42
3507                         1.7212567623922e-42
3508                         2.0824817016341e-42
3509                         2.5195137253164e-42
3510                         3.0482617960467e-42
3511                         3.6879735497654e-42
3512                         4.4619359536013e-42
3513                         5.3983230045955e-42
3514                         6.5312213274657e-42
3515                         7.9018710055008e-42
3516                         9.5601668136708e-42
3517                         1.1566474502252e-41
3518                         1.3993828247844e-41
3519                         1.6930589264e-41
3520                         2.0483662350968e-41
3521                         2.4782387474287e-41
3522                         2.9983248034582e-41
3523                         3.6275567220311e-41
3524                         4.38883998037e-41
3525                         5.3098870256976e-41
3526                         6.424226071531e-41
3527                         7.7724216011392e-41
3528                         9.4035510072663e-41
3529                         1.1376991121184e-40
3530                         1.3764579664798e-40
3531                         1.6653230307596e-40
3532                         2.014809652249e-40
3533                         2.4376399412094e-40
3534                         2.9492058847082e-40
3535                         3.5681296500591e-40
3536                         4.3169414741928e-40
3537                         5.2228998156773e-40
3538                         6.3189836247902e-40
3539                         7.6450928525398e-40
3540                         9.249500899901e-40
3541                         1.119061187973e-39
3542                         1.3539086659702e-39
3543                         1.6380415079085e-39
3544                         1.9818027973907e-39
3545                         2.3977062295328e-39
3546                         2.9008916380125e-39
3547                         3.5096761195515e-39
3548                         4.2462208180203e-39
3549                         5.1373376406292e-39
3550                         6.2154652725127e-39
3551                         7.5198500188671e-39
3552                         9.0979744599866e-39
3553                         1.1007285925503e-38
3554                         1.3317287708231e-38
3555                         1.6112069142576e-38
3556                         1.9493366648127e-38
3557                         2.3584267167411e-38
3558                         2.8533688811382e-38
3559                         3.4521801818367e-38
3560                         4.1766587161744e-38
3561                         5.0531771554619e-38
3562                         6.1136427703798e-38
3563                         7.3966589284164e-38
3564                         8.9489303445066e-38
3565                         1.0826963239196e-37
3566                         1.3099122293969e-37
3567                         1.5848119281608e-37
3568                         1.9174023963402e-37
3569                         2.3197906856733e-37
3570                         2.8066246478093e-37
3571                         3.3956261495228e-37
3572                         4.1082361890908e-37
3573                         4.9703953975408e-37
3574                         6.0134883367958e-37
3575                         7.2754859693208e-37
3576                         8.8023278877765e-37
3577                         1.0649594620987e-36
3578                         1.2884530891981e-36
3579                         1.5588493479302e-36
3580                         1.8859912789343e-36
3581                         2.2817875947672e-36
3582                         2.7606461842064e-36
3583                         3.3399985922687e-36
3584                         4.0409345682135e-36
3585                         4.8889697805255e-36
3586                         5.9149746454534e-36
3587                         7.1562980805834e-36
3588                         8.658127090639e-36
3589                         1.0475131677534e-35
3590                         1.2673454953158e-35
3591                         1.5333120899532e-35
3592                         1.8550947424309e-35
3593                         2.2444070753479e-35
3594                         2.7154209457206e-35
3595                         3.2852823329083e-35
3596                         3.9747354913768e-35
3597                         4.8088780888838e-35
3598                         5.8180748188417e-35
3599                         7.0390627444296e-35
3600                         8.5162886115034e-35
3601                         1.0303526811546e-34
3602                         1.2465836892201e-34
3603                         1.5081931873238e-34
3604                         1.8247043580059e-34
3605                         2.2076389299429e-34
3606                         2.6709365951596e-34
3607                         3.2314624456267e-34
3608                         3.9096209010922e-34
3609                         4.7300984765235e-34
3610                         5.7227624275903e-34
3611                         6.9237479869377e-34
3612                         8.3767737691342e-34
3613                         1.0134733228041e-33
3614                         1.226162009929e-33
3615                         1.4834857918384e-33
3616                         1.7948118414205e-33
3617                         2.1714731373911e-33
3618                         2.6271810106119e-33
3619                         3.1785242678697e-33
3620                         3.8455730623673e-33
3621                         4.6526094932011e-33
3622                         5.6290115293249e-33
3623                         6.8103224348748e-33
3624                         8.2395446253991e-33
3625                         9.9687050543614e-33
3626                         1.2060749113611e-32
3627                         1.4591831990206e-32
3628                         1.7654090890329e-32
3629                         2.1358999045742e-32
3630                         2.5841423596505e-32
3631                         3.1264535066523e-32
3632                         3.78257471485e-32
3633                         4.5763903020757e-32
3634                         5.5367969795254e-32
3635                         6.6987557595986e-32
3636                         8.1045646188278e-32
3637                         9.8053982440232e-32
3638                         1.1863170912321e-31
3639                         1.4352790318811e-31
3640                         1.7364884397056e-31
3641                         2.1009100396187e-31
3642                         2.5418096310218e-31
3643                         3.0752369959137e-31
3644                         3.7206101514807e-31
3645                         4.5014222157871e-31
3646                         5.446096618789e-31
3647                         6.5890217913021e-31
3648                         7.9718029983795e-31
3649                         9.64477688871e-31
3650                         1.1668843895964e-30
3651                         1.4117685199763e-30
3652                         1.7080444954537e-30
3653                         2.0664975433784e-30
3654                         2.5001763232199e-30
3655                         3.0248679465134e-30
3656                         3.659672690737e-30
3657                         4.4276993314148e-30
3658                         5.3569064089522e-30
3659                         6.4811200611196e-30
3660                         7.8412654823989e-30
3661                         9.4868568520567e-30
3662                         1.147779998756e-29
3663                         1.3886573372251e-29
3664                         1.6800866991833e-29
3665                         2.0326775096494e-29
3666                         2.4592659193851e-29
3667                         2.9753822010226e-29
3668                         3.5998162727892e-29
3669                         4.3553019596291e-29
3670                         5.2693449337593e-29
3671                         6.3752245210764e-29
3672                         7.7132059090428e-29
3673                         9.3320069793736e-29
3674                         1.1290573298482e-28
3675                         1.3660226074213e-28
3676                         1.652726154669e-28
3677                         1.9996096831661e-28
3678                         2.4193077293911e-28
3679                         2.9271084847225e-28
3680                         3.5415116071332e-28
3681                         4.2849034821456e-28
3682                         5.1843747445912e-28
3683                         6.2727101489288e-28
3684                         7.5895872886816e-28
3685                         9.1830284659243e-28
3686                         1.1111159508563e-27
3687                         1.3444340907677e-27
3688                         1.6267750771347e-27
3689                         1.9684516351546e-27
3690                         2.3819512027769e-27
3691                         2.8823967540953e-27
3692                         3.4881062115769e-27
3693                         4.2212719346036e-27
3694                         5.1087866200199e-27
3695                         6.1832479603767e-27
3696                         7.4841818828158e-27
3697                         9.0595335322283e-27
3698                         1.0967486883767e-26
3699                         1.3278688652553e-26
3700                         1.6078970914419e-26
3701                         1.9472690765185e-26
3702                         2.3586836047747e-26
3703                         2.8576085863175e-26
3704                         3.4629066254795e-26
3705                         4.1976109242284e-26
3706                         5.0898913010099e-26
3707                         6.1742620513624e-26
3708                         7.4930994297524e-26
3709                         9.0985582846712e-26
3710                         1.1055007102989e-25
3711                         1.3442141680451e-25
3712                         1.6358994562148e-25
3713                         1.9929137191749e-25
3714                         2.4307484525206e-25
3715                         2.9689272767362e-25
3716                         3.6322012421911e-25
3717                         4.4521555053472e-25
3718                         5.4693904959772e-25
3719                         6.7365136296578e-25
3720                         8.3222866517378e-25
3721                         1.0317438403841e-24
3722                         1.2842904326054e-24
3723                         1.6061642476292e-24
3724                         2.0195782920205e-24
3725                         2.5551827682071e-24
3726                         3.2558156943451e-24
3727                         4.1821594315644e-24
3728                         5.421389211045e-24
3729                         7.1005850256426e-24
3730                         9.4078377689054e-24
3731                         1.2625971399639e-23
3732                         1.7187272978701e-23
3733                         2.3763764389026e-23
3734                         3.3418593286098e-23
3735                         4.7864300916868e-23
3736                         6.9911211907236e-23
3737                         1.0426001184595e-22
3738                         1.5892869139895e-22
3739                         2.4787026327152e-22
3740                         3.958677714772e-22
3741                         6.4786806484264e-22
3742                         1.0871363269921e-21
3743                         1.871287484755e-21
3744                         3.3052796484614e-21
3745                         5.9923957711923e-21
3746                         1.1153197130805e-20
3747                         2.1313877737549e-20
3748                         4.1824332237965e-20
3749                         8.4280089333901e-20
3750                         1.7440826945445e-19
3751                         3.7065143628736e-19
3752                         8.089601805246e-19
3753                         1.7403523743614e-18
3754                         3.5581856669789e-18
3755                         7.2033717078706e-18
3756                         1.4709192197133e-17
3757                         3.057141880545e-17
3758                         6.4966734106628e-17
3759                         1.414839261108e-16
3760                         9.50747468644e-15
3761                         3.0509306411947e-14
3762.0374419527              3.9723443607833e-14
3763.1137277578              4.5811893333651e-14
3764.2303118051              4.9448028503234e-14
3765.3887029394              5.1480107043712e-14
3766.5904664997              5.2562995932147e-14
3767.8372264344              5.3118834335641e-14
3769.1306674955              5.339507854664e-14
3770.4725375156              5.352834278085e-14
3771.8646497695              5.3590820815269e-14
3773.3088854244              5.3619311783941e-14
3774.8071960824              5.363197043384e-14
3776.3616064171              5.3637476348736e-14
3777.9742169099              5.3639851497806e-14
3779.6472066885              5.3640901940155e-14
3781.3828364711              5.3641414323863e-14
3783.1834516219              5.3641724550278e-14
3785.05148532                5.3641985028556e-14
3786.9894618473              5.3642306170875e-14
3789                         2.6891924774501e-14
3791                         0
3793                         0
3795                         0
3797                         0
3799                         0
