x[nm]                    Hole_density[1e18_cm^-3]
-9                       0
-7                       0
-5                       0
-3                       0
-1                       0
1                        1.2180519015229e-24
2.998                    1.3110465968717e-24
4.996                    7.0521848597516e-25
6.9939999999999          3.7934080042632e-25
8.9919999999999          2.0404953165979e-25
10.99                    1.0975940676582e-25
12.988                   5.9040218917571e-26
14.986                   3.1758077303675e-26
16.984                   1.7082855356655e-26
18.982                   9.1889679601419e-27
20.98                    4.9427997658291e-27
22.978                   2.6587610105566e-27
24.976                   1.4301631629904e-27
26.974                   7.6929316724883e-28
28.972                   4.1380731478232e-28
30.97                    2.2258938623772e-28
32.968                   1.1973213890564e-28
34.966                   6.4404621145256e-29
36.964                   3.4643624206153e-29
38.962                   1.8635009055654e-29
40.96                    1.00238808867e-29
42.958                   5.391904438271e-30
44.956                   2.9003370850742e-30
46.954                   1.5601083630956e-30
48.952                   8.3919145713891e-31
50.949999999999          4.5140601665673e-31
52.947999999999          2.4281394923769e-31
54.945999999999          1.3061105029378e-31
56.943999999999          7.025645154414e-32
58.941999999999          3.7791358177385e-32
60.939999999999          2.032819366054e-32
62.937999999999          1.0934654837247e-32
64.935999999999          5.881815099086e-33
66.933999999999          3.1638629087771e-33
68.931999999999          1.701860452412e-33
70.929999999999          9.1544073905627e-34
72.927999999999          4.924209535137e-34
74.925999999999          2.6487612481541e-34
76.923999999999          1.42478424195e-34
78.921999999999          7.6639981709301e-35
80.919999999999          4.1225096568761e-35
82.917999999999          2.2175221721085e-35
84.915999999999          1.1928182085857e-35
86.913999999999          6.4162392449971e-36
88.911999999999          3.4513327976322e-36
90.909999999999          1.8564921950657e-36
92.907999999999          9.9861806218865e-37
94.905999999999          5.3716252445332e-37
96.903999999999          2.8894287876655e-37
98.901999999999          1.5542407258375e-37
100.9                    8.3603522058197e-38
102.898                  4.4970825846622e-38
104.896                  2.4190071513008e-38
106.894                  1.3011981630049e-38
108.892                  6.9992213892252e-39
110.89                   3.764922319153e-39
112.888                  2.0251738416332e-39
114.886                  1.0893529112064e-39
116.884                  5.8596933298168e-40
118.882                  3.151963479078e-40
120.88                   1.6954596792448e-40
122.878                  9.1199772555276e-41
124.876                  4.9056893631585e-41
126.874                  2.6387991388048e-41
128.872                  1.4194255647842e-41
130.87                   7.6351735315312e-42
132.868                  4.1070047139438e-42
134.866                  2.2091819721845e-42
136.864                  1.1883319660322e-42
138.862                  6.3921074826521e-43
140.86                   3.4383521808487e-43
142.858                  1.8495098450128e-43
144.856                  9.9486221506111e-44
146.854                  5.3514223221111e-44
148.852                  2.878561516966e-44
150.85                   1.5483951570634e-44
152.848                  8.3289085478522e-45
154.846                  4.480168856255e-45
156.844                  2.4099091573922e-45
158.842                  1.2963042986145e-45
160.84                   6.9728970050701e-46
162.838                  3.7507622782142e-46
164.836                  2.0175570723973e-46
166.834                  1.085255806273e-46
168.832                  5.8376547616059e-47
170.83                   3.140108803724e-47
172.828                  1.6890829797057e-47
174.826                  9.0856766139666e-48
176.824                  4.8872388464872e-48
178.822                  2.6288744974587e-48
180.82                   1.4140870418801e-48
182.818                  7.6064573031017e-49
184.816                  4.0915580859147e-49
186.814                  2.2008731401925e-49
188.812                  1.1838625964751e-49
190.81                   6.3680664811522e-50
192.808                  3.4254203848599e-50
194.806                  1.8425537559541e-50
196.804                  9.9112049387749e-51
198.802                  5.3312953839744e-51
200.8                    2.8677351186617e-51
202.798                  1.5425715737919e-51
204.796                  8.2975831512011e-52
206.794                  4.4633187413036e-52
208.792                  2.4008453815364e-52
210.79                   1.2914288403165e-52
212.788                  6.9466716283666e-53
214.786                  3.7366554939665e-53
216.784                  2.0099689502487e-53
218.782                  1.0811741107757e-53
220.78                   5.8156990816546e-54
222.778                  3.1282987144502e-54
224.776                  1.6827302632801e-54
226.774                  9.0515049789816e-55
228.772                  4.8688577232127e-55
230.77                   2.6189871832293e-55
232.768                  1.408768597451e-55
234.766                  7.577849077967e-56
236.764                  4.0761695534925e-56
238.762                  2.1925955581678e-56
240.76                   1.1794100364588e-56
242.758                  6.3441158991601e-57
244.756                  3.4125372260548e-57
246.754                  1.8356238291222e-57
248.752                  9.8739284550963e-58
250.75                   5.3112441443405e-58
252.748                  2.8569494390282e-58
254.746                  1.5367698933334e-58
256.744                  8.2663755710655e-59
258.742                  4.4465320005508e-59
260.74                   2.3918156950349e-59
262.738                  1.2865717188828e-59
264.736                  6.9205448867372e-60
266.734                  3.7226017661058e-60
268.732                  2.0024093674438e-60
270.73                   1.0771077667598e-60
272.728                  5.7938259782275e-61
274.726                  3.1165330435752e-61
276.724                  1.6764014397733e-61
278.722                  9.0174618654143e-62
280.72                   4.8505457323628e-62
282.718                  2.6091370557371e-62
284.716                  1.4034701559868e-62
286.714                  7.5493484499583e-63
288.712                  4.0608388981967e-63
290.71                   2.184349108591e-63
292.708                  1.1749742227699e-63
294.706                  6.3202553966495e-64
296.704                  3.3997025215335e-64
298.702                  1.8287199661344e-64
300.7                    9.8367921703661e-65
302.698                  5.2912683185449e-65
304.696                  2.8462043249405e-65
306.694                  1.5309900333195e-65
308.692                  8.2352853643876e-66
310.69                   4.4298083956731e-66
312.688                  2.3828199696914e-66
314.686                  1.2817328653555e-66
316.684                  6.8945164092488e-67
318.682                  3.7086008951035e-67
320.68                   1.9948782166523e-67
322.678                  1.0730567164908e-67
324.676                  5.7720351407637e-68
326.674                  3.1048116240459e-68
328.672                  1.6700964193255e-68
330.67                   8.9835467898991e-69
332.668                  4.8323026139361e-69
334.666                  2.5993239751266e-69
336.664                  1.3981916422582e-69
338.662                  7.5209550144109e-70
340.66                   4.0455659023574e-70
342.658                  2.1761336743744e-70
344.656                  1.1705550924254e-70
346.654                  6.2964846348276e-71
348.652                  3.3869160890565e-71
350.65                   1.8218420689634e-71
352.648                  9.7997955572888e-72
354.646                  5.2713676229538e-72
356.644                  2.8354996238322e-72
358.642                  1.5252319116851e-72
360.64                   8.2043120897289e-73
362.638                  4.4131476892133e-73
364.636                  2.3738580777775e-73
366.634                  1.2769122110289e-73
368.632                  6.8685858263321e-74
370.63                   3.6946526821666e-74
372.628                  1.9873753909445e-74
374.626                  1.0690209024509e-74
376.624                  5.7503262598707e-75
378.622                  3.0931342894371e-75
380.62                   1.6638151124154e-75
382.618                  8.9497592708977e-76
384.616                  4.8141281089062e-76
386.614                  2.5895478020648e-76
388.612                  1.3929329813167e-76
390.61                   7.4926683681712e-77
392.608                  4.030350349112e-77
394.60599999999          2.1679491388662e-77
396.60399999999          1.1661525826774e-77
398.60199999999          6.2728032761703e-78
400.59999999999          3.3741777470659e-78
402.59799999999          1.814990039947e-78
404.59599999999          9.7629380905332e-79
406.59399999999          5.2515417749845e-79
408.59199999999          2.8248351836983e-79
410.58999999999          1.5194954466652e-79
412.58799999999          8.1734553072704e-80
414.58599999999          4.3965496445924e-80
416.58399999999          2.3649298920333e-80
418.58199999999          1.2721096874485e-80
420.57999999999          6.8427527697622e-81
422.57799999999          3.6807569292236e-81
424.57599999999          1.9799007837746e-81
426.57399999999          1.0650002673276e-81
428.57199999999          5.72869902726e-82
430.56999999999          3.0815008739184e-82
432.56799999999          1.6575574298416e-82
434.56599999999          8.9160988285861e-83
436.56399999999          4.7960219591728e-83
438.56199999999          2.5798083977178e-83
440.55999999999          1.3876940984824e-83
442.55799999999          7.4644881095303e-84
444.55599999999          4.0151920223813e-84
446.55399999999          2.1597953858367e-84
448.55199999999          1.1617666310055e-84
450.54999999999          6.2492109843759e-85
452.54799999999          3.3614873146645e-85
454.54599999999          1.8081637817798e-85
456.54399999999          9.7262192466933e-86
458.54199999999          5.2317904930956e-86
460.53999999999          2.8142108530973e-86
462.53799999999          1.5137805567985e-86
464.53599999999          8.1427145788289e-87
466.53399999999          4.3800140261074e-87
468.53199999999          2.3560352856745e-87
470.52999999999          1.2673252264166e-87
472.52799999999          6.8170168726994e-88
474.52599999999          3.6669134389501e-88
476.52399999999          1.9724542890019e-88
478.52199999999          1.0609947540284e-88
480.51999999999          5.7071531358291e-89
482.51799999999          3.0699112122979e-89
484.51599999999          1.6513232827464e-89
486.51399999999          8.8825649849954e-90
488.51199999999          4.7779839076352e-90
490.50999999999          2.5701056237909e-90
492.50799999999          1.3824749193663e-90
494.50599999999          7.4364138383479e-91
496.50399999999          4.0000907069267e-91
498.50199999999          2.1516722995069e-91
500.49999999999          1.1573971751313e-91
502.49799999999          6.2257074244467e-92
504.49599999999          3.3488446116538e-92
506.49399999999          1.8013631975325e-92
508.49199999999          9.6896385043732e-93
510.48999999999          5.212113496826e-93
512.48799999999          2.8036264811666e-93
514.48599999999          1.5080871609349e-93
516.48399999999          8.1120894678888e-94
518.48199999999          4.3635405989559e-94
520.47999999999          2.347174132399e-94
522.47799999999          1.2625587599946e-94
524.47599999999          6.7913777697002e-95
526.47399999999          3.6531220147707e-95
528.47199999999          1.9650358008857e-95
530.46999999999          1.0570043056734e-95
532.46799999999          5.6856882796156e-96
534.46599999999          3.0583651399955e-96
536.46399999999          1.6451125826001e-96
538.46199999999          8.8491572639141e-97
540.45999999999          4.7600136981331e-97
542.45799999999          2.5604393424916e-97
544.45599999999          1.377275369848e-97
546.45399999999          7.4084451559166e-98
548.45199999999          3.9850461882775e-98
550.44999999999          2.1435797645103e-98
552.44799999999          1.1530441529976e-98
554.44599999999          6.2022922625667e-99
556.44399999999          3.336249458469e-99
558.44199999999          1.7945881906136e-99
560.43999999999          9.6531953439942e-100
562.43799999999          5.1925105066838e-100
564.43599999999          2.7930819175637e-100
566.43399999999          1.5024151782033e-100
568.43199999999          8.0815795394379e-101
570.42999999999          4.3471291291372e-101
572.42799999999          2.3383463063343e-101
574.42599999999          1.2578102204735e-101
576.42399999999          6.7658350965467e-102
578.42199999999          3.6393824607682e-102
580.41999999999          1.9576452140412e-102
582.41799999999          1.0530288655757e-102
584.41599999999          5.6643041536957e-103
586.41399999999          3.0468624929895e-103
588.41199999999          1.6389252411751e-103
590.40999999999          8.8158751907621e-104
592.40799999999          4.7421110753877e-104
594.40599999999          2.5508094165035e-104
596.40399999999          1.3720953760643e-104
598.40199999999          7.3805816649281e-105
600.39999999999          3.9700582527232e-105
602.39799999999          2.1355176658923e-105
604.39599999999          1.1487075027702e-105
606.39399999999          6.178965166131e-106
608.39199999999          3.3237016762043e-106
610.38999999999          1.7878386647907e-106
612.38799999999          9.6168892479265e-107
614.38599999999          5.1729812442395e-107
616.38399999999          2.7825770125223e-107
618.38199999999          1.4967645280447e-107
620.37999999999          8.0511843601486e-108
622.37799999999          4.3307793835665e-108
624.37599999999          2.3295516821059e-108
626.37399999999          1.2530795404158e-108
628.37199999999          6.7403884904987e-109
630.37                   3.625694581828e-109
632.368                  1.9502824235169e-109
634.36599999999          1.0490683772822e-109
636.364                  5.6430004544109e-110
638.362                  3.0354031079437e-110
640.36                   1.6327611706132e-110
642.358                  8.7827182929523e-111
644.356                  4.7242757851959e-111
646.354                  2.5412157090929e-111
648.352                  1.3669348644667e-111
650.35                   7.3528229697653e-112
652.348                  3.9551266874597e-112
654.346                  2.1274858891856e-112
656.344                  1.1443871628777e-112
658.342                  6.155725803947e-113
660.34                   3.3112010867107e-113
662.338                  1.7811145242373e-113
664.336                  9.5807197007193e-114
666.334                  5.1535254322318e-114
668.332                  2.7721116169033e-114
670.33                   1.4911351302372e-114
672.328                  8.020903498509e-115
674.326                  4.3144911301331e-115
676.324                  2.320790134859e-115
678.322                  1.2483666526609e-115
680.32                   6.7150375902922e-116
682.318                  3.6120581836219e-116
684.316                  1.9429473247822e-116
686.314                  1.0451227845651e-116
688.312                  5.6217768793057e-117
690.31                   3.0239868221655e-117
692.308                  1.6266202834005e-117
694.306                  8.7496860997399e-118
696.304                  4.7065075743391e-118
698.302                  2.5316580840508e-118
700.3                    1.3617937617872e-118
702.298                  7.325168676313e-119
704.296                  3.9402512804891e-119
706.294                  2.1194843203545e-119
708.292                  1.1400830719788e-119
710.29                   6.1325738460528e-120
712.288                  3.2987475124964e-120
714.286                  1.7744156734782e-120
716.284                  9.544686188799e-121
718.282                  5.1341427944023e-121
720.28                   2.7616855821049e-121
722.278                  1.4855269048456e-121
724.276                  7.9907365245354e-122
726.274                  4.2982641375436e-122
728.272                  2.3120615401804e-122
730.27                   1.243671490286e-122
732.268                  6.6897820359476e-123
734.266                  3.5984730725142e-123
736.264                  1.9356398136784e-123
738.262                  1.0411920313966e-123
740.26                   5.6006331270053e-124
742.258                  3.0126134735429e-124
744.256                  1.6205024923359e-124
746.254                  8.716778142064e-125
748.252                  4.6888061905072e-125
750.25                   2.522136405658e-125
752.248                  1.3566719950216e-125
754.246                  7.2976183918792e-126
756.244                  3.9254318205811e-126
758.242                  2.1115128457773e-126
760.24                   1.1357951689559e-126
762.238                  6.1095089636964e-127
764.236                  3.2863407767265e-127
766.234                  1.7677420173943e-127
768.232                  9.5087882005166e-128
770.23                   5.1148330555361e-128
772.228                  2.7512987600865e-128
774.226                  1.4799397722397e-128
776.224                  7.9606830098955e-129
778.222                  4.2820981753962e-129
780.22                   2.3033657741351e-129
782.218                  1.2389939866257e-129
784.216                  6.6646214688643e-130
786.214                  3.5849390556131e-130
788.212                  1.9283597864484e-130
790.21                   1.0372760619655e-130
792.208                  5.5795688972955e-131
794.206                  3.0012829005892e-131
796.204                  1.6144077105552e-131
798.202                  8.6839939526821e-132
800.2                    4.6711713823683e-132
802.198                  2.5126505387215e-132
804.196                  1.3515694914488e-132
806.194                  7.2701717252922e-133
808.192                  3.9106680973225e-133
810.19                   2.1035713522712e-133
812.188                  1.1315233929274e-133
814.186                  6.0865308293905e-134
816.184                  3.2739807032427e-134
818.182                  1.7610934612282e-134
820.18                   9.4730252261707e-135
822.178                  5.0955959414601e-135
824.176                  2.7409510033705e-135
826.174                  1.4743736530893e-135
828.172                  7.9307425278703e-136
830.17                   4.2659930141572e-136
832.168                  2.2947027132562e-136
834.166                  1.2343340752672e-136
836.164                  6.6395555318084e-137
838.162                  3.571455940761e-137
840.16                   1.9211071397308e-137
842.158                  1.0333748206729e-137
844.156                  5.5585838911117e-138
846.154                  2.9899949424354e-138
848.152                  1.608335851526e-138
850.15                   8.6513330661266e-139
852.148                  4.6536028995451e-139
854.146                  2.5032003485624e-139
856.144                  1.3464861786244e-139
858.142                  7.2428282868649e-140
860.14                   3.895959901097e-140
862.138                  2.0956597270824e-140
864.136                  1.1272676832423e-140
866.134                  6.0636391168887e-141
868.132                  3.2616671165544e-141
870.13                   1.7544699105827e-141
872.128                  9.4373967579877e-142
874.126                  5.0764311790379e-142
876.124                  2.7306421650334e-142
878.122                  1.4688284683633e-142
880.12                   7.9009146533418e-143
882.118                  4.249948425152e-143
884.116                  2.2860722345367e-143
886.114                  1.229691690043e-143
888.112                  6.6145838688573e-144
890.11                   3.5580235365027e-144
892.108                  1.913881770539e-144
894.106                  1.0294882521216e-144
896.104                  5.5376778104648e-145
898.102                  2.978749438794e-145
900.1                    1.6022868290303e-145
902.098                  8.618795018642e-146
904.096                  4.6361004925957e-146
906.094                  2.4937857010193e-146
908.092                  1.3414219843957e-146
910.09                   7.2155876886267e-147
912.088                  3.8813070233402e-147
914.086                  2.0877778581413e-147
916.084                  1.1230279797276e-147
918.082                  6.0408335035418e-148
920.08                   3.2493998440612e-148
922.078                  1.7478712735023e-148
924.076                  9.4019023095997e-149
926.074                  5.05733851435e-149
928.072                  2.7203721156595e-149
930.07                   1.463304155124e-149
932.068                  7.8711991099294e-150
934.066                  4.2339643176026e-150
936.064                  2.2774743430565e-150
938.062                  1.2250668838869e-150
940.06                   6.5897072322283e-151
942.058                  3.544642682795e-151
944.056                  1.9066845360875e-151
946.054                  1.02561719493e-151
948.052                  5.5168586818929e-152
950.05                   2.9675539809822e-152
952.048                  1.5962677751449e-152
954.046                  8.586446564237e-153
956.044                  4.6187265067747e-153
958.042                  2.4844647519115e-153
960.04                   1.3364311182561e-153
962.038                  7.1889550358855e-154
964.036                  3.8671799972612e-154
966.034                  2.0803640209358e-154
968.032                  1.1192124922456e-154
970.03                   6.0219160906782e-155
972.028                  3.2407204362271e-155
974.026                  1.7445968935393e-155
976.024                  9.3972873205612e-156
978.022                  5.0669824545133e-156
980.02                   2.7368878909071e-156
982.018                  1.4827952531091e-156
984.016                  8.0757613775201e-157
986.014                  4.4383976184731e-157
988.012                  2.4778801542376e-157
990.01                   1.4213308983227e-157
992.008                  8.5423477375402e-158
994.006                  5.5624485428205e-158
996.004                  4.1530899790608e-158
998.002                  3.9066730009463e-158
1000                     5.3861676424145e-158
1002                     7.9027161090317e-158
1004                     8.6805688186988e-158
1006                     7.9404987158385e-158
1008                     6.428670028462e-158
1010                     4.7784090229216e-158
1012                     3.3374012227349e-158
1014                     2.2242156134668e-158
1016                     1.4295653317319e-158
1018                     8.9287908689172e-159
1020                     5.4497717080855e-159
1022                     3.2643973168564e-159
1024                     1.9252634490851e-159
1026                     1.1208820513392e-159
1028                     6.4551675808485e-160
1030                     3.6834777102976e-160
1032                     2.0854769896841e-160
1034                     1.1728455947936e-160
1036                     6.5580409574114e-161
1038                     3.6487956054185e-161
1040                     2.0214274924433e-161
1042                     1.1157001442198e-161
1044                     6.138028289663e-162
1046                     3.3673144353513e-162
1048                     1.8427564229834e-162
1050                     1.0062744893758e-162
1052                     5.4846129826936e-163
1054                     2.9844055373297e-163
1056                     1.621586659566e-163
1058                     8.7997390574433e-164
1060                     4.7699497395513e-164
1062                     2.5830381991517e-164
1064                     1.3975656020678e-164
1066                     7.5558427384895e-165
1068                     4.0822764595975e-165
1070                     2.2042728779379e-165
1072                     1.1896033712086e-165
1074                     6.4171127127624e-166
1076                     3.4602011782535e-166
1078                     1.8651250783451e-166
1080                     1.0050270667127e-166
1082                     5.4141068370079e-167
1084                     2.9158778437064e-167
1086                     1.5700654872949e-167
1088                     8.4524607892821e-168
1090                     4.5496211974469e-168
1092                     2.4485138481637e-168
1094                     1.3175670033253e-168
1096                     7.0891204223664e-169
1098                     3.8138832253634e-169
1100                     2.0516488368086e-169
1102                     1.1035800977779e-169
1104                     5.9357273478737e-170
1106                     3.1923967825462e-170
1108                     1.7168635749813e-170
1110                     9.2328016646061e-171
1112                     4.9649227156169e-171
1114                     2.6697766292118e-171
1116                     1.4355645870001e-171
1118                     7.7189392589074e-172
1120                     4.1503153053773e-172
1122                     2.2314875635293e-172
1124                     1.1997725850392e-172
1126                     6.4505317768031e-173
1128                     3.4680483396276e-173
1130                     1.8645267296562e-173
1132                     1.002412904706e-173
1134                     5.3891451422681e-174
1136                     2.897269313002e-174
1138                     1.5575934109452e-174
1140                     8.3736734581416e-175
1142                     4.5016840533422e-175
1144                     2.420089416567e-175
1146                     1.3010246525052e-175
1148                     6.9941930865025e-176
1150                     3.7600006724472e-176
1152                     2.0213273331143e-176
1154                     1.0866357260992e-176
1156                     5.8415766185206e-177
1158                     3.1403285342594e-177
1160                     1.6881814757398e-177
1162                     9.0753278818459e-178
1164                     4.8787073382574e-178
1166                     2.6226874861019e-178
1168                     1.4098981288425e-178
1170                     7.5792879194729e-179
1172                     4.0744464807893e-179
1174                     2.1903243162279e-179
1176                     1.1774646386031e-179
1178                     6.3297565308463e-180
1180                     3.40271721257e-180
1182                     1.8292137747712e-180
1184                     9.8333806231738e-181
1186                     5.2861689990763e-181
1188                     2.8417054905353e-181
1190                     1.5276256382213e-181
1192                     8.2121084757989e-182
1194                     4.4146095511177e-182
1196                     2.3731752784023e-182
1198                     1.2757548870472e-182
1200                     6.8581121757822e-183
1202                     3.6867344435581e-183
1204                     1.9818878026743e-183
1206                     1.0654086469028e-183
1208                     5.7273446750314e-184
1210                     3.0788631022197e-184
1212                     1.6551120449238e-184
1214                     8.8974260123545e-185
1216                     4.7830105747851e-185
1218                     2.5712142724231e-185
1220                     1.3822136438626e-185
1222                     7.4303977150337e-186
1224                     3.9943758408099e-186
1226                     2.1472656472419e-186
1228                     1.1543104080967e-186
1230                     6.2052521582343e-187
1232                     3.3357711305184e-187
1234                     1.7932178252759e-187
1236                     9.639840318825e-188
1238                     5.1821099702039e-188
1240                     2.7857581070675e-188
1242                     1.4975460126006e-188
1244                     8.050390399994e-189
1246                     4.327665683746e-189
1248                     2.3264325280185e-189
1250                     1.2506253155498e-189
1252                     6.7230132371593e-190
1254                     3.6141045702838e-190
1256                     1.9428418935686e-190
1258                     1.0444176504561e-190
1260                     5.614498159568e-191
1262                     3.0181976953516e-191
1264                     1.6224989369783e-191
1266                     8.7221019226471e-192
1268                     4.6887588029933e-192
1270                     2.5205459937547e-192
1272                     1.3549752417816e-192
1274                     7.2839690560774e-193
1276                     3.9156586396021e-193
1278                     2.1049488871674e-193
1280                     1.1315618187106e-193
1282                     6.0829607590962e-194
1284                     3.2700300545954e-194
1286                     1.7578769568955e-194
1288                     9.4498562443734e-195
1290                     5.0799791546758e-195
1292                     2.730855108077e-195
1294                     1.4680315391177e-195
1296                     7.8917280979152e-196
1298                     4.2423729112494e-196
1300                     2.2805813489545e-196
1302                     1.2259769228743e-196
1304                     6.5905099840202e-197
1306                     3.5428743418771e-197
1308                     1.9045504262639e-197
1310                     1.0238331861081e-197
1312                     5.5038416327948e-198
1314                     2.958711743765e-198
1316                     1.5905209062104e-198
1318                     8.5501967472876e-199
1320                     4.596347279916e-199
1322                     2.4708680910988e-199
1324                     1.3282697653745e-199
1326                     7.1404077612508e-200
1328                     3.8384840431157e-200
1330                     2.0634619535759e-200
1332                     1.1092595894109e-200
1334                     5.9630701429196e-201
1336                     3.2055801786464e-201
1338                     1.7232304895071e-201
1340                     9.263606443697e-202
1342                     4.9798564303346e-202
1344                     2.6770319115822e-202
1346                     1.4390976839842e-202
1348                     7.7361877348074e-203
1350                     4.158758737033e-203
1352                     2.2356326947395e-203
1354                     1.2018137770804e-203
1356                     6.4606156376295e-204
1358                     3.4730467575544e-204
1360                     1.8670130613855e-204
1362                     1.0036541442388e-204
1364                     5.3953647249422e-205
1366                     2.9003975803866e-205
1368                     1.559172836894e-205
1370                     8.3816782627828e-206
1372                     4.5057564394481e-206
1374                     2.4221689803695e-206
1376                     1.3020904809852e-206
1378                     6.9996752266567e-207
1380                     3.7628301561246e-207
1382                     2.0227925332714e-207
1384                     1.0873968430357e-207
1386                     5.8455421146399e-208
1388                     3.1424003879374e-208
1390                     1.6892667958655e-208
1392                     9.0810270981496e-209
1394                     4.8817068659054e-209
1396                     2.6242694429862e-209
1398                     1.4107340523626e-209
1400                     7.5837127617092e-210
1402                     4.0767924440296e-210
1404                     2.191569901698e-210
1406                     1.1781268484884e-210
1408                     6.3332813160702e-211
1410                     3.4045953778181e-211
1412                     1.8302155088615e-211
1414                     9.8387280635483e-212
1416                     5.2890257699011e-212
1418                     2.8432327241882e-212
1420                     1.5284426046661e-212
1422                     8.2164811057615e-213
1424                     4.4169510556196e-213
1426                     2.3744296830488e-213
1428                     1.2764271663301e-213
1430                     6.861716405319e-214
1432                     3.6886673418575e-214
1434                     1.9829246729489e-214
1436                     1.0659649933652e-214
1438                     5.730330468833e-215
1440                     3.0804658207738e-215
1442                     1.6559725001146e-215
1444                     8.9020462510662e-216
1446                     4.7854917548833e-216
1448                     2.5725468830627e-216
1450                     1.3829294468644e-216
1452                     7.4342429581977e-217
1454                     3.9964416468838e-217
1456                     2.1483755544116e-217
1458                     1.1549067722264e-217
1460                     6.2084566629676e-218
1462                     3.337493126102e-218
1464                     1.7941432100542e-218
1466                     9.6448134469802e-219
1468                     5.1847826809907e-219
1470                     2.7871945472947e-219
1472                     1.4983180438693e-219
1474                     8.0545398697171e-220
1476                     4.3298959642321e-220
1478                     2.3276312941922e-220
1480                     1.2512696578527e-220
1482                     6.7264766570603e-221
1484                     3.6159662255075e-221
1486                     1.9438425806899e-221
1488                     1.0449555507045e-221
1490                     5.6173895653646e-222
1492                     3.0197519413904e-222
1494                     1.6233344120828e-222
1496                     8.7265929937251e-223
1498                     4.6911729777497e-223
1500                     2.5218437393598e-223
1502                     1.3556728510998e-223
1504                     7.2877191021991e-224
1506                     3.9176745089688e-224
1508                     2.1060325381634e-224
1510                     1.1321443477881e-224
1512                     6.0860922184362e-225
1514                     3.2717134139009e-225
1516                     1.7587818716047e-225
1518                     9.4547207550091e-226
1520                     5.0825941521469e-226
1522                     2.732260844589e-226
1524                     1.4687872175912e-226
1526                     7.8957903848404e-227
1528                     4.2445566692492e-227
1530                     2.2817552696257e-227
1532                     1.2266079866911e-227
1534                     6.5939023919121e-228
1536                     3.5446979985312e-228
1538                     1.9055307697918e-228
1540                     1.0243601898182e-228
1542                     5.5066746500184e-229
1544                     2.960234691134e-229
1546                     1.591339598493e-229
1548                     8.5545978003583e-230
1550                     4.5987131593531e-230
1552                     2.4721399200234e-230
1554                     1.3289534642412e-230
1556                     7.1440831314369e-231
1558                     3.8404598176067e-231
1560                     2.06452407388e-231
1562                     1.1098305552086e-231
1564                     5.9661394936405e-232
1566                     3.2072301749608e-232
1568                     1.7241174810183e-232
1570                     9.268374660357e-233
1572                     4.9824196895232e-233
1574                     2.6784098477087e-233
1576                     1.4398384237662e-233
1578                     7.7401697441017e-234
1580                     4.1608993536109e-234
1582                     2.2367834302447e-234
1584                     1.2024323802682e-234
1586                     6.4639410752428e-235
1588                     3.4748344197871e-235
1590                     1.8679740586113e-235
1592                     1.0041707494827e-235
1594                     5.3981418503586e-236
1596                     2.9018904854206e-236
1598                     1.5599753809402e-236
1600                     8.3859925154592e-237
1602                     4.5080756612352e-237
1604                     2.4234157292631e-237
1606                     1.3027606983949e-237
1608                     7.003278128434e-238
1610                     3.7647669756022e-238
1612                     2.0238337133963e-238
1614                     1.0879565524325e-238
1616                     5.8485509562835e-239
1618                     3.1440178573183e-239
1620                     1.6901363023178e-239
1622                     9.0857013225107e-240
1624                     4.8842195986828e-240
1626                     2.6256202181296e-240
1628                     1.4114601914605e-240
1630                     7.5876162833234e-241
1632                     4.0788908685981e-241
1634                     2.1926979563577e-241
1636                     1.1787332592969e-241
1638                     6.3365412119738e-242
1640                     3.4063478072616e-242
1642                     1.8311575662549e-242
1644                     9.84379230258e-243
1646                     5.2917481643143e-243
1648                     2.8446962079576e-243
1650                     1.5292293330052e-243
1652                     8.2207103396151e-244
1654                     4.419224574834e-244
1656                     2.375651864211e-244
1658                     1.2770841772268e-244
1660                     6.8652483150396e-245
1662                     3.6905659994692e-245
1664                     1.983945339211e-245
1666                     1.0665136756195e-245
1668                     5.7332800348819e-246
1670                     3.0820514272145e-246
1672                     1.6568248791296e-246
1674                     8.9066284103177e-247
1676                     4.7879550004016e-247
1678                     2.5738710578924e-247
1680                     1.3836412879889e-247
1682                     7.4380696276959e-248
1684                     3.9984987638538e-248
1686                     2.1494814068772e-248
1688                     1.155501249955e-248
1690                     6.2116524233414e-249
1692                     3.3392110862095e-249
1694                     1.7950667426411e-249
1696                     9.6497781319075e-250
1698                     5.1874515761913e-250
1700                     2.7886292825085e-250
1702                     1.4990893245557e-250
1704                     8.0586861024692e-251
1706                     4.3321248894144e-251
1708                     2.3288295180788e-251
1710                     1.2519137992522e-251
1712                     6.7299394403172e-252
1714                     3.6178277569445e-252
1716                     1.9448433098107e-252
1718                     1.0454935279931e-252
1720                     5.620281661669e-253
1722                     3.0213067006385e-253
1724                     1.62417023706e-253
1726                     8.7310863367717e-254
1728                     4.6935885838042e-254
1730                     2.52314236881e-254
1732                     1.3563709988338e-254
1734                     7.2914723976506e-255
1736                     3.9196923267514e-255
1738                     2.107117352475e-255
1740                     1.1327275695177e-255
1742                     6.0892277952919e-256
1744                     3.2733992190847e-256
1746                     1.7596882390792e-256
1748                     9.4595938979396e-257
1750                     5.0852142827213e-257
1752                     2.7336696364778e-257
1754                     1.4695447168261e-257
1756                     7.8998635357813e-258
1758                     4.2467469180695e-258
1760                     2.2829330734711e-258
1762                     1.2272413767018e-258
1764                     6.5973087525761e-259
1766                     3.54653003448e-259
1768                     1.9065161513288e-259
1770                     1.0248902259127e-259
1772                     5.5095259377694e-260
1774                     2.9617686571021e-260
1776                     1.5921649416331e-260
1778                     8.5590390300258e-261
1780                     4.6011033262711e-261
1782                     2.4734264408102e-261
1784                     1.3296460557186e-261
1786                     7.1478123552136e-262
1788                     3.8424682215565e-262
1790                     2.065605972694e-262
1792                     1.1104135145163e-262
1794                     5.9692815972704e-263
1796                     3.2089243171053e-263
1798                     1.7250312672831e-263
1800                     9.2733055507809e-264
1802                     4.9850817314738e-264
1804                     2.6798477809248e-264
1806                     1.440615609988e-264
1808                     7.7443731890264e-265
1810                     4.1631745251794e-265
1812                     2.2380159378786e-265
1814                     1.2031006836398e-265
1816                     6.467568614133e-266
1818                     3.476805729198e-266
1820                     1.8690467033064e-266
1822                     1.0047552348628e-266
1824                     5.4013317023288e-267
1826                     2.9036343507815e-267
1828                     1.5609305297508e-267
1830                     8.3912347707096e-268
1832                     4.5109592301379e-268
1834                     2.4250056863877e-268
1836                     1.3036396443087e-268
1838                     7.0081504846651e-269
1840                     3.7674758755533e-269
1842                     2.0253444815682e-269
1844                     1.0888018758953e-269
1846                     5.8532969963914e-270
1848                     3.1466919638495e-270
1850                     1.6916485087905e-270
1852                     9.0942848220943e-271
1854                     4.8891102077399e-271
1856                     2.6284173885519e-271
1858                     1.4130661411741e-271
1860                     7.5968715529835e-272
1862                     4.0842447072765e-272
1864                     2.1958062648843e-272
1866                     1.180544260877e-272
1868                     6.3471287166604e-273
1870                     3.4125577147139e-273
1872                     1.8348111917124e-273
1874                     9.8653516973164e-274
1876                     5.304505093636e-274
1878                     2.8522640973465e-274
1880                     1.5337296628024e-274
1882                     8.2475315139264e-275
1884                     4.4352422717028e-275
1886                     2.3852356904495e-275
1888                     1.2828283237962e-275
1890                     6.8997305019595e-276
1892                     3.7112953609685e-276
1894                     1.9964232630081e-276
1896                     1.074033571838e-276
1898                     5.7786477271631e-277
1900                     3.1094484493997e-277
1902                     1.6733842009196e-277
1904                     9.0067963949924e-278
1906                     4.8485910729145e-278
1908                     2.6106010731017e-278
1910                     1.4059038278659e-278
1912                     7.5730811363934e-279
1914                     4.0804190344607e-279
1916                     2.1992117506745e-279
1918                     1.185704164426e-279
1920                     6.3951642588201e-280
1922                     3.4507587033687e-280
1924                     1.8628985262836e-280
1926                     1.0062427484774e-280
1928                     5.4385852232086e-281
1930                     2.9415294027844e-281
1932                     1.5922206874142e-281
1934                     8.6262020237719e-282
1936                     4.6781166206501e-282
1938                     2.5398738160721e-282
1940                     1.3807149256186e-282
1942                     7.516487449704e-283
1944                     4.0984629294484e-283
1946                     2.2387570858566e-283
1948                     1.2253691459085e-283
1950                     6.7221037853701e-284
1952                     3.6968946175787e-284
1954                     2.0388700808049e-284
1956                     1.1279820723332e-284
1958                     6.2622111163704e-285
1960                     3.4900568028892e-285
1962                     1.9534266636331e-285
1964                     1.0985413826922e-285
1966                     6.2101140468626e-286
1968                     3.5307718505965e-286
1970                     2.0200539629096e-286
1972                     1.163664977669e-286
1974                     6.7534186667942e-287
1976                     3.9510976835179e-287
1978                     2.3317614576263e-287
1980                     1.3889928332173e-287
1982                     8.356856529743e-288
1984                     5.0814462573971e-288
1986                     3.1246469926314e-288
1988                     1.9442027968714e-288
1990                     1.2247674923099e-288
1992                     7.8156599246161e-289
1994                     5.0546097720977e-289
1996                     3.3144357634453e-289
1998                     2.2044517089442e-289
2000                     5.0353254820726e-286
2002                     8.9881696410358e-286
2004                     7.7732493078919e-286
2006                     6.553070611577e-286
2008                     5.4103136004189e-286
2010                     4.3904294232783e-286
2012                     3.5118746214895e-286
2014                     2.775311822047e-286
2016                     2.1708552960659e-286
2018                     1.6832813600061e-286
2020                     1.2954958234319e-286
2022                     9.9066125673775e-287
2024                     7.5336947810976e-287
2026                     5.7017667693051e-287
2028                     4.2974030515752e-287
2030                     3.2272654455482e-287
2032                     2.4160105101144e-287
2034                     1.803741410465e-287
2036                     1.3434251498887e-287
2038                     9.9850228771949e-288
2040                     7.407930876051e-288
2042                     5.4872992457276e-288
2044                     4.059043070152e-288
2046                     2.9989622395843e-288
2048                     2.2134556174585e-288
2050                     1.6322463946018e-288
2052                     1.2027403012811e-288
2054                     8.8568641486512e-289
2056                     6.5186286477526e-289
2058                     4.7956006691887e-289
2060                     3.5267898565962e-289
2062                     2.5930016007658e-289
2064                     1.9061083228384e-289
2066                     1.4010305149168e-289
2068                     1.0297591407905e-289
2070                     7.569100338806e-290
2072                     5.5642428490545e-290
2074                     4.0912346952339e-290
2076                     3.0090099224139e-290
2078                     2.2138579449778e-290
2080                     1.6295619077622e-290
2082                     1.2001281819324e-290
2084                     8.844308039409e-291
2086                     6.5226943528847e-291
2088                     4.8146963182768e-291
2090                     3.5575100245376e-291
2092                     2.6316064329816e-291
2094                     1.9492241286155e-291
2096                     1.4459193904681e-291
2098                     1.0743629211753e-291
2100                     7.9978682516106e-292
2102                     5.9664331984668e-292
2104                     4.4615292853608e-292
2106                     3.3450544980845e-292
2108                     2.5153990176794e-292
2110                     1.8977586770888e-292
2112                     1.4370262686145e-292
2114                     1.0925738698444e-292
2116                     8.3442236394836e-293
2118                     6.4042861880813e-293
2120                     4.942193046941e-293
2122                     3.8367258810452e-293
2124                     2.9980193058255e-293
2126                     2.3593507907377e-293
2128                     1.8710982647573e-293
2130                     1.4962901214237e-293
2132                     1.2073255025183e-293
2134                     9.8355506442765e-294
2136                     8.0949480523568e-294
2138                     6.735059486995e-294
2140                     5.6681820448028e-294
2142                     4.8280624830671e-294
2144                     4.1645314024815e-294
2146                     3.639519323209e-294
2148                     3.2240960070287e-294
2150                     2.8962691408328e-294
2152                     2.6393482898508e-294
2154                     2.4407315441675e-294
2156                     2.2910104455649e-294
2158                     2.1833172344248e-294
2160                     2.1128599099023e-294
2162                     2.0766070993184e-294
2164                     2.073097874722e-294
2166                     2.1023627301809e-294
2168                     2.1659520821467e-294
2170                     2.2670789965731e-294
2172                     2.4108946285708e-294
2174                     2.6049296472408e-294
2176                     2.8597548498956e-294
2178                     3.1899423487948e-294
2180                     3.6154498021631e-294
2182                     4.163611327873e-294
2184                     4.8720111780184e-294
2186                     5.7926576658128e-294
2188                     6.9980935049184e-294
2190                     8.5904202832244e-294
2192                     1.0714753601663e-293
2194                     1.3579483762835e-293
2196                     1.7487097895651e-293
2198                     2.2881563633437e-293
2200                     3.042195869757e-293
2202                     4.1098141535371e-293
2204                     5.6414500179273e-293
2206                     7.8685165586552e-293
2208                     1.1151378124196e-292
2210                     1.6058234075454e-292
2212                     2.34963601265e-292
2214                     3.4933086566443e-292
2216                     5.2772405984321e-292
2218                     8.1004732911522e-292
2220                     1.2634191600473e-291
2222                     2.0022490120448e-291
2224                     3.2242022906708e-291
2226                     5.2754564383454e-291
2228                     8.7706416130232e-291
2230                     1.4816180288698e-290
2232                     2.5431659940174e-290
2234                     4.4355423114766e-290
2236                     7.86053869555e-290
2238                     1.4154399801839e-289
2240                     2.5897877470369e-289
2242                     4.8147135059954e-289
2244                     9.0951589469494e-289
2246                     1.7457566347613e-288
2248                     3.4047926928105e-288
2250                     6.747318516113e-288
2252                     1.3586428726667e-287
2254                     2.7797963639925e-287
2256                     5.7790202345268e-287
2258                     1.2207564077472e-286
2260                     2.6202176933923e-286
2262                     5.7145140157637e-286
2264                     1.2663530316685e-285
2266                     2.8514374650088e-285
2268                     6.5238876526494e-285
2270                     1.5166405393589e-284
2272                     3.5825512522298e-284
2274                     8.5987580463924e-284
2276                     2.0970684694676e-283
2278                     5.1966450861827e-283
2280                     1.3084799381522e-282
2282                     3.3476854493144e-282
2284                     8.7027355306586e-282
2286                     2.2987963132869e-281
2288                     6.1699090610498e-281
2290                     1.6826376368176e-280
2292                     4.6626841749962e-280
2294                     1.312849567435e-279
2296                     3.7560165397136e-279
2298                     1.0918766825057e-278
2300                     3.2251747569245e-278
2302                     9.6798020751194e-278
2304                     2.9519790263155e-277
2306                     9.1473147429225e-277
2308                     2.8800998375992e-276
2310                     9.214144687915e-276
2312                     2.9952706947242e-275
2314                     9.8935167227665e-275
2316                     3.3204647323325e-274
2318                     1.1323498225463e-273
2320                     3.9237011863918e-273
2322                     1.3814806305997e-272
2324                     4.9422787836959e-272
2326                     1.7965662778107e-271
2328                     6.6357927346326e-271
2330                     2.4904392169754e-270
2332                     9.497135742722e-270
2334                     3.6799583996349e-269
2336                     1.4488610516294e-268
2338                     5.7962102614869e-268
2340                     2.3561074357101e-267
2342                     9.731496107104e-267
2344                     4.084112546722e-266
2346                     1.7416037642096e-265
2348                     7.5463087986429e-265
2350                     3.3224109981759e-264
2352                     1.4862973505594e-263
2354                     6.7560307316756e-263
2356                     3.1204059266689e-262
2358                     1.4644148920116e-261
2360                     6.983139922571e-261
2362                     3.383536895433e-260
2364                     1.6658068892582e-259
2366                     8.333202894884e-259
2368                     4.235774418518e-258
2370                     2.1876974226386e-257
2372                     1.1480881966945e-256
2374                     6.1220491770026e-256
2376                     3.3170494088698e-255
2378                     1.8261675955889e-254
2380                     1.0215576695349e-253
2382                     5.806557220112e-253
2384                     3.3535755636266e-252
2386                     1.9680269785999e-251
2388                     1.1735120779077e-250
2390                     7.1101316934969e-250
2392                     4.3772493883793e-249
2394                     2.7381579805246e-248
2396                     1.7404008120904e-247
2398                     1.1240189105838e-246
2400                     7.3761802925551e-246
2402                     4.9183903516562e-245
2404                     3.3323302013835e-244
2406                     2.2940698090891e-243
2408                     1.6047182605109e-242
2410                     1.1405767766382e-241
2412                     8.2372798274038e-241
2414                     6.0447268327361e-240
2416                     4.5071613366362e-239
2418                     3.4147828675978e-238
2420                     2.6287945662557e-237
2422                     2.056287179806e-236
2424                     1.63434768506e-235
2426                     1.3198929266942e-234
2428                     1.0830949119365e-233
2430                     9.0308347348304e-233
2432                     7.6510816859785e-232
2434                     6.5864492154216e-231
2436                     5.761206225826e-230
2438                     5.1204609685103e-229
2440                     4.6242176135528e-228
2442                     4.243273568134e-227
2444                     3.9563742395764e-226
2446                     3.7482389016535e-225
2448                     3.6082010364856e-224
2450                     3.5292933272634e-223
2452                     3.5076669278283e-222
2454                     3.5422768910428e-221
2456                     3.6347975672189e-220
2458                     3.7897583315913e-219
2460                     4.0149151272881e-218
2462                     4.3219007218927e-217
2464                     4.7272303898084e-216
2466                     5.2537852418418e-215
2468                     5.9329601106644e-214
2470                     6.8077579429227e-213
2472                     7.9372552643772e-212
2474                     9.4030805076022e-211
2476                     1.1318881841059e-209
2478                     1.3844282828293e-208
2480                     1.720564526483e-207
2482                     2.1727263491091e-206
2484                     2.787870925072e-205
2486                     3.6347442562311e-204
2488                     4.8151366896407e-203
2490                     6.481521206343e-202
2492                     8.8650019881987e-201
2494                     1.2320101711917e-199
2496                     1.7397358549583e-198
2498                     2.4962374811811e-197
2500                     3.639335137194e-196
2502                     5.3912784886081e-195
2504                     8.1151218741231e-194
2506                     1.2411717777448e-192
2508                     1.9288670847802e-191
2510                     3.045834329443e-190
2512                     4.8870166350546e-189
2514                     7.9673688311103e-188
2516                     1.319834851581e-186
2518                     2.2215588733482e-185
2520                     3.7995278012324e-184
2522                     6.6029041229274e-183
2524                     1.1659338754978e-181
2526                     2.0919264688258e-180
2528                     3.8137522274112e-179
2530                     7.0646735508536e-178
2532                     1.3297355743244e-176
2534                     2.5431503810418e-175
2536                     4.942109463605e-174
2538                     9.7585714038989e-173
2540                     1.9579143656586e-171
2542                     3.9914868838802e-170
2544                     8.2681678586698e-169
2546                     1.7402731849574e-167
2548                     3.721852320073e-166
2550                     4.0445347826037e-165
2552                     2.4495996427324e-167
2554                     5.0271632598257e-166
2556                     1.0328398873917e-164
2558                     2.124345479015e-163
2560                     4.3742079421766e-162
2562                     9.0168705677248e-161
2564                     1.8607772144187e-159
2566                     3.8442803877515e-158
2568                     7.9509288197746e-157
2570                     1.6462766098936e-155
2572                     3.4124781795265e-154
2574                     7.0813994209092e-153
2576                     1.4711279003615e-151
2578                     3.0595947419968e-150
2580                     6.3702945333756e-149
2582                     1.3278140268349e-147
2584                     2.7707486135508e-146
2586                     5.7881413710027e-145
2588                     1.2104957474171e-143
2590                     2.5343671990406e-142
2592                     5.3119984913228e-141
2594                     1.1146242304149e-139
2596                     2.3414298431753e-138
2598                     4.9239762777357e-137
2600                     1.0366517552037e-135
2602                     2.1849019667531e-134
2604                     4.610129836536e-133
2606                     9.7381506925294e-132
2608                     2.0593110866348e-130
2610                     4.3596292460382e-129
2612                     9.2397301983847e-128
2614                     1.9604291676648e-126
2616                     4.1641383845803e-125
2618                     8.8548515550861e-124
2620                     1.8850355675571e-122
2622                     4.0173525528172e-121
2624                     8.5712167122922e-120
2626                     1.8307419725467e-118
2628                     3.9146589708545e-117
2630                     8.379977691834e-116
2632                     1.7958659813928e-114
2634                     3.8528945058065e-113
2636                     8.2752751916382e-112
2638                     1.7793439455395e-110
2640                     3.8301827648748e-109
2642                     8.2539383995449e-108
2644                     1.780676723901e-106
2646                     3.8458387699307e-105
2648                     8.3153244150482e-104
2650                     1.7999044663058e-102
2652                     3.9003344109859e-101
2654                     8.4612858557299e-100
2656                     1.8376086360936e-98
2658                     3.995322231094e-97
2660                     8.6962643556603e-96
2662                     1.8949414149927e-94
2664                     4.1337192266903e-93
2666                     9.0275165841221e-92
2668                     1.9736845790974e-90
2670                     4.319856632666e-89
2672                     9.465488940352e-88
2674                     2.0763420718883e-86
2676                     4.5597064952892e-85
2678                     1.0024368097011e-83
2680                     2.2062730286394e-82
2682                     4.8612016749712e-81
2684                     1.0722848123851e-79
2686                     2.3678751705449e-78
2688                     5.234673336042e-77
2690                     1.1585172366968e-75
2692                     2.5668326040987e-74
2694                     5.6934397263534e-73
2696                     1.2642531385923e-71
2698                     2.8104475615352e-70
2700                     6.2545931564622e-69
2702                     1.393492953837e-67
2704                     3.1080830982433e-66
2706                     6.9400499961575e-65
2708                     1.5513675729062e-63
2710                     3.4717540649493e-62
2712                     7.777953255274e-61
2714                     1.7444713355887e-59
2716                     3.9169179977861e-58
2718                     8.8045518265751e-57
2720                     1.9813087694214e-55
2722                     4.4635376477544e-54
2724                     1.0066728955455e-52
2726                     2.2728966139314e-51
2728                     5.1375152103931e-50
2730                     1.1625421088581e-48
2732                     2.6335792840972e-47
2734                     5.97263857662e-46
2736                     1.3560265897544e-44
2738                     3.0821396246554e-43
2740                     2.3466940392227e-38
2741.9548839583          1.0683852543865e-36
2743.8115212149          2.0581954468756e-35
2745.5748493593          3.420081030056e-34
2747.2495578322          4.938203511758e-33
2748.8401003969          6.2390601169799e-32
2750.3507069837          6.9434024545743e-31
2751.7853949391          6.8497018525455e-30
2753.1479797095          6.0259428186183e-29
2754.4420849884          4.7545719061238e-28
2755.671152353           3.3828866465009e-27
2756.8384504171          2.181690023108e-26
2757.9470835235          1.281614118951e-25
2759                     6.8897542803041e-25
2760                     1.7025105037666e-24
2761                     2.3814930042938e-27
2762                     1.0978849771727e-26
2763                     4.9282551680396e-26
2764                     2.1540627008153e-25
2765                     9.167529295391e-25
2766                     3.7990506468551e-24
2767                     1.5329453465761e-23
2768                     6.0229196665246e-23
2769                     2.3041793539992e-22
2770                     8.5833002035601e-22
2771                     3.1133011706708e-21
2772                     1.0995545465998e-20
2773                     3.7813008604372e-20
2774                     1.2661772308075e-19
2775                     4.1283506379044e-19
2776                     1.3106522121659e-18
2777                     5.0090375911469e-18
2778                     2.0060974198703e-17
2779                     7.9694571440668e-17
2780                     3.0970217165165e-16
2781                     1.173272954323e-15
2782                     4.3292778850752e-15
2783                     1.5555934655419e-14
2784                     5.4427109767031e-14
2785                     1.8542401226847e-13
2786                     6.1510077486302e-13
2787                     1.98680671086e-12
2788                     6.2487599943582e-12
2789                     1.9136429235031e-11
2790                     5.7063286574841e-11
2791                     1.6568434392326e-10
2792                     4.6841950991632e-10
2793                     1.2894879549027e-09
2794                     3.4564351688486e-09
2795                     9.0212839405058e-09
2796                     2.292646519916e-08
2797                     5.6732857707154e-08
2798                     1.3669764475705e-07
2799                     3.207127438216e-07
2800                     7.3265618445699e-07
2801                     1.6297201958126e-06
2802                     3.5298375402631e-06
2803                     7.4443240255074e-06
2804                     1.5287088462647e-05
2805                     3.0567041801081e-05
2806                     5.9512950812928e-05
2807                     0.00011282351169767
2808                     0.00020826627250294
2809                     0.00037434458503416
2810                     0.00065518071524245
2811                     0.0011165903024102
2812                     0.00185302030644
2813                     0.0029945862314639
2814                     0.0047129188896962
2815                     0.0072240266841418
2816                     0.010786075852433
2817                     0.015690108546649
2818                     0.022242449018431
2819                     0.030738953822608
2820                     0.041433176251818
2821                     0.05450250408839
2822                     0.070017769937102
2823                     0.087922119364088
2824                     0.1080237352635
2825                     0.13000452470501
2826                     0.15344373097088
2827                     0.17785254882071
2828                     0.20271400299654
2829                     0.22752199937462
2830                     0.25181446557861
2831                     0.27519736564042
2832                     0.29735846589781
2833                     0.31807151330864
2834                     0.33719266498533
2835                     0.3546515265079
2836                     0.37043913623267
2837                     0.38459486822999
2838                     0.3971937089374
2839                     0.40833483635519
2840                     0.41813198127727
2841                     0.4267057129294
2842                     0.43417756745386
2843                     0.44066580942122
2844                     0.44628255982344
2845                     0.45113201530082
2846                     0.45530950328747
2847                     0.4589011520385
2848                     0.46198399356529
2849                     0.46462635556214
2850                     0.4668884323915
2851                     0.46882295384607
2852                     0.47047589356019
2853                     0.47188717703487
2854                     0.47309136297523
2855                     0.47411828179191
2856                     0.47499362242818
2857                     0.47573946378977
2858                     0.47637475051519
2859                     0.47691571506495
2860                     0.47737624946726
2861                     0.47776823079565
2862                     0.47810180476263
2863                     0.47838563183777
2864                     0.47862710013941
2865                     0.47883250908186
2866                     0.47900722743307
2867                     0.47915582908842
2868                     0.47928220951493
2869                     0.47938968548293
2870                     0.47948108038657
2871                     0.47955879716567
2872                     0.47962488057992
2873                     0.47968107035391
2874                     0.47972884650473
2875                     0.47976946798333
2876                     0.47980400560198
2877                     0.47983337008295
2878                     0.47985833594416
2879                     0.47987956183446
2880                     0.47989760784252
2881                     0.47991295022716
2882                     0.47992599395113
2883                     0.47993708334462
2884                     0.47994651117652
2885                     0.47995452637039
2886                     0.4799613405672
2887                     0.47996713370672
2888                     0.47997205877408
2889                     0.4799762458362
2890                     0.47997980547408
2891                     0.47998283170135
2892                     0.47998540444593
2893                     0.47998759166006
2894                     0.47998945111437
2895                     0.4799910319232
2896                     0.47999237584157
2897                     0.47999351836777
2898                     0.47999448968081
2899                     0.47999531543747
2900                     0.47999601744987
2901                     0.4799966142616
2902                     0.47999712163747
2903                     0.47999755297987
2904                     0.47999791968283
2905                     0.47999823143294
2906                     0.47999849646521
2907                     0.47999872178059
2908                     0.47999891333091
2909                     0.47999907617608
2910                     0.47999921461776
2911                     0.47999933231298
2912                     0.47999943237072
2913                     0.4799995174341
2914                     0.47999958975012
2915                     0.47999965122906
2916                     0.47999970349494
2917                     0.47999974792839
2918                     0.47999978570318
2919                     0.47999981781713
2920                     0.47999984511857
2921                     0.47999986832869
2922                     0.47999988806061
2923                     0.47999990483555
2924                     0.47999991909664
2925                     0.47999993122061
2926                     0.4799999415277
2927                     0.4799999502902
2928                     0.47999995773958
2929                     0.47999996407262
2930                     0.4799999694566
2931                     0.47999997403376
2932                     0.479999977925
2933                     0.4799999812331
2934                     0.47999998404546
2935                     0.47999998643637
2936                     0.47999998846898
2937                     0.47999999019698
2938                     0.47999999166604
2939                     0.47999999291495
2940                     0.47999999397669
2941                     0.47999999487933
2942                     0.4799999956467
2943                     0.47999999629907
2944                     0.47999999685368
2945                     0.47999999732518
2946                     0.47999999772602
2947                     0.47999999806679
2948                     0.4799999983565
2949                     0.47999999860278
2950                     0.47999999881216
2951                     0.47999999899016
2952                     0.4799999991415
2953                     0.47999999927015
2954                     0.47999999937952
2955                     0.4799999994725
2956                     0.47999999955155
2957                     0.47999999961876
2958                     0.47999999967589
2959                     0.47999999972446
2960                     0.47999999976576
2961                     0.47999999980086
2962                     0.47999999983071
2963                     0.47999999985608
2964                     0.47999999987765
2965                     0.47999999989599
2966                     0.47999999991158
2967                     0.47999999992483
2968                     0.47999999993609
2969                     0.47999999994567
2970                     0.47999999995381
2971                     0.47999999996074
2972                     0.47999999996662
2973                     0.47999999997162
2974                     0.47999999997588
2975                     0.47999999997949
2976                     0.47999999998256
2977                     0.47999999998518
2978                     0.4799999999874
2979                     0.47999999998928
2980                     0.47999999999089
2981                     0.47999999999226
2982                     0.47999999999342
2983                     0.47999999999441
2984                     0.47999999999524
2985                     0.47999999999596
2986                     0.47999999999656
2987                     0.47999999999708
2988                     0.47999999999751
2989                     0.47999999999789
2990                     0.4799999999982
2991                     0.47999999999847
2992                     0.4799999999987
2993                     0.47999999999889
2994                     0.47999999999906
2995                     0.4799999999992
2996                     0.47999999999932
2997                     0.47999999999943
2998                     0.47999999999951
2999                     0.47999999999959
3000                     0.47999999999964
3001                     0.4799999999997
3002                     0.47999999999974
3003                     0.47999999999978
3004                     0.47999999999981
3005                     0.47999999999983
3006                     0.47999999999986
3007                     0.47999999999988
3008                     0.4799999999999
3009                     0.47999999999991
3010                     0.47999999999992
3011                     0.47999999999994
3012                     0.47999999999995
3013                     0.47999999999996
3014                     0.47999999999997
3015                     0.47999999999997
3016                     0.47999999999998
3017                     0.47999999999998
3018                     0.47999999999999
3019                     0.47999999999999
3020                     0.47999999999999
3021                     0.47999999999999
3022                     0.47999999999999
3023                     0.47999999999999
3024                     0.47999999999999
3025                     0.48
3026                     0.48
3027                     0.48000000000001
3028                     0.48000000000001
3029                     0.48000000000002
3030                     0.48000000000002
3031                     0.48000000000003
3032                     0.48000000000003
3033                     0.48000000000003
3034                     0.48000000000004
3035                     0.48000000000004
3036                     0.48000000000004
3037                     0.48000000000004
3038                     0.48000000000004
3039                     0.48000000000004
3040                     0.48000000000004
3041                     0.48000000000004
3042                     0.48000000000004
3043                     0.48000000000004
3044                     0.48000000000004
3045                     0.48000000000004
3046                     0.48000000000003
3047                     0.48000000000003
3048                     0.48000000000003
3049                     0.48000000000003
3050                     0.48000000000002
3051                     0.48000000000002
3052                     0.48000000000002
3053                     0.48000000000002
3054                     0.48000000000003
3055                     0.48000000000003
3056                     0.48000000000003
3057                     0.48000000000003
3058                     0.48000000000003
3059                     0.48000000000003
3060                     0.48000000000003
3061                     0.48000000000002
3062                     0.48000000000002
3063                     0.48000000000002
3064                     0.48000000000002
3065                     0.48000000000002
3066                     0.48000000000002
3067                     0.48000000000001
3068                     0.48000000000001
3069                     0.48000000000001
3070                     0.48000000000001
3071                     0.48000000000001
3072                     0.48000000000001
3073                     0.48000000000001
3074                     0.48000000000001
3075                     0.48000000000001
3076                     0.48000000000001
3077                     0.48000000000001
3078                     0.48000000000001
3079                     0.48000000000001
3080                     0.48000000000001
3081                     0.48000000000001
3082                     0.48000000000001
3083                     0.48
3084                     0.48
3085                     0.48
3086                     0.48
3087                     0.48
3088                     0.48
3089                     0.48
3090                     0.48
3091                     0.48
3092                     0.48
3093                     0.48
3094                     0.48
3095                     0.48
3096                     0.48
3097                     0.48
3098                     0.48000000000001
3099                     0.48000000000001
3100                     0.48000000000001
3101                     0.48000000000001
3102                     0.48000000000002
3103                     0.48000000000002
3104                     0.48000000000002
3105                     0.48000000000002
3106                     0.48000000000002
3107                     0.48000000000001
3108                     0.48000000000001
3109                     0.48000000000001
3110                     0.48000000000002
3111                     0.48000000000002
3112                     0.48000000000002
3113                     0.48000000000002
3114                     0.48000000000003
3115                     0.48000000000003
3116                     0.48000000000003
3117                     0.48000000000003
3118                     0.48000000000003
3119                     0.48000000000002
3120                     0.48000000000002
3121                     0.48000000000002
3122                     0.48000000000002
3123                     0.48000000000001
3124                     0.48000000000001
3125                     0.48000000000001
3126                     0.48000000000001
3127                     0.48000000000001
3128                     0.48000000000001
3129                     0.48000000000001
3130                     0.48000000000001
3131                     0.48000000000001
3132                     0.48000000000001
3133                     0.48000000000001
3134                     0.48000000000001
3135                     0.48000000000002
3136                     0.48000000000002
3137                     0.48000000000002
3138                     0.48000000000002
3139                     0.48000000000003
3140                     0.48000000000003
3141                     0.48000000000003
3142                     0.48000000000003
3143                     0.48000000000003
3144                     0.48000000000003
3145                     0.48000000000003
3146                     0.48000000000003
3147                     0.48000000000002
3148                     0.48000000000001
3149                     0.48000000000001
3150                     0.48000000000001
3151                     0.48000000000001
3152                     0.48000000000001
3153                     0.48000000000001
3154                     0.48
3155                     0.48
3156                     0.47999999999999
3157                     0.47999999999999
3158                     0.47999999999999
3159                     0.47999999999999
3160                     0.47999999999999
3161                     0.48
3162                     0.48
3163                     0.48
3164                     0.47999999999999
3165                     0.48
3166                     0.48
3167                     0.48
3168                     0.48000000000001
3169                     0.48000000000001
3170                     0.48000000000001
3171                     0.48000000000001
3172                     0.48000000000001
3173                     0.48000000000001
3174                     0.48000000000002
3175                     0.48000000000002
3176                     0.48000000000003
3177                     0.48000000000003
3178                     0.48000000000003
3179                     0.48000000000003
3180                     0.48000000000004
3181                     0.48000000000004
3182                     0.48000000000004
3183                     0.48000000000004
3184                     0.48000000000004
3185                     0.48000000000003
3186                     0.48000000000003
3187                     0.48000000000003
3188                     0.48000000000003
3189                     0.48000000000002
3190                     0.48000000000002
3191                     0.48000000000002
3192                     0.48000000000002
3193                     0.48000000000003
3194                     0.48000000000003
3195                     0.48000000000003
3196                     0.48000000000003
3197                     0.48000000000003
3198                     0.48000000000003
3199                     0.48000000000003
3200                     0.48000000000003
3201                     0.48000000000002
3202                     0.48000000000002
3203                     0.48000000000002
3204                     0.48000000000003
3205                     0.48000000000003
3206                     0.48000000000003
3207                     0.48000000000003
3208                     0.48000000000003
3209                     0.48000000000003
3210                     0.48000000000003
3211                     0.48000000000003
3212                     0.48000000000003
3213                     0.48000000000003
3214                     0.48000000000002
3215                     0.48000000000002
3216                     0.48000000000001
3217                     0.48000000000001
3218                     0.48000000000001
3219                     0.48000000000001
3220                     0.48
3221                     0.48
3222                     0.47999999999999
3223                     0.47999999999999
3224                     0.47999999999998
3225                     0.47999999999998
3226                     0.47999999999997
3227                     0.47999999999997
3228                     0.47999999999997
3229                     0.47999999999997
3230                     0.47999999999998
3231                     0.47999999999998
3232                     0.47999999999998
3233                     0.47999999999998
3234                     0.47999999999998
3235                     0.47999999999998
3236                     0.47999999999998
3237                     0.47999999999998
3238                     0.47999999999998
3239                     0.47999999999998
3240                     0.47999999999998
3241                     0.47999999999997
3242                     0.47999999999997
3243                     0.47999999999997
3244                     0.47999999999997
3245                     0.47999999999997
3246                     0.47999999999997
3247                     0.47999999999997
3248                     0.47999999999997
3249                     0.47999999999998
3250                     0.47999999999998
3251                     0.47999999999999
3252                     0.47999999999999
3253                     0.47999999999999
3254                     0.47999999999999
3255                     0.47999999999999
3256                     0.47999999999999
3257                     0.47999999999999
3258                     0.47999999999999
3259                     0.47999999999999
3260                     0.47999999999999
3261                     0.47999999999999
3262                     0.47999999999999
3263                     0.47999999999998
3264                     0.47999999999998
3265                     0.47999999999998
3266                     0.47999999999998
3267                     0.47999999999998
3268                     0.47999999999998
3269                     0.47999999999998
3270                     0.47999999999998
3271                     0.47999999999998
3272                     0.47999999999998
3273                     0.47999999999998
3274                     0.47999999999999
3275                     0.47999999999999
3276                     0.47999999999999
3277                     0.47999999999999
3278                     0.47999999999999
3279                     0.47999999999999
3280                     0.47999999999999
3281                     0.47999999999999
3282                     0.47999999999999
3283                     0.47999999999999
3284                     0.47999999999999
3285                     0.47999999999999
3286                     0.47999999999999
3287                     0.47999999999999
3288                     0.47999999999999
3289                     0.47999999999999
3290                     0.47999999999999
3291                     0.47999999999999
3292                     0.48
3293                     0.48
3294                     0.48
3295                     0.48
3296                     0.48
3297                     0.48
3298                     0.48
3299                     0.48000000000001
3300                     0.48000000000001
3301                     0.48000000000001
3302                     0.48000000000001
3303                     0.48000000000001
3304                     0.48000000000001
3305                     0.48000000000001
3306                     0.48000000000002
3307                     0.48000000000002
3308                     0.48000000000001
3309                     0.48000000000001
3310                     0.48000000000001
3311                     0.48000000000001
3312                     0.48000000000001
3313                     0.48000000000001
3314                     0.48000000000001
3315                     0.48000000000001
3316                     0.48000000000001
3317                     0.48000000000001
3318                     0.48000000000001
3319                     0.48
3320                     0.48
3321                     0.48
3322                     0.48
3323                     0.48
3324                     0.47999999999999
3325                     0.47999999999999
3326                     0.47999999999999
3327                     0.47999999999999
3328                     0.47999999999999
3329                     0.47999999999999
3330                     0.47999999999999
3331                     0.47999999999999
3332                     0.47999999999999
3333                     0.47999999999999
3334                     0.47999999999999
3335                     0.48
3336                     0.48
3337                     0.48
3338                     0.48
3339                     0.48000000000001
3340                     0.48000000000001
3341                     0.48000000000001
3342                     0.48000000000002
3343                     0.48000000000002
3344                     0.48000000000002
3345                     0.48000000000002
3346                     0.48000000000002
3347                     0.48000000000002
3348                     0.48000000000002
3349                     0.48000000000002
3350                     0.48000000000002
3351                     0.48000000000002
3352                     0.48000000000002
3353                     0.48000000000002
3354                     0.48000000000002
3355                     0.48000000000002
3356                     0.48000000000002
3357                     0.48000000000002
3358                     0.48000000000002
3359                     0.48000000000002
3360                     0.48000000000001
3361                     0.48000000000001
3362                     0.48000000000001
3363                     0.48000000000001
3364                     0.48000000000001
3365                     0.48000000000001
3366                     0.48000000000001
3367                     0.48000000000001
3368                     0.48000000000001
3369                     0.48000000000001
3370                     0.48000000000001
3371                     0.48000000000001
3372                     0.48
3373                     0.48
3374                     0.48
3375                     0.47999999999999
3376                     0.47999999999999
3377                     0.47999999999999
3378                     0.47999999999999
3379                     0.47999999999999
3380                     0.47999999999999
3381                     0.47999999999999
3382                     0.47999999999999
3383                     0.47999999999999
3384                     0.47999999999998
3385                     0.47999999999998
3386                     0.47999999999997
3387                     0.47999999999997
3388                     0.47999999999997
3389                     0.47999999999997
3390                     0.47999999999997
3391                     0.47999999999997
3392                     0.47999999999997
3393                     0.47999999999997
3394                     0.47999999999998
3395                     0.47999999999998
3396                     0.47999999999998
3397                     0.47999999999998
3398                     0.47999999999998
3399                     0.47999999999998
3400                     0.47999999999998
3401                     0.47999999999998
3402                     0.47999999999998
3403                     0.47999999999998
3404                     0.47999999999998
3405                     0.47999999999999
3406                     0.47999999999999
3407                     0.47999999999999
3408                     0.47999999999999
3409                     0.47999999999999
3410                     0.47999999999999
3411                     0.48
3412                     0.48
3413                     0.47999999999999
3414                     0.47999999999999
3415                     0.48
3416                     0.48
3417                     0.48
3418                     0.47999999999999
3419                     0.47999999999999
3420                     0.47999999999999
3421                     0.47999999999999
3422                     0.47999999999999
3423                     0.47999999999999
3424                     0.48
3425                     0.48
3426                     0.48
3427                     0.48
3428                     0.48000000000001
3429                     0.48000000000001
3430                     0.48000000000001
3431                     0.48000000000001
3432                     0.48000000000001
3433                     0.48000000000001
3434                     0.48000000000001
3435                     0.48000000000001
3436                     0.48000000000001
3437                     0.48000000000001
3438                     0.48000000000001
3439                     0.48000000000001
3440                     0.48000000000001
3441                     0.48000000000002
3442                     0.48000000000002
3443                     0.48000000000002
3444                     0.48000000000002
3445                     0.48000000000002
3446                     0.48000000000001
3447                     0.48000000000001
3448                     0.48000000000001
3449                     0.48000000000001
3450                     0.48000000000001
3451                     0.48000000000001
3452                     0.48
3453                     0.48
3454                     0.47999999999999
3455                     0.47999999999999
3456                     0.47999999999999
3457                     0.47999999999999
3458                     0.47999999999999
3459                     0.47999999999998
3460                     0.47999999999998
3461                     0.47999999999998
3462                     0.47999999999998
3463                     0.47999999999998
3464                     0.47999999999999
3465                     0.47999999999999
3466                     0.47999999999999
3467                     0.47999999999999
3468                     0.47999999999999
3469                     0.47999999999999
3470                     0.47999999999999
3471                     0.47999999999999
3472                     0.47999999999999
3473                     0.47999999999999
3474                     0.47999999999999
3475                     0.48
3476                     0.48
3477                     0.48
3478                     0.48
3479                     0.48
3480                     0.48000000000001
3481                     0.48000000000001
3482                     0.48000000000001
3483                     0.48000000000001
3484                     0.48000000000002
3485                     0.48000000000002
3486                     0.48000000000002
3487                     0.48000000000002
3488                     0.48000000000001
3489                     0.48000000000001
3490                     0.48000000000001
3491                     0.48
3492                     0.48
3493                     0.47999999999999
3494                     0.47999999999999
3495                     0.47999999999999
3496                     0.47999999999998
3497                     0.47999999999998
3498                     0.47999999999998
3499                     0.47999999999998
3500                     0.47999999999998
3501                     0.47999999999999
3502                     0.47999999999999
3503                     0.47999999999999
3504                     0.47999999999999
3505                     0.47999999999999
3506                     0.48
3507                     0.48
3508                     0.48000000000001
3509                     0.48000000000001
3510                     0.48000000000001
3511                     0.48000000000002
3512                     0.48000000000002
3513                     0.48000000000002
3514                     0.48000000000002
3515                     0.48000000000002
3516                     0.48000000000001
3517                     0.48000000000001
3518                     0.48000000000001
3519                     0.48000000000001
3520                     0.48000000000001
3521                     0.48000000000001
3522                     0.48000000000001
3523                     0.48
3524                     0.48
3525                     0.48
3526                     0.48
3527                     0.47999999999999
3528                     0.47999999999999
3529                     0.47999999999999
3530                     0.47999999999999
3531                     0.47999999999999
3532                     0.48
3533                     0.48
3534                     0.48
3535                     0.48
3536                     0.48000000000001
3537                     0.48000000000001
3538                     0.48000000000001
3539                     0.48
3540                     0.48
3541                     0.47999999999999
3542                     0.47999999999999
3543                     0.47999999999998
3544                     0.47999999999998
3545                     0.47999999999998
3546                     0.47999999999997
3547                     0.47999999999997
3548                     0.47999999999996
3549                     0.47999999999995
3550                     0.47999999999994
3551                     0.47999999999992
3552                     0.47999999999991
3553                     0.47999999999989
3554                     0.47999999999988
3555                     0.47999999999985
3556                     0.47999999999982
3557                     0.47999999999979
3558                     0.47999999999974
3559                     0.4799999999997
3560                     0.47999999999964
3561                     0.47999999999957
3562                     0.4799999999995
3563                     0.47999999999941
3564                     0.4799999999993
3565                     0.47999999999918
3566                     0.47999999999904
3567                     0.47999999999887
3568                     0.47999999999867
3569                     0.47999999999843
3570                     0.47999999999816
3571                     0.47999999999784
3572                     0.47999999999746
3573                     0.47999999999701
3574                     0.47999999999648
3575                     0.47999999999586
3576                     0.47999999999513
3577                     0.47999999999427
3578                     0.47999999999326
3579                     0.47999999999208
3580                     0.47999999999068
3581                     0.47999999998904
3582                     0.47999999998711
3583                     0.47999999998484
3584                     0.47999999998216
3585                     0.47999999997903
3586                     0.47999999997533
3587                     0.47999999997098
3588                     0.47999999996587
3589                     0.47999999995985
3590                     0.47999999995278
3591                     0.47999999994445
3592                     0.47999999993466
3593                     0.47999999992314
3594                     0.47999999990959
3595                     0.47999999989366
3596                     0.47999999987491
3597                     0.47999999985286
3598                     0.47999999982693
3599                     0.47999999979642
3600                     0.47999999976053
3601                     0.47999999971832
3602                     0.47999999966867
3603                     0.47999999961026
3604                     0.47999999954156
3605                     0.47999999946075
3606                     0.47999999936569
3607                     0.47999999925387
3608                     0.47999999912235
3609                     0.47999999896764
3610                     0.47999999878566
3611                     0.4799999985716
3612                     0.47999999831982
3613                     0.47999999802365
3614                     0.47999999767527
3615                     0.47999999726548
3616                     0.47999999678346
3617                     0.47999999621647
3618                     0.47999999554955
3619                     0.47999999476505
3620                     0.47999999384227
3621                     0.47999999275683
3622                     0.47999999148006
3623                     0.47999998997823
3624                     0.47999998821166
3625                     0.47999998613369
3626                     0.47999998368944
3627                     0.47999998081433
3628                     0.47999997743241
3629                     0.47999997345435
3630                     0.47999996877506
3631                     0.47999996327094
3632                     0.4799999567966
3633                     0.47999994918099
3634                     0.47999994022297
3635                     0.47999992968587
3636                     0.47999991729138
3637                     0.47999990271206
3638                     0.4799998855628
3639                     0.4799998653906
3640                     0.47999984166257
3641                     0.47999981375193
3642                     0.47999978092138
3643                     0.4799997423037
3644                     0.47999969687877
3645                     0.47999964344664
3646                     0.47999958059586
3647                     0.47999950666619
3648                     0.47999941970472
3649                     0.4799993174143
3650                     0.47999919709285
3651                     0.47999905556201
3652                     0.47999888908314
3653                     0.4799986932586
3654                     0.47999846291558
3655                     0.47999819196944
3656                     0.479997873263
3657                     0.47999749837752
3658                     0.47999705741025
3659                     0.47999653871295
3660                     0.47999592858416
3661                     0.47999521090731
3662                     0.47999436672507
3663                     0.47999337373861
3664                     0.4799922057187
3665                     0.47999083181297
3666                     0.47998921573109
3667                     0.47998731478644
3668                     0.47998507876887
3669                     0.47998244861888
3670                     0.47997935486822
3671                     0.47997571580584
3672                     0.47997143532081
3673                     0.47996640036536
3674                     0.47996047797129
3675                     0.47995351174114
3676                     0.47994531772189
3677                     0.47993567955269
3678                     0.47992434275916
3679                     0.47991100804468
3680                     0.4798953234027
3681                     0.47987687484385
3682                     0.47985517549554
3683                     0.47982965278985
3684                     0.47979963340656
3685                     0.47976432558071
3686                     0.47972279831732
3687                     0.47967395697801
3688                     0.47961651461362
3689                     0.47954895831191
3690                     0.47946950970784
3691                     0.47937607866344
3692                     0.47926620896327
3693                     0.47913701468688
3694                     0.47898510571001
3695                     0.47880650054943
3696                     0.47859652450142
3697                     0.47834969073111
3698                     0.47805956165078
3699                     0.47771858758577
3700                     0.47731791937438
3701                     0.47684719120015
3702                     0.47629426963425
3703                     0.47564496460902
3704                     0.47488269790529
3705                     0.47398812479139
3706                     0.47293870481031
3707                     0.47170821852032
3708                     0.4702662284569
3709                     0.46857748496837
3710                     0.46660128123558
3711                     0.46429076716519
3712                     0.46159223950273
3713                     0.45844443610582
3714                     0.45477787659967
3715                     0.45051431037889
3716                     0.44556635680465
3717                     0.43983745185027
3718                     0.43322225009181
3719                     0.42560766936403
3720                     0.41687480422785
3721                     0.4069019673819
3722                     0.39556913514318
3723                     0.38276405914103
3724                     0.36839024136358
3725                     0.35237682979733
3726                     0.33469025334324
3727                     0.31534706167441
3728                     0.29442697287178
3729                     0.27208460029157
3730                     0.24855782360859
3731                     0.2241704392628
3732                     0.19932676774536
3733                     0.17449649925835
3734                     0.15018932734966
3735                     0.12692076939043
3736                     0.10517267036848
3737                     0.085353674355293
3738                     0.067765793732629
3739                     0.052582651654373
3740                     0.039842975468907
3741                     0.029459945455336
3742                     0.021243896959595
3743                     0.01493353024331
3744                     0.010229797804772
3745                     0.0068271095676429
3746                     0.0044380498029944
3747                     0.0028098124167608
3748                     0.0017324261417843
3749                     0.0010401589175299
3750                     0.00060813012682082
3751                     0.00034620671252669
3752                     0.00019191581551519
3753                     0.00010359027120758
3754                     5.4445021894469e-05
3755                     2.7862965097939e-05
3756                     1.3884360120303e-05
3757                     6.736797614308e-06
3758                     3.182805333028e-06
3759                     1.4641835630376e-06
3760                     9.8421437037642
3761                     14.652457040304
3762.0374419527          12.324360334346
3763.1137277578          11.178061488318
3764.2303118051          10.595971535615
3765.3887029394          10.297922818851
3766.5904664997          10.14625958938
3767.8372264344          10.070246108062
3769.1306674955          10.032924359185
3770.4725375156          10.015033352712
3771.8646497695          10.006678204187
3773.3088854244          10.002882970778
3774.8071960824          10.001208225223
3776.3616064171          10.000491049434
3777.9742169099          10.00019326159
3779.6472066885          10.00007333815
3781.3828364711          10.000026120972
3783.1834516219          10.000006728323
3785.05148532            9.9999948135584
3786.9894618473          9.9999756463604
3789                     5.0130986565377
3791                     0
3793                     0
3795                     0
3797                     0
3799                     0
