x[nm]                    Gamma[eV]                HH[eV]                   electron_Fermi_level[eV] hole_Fermi_level[eV]    
-9                       -11                      -11                      -11                      -11
-7                       -11                      -11                      -11                      -11
-5                       -11                      -11                      -11                      -11
-3                       -11                      -11                      -11                      -11
-1                       -11                      -11                      -11                      -11
1                        -11.064830752029         -11.740935218548         -11                      -11
2.998                    -11.129726474808         -12.482612189093         -11                      -10.991100521294
4.996                    -11.129726518189         -12.482612232475         -11                      -10.982201042589
6.9939999999999          -11.129726543247         -12.482612257533         -11                      -10.973301563883
8.9919999999999          -11.129726557722         -12.482612272007         -11                      -10.964402085178
10.99                    -11.129726566082         -12.482612280368         -11                      -10.955502606472
12.988                   -11.129726570912         -12.482612285198         -11                      -10.946603127767
14.986                   -11.129726573702         -12.482612287987         -11                      -10.937703649061
16.984                   -11.129726575313         -12.482612289599         -11                      -10.928804170356
18.982                   -11.129726576244         -12.482612290529         -11                      -10.91990469165
20.98                    -11.129726576781         -12.482612291067         -11                      -10.911005212945
22.978                   -11.129726577092         -12.482612291378         -11                      -10.902105734239
24.976                   -11.129726577271         -12.482612291557         -11                      -10.893206255534
26.974                   -11.129726577375         -12.482612291661         -11                      -10.884306776828
28.972                   -11.129726577435         -12.482612291721         -11                      -10.875407298123
30.97                    -11.129726577469         -12.482612291755         -11                      -10.866507819417
32.968                   -11.129726577489         -12.482612291775         -11                      -10.857608340712
34.966                   -11.129726577501         -12.482612291787         -11                      -10.848708862006
36.964                   -11.129726577508         -12.482612291793         -11                      -10.839809383301
38.962                   -11.129726577511         -12.482612291797         -11                      -10.830909904595
40.96                    -11.129726577514         -12.482612291799         -11                      -10.82201042589
42.958                   -11.129726577515         -12.482612291801         -11                      -10.813110947184
44.956                   -11.129726577516         -12.482612291801         -11                      -10.804211468479
46.954                   -11.129726577516         -12.482612291802         -11                      -10.795311989773
48.952                   -11.129726577516         -12.482612291802         -11                      -10.786412511068
50.949999999999          -11.129726577516         -12.482612291802         -11                      -10.777513032362
52.947999999999          -11.129726577517         -12.482612291802         -11                      -10.768613553656
54.945999999999          -11.129726577517         -12.482612291802         -11                      -10.759714074951
56.943999999999          -11.129726577517         -12.482612291802         -11                      -10.750814596245
58.941999999999          -11.129726577517         -12.482612291802         -11                      -10.74191511754
60.939999999999          -11.129726577517         -12.482612291802         -11                      -10.733015638834
62.937999999999          -11.129726577517         -12.482612291802         -11                      -10.724116160129
64.935999999999          -11.129726577517         -12.482612291802         -11                      -10.715216681423
66.933999999999          -11.129726577517         -12.482612291802         -11                      -10.706317202718
68.931999999999          -11.129726577517         -12.482612291802         -11                      -10.697417724012
70.929999999999          -11.129726577517         -12.482612291802         -11                      -10.688518245307
72.927999999999          -11.129726577517         -12.482612291802         -11                      -10.679618766601
74.925999999999          -11.129726577517         -12.482612291802         -11                      -10.670719287896
76.923999999999          -11.129726577517         -12.482612291802         -11                      -10.66181980919
78.921999999999          -11.129726577517         -12.482612291802         -11                      -10.652920330485
80.919999999999          -11.129726577517         -12.482612291802         -11                      -10.644020851779
82.917999999999          -11.129726577517         -12.482612291802         -11                      -10.635121373074
84.915999999999          -11.129726577517         -12.482612291802         -11                      -10.626221894368
86.913999999999          -11.129726577517         -12.482612291802         -11                      -10.617322415663
88.911999999999          -11.129726577517         -12.482612291802         -11                      -10.608422936957
90.909999999999          -11.129726577517         -12.482612291802         -11                      -10.599523458252
92.907999999999          -11.129726577517         -12.482612291802         -11                      -10.590623979546
94.905999999999          -11.129726577517         -12.482612291802         -11                      -10.581724500841
96.903999999999          -11.129726577517         -12.482612291802         -11                      -10.572825022135
98.901999999999          -11.129726577517         -12.482612291802         -11                      -10.563925543429
100.9                    -11.129726577517         -12.482612291802         -11                      -10.555026064724
102.898                  -11.129726577517         -12.482612291802         -11                      -10.546126586018
104.896                  -11.129726577517         -12.482612291802         -11                      -10.537227107313
106.894                  -11.129726577517         -12.482612291802         -11                      -10.528327628607
108.892                  -11.129726577517         -12.482612291802         -11                      -10.519428149902
110.89                   -11.129726577517         -12.482612291802         -11                      -10.510528671196
112.888                  -11.129726577517         -12.482612291802         -11                      -10.501629192491
114.886                  -11.129726577517         -12.482612291802         -11                      -10.492729713785
116.884                  -11.129726577517         -12.482612291802         -11                      -10.48383023508
118.882                  -11.129726577517         -12.482612291802         -11                      -10.474930756374
120.88                   -11.129726577517         -12.482612291802         -11                      -10.466031277669
122.878                  -11.129726577517         -12.482612291802         -11                      -10.457131798963
124.876                  -11.129726577517         -12.482612291802         -11                      -10.448232320258
126.874                  -11.129726577517         -12.482612291802         -11                      -10.439332841552
128.872                  -11.129726577517         -12.482612291802         -11                      -10.430433362847
130.87                   -11.129726577517         -12.482612291802         -11                      -10.421533884141
132.868                  -11.129726577517         -12.482612291802         -11                      -10.412634405436
134.866                  -11.129726577517         -12.482612291802         -11                      -10.40373492673
136.864                  -11.129726577517         -12.482612291802         -11                      -10.394835448025
138.862                  -11.129726577517         -12.482612291802         -11                      -10.385935969319
140.86                   -11.129726577517         -12.482612291802         -11                      -10.377036490614
142.858                  -11.129726577517         -12.482612291802         -11                      -10.368137011908
144.856                  -11.129726577517         -12.482612291802         -11                      -10.359237533202
146.854                  -11.129726577517         -12.482612291802         -11                      -10.350338054497
148.852                  -11.129726577517         -12.482612291802         -11                      -10.341438575791
150.85                   -11.129726577517         -12.482612291802         -11                      -10.332539097086
152.848                  -11.129726577517         -12.482612291802         -11                      -10.32363961838
154.846                  -11.129726577517         -12.482612291802         -11                      -10.314740139675
156.844                  -11.129726577517         -12.482612291802         -11                      -10.305840660969
158.842                  -11.129726577517         -12.482612291802         -11                      -10.296941182264
160.84                   -11.129726577517         -12.482612291802         -11                      -10.288041703558
162.838                  -11.129726577517         -12.482612291802         -11                      -10.279142224853
164.836                  -11.129726577517         -12.482612291802         -11                      -10.270242746147
166.834                  -11.129726577517         -12.482612291802         -11                      -10.261343267442
168.832                  -11.129726577517         -12.482612291802         -11                      -10.252443788736
170.83                   -11.129726577517         -12.482612291802         -11                      -10.243544310031
172.828                  -11.129726577517         -12.482612291802         -11                      -10.234644831325
174.826                  -11.129726577517         -12.482612291802         -11                      -10.22574535262
176.824                  -11.129726577517         -12.482612291802         -11                      -10.216845873914
178.822                  -11.129726577517         -12.482612291802         -11                      -10.207946395209
180.82                   -11.129726577517         -12.482612291802         -11                      -10.199046916503
182.818                  -11.129726577517         -12.482612291802         -11                      -10.190147437798
184.816                  -11.129726577517         -12.482612291802         -11                      -10.181247959092
186.814                  -11.129726577517         -12.482612291802         -11                      -10.172348480387
188.812                  -11.129726577517         -12.482612291802         -11                      -10.163449001681
190.81                   -11.129726577517         -12.482612291802         -11                      -10.154549522976
192.808                  -11.129726577517         -12.482612291802         -11                      -10.14565004427
194.806                  -11.129726577517         -12.482612291802         -11                      -10.136750565565
196.804                  -11.129726577517         -12.482612291802         -11                      -10.127851086859
198.802                  -11.129726577517         -12.482612291802         -11                      -10.118951608154
200.8                    -11.129726577517         -12.482612291802         -11                      -10.110052129448
202.798                  -11.129726577517         -12.482612291802         -11                      -10.101152650743
204.796                  -11.129726577517         -12.482612291802         -11                      -10.092253172037
206.794                  -11.129726577517         -12.482612291802         -11                      -10.083353693332
208.792                  -11.129726577517         -12.482612291802         -11                      -10.074454214626
210.79                   -11.129726577517         -12.482612291802         -11                      -10.065554735921
212.788                  -11.129726577517         -12.482612291802         -11                      -10.056655257216
214.786                  -11.129726577517         -12.482612291802         -11                      -10.04775577851
216.784                  -11.129726577517         -12.482612291802         -11                      -10.038856299805
218.782                  -11.129726577517         -12.482612291802         -11                      -10.029956821099
220.78                   -11.129726577517         -12.482612291802         -11                      -10.021057342394
222.778                  -11.129726577517         -12.482612291802         -11                      -10.012157863688
224.776                  -11.129726577517         -12.482612291802         -11                      -10.003258384983
226.774                  -11.129726577517         -12.482612291802         -11                      -9.9943589062771
228.772                  -11.129726577517         -12.482612291802         -11                      -9.9854594275716
230.77                   -11.129726577517         -12.482612291802         -11                      -9.9765599488662
232.768                  -11.129726577517         -12.482612291802         -11                      -9.9676604701607
234.766                  -11.129726577517         -12.482612291802         -11                      -9.9587609914552
236.764                  -11.129726577517         -12.482612291802         -11                      -9.9498615127497
238.762                  -11.129726577517         -12.482612291802         -11                      -9.9409620340442
240.76                   -11.129726577517         -12.482612291802         -11                      -9.9320625553388
242.758                  -11.129726577517         -12.482612291802         -11                      -9.9231630766333
244.756                  -11.129726577517         -12.482612291802         -11                      -9.9142635979278
246.754                  -11.129726577517         -12.482612291802         -11                      -9.9053641192223
248.752                  -11.129726577517         -12.482612291802         -11                      -9.8964646405169
250.75                   -11.129726577517         -12.482612291802         -11                      -9.8875651618114
252.748                  -11.129726577517         -12.482612291802         -11                      -9.8786656831059
254.746                  -11.129726577517         -12.482612291802         -11                      -9.8697662044005
256.744                  -11.129726577517         -12.482612291802         -11                      -9.860866725695
258.742                  -11.129726577517         -12.482612291802         -11                      -9.8519672469895
260.74                   -11.129726577517         -12.482612291802         -11                      -9.8430677682841
262.738                  -11.129726577517         -12.482612291802         -11                      -9.8341682895786
264.736                  -11.129726577517         -12.482612291802         -11                      -9.8252688108731
266.734                  -11.129726577517         -12.482612291802         -11                      -9.8163693321677
268.732                  -11.129726577517         -12.482612291802         -11                      -9.8074698534622
270.73                   -11.129726577517         -12.482612291802         -11                      -9.7985703747568
272.728                  -11.129726577517         -12.482612291802         -11                      -9.7896708960513
274.726                  -11.129726577517         -12.482612291802         -11                      -9.7807714173458
276.724                  -11.129726577517         -12.482612291802         -11                      -9.7718719386404
278.722                  -11.129726577517         -12.482612291802         -11                      -9.7629724599349
280.72                   -11.129726577517         -12.482612291802         -11                      -9.7540729812295
282.718                  -11.129726577517         -12.482612291802         -11                      -9.745173502524
284.716                  -11.129726577517         -12.482612291802         -11                      -9.7362740238185
286.714                  -11.129726577517         -12.482612291802         -11                      -9.7273745451131
288.712                  -11.129726577517         -12.482612291802         -11                      -9.7184750664076
290.71                   -11.129726577517         -12.482612291802         -11                      -9.7095755877022
292.708                  -11.129726577517         -12.482612291802         -11                      -9.7006761089967
294.706                  -11.129726577517         -12.482612291802         -11                      -9.6917766302913
296.704                  -11.129726577517         -12.482612291802         -11                      -9.6828771515858
298.702                  -11.129726577517         -12.482612291802         -11                      -9.6739776728804
300.7                    -11.129726577517         -12.482612291802         -11                      -9.6650781941749
302.698                  -11.129726577517         -12.482612291802         -11                      -9.6561787154695
304.696                  -11.129726577517         -12.482612291802         -11                      -9.647279236764
306.694                  -11.129726577517         -12.482612291802         -11                      -9.6383797580586
308.692                  -11.129726577517         -12.482612291802         -11                      -9.6294802793531
310.69                   -11.129726577517         -12.482612291802         -11                      -9.6205808006477
312.688                  -11.129726577517         -12.482612291802         -11                      -9.6116813219423
314.686                  -11.129726577517         -12.482612291802         -11                      -9.6027818432368
316.684                  -11.129726577517         -12.482612291802         -11                      -9.5938823645314
318.682                  -11.129726577517         -12.482612291802         -11                      -9.5849828858259
320.68                   -11.129726577517         -12.482612291802         -11                      -9.5760834071205
322.678                  -11.129726577517         -12.482612291802         -11                      -9.5671839284151
324.676                  -11.129726577517         -12.482612291802         -11                      -9.5582844497096
326.674                  -11.129726577517         -12.482612291802         -11                      -9.5493849710042
328.672                  -11.129726577517         -12.482612291802         -11                      -9.5404854922988
330.67                   -11.129726577517         -12.482612291802         -11                      -9.5315860135933
332.668                  -11.129726577517         -12.482612291802         -11                      -9.5226865348879
334.666                  -11.129726577517         -12.482612291802         -11                      -9.5137870561825
336.664                  -11.129726577517         -12.482612291802         -11                      -9.504887577477
338.662                  -11.129726577517         -12.482612291802         -11                      -9.4959880987716
340.66                   -11.129726577517         -12.482612291802         -11                      -9.4870886200662
342.658                  -11.129726577517         -12.482612291802         -11                      -9.4781891413607
344.656                  -11.129726577517         -12.482612291802         -11                      -9.4692896626553
346.654                  -11.129726577517         -12.482612291802         -11                      -9.4603901839499
348.652                  -11.129726577517         -12.482612291802         -11                      -9.4514907052445
350.65                   -11.129726577517         -12.482612291802         -11                      -9.442591226539
352.648                  -11.129726577517         -12.482612291802         -11                      -9.4336917478336
354.646                  -11.129726577517         -12.482612291802         -11                      -9.4247922691282
356.644                  -11.129726577517         -12.482612291802         -11                      -9.4158927904228
358.642                  -11.129726577517         -12.482612291802         -11                      -9.4069933117174
360.64                   -11.129726577517         -12.482612291802         -11                      -9.3980938330119
362.638                  -11.129726577517         -12.482612291802         -11                      -9.3891943543065
364.636                  -11.129726577517         -12.482612291802         -11                      -9.3802948756011
366.634                  -11.129726577517         -12.482612291802         -11                      -9.3713953968957
368.632                  -11.129726577517         -12.482612291802         -11                      -9.3624959181903
370.63                   -11.129726577517         -12.482612291802         -11                      -9.3535964394849
372.628                  -11.129726577517         -12.482612291802         -11                      -9.3446969607794
374.626                  -11.129726577517         -12.482612291802         -11                      -9.335797482074
376.624                  -11.129726577517         -12.482612291802         -11                      -9.3268980033686
378.622                  -11.129726577517         -12.482612291802         -11                      -9.3179985246632
380.62                   -11.129726577517         -12.482612291802         -11                      -9.3090990459578
382.618                  -11.129726577517         -12.482612291802         -11                      -9.3001995672524
384.616                  -11.129726577517         -12.482612291802         -11                      -9.291300088547
386.614                  -11.129726577517         -12.482612291802         -11                      -9.2824006098416
388.612                  -11.129726577517         -12.482612291802         -11                      -9.2735011311362
390.61                   -11.129726577517         -12.482612291802         -11                      -9.2646016524308
392.608                  -11.129726577517         -12.482612291802         -11                      -9.2557021737253
394.60599999999          -11.129726577517         -12.482612291802         -11                      -9.2468026950199
396.60399999999          -11.129726577517         -12.482612291802         -11                      -9.2379032163145
398.60199999999          -11.129726577517         -12.482612291802         -11                      -9.2290037376091
400.59999999999          -11.129726577517         -12.482612291802         -11                      -9.2201042589037
402.59799999999          -11.129726577517         -12.482612291802         -11                      -9.2112047801983
404.59599999999          -11.129726577517         -12.482612291802         -11                      -9.2023053014929
406.59399999999          -11.129726577517         -12.482612291802         -11                      -9.1934058227875
408.59199999999          -11.129726577517         -12.482612291802         -11                      -9.1845063440821
410.58999999999          -11.129726577517         -12.482612291802         -11                      -9.1756068653767
412.58799999999          -11.129726577517         -12.482612291802         -11                      -9.1667073866713
414.58599999999          -11.129726577517         -12.482612291802         -11                      -9.1578079079659
416.58399999999          -11.129726577517         -12.482612291802         -11                      -9.1489084292605
418.58199999999          -11.129726577517         -12.482612291802         -11                      -9.1400089505551
420.57999999999          -11.129726577517         -12.482612291802         -11                      -9.1311094718497
422.57799999999          -11.129726577517         -12.482612291802         -11                      -9.1222099931443
424.57599999999          -11.129726577517         -12.482612291802         -11                      -9.1133105144389
426.57399999999          -11.129726577517         -12.482612291802         -11                      -9.1044110357335
428.57199999999          -11.129726577517         -12.482612291802         -11                      -9.0955115570281
430.56999999999          -11.129726577517         -12.482612291802         -11                      -9.0866120783227
432.56799999999          -11.129726577517         -12.482612291802         -11                      -9.0777125996174
434.56599999999          -11.129726577517         -12.482612291802         -11                      -9.068813120912
436.56399999999          -11.129726577517         -12.482612291802         -11                      -9.0599136422066
438.56199999999          -11.129726577517         -12.482612291802         -11                      -9.0510141635012
440.55999999999          -11.129726577517         -12.482612291802         -11                      -9.0421146847958
442.55799999999          -11.129726577517         -12.482612291802         -11                      -9.0332152060904
444.55599999999          -11.129726577517         -12.482612291802         -11                      -9.024315727385
446.55399999999          -11.129726577517         -12.482612291802         -11                      -9.0154162486796
448.55199999999          -11.129726577517         -12.482612291802         -11                      -9.0065167699742
450.54999999999          -11.129726577517         -12.482612291802         -11                      -8.9976172912689
452.54799999999          -11.129726577517         -12.482612291802         -11                      -8.9887178125635
454.54599999999          -11.129726577517         -12.482612291802         -11                      -8.9798183338581
456.54399999999          -11.129726577517         -12.482612291802         -11                      -8.9709188551527
458.54199999999          -11.129726577517         -12.482612291802         -11                      -8.9620193764473
460.53999999999          -11.129726577517         -12.482612291802         -11                      -8.9531198977419
462.53799999999          -11.129726577517         -12.482612291802         -11                      -8.9442204190366
464.53599999999          -11.129726577517         -12.482612291802         -11                      -8.9353209403312
466.53399999999          -11.129726577517         -12.482612291802         -11                      -8.9264214616258
468.53199999999          -11.129726577517         -12.482612291802         -11                      -8.9175219829204
470.52999999999          -11.129726577517         -12.482612291802         -11                      -8.908622504215
472.52799999999          -11.129726577517         -12.482612291802         -11                      -8.8997230255096
474.52599999999          -11.129726577517         -12.482612291802         -11                      -8.8908235468043
476.52399999999          -11.129726577517         -12.482612291802         -11                      -8.8819240680989
478.52199999999          -11.129726577517         -12.482612291802         -11                      -8.8730245893935
480.51999999999          -11.129726577517         -12.482612291802         -11                      -8.8641251106881
482.51799999999          -11.129726577517         -12.482612291802         -11                      -8.8552256319828
484.51599999999          -11.129726577517         -12.482612291802         -11                      -8.8463261532774
486.51399999999          -11.129726577517         -12.482612291802         -11                      -8.837426674572
488.51199999999          -11.129726577517         -12.482612291802         -11                      -8.8285271958666
490.50999999999          -11.129726577517         -12.482612291802         -11                      -8.8196277171613
492.50799999999          -11.129726577517         -12.482612291802         -11                      -8.8107282384559
494.50599999999          -11.129726577517         -12.482612291802         -11                      -8.8018287597505
496.50399999999          -11.129726577517         -12.482612291802         -11                      -8.7929292810452
498.50199999999          -11.129726577517         -12.482612291802         -11                      -8.7840298023398
500.49999999999          -11.129726577517         -12.482612291802         -11                      -8.7751303236344
502.49799999999          -11.129726577517         -12.482612291802         -11                      -8.766230844929
504.49599999999          -11.129726577517         -12.482612291802         -11                      -8.7573313662237
506.49399999999          -11.129726577517         -12.482612291802         -11                      -8.7484318875183
508.49199999999          -11.129726577517         -12.482612291802         -11                      -8.739532408813
510.48999999999          -11.129726577517         -12.482612291802         -11                      -8.7306329301076
512.48799999999          -11.129726577517         -12.482612291802         -11                      -8.7217334514022
514.48599999999          -11.129726577517         -12.482612291802         -11                      -8.7128339726969
516.48399999999          -11.129726577517         -12.482612291802         -11                      -8.7039344939915
518.48199999999          -11.129726577517         -12.482612291802         -11                      -8.6950350152861
520.47999999999          -11.129726577517         -12.482612291802         -11                      -8.6861355365808
522.47799999999          -11.129726577517         -12.482612291802         -11                      -8.6772360578754
524.47599999999          -11.129726577517         -12.482612291802         -11                      -8.66833657917
526.47399999999          -11.129726577517         -12.482612291802         -11                      -8.6594371004647
528.47199999999          -11.129726577517         -12.482612291802         -11                      -8.6505376217593
530.46999999999          -11.129726577517         -12.482612291802         -11                      -8.6416381430539
532.46799999999          -11.129726577517         -12.482612291802         -11                      -8.6327386643486
534.46599999999          -11.129726577517         -12.482612291802         -11                      -8.6238391856432
536.46399999999          -11.129726577517         -12.482612291802         -11                      -8.6149397069378
538.46199999999          -11.129726577517         -12.482612291802         -11                      -8.6060402282325
540.45999999999          -11.129726577517         -12.482612291802         -11                      -8.5971407495271
542.45799999999          -11.129726577517         -12.482612291802         -11                      -8.5882412708217
544.45599999999          -11.129726577517         -12.482612291802         -11                      -8.5793417921164
546.45399999999          -11.129726577517         -12.482612291802         -11                      -8.570442313411
548.45199999999          -11.129726577517         -12.482612291802         -11                      -8.5615428347056
550.44999999999          -11.129726577517         -12.482612291802         -11                      -8.5526433560003
552.44799999999          -11.129726577517         -12.482612291802         -11                      -8.5437438772949
554.44599999999          -11.129726577517         -12.482612291802         -11                      -8.5348443985895
556.44399999999          -11.129726577517         -12.482612291802         -11                      -8.5259449198842
558.44199999999          -11.129726577517         -12.482612291802         -11                      -8.5170454411788
560.43999999999          -11.129726577517         -12.482612291802         -11                      -8.5081459624734
562.43799999999          -11.129726577517         -12.482612291802         -11                      -8.4992464837681
564.43599999999          -11.129726577517         -12.482612291802         -11                      -8.4903470050627
566.43399999999          -11.129726577517         -12.482612291802         -11                      -8.4814475263573
568.43199999999          -11.129726577517         -12.482612291802         -11                      -8.472548047652
570.42999999999          -11.129726577517         -12.482612291802         -11                      -8.4636485689466
572.42799999999          -11.129726577517         -12.482612291802         -11                      -8.4547490902412
574.42599999999          -11.129726577517         -12.482612291802         -11                      -8.4458496115359
576.42399999999          -11.129726577517         -12.482612291802         -11                      -8.4369501328305
578.42199999999          -11.129726577517         -12.482612291802         -11                      -8.4280506541251
580.41999999999          -11.129726577517         -12.482612291802         -11                      -8.4191511754197
582.41799999999          -11.129726577517         -12.482612291802         -11                      -8.4102516967144
584.41599999999          -11.129726577517         -12.482612291802         -11                      -8.401352218009
586.41399999999          -11.129726577517         -12.482612291802         -11                      -8.3924527393036
588.41199999999          -11.129726577517         -12.482612291802         -11                      -8.3835532605983
590.40999999999          -11.129726577517         -12.482612291802         -11                      -8.3746537818929
592.40799999999          -11.129726577517         -12.482612291802         -11                      -8.3657543031875
594.40599999999          -11.129726577517         -12.482612291802         -11                      -8.3568548244822
596.40399999999          -11.129726577517         -12.482612291802         -11                      -8.3479553457768
598.40199999999          -11.129726577517         -12.482612291802         -11                      -8.3390558670714
600.39999999999          -11.129726577517         -12.482612291802         -11                      -8.3301563883661
602.39799999999          -11.129726577517         -12.482612291802         -11                      -8.3212569096607
604.39599999999          -11.129726577517         -12.482612291802         -11                      -8.3123574309553
606.39399999999          -11.129726577517         -12.482612291802         -11                      -8.3034579522499
608.39199999999          -11.129726577517         -12.482612291802         -11                      -8.2945584735446
610.38999999999          -11.129726577517         -12.482612291802         -11                      -8.2856589948392
612.38799999999          -11.129726577517         -12.482612291802         -11                      -8.2767595161338
614.38599999999          -11.129726577517         -12.482612291802         -11                      -8.2678600374285
616.38399999999          -11.129726577517         -12.482612291802         -11                      -8.2589605587231
618.38199999999          -11.129726577517         -12.482612291802         -11                      -8.2500610800177
620.37999999999          -11.129726577517         -12.482612291802         -11                      -8.2411616013124
622.37799999999          -11.129726577517         -12.482612291802         -11                      -8.232262122607
624.37599999999          -11.129726577517         -12.482612291802         -11                      -8.2233626439016
626.37399999999          -11.129726577517         -12.482612291802         -11                      -8.2144631651963
628.37199999999          -11.129726577517         -12.482612291802         -11                      -8.2055636864909
630.37                   -11.129726577517         -12.482612291802         -11                      -8.1966642077855
632.368                  -11.129726577517         -12.482612291802         -11                      -8.1877647290802
634.36599999999          -11.129726577517         -12.482612291802         -11                      -8.1788652503748
636.364                  -11.129726577517         -12.482612291802         -11                      -8.1699657716694
638.362                  -11.129726577517         -12.482612291802         -11                      -8.1610662929641
640.36                   -11.129726577517         -12.482612291802         -11                      -8.1521668142587
642.358                  -11.129726577517         -12.482612291802         -11                      -8.1432673355533
644.356                  -11.129726577517         -12.482612291802         -11                      -8.134367856848
646.354                  -11.129726577517         -12.482612291802         -11                      -8.1254683781426
648.352                  -11.129726577517         -12.482612291802         -11                      -8.1165688994372
650.35                   -11.129726577517         -12.482612291802         -11                      -8.1076694207319
652.348                  -11.129726577517         -12.482612291802         -11                      -8.0987699420265
654.346                  -11.129726577517         -12.482612291802         -11                      -8.0898704633211
656.344                  -11.129726577517         -12.482612291802         -11                      -8.0809709846158
658.342                  -11.129726577517         -12.482612291802         -11                      -8.0720715059104
660.34                   -11.129726577517         -12.482612291802         -11                      -8.063172027205
662.338                  -11.129726577517         -12.482612291802         -11                      -8.0542725484997
664.336                  -11.129726577517         -12.482612291802         -11                      -8.0453730697943
666.334                  -11.129726577517         -12.482612291802         -11                      -8.0364735910889
668.332                  -11.129726577517         -12.482612291802         -11                      -8.0275741123836
670.33                   -11.129726577517         -12.482612291802         -11                      -8.0186746336782
672.328                  -11.129726577517         -12.482612291802         -11                      -8.0097751549728
674.326                  -11.129726577517         -12.482612291802         -11                      -8.0008756762675
676.324                  -11.129726577517         -12.482612291802         -11                      -7.9919761975621
678.322                  -11.129726577517         -12.482612291802         -11                      -7.9830767188567
680.32                   -11.129726577517         -12.482612291802         -11                      -7.9741772401514
682.318                  -11.129726577517         -12.482612291802         -11                      -7.965277761446
684.316                  -11.129726577517         -12.482612291802         -11                      -7.9563782827406
686.314                  -11.129726577517         -12.482612291802         -11                      -7.9474788040353
688.312                  -11.129726577517         -12.482612291802         -11                      -7.9385793253299
690.31                   -11.129726577517         -12.482612291802         -11                      -7.9296798466245
692.308                  -11.129726577517         -12.482612291802         -11                      -7.9207803679192
694.306                  -11.129726577517         -12.482612291802         -11                      -7.9118808892138
696.304                  -11.129726577517         -12.482612291802         -11                      -7.9029814105084
698.302                  -11.129726577517         -12.482612291802         -11                      -7.8940819318031
700.3                    -11.129726577517         -12.482612291802         -11                      -7.8851824530977
702.298                  -11.129726577517         -12.482612291802         -11                      -7.8762829743923
704.296                  -11.129726577517         -12.482612291802         -11                      -7.867383495687
706.294                  -11.129726577517         -12.482612291802         -11                      -7.8584840169816
708.292                  -11.129726577517         -12.482612291802         -11                      -7.8495845382762
710.29                   -11.129726577517         -12.482612291802         -11                      -7.8406850595709
712.288                  -11.129726577517         -12.482612291802         -11                      -7.8317855808655
714.286                  -11.129726577517         -12.482612291802         -11                      -7.8228861021601
716.284                  -11.129726577517         -12.482612291802         -11                      -7.8139866234548
718.282                  -11.129726577517         -12.482612291802         -11                      -7.8050871447494
720.28                   -11.129726577517         -12.482612291802         -11                      -7.796187666044
722.278                  -11.129726577517         -12.482612291802         -11                      -7.7872881873387
724.276                  -11.129726577517         -12.482612291802         -11                      -7.7783887086333
726.274                  -11.129726577517         -12.482612291802         -11                      -7.7694892299279
728.272                  -11.129726577517         -12.482612291802         -11                      -7.7605897512226
730.27                   -11.129726577517         -12.482612291802         -11                      -7.7516902725172
732.268                  -11.129726577517         -12.482612291802         -11                      -7.7427907938118
734.266                  -11.129726577517         -12.482612291802         -11                      -7.7338913151065
736.264                  -11.129726577517         -12.482612291802         -11                      -7.7249918364011
738.262                  -11.129726577517         -12.482612291802         -11                      -7.7160923576957
740.26                   -11.129726577517         -12.482612291802         -11                      -7.7071928789904
742.258                  -11.129726577517         -12.482612291802         -11                      -7.698293400285
744.256                  -11.129726577517         -12.482612291802         -11                      -7.6893939215796
746.254                  -11.129726577517         -12.482612291802         -11                      -7.6804944428743
748.252                  -11.129726577517         -12.482612291802         -11                      -7.6715949641689
750.25                   -11.129726577517         -12.482612291802         -11                      -7.6626954854635
752.248                  -11.129726577517         -12.482612291802         -11                      -7.6537960067582
754.246                  -11.129726577517         -12.482612291802         -11                      -7.6448965280528
756.244                  -11.129726577517         -12.482612291802         -11                      -7.6359970493474
758.242                  -11.129726577517         -12.482612291802         -11                      -7.6270975706421
760.24                   -11.129726577517         -12.482612291802         -11                      -7.6181980919367
762.238                  -11.129726577517         -12.482612291802         -11                      -7.6092986132313
764.236                  -11.129726577517         -12.482612291802         -11                      -7.600399134526
766.234                  -11.129726577517         -12.482612291802         -11                      -7.5914996558206
768.232                  -11.129726577517         -12.482612291802         -11                      -7.5826001771152
770.23                   -11.129726577517         -12.482612291802         -11                      -7.5737006984099
772.228                  -11.129726577517         -12.482612291802         -11                      -7.5648012197045
774.226                  -11.129726577517         -12.482612291802         -11                      -7.5559017409991
776.224                  -11.129726577517         -12.482612291802         -11                      -7.5470022622938
778.222                  -11.129726577517         -12.482612291802         -11                      -7.5381027835884
780.22                   -11.129726577517         -12.482612291802         -11                      -7.529203304883
782.218                  -11.129726577517         -12.482612291802         -11                      -7.5203038261777
784.216                  -11.129726577517         -12.482612291802         -11                      -7.5114043474723
786.214                  -11.129726577517         -12.482612291802         -11                      -7.5025048687669
788.212                  -11.129726577517         -12.482612291802         -11                      -7.4936053900616
790.21                   -11.129726577517         -12.482612291802         -11                      -7.4847059113562
792.208                  -11.129726577517         -12.482612291802         -11                      -7.4758064326508
794.206                  -11.129726577517         -12.482612291802         -11                      -7.4669069539455
796.204                  -11.129726577517         -12.482612291802         -11                      -7.4580074752401
798.202                  -11.129726577517         -12.482612291802         -11                      -7.4491079965347
800.2                    -11.129726577517         -12.482612291802         -11                      -7.4402085178294
802.198                  -11.129726577517         -12.482612291802         -11                      -7.431309039124
804.196                  -11.129726577517         -12.482612291802         -11                      -7.4224095604187
806.194                  -11.129726577517         -12.482612291802         -11                      -7.4135100817133
808.192                  -11.129726577517         -12.482612291802         -11                      -7.4046106030079
810.19                   -11.129726577517         -12.482612291802         -11                      -7.3957111243026
812.188                  -11.129726577517         -12.482612291802         -11                      -7.3868116455972
814.186                  -11.129726577517         -12.482612291802         -11                      -7.3779121668918
816.184                  -11.129726577517         -12.482612291802         -11                      -7.3690126881865
818.182                  -11.129726577517         -12.482612291802         -11                      -7.3601132094811
820.18                   -11.129726577517         -12.482612291802         -11                      -7.3512137307757
822.178                  -11.129726577517         -12.482612291802         -11                      -7.3423142520704
824.176                  -11.129726577517         -12.482612291802         -11                      -7.333414773365
826.174                  -11.129726577517         -12.482612291802         -11                      -7.3245152946596
828.172                  -11.129726577517         -12.482612291802         -11                      -7.3156158159543
830.17                   -11.129726577517         -12.482612291802         -11                      -7.3067163372489
832.168                  -11.129726577517         -12.482612291802         -11                      -7.2978168585436
834.166                  -11.129726577517         -12.482612291802         -11                      -7.2889173798382
836.164                  -11.129726577517         -12.482612291802         -11                      -7.2800179011328
838.162                  -11.129726577517         -12.482612291802         -11                      -7.2711184224275
840.16                   -11.129726577517         -12.482612291802         -11                      -7.2622189437221
842.158                  -11.129726577517         -12.482612291802         -11                      -7.2533194650167
844.156                  -11.129726577517         -12.482612291802         -11                      -7.2444199863114
846.154                  -11.129726577517         -12.482612291802         -11                      -7.235520507606
848.152                  -11.129726577517         -12.482612291802         -11                      -7.2266210289006
850.15                   -11.129726577517         -12.482612291802         -11                      -7.2177215501953
852.148                  -11.129726577517         -12.482612291802         -11                      -7.2088220714899
854.146                  -11.129726577517         -12.482612291802         -11                      -7.1999225927846
856.144                  -11.129726577517         -12.482612291802         -11                      -7.1910231140792
858.142                  -11.129726577517         -12.482612291802         -11                      -7.1821236353738
860.14                   -11.129726577517         -12.482612291802         -11                      -7.1732241566685
862.138                  -11.129726577517         -12.482612291802         -11                      -7.1643246779631
864.136                  -11.129726577517         -12.482612291802         -11                      -7.1554251992577
866.134                  -11.129726577517         -12.482612291802         -11                      -7.1465257205524
868.132                  -11.129726577517         -12.482612291802         -11                      -7.137626241847
870.13                   -11.129726577517         -12.482612291802         -11                      -7.1287267631416
872.128                  -11.129726577517         -12.482612291802         -11                      -7.1198272844363
874.126                  -11.129726577517         -12.482612291802         -11                      -7.1109278057309
876.124                  -11.129726577517         -12.482612291802         -11                      -7.1020283270255
878.122                  -11.129726577517         -12.482612291802         -11                      -7.0931288483202
880.12                   -11.129726577517         -12.482612291802         -11                      -7.0842293696148
882.118                  -11.129726577517         -12.482612291802         -11                      -7.0753298909094
884.116                  -11.129726577517         -12.482612291802         -11                      -7.0664304122041
886.114                  -11.129726577517         -12.482612291802         -11                      -7.0575309334987
888.112                  -11.129726577517         -12.482612291802         -11                      -7.0486314547933
890.11                   -11.129726577517         -12.482612291802         -11                      -7.039731976088
892.108                  -11.129726577517         -12.482612291802         -11                      -7.0308324973826
894.106                  -11.129726577517         -12.482612291802         -11                      -7.0219330186773
896.104                  -11.129726577517         -12.482612291802         -11                      -7.0130335399719
898.102                  -11.129726577517         -12.482612291802         -11                      -7.0041340612665
900.1                    -11.129726577517         -12.482612291802         -11                      -6.9952345825612
902.098                  -11.129726577517         -12.482612291802         -11                      -6.9863351038558
904.096                  -11.129726577516         -12.482612291802         -11                      -6.9774356251504
906.094                  -11.129726577516         -12.482612291802         -11                      -6.9685361464451
908.092                  -11.129726577516         -12.482612291802         -11                      -6.9596366677397
910.09                   -11.129726577515         -12.482612291801         -11                      -6.9507371890343
912.088                  -11.129726577515         -12.4826122918           -11                      -6.941837710329
914.086                  -11.129726577513         -12.482612291799         -11                      -6.9329382316236
916.084                  -11.129726577511         -12.482612291796         -11                      -6.9240387529182
918.082                  -11.129726577506         -12.482612291792         -11                      -6.9151392742129
920.08                   -11.129726577499         -12.482612291784         -11                      -6.9062397955075
922.078                  -11.129726577486         -12.482612291771         -11                      -6.8973403168021
924.076                  -11.129726577463         -12.482612291749         -11                      -6.8884408380968
926.074                  -11.129726577423         -12.482612291709         -11                      -6.8795413593914
928.072                  -11.129726577355         -12.482612291641         -11                      -6.870641880686
930.07                   -11.129726577237         -12.482612291523         -11                      -6.8617424019807
932.068                  -11.129726577033         -12.482612291319         -11                      -6.8528429232753
934.066                  -11.12972657668          -12.482612290966         -11                      -6.8439434445699
936.064                  -11.129726576068         -12.482612290354         -11                      -6.8350439658646
938.062                  -11.129726575009         -12.482612289294         -11                      -6.8261444871592
940.06                   -11.129726573175         -12.48261228746          -11                      -6.8172450084538
942.058                  -11.12972657             -12.482612284285         -11                      -6.8083455297485
944.056                  -11.129726564503         -12.482612278789         -11                      -6.7994460510431
946.054                  -11.129726554987         -12.482612269273         -11                      -6.7905465723377
948.052                  -11.129726538513         -12.482612252799         -11                      -6.7816470936324
950.05                   -11.129726509993         -12.482612224279         -11                      -6.772747614927
952.048                  -11.129726460619         -12.482612174905         -11                      -6.7638481362216
954.046                  -11.129726375142         -12.482612089428         -11                      -6.7549486575162
956.044                  -11.129726227163         -12.482611941449         -11                      -6.7460491788109
958.042                  -11.129725970979         -12.482611685265         -11                      -6.7371497001055
960.04                   -11.129725527471         -12.482611241757         -11                      -6.7282502214001
962.038                  -11.129724759663         -12.482610473949         -11                      -6.7193507426948
964.036                  -11.129723430426         -12.482609144711         -11                      -6.7104512639894
966.034                  -11.129721129236         -12.482606843522         -11                      -6.701551785284
968.032                  -11.1297171454           -12.482602859685         -11                      -6.6926523065787
970.03                   -11.129710248573         -12.482595962858         -11                      -6.6837528278733
972.028                  -11.12969830883          -12.482584023116         -11                      -6.6748533491679
974.026                  -11.129677639006         -12.482563353291         -11                      -6.6659538704626
976.024                  -11.12964185639          -12.482527570675         -11                      -6.6570543917572
978.022                  -11.129579912848         -12.482465627134         -11                      -6.6481549130518
980.02                   -11.129472686795         -12.482358401081         -11                      -6.6392554343465
982.018                  -11.129287089953         -12.482172804238         -11                      -6.6303559556411
984.016                  -11.128965885241         -12.481851599527         -11                      -6.6214564769357
986.014                  -11.128410120352         -12.481295834638         -11                      -6.6125569982304
988.012                  -11.127448899371         -12.480334613657         -11                      -6.603657519525
990.01                   -11.125787599429         -12.478673313715         -11                      -6.5947580408196
992.008                  -11.122919868456         -12.475805582742         -11                      -6.5858585621143
994.006                  -11.117980218277         -12.470865932563         -11                      -6.5769590834089
996.004                  -11.1095037116           -12.462389425886         -11                      -6.5680596047035
998.002                  -11.095054895252         -12.447940609538         -11                      -6.5591601259982
1000                     -11.070722484113         -12.423608198399         -11                      -6.5502606472928
1002                     -11.044765401929         -12.397651116215         -11                      -6.5413522602003
1004                     -11.026292262865         -12.379177977151         -11                      -6.5324438731079
1006                     -11.012549820583         -12.365435534869         -11                      -6.5235354860154
1008                     -11.001963841054         -12.354849555339         -11                      -6.514627098923
1010                     -10.993586956842         -12.346472671127         -11                      -6.5057187118305
1012                     -10.986819493942         -12.339705208228         -11                      -6.496810324738
1014                     -10.981263788812         -12.334149503098         -11                      -6.4879019376456
1016                     -10.976645109554         -12.32953082384          -11                      -6.4789935505531
1018                     -10.972766848544         -12.325652562829         -11                      -6.4700851634607
1020                     -10.969484029478         -12.322369743764         -11                      -6.4611767763682
1022                     -10.966687003028         -12.319572717314         -11                      -6.4522683892757
1024                     -10.964291038788         -12.317176753074         -11                      -6.4433600021833
1026                     -10.962229458589         -12.315115172875         -11                      -6.4344516150908
1028                     -10.960448970673         -12.313334684959         -11                      -6.4255432279984
1030                     -10.958906414756         -12.311792129041         -11                      -6.4166348409059
1032                     -10.957566437314         -12.3104521516           -11                      -6.4077264538134
1034                     -10.956399795931         -12.309285510216         -11                      -6.398818066721
1036                     -10.955382098894         -12.30826781318          -11                      -6.3899096796285
1038                     -10.954492852285         -12.30737856657          -11                      -6.3810012925361
1040                     -10.953714728401         -12.306600442687         -11                      -6.3720929054436
1042                     -10.9530329963           -12.305918710586         -11                      -6.3631845183511
1044                     -10.952435072928         -12.305320787214         -11                      -6.3542761312587
1046                     -10.951910165276         -12.304795879562         -11                      -6.3453677441662
1048                     -10.951448982149         -12.304334696434         -11                      -6.3364593570738
1050                     -10.951043499826         -12.303929214111         -11                      -6.3275509699813
1052                     -10.950686769923         -12.303572484208         -11                      -6.3186425828889
1054                     -10.950372760637         -12.303258474923         -11                      -6.3097341957964
1056                     -10.95009622467          -12.302981938956         -11                      -6.3008258087039
1058                     -10.949852588637         -12.302738302923         -11                      -6.2919174216115
1060                     -10.949637859961         -12.302523574247         -11                      -6.283009034519
1062                     -10.949448548066         -12.302334262352         -11                      -6.2741006474266
1064                     -10.949281597373         -12.302167311658         -11                      -6.2651922603341
1066                     -10.949134330094         -12.30202004438          -11                      -6.2562838732416
1068                     -10.949004397208         -12.301890111494         -11                      -6.2473754861492
1070                     -10.948889736304         -12.30177545059          -11                      -6.2384670990567
1072                     -10.948788535224         -12.30167424951          -11                      -6.2295587119643
1074                     -10.948699200621         -12.301584914907         -11                      -6.2206503248718
1076                     -10.948620330707         -12.301506044993         -11                      -6.2117419377794
1078                     -10.948550691571         -12.301436405857         -11                      -6.2028335506869
1080                     -10.948489196575         -12.30137491086          -11                      -6.1939251635944
1082                     -10.948434888381         -12.301320602667         -11                      -6.185016776502
1084                     -10.948386923265         -12.301272637551         -11                      -6.1761083894095
1086                     -10.948344557395         -12.30123027168          -11                      -6.1672000023171
1088                     -10.948307134816         -12.301192849102         -11                      -6.1582916152246
1090                     -10.948274076934         -12.30115979122          -11                      -6.1493832281321
1092                     -10.948244873269         -12.301130587555         -11                      -6.1404748410397
1094                     -10.948219073359         -12.301104787645         -11                      -6.1315664539472
1096                     -10.948196279629         -12.301081993915         -11                      -6.1226580668548
1098                     -10.948176141132         -12.301061855418         -11                      -6.1137496797623
1100                     -10.948158348038         -12.301044062324         -11                      -6.1048412926699
1102                     -10.948142626785         -12.30102834107          -11                      -6.0959329055774
1104                     -10.948128735807         -12.301014450093         -11                      -6.0870245184849
1106                     -10.948116461775         -12.30100217606          -11                      -6.0781161313925
1108                     -10.948105616277         -12.300991330563         -11                      -6.0692077443
1110                     -10.9480960329           -12.300981747186         -11                      -6.0602993572076
1112                     -10.948087564649         -12.300973278935         -11                      -6.0513909701151
1114                     -10.948080081675         -12.300965795961         -11                      -6.0424825830227
1116                     -10.94807346927          -12.300959183556         -11                      -6.0335741959302
1118                     -10.948067626095         -12.300953340381         -11                      -6.0246658088377
1120                     -10.948062462621         -12.300948176906         -11                      -6.0157574217453
1122                     -10.948057899747         -12.300943614033         -11                      -6.0068490346528
1124                     -10.948053867588         -12.300939581874         -11                      -5.9979406475604
1126                     -10.948050304394         -12.300936018679         -11                      -5.9890322604679
1128                     -10.948047155605         -12.30093286989          -11                      -5.9801238733754
1130                     -10.948044373012         -12.300930087297         -11                      -5.971215486283
1132                     -10.948041914018         -12.300927628303         -11                      -5.9623070991905
1134                     -10.948039740982         -12.300925455267         -11                      -5.9533987120981
1136                     -10.948037820644         -12.30092353493          -11                      -5.9444903250056
1138                     -10.948036123614         -12.300921837899         -11                      -5.9355819379132
1140                     -10.94803462392          -12.300920338205         -11                      -5.9266735508207
1142                     -10.948033298612         -12.300919012898         -11                      -5.9177651637282
1144                     -10.948032127411         -12.300917841697         -11                      -5.9088567766358
1146                     -10.948031092395         -12.300916806681         -11                      -5.8999483895433
1148                     -10.948030177727         -12.300915892013         -11                      -5.8910400024509
1150                     -10.948029369413         -12.300915083699         -11                      -5.8821316153584
1152                     -10.948028655086         -12.300914369371         -11                      -5.8732232282659
1154                     -10.948028023816         -12.300913738101         -11                      -5.8643148411735
1156                     -10.948027465945         -12.300913180231         -11                      -5.855406454081
1158                     -10.948026972939         -12.300912687225         -11                      -5.8464980669886
1160                     -10.948026537256         -12.300912251542         -11                      -5.8375896798961
1162                     -10.948026152231         -12.300911866516         -11                      -5.8286812928037
1164                     -10.948025811972         -12.300911526258         -11                      -5.8197729057112
1166                     -10.948025511275         -12.300911225561         -11                      -5.8108645186187
1168                     -10.94802524554          -12.300910959826         -11                      -5.8019561315263
1170                     -10.948025010702         -12.300910724988         -11                      -5.7930477444338
1172                     -10.948024803169         -12.300910517454         -11                      -5.7841393573414
1174                     -10.948024619765         -12.30091033405          -11                      -5.7752309702489
1176                     -10.948024457685         -12.300910171971         -11                      -5.7663225831564
1178                     -10.94802431445          -12.300910028735         -11                      -5.757414196064
1180                     -10.948024187868         -12.300909902154         -11                      -5.7485058089715
1182                     -10.948024076004         -12.30090979029          -11                      -5.7395974218791
1184                     -10.948023977146         -12.300909691432         -11                      -5.7306890347866
1186                     -10.948023889783         -12.300909604068         -11                      -5.7217806476941
1188                     -10.948023812576         -12.300909526862         -11                      -5.7128722606017
1190                     -10.948023744347         -12.300909458632         -11                      -5.7039638735092
1192                     -10.94802368405          -12.300909398335         -11                      -5.6950554864168
1194                     -10.948023630763         -12.300909345049         -11                      -5.6861470993243
1196                     -10.948023583673         -12.300909297958         -11                      -5.6772387122318
1198                     -10.948023542057         -12.300909256343         -11                      -5.6683303251394
1200                     -10.94802350528          -12.300909219565         -11                      -5.6594219380469
1202                     -10.948023472779         -12.300909187064         -11                      -5.6505135509545
1204                     -10.948023444056         -12.300909158342         -11                      -5.641605163862
1206                     -10.948023418673         -12.300909132959         -11                      -5.6326967767695
1208                     -10.948023396242         -12.300909110527         -11                      -5.6237883896771
1210                     -10.948023376418         -12.300909090704         -11                      -5.6148800025846
1212                     -10.948023358899         -12.300909073185         -11                      -5.6059716154922
1214                     -10.948023343417         -12.300909057703         -11                      -5.5970632283997
1216                     -10.948023329735         -12.300909044021         -11                      -5.5881548413072
1218                     -10.948023317644         -12.30090903193          -11                      -5.5792464542148
1220                     -10.948023306959         -12.300909021244         -11                      -5.5703380671223
1222                     -10.948023297516         -12.300909011801         -11                      -5.5614296800299
1224                     -10.948023289171         -12.300909003456         -11                      -5.5525212929374
1226                     -10.948023281796         -12.300908996081         -11                      -5.543612905845
1228                     -10.948023275278         -12.300908989564         -11                      -5.5347045187525
1230                     -10.948023269519         -12.300908983804         -11                      -5.52579613166
1232                     -10.948023264429         -12.300908978714         -11                      -5.5168877445676
1234                     -10.948023259931         -12.300908974216         -11                      -5.5079793574751
1236                     -10.948023255955         -12.300908970241         -11                      -5.4990709703827
1238                     -10.948023252442         -12.300908966728         -11                      -5.4901625832902
1240                     -10.948023249338         -12.300908963623         -11                      -5.4812541961978
1242                     -10.948023246594         -12.30090896088          -11                      -5.4723458091053
1244                     -10.94802324417          -12.300908958455         -11                      -5.4634374220128
1246                     -10.948023242027         -12.300908956313         -11                      -5.4545290349204
1248                     -10.948023240133         -12.300908954419         -11                      -5.4456206478279
1250                     -10.94802323846          -12.300908952746         -11                      -5.4367122607355
1252                     -10.948023236981         -12.300908951267         -11                      -5.427803873643
1254                     -10.948023235674         -12.30090894996          -11                      -5.4188954865506
1256                     -10.948023234519         -12.300908948805         -11                      -5.4099870994581
1258                     -10.948023233498         -12.300908947784         -11                      -5.4010787123656
1260                     -10.948023232596         -12.300908946882         -11                      -5.3921703252732
1262                     -10.948023231799         -12.300908946085         -11                      -5.3832619381807
1264                     -10.948023231095         -12.30090894538          -11                      -5.3743535510883
1266                     -10.948023230472         -12.300908944758         -11                      -5.3654451639958
1268                     -10.948023229922         -12.300908944208         -11                      -5.3565367769034
1270                     -10.948023229436         -12.300908943722         -11                      -5.3476283898109
1272                     -10.948023229006         -12.300908943292         -11                      -5.3387200027185
1274                     -10.948023228626         -12.300908942912         -11                      -5.329811615626
1276                     -10.948023228291         -12.300908942577         -11                      -5.3209032285335
1278                     -10.948023227994         -12.30090894228          -11                      -5.3119948414411
1280                     -10.948023227732         -12.300908942018         -11                      -5.3030864543486
1282                     -10.948023227501         -12.300908941786         -11                      -5.2941780672562
1284                     -10.948023227296         -12.300908941582         -11                      -5.2852696801637
1286                     -10.948023227115         -12.300908941401         -11                      -5.2763612930713
1288                     -10.948023226955         -12.300908941241         -11                      -5.2674529059788
1290                     -10.948023226814         -12.3009089411           -11                      -5.2585445188864
1292                     -10.948023226689         -12.300908940975         -11                      -5.2496361317939
1294                     -10.948023226579         -12.300908940865         -11                      -5.2407277447014
1296                     -10.948023226481         -12.300908940767         -11                      -5.231819357609
1298                     -10.948023226395         -12.300908940681         -11                      -5.2229109705165
1300                     -10.948023226319         -12.300908940605         -11                      -5.2140025834241
1302                     -10.948023226252         -12.300908940537         -11                      -5.2050941963316
1304                     -10.948023226192         -12.300908940478         -11                      -5.1961858092392
1306                     -10.94802322614          -12.300908940425         -11                      -5.1872774221467
1308                     -10.948023226093         -12.300908940379         -11                      -5.1783690350543
1310                     -10.948023226052         -12.300908940338         -11                      -5.1694606479618
1312                     -10.948023226016         -12.300908940302         -11                      -5.1605522608694
1314                     -10.948023225984         -12.30090894027          -11                      -5.1516438737769
1316                     -10.948023225956         -12.300908940241         -11                      -5.1427354866844
1318                     -10.948023225931         -12.300908940216         -11                      -5.133827099592
1320                     -10.948023225908         -12.300908940194         -11                      -5.1249187124995
1322                     -10.948023225889         -12.300908940175         -11                      -5.1160103254071
1324                     -10.948023225872         -12.300908940157         -11                      -5.1071019383146
1326                     -10.948023225856         -12.300908940142         -11                      -5.0981935512222
1328                     -10.948023225843         -12.300908940129         -11                      -5.0892851641297
1330                     -10.948023225831         -12.300908940117         -11                      -5.0803767770373
1332                     -10.94802322582          -12.300908940106         -11                      -5.0714683899448
1334                     -10.948023225811         -12.300908940097         -11                      -5.0625600028524
1336                     -10.948023225803         -12.300908940089         -11                      -5.0536516157599
1338                     -10.948023225796         -12.300908940081         -11                      -5.0447432286675
1340                     -10.948023225789         -12.300908940075         -11                      -5.035834841575
1342                     -10.948023225783         -12.300908940069         -11                      -5.0269264544825
1344                     -10.948023225778         -12.300908940064         -11                      -5.0180180673901
1346                     -10.948023225774         -12.30090894006          -11                      -5.0091096802976
1348                     -10.94802322577          -12.300908940056         -11                      -5.0002012932052
1350                     -10.948023225767         -12.300908940052         -11                      -4.9912929061127
1352                     -10.948023225764         -12.300908940049         -11                      -4.9823845190203
1354                     -10.948023225761         -12.300908940047         -11                      -4.9734761319278
1356                     -10.948023225758         -12.300908940044         -11                      -4.9645677448354
1358                     -10.948023225756         -12.300908940042         -11                      -4.9556593577429
1360                     -10.948023225754         -12.30090894004          -11                      -4.9467509706505
1362                     -10.948023225753         -12.300908940039         -11                      -4.937842583558
1364                     -10.948023225751         -12.300908940037         -11                      -4.9289341964656
1366                     -10.94802322575          -12.300908940036         -11                      -4.9200258093731
1368                     -10.948023225749         -12.300908940035         -11                      -4.9111174222807
1370                     -10.948023225748         -12.300908940034         -11                      -4.9022090351882
1372                     -10.948023225747         -12.300908940033         -11                      -4.8933006480958
1374                     -10.948023225746         -12.300908940032         -11                      -4.8843922610033
1376                     -10.948023225746         -12.300908940031         -11                      -4.8754838739108
1378                     -10.948023225745         -12.300908940031         -11                      -4.8665754868184
1380                     -10.948023225744         -12.30090894003          -11                      -4.8576670997259
1382                     -10.948023225744         -12.30090894003          -11                      -4.8487587126335
1384                     -10.948023225743         -12.300908940029         -11                      -4.839850325541
1386                     -10.948023225743         -12.300908940029         -11                      -4.8309419384486
1388                     -10.948023225743         -12.300908940028         -11                      -4.8220335513561
1390                     -10.948023225742         -12.300908940028         -11                      -4.8131251642637
1392                     -10.948023225742         -12.300908940028         -11                      -4.8042167771712
1394                     -10.948023225742         -12.300908940028         -11                      -4.7953083900788
1396                     -10.948023225742         -12.300908940028         -11                      -4.7864000029863
1398                     -10.948023225742         -12.300908940027         -11                      -4.7774916158939
1400                     -10.948023225741         -12.300908940027         -11                      -4.7685832288014
1402                     -10.948023225741         -12.300908940027         -11                      -4.759674841709
1404                     -10.948023225741         -12.300908940027         -11                      -4.7507664546165
1406                     -10.948023225741         -12.300908940027         -11                      -4.7418580675241
1408                     -10.948023225741         -12.300908940027         -11                      -4.7329496804316
1410                     -10.948023225741         -12.300908940027         -11                      -4.7240412933392
1412                     -10.948023225741         -12.300908940027         -11                      -4.7151329062467
1414                     -10.948023225741         -12.300908940026         -11                      -4.7062245191543
1416                     -10.948023225741         -12.300908940026         -11                      -4.6973161320618
1418                     -10.948023225741         -12.300908940026         -11                      -4.6884077449693
1420                     -10.948023225741         -12.300908940026         -11                      -4.6794993578769
1422                     -10.948023225741         -12.300908940026         -11                      -4.6705909707844
1424                     -10.948023225741         -12.300908940026         -11                      -4.661682583692
1426                     -10.94802322574          -12.300908940026         -11                      -4.6527741965995
1428                     -10.94802322574          -12.300908940026         -11                      -4.6438658095071
1430                     -10.94802322574          -12.300908940026         -11                      -4.6349574224146
1432                     -10.94802322574          -12.300908940026         -11                      -4.6260490353222
1434                     -10.94802322574          -12.300908940026         -11                      -4.6171406482297
1436                     -10.94802322574          -12.300908940026         -11                      -4.6082322611373
1438                     -10.94802322574          -12.300908940026         -11                      -4.5993238740448
1440                     -10.94802322574          -12.300908940026         -11                      -4.5904154869524
1442                     -10.94802322574          -12.300908940026         -11                      -4.5815070998599
1444                     -10.94802322574          -12.300908940026         -11                      -4.5725987127674
1446                     -10.94802322574          -12.300908940026         -11                      -4.563690325675
1448                     -10.94802322574          -12.300908940026         -11                      -4.5547819385825
1450                     -10.94802322574          -12.300908940026         -11                      -4.5458735514901
1452                     -10.94802322574          -12.300908940026         -11                      -4.5369651643976
1454                     -10.94802322574          -12.300908940026         -11                      -4.5280567773052
1456                     -10.94802322574          -12.300908940026         -11                      -4.5191483902127
1458                     -10.94802322574          -12.300908940026         -11                      -4.5102400031203
1460                     -10.94802322574          -12.300908940026         -11                      -4.5013316160278
1462                     -10.94802322574          -12.300908940026         -11                      -4.4924232289354
1464                     -10.94802322574          -12.300908940026         -11                      -4.4835148418429
1466                     -10.94802322574          -12.300908940026         -11                      -4.4746064547505
1468                     -10.94802322574          -12.300908940026         -11                      -4.465698067658
1470                     -10.94802322574          -12.300908940026         -11                      -4.4567896805655
1472                     -10.94802322574          -12.300908940026         -11                      -4.4478812934731
1474                     -10.94802322574          -12.300908940026         -11                      -4.4389729063806
1476                     -10.94802322574          -12.300908940026         -11                      -4.4300645192882
1478                     -10.94802322574          -12.300908940026         -11                      -4.4211561321957
1480                     -10.94802322574          -12.300908940026         -11                      -4.4122477451033
1482                     -10.94802322574          -12.300908940026         -11                      -4.4033393580108
1484                     -10.94802322574          -12.300908940026         -11                      -4.3944309709184
1486                     -10.94802322574          -12.300908940026         -11                      -4.3855225838259
1488                     -10.94802322574          -12.300908940026         -11                      -4.3766141967335
1490                     -10.94802322574          -12.300908940026         -11                      -4.367705809641
1492                     -10.94802322574          -12.300908940026         -11                      -4.3587974225485
1494                     -10.94802322574          -12.300908940026         -11                      -4.3498890354561
1496                     -10.94802322574          -12.300908940026         -11                      -4.3409806483636
1498                     -10.94802322574          -12.300908940026         -11                      -4.3320722612712
1500                     -10.94802322574          -12.300908940026         -11                      -4.3231638741787
1502                     -10.94802322574          -12.300908940026         -11                      -4.3142554870863
1504                     -10.94802322574          -12.300908940026         -11                      -4.3053470999938
1506                     -10.94802322574          -12.300908940026         -11                      -4.2964387129014
1508                     -10.94802322574          -12.300908940026         -11                      -4.2875303258089
1510                     -10.94802322574          -12.300908940026         -11                      -4.2786219387165
1512                     -10.94802322574          -12.300908940026         -11                      -4.269713551624
1514                     -10.94802322574          -12.300908940026         -11                      -4.2608051645315
1516                     -10.94802322574          -12.300908940026         -11                      -4.2518967774391
1518                     -10.94802322574          -12.300908940026         -11                      -4.2429883903466
1520                     -10.94802322574          -12.300908940026         -11                      -4.2340800032542
1522                     -10.94802322574          -12.300908940026         -11                      -4.2251716161617
1524                     -10.94802322574          -12.300908940026         -11                      -4.2162632290693
1526                     -10.94802322574          -12.300908940026         -11                      -4.2073548419768
1528                     -10.94802322574          -12.300908940026         -11                      -4.1984464548844
1530                     -10.94802322574          -12.300908940026         -11                      -4.1895380677919
1532                     -10.94802322574          -12.300908940026         -11                      -4.1806296806995
1534                     -10.94802322574          -12.300908940026         -11                      -4.171721293607
1536                     -10.94802322574          -12.300908940026         -11                      -4.1628129065145
1538                     -10.94802322574          -12.300908940026         -11                      -4.1539045194221
1540                     -10.94802322574          -12.300908940026         -11                      -4.1449961323296
1542                     -10.94802322574          -12.300908940026         -11                      -4.1360877452372
1544                     -10.94802322574          -12.300908940026         -11                      -4.1271793581447
1546                     -10.94802322574          -12.300908940026         -11                      -4.1182709710523
1548                     -10.94802322574          -12.300908940026         -11                      -4.1093625839598
1550                     -10.94802322574          -12.300908940026         -11                      -4.1004541968674
1552                     -10.94802322574          -12.300908940026         -11                      -4.0915458097749
1554                     -10.94802322574          -12.300908940026         -11                      -4.0826374226825
1556                     -10.94802322574          -12.300908940026         -11                      -4.07372903559
1558                     -10.94802322574          -12.300908940026         -11                      -4.0648206484975
1560                     -10.94802322574          -12.300908940026         -11                      -4.0559122614051
1562                     -10.94802322574          -12.300908940026         -11                      -4.0470038743126
1564                     -10.94802322574          -12.300908940026         -11                      -4.0380954872202
1566                     -10.94802322574          -12.300908940026         -11                      -4.0291871001277
1568                     -10.94802322574          -12.300908940026         -11                      -4.0202787130353
1570                     -10.94802322574          -12.300908940026         -11                      -4.0113703259428
1572                     -10.94802322574          -12.300908940026         -11                      -4.0024619388504
1574                     -10.94802322574          -12.300908940026         -11                      -3.9935535517579
1576                     -10.94802322574          -12.300908940026         -11                      -3.9846451646654
1578                     -10.94802322574          -12.300908940025         -11                      -3.975736777573
1580                     -10.94802322574          -12.300908940025         -11                      -3.9668283904805
1582                     -10.94802322574          -12.300908940025         -11                      -3.9579200033881
1584                     -10.94802322574          -12.300908940025         -11                      -3.9490116162956
1586                     -10.948023225739         -12.300908940025         -11                      -3.9401032292032
1588                     -10.948023225739         -12.300908940025         -11                      -3.9311948421107
1590                     -10.948023225739         -12.300908940025         -11                      -3.9222864550183
1592                     -10.948023225739         -12.300908940025         -11                      -3.9133780679258
1594                     -10.948023225739         -12.300908940025         -11                      -3.9044696808334
1596                     -10.948023225739         -12.300908940024         -11                      -3.8955612937409
1598                     -10.948023225739         -12.300908940024         -11                      -3.8866529066484
1600                     -10.948023225738         -12.300908940024         -11                      -3.877744519556
1602                     -10.948023225738         -12.300908940024         -11                      -3.8688361324635
1604                     -10.948023225738         -12.300908940024         -11                      -3.8599277453711
1606                     -10.948023225737         -12.300908940023         -11                      -3.8510193582786
1608                     -10.948023225737         -12.300908940023         -11                      -3.8421109711862
1610                     -10.948023225737         -12.300908940022         -11                      -3.8332025840937
1612                     -10.948023225736         -12.300908940022         -11                      -3.8242941970013
1614                     -10.948023225736         -12.300908940021         -11                      -3.8153858099088
1616                     -10.948023225735         -12.300908940021         -11                      -3.8064774228163
1618                     -10.948023225734         -12.30090894002          -11                      -3.7975690357239
1620                     -10.948023225734         -12.300908940019         -11                      -3.7886606486314
1622                     -10.948023225733         -12.300908940019         -11                      -3.779752261539
1624                     -10.948023225732         -12.300908940018         -11                      -3.7708438744465
1626                     -10.948023225731         -12.300908940016         -11                      -3.7619354873541
1628                     -10.948023225729         -12.300908940015         -11                      -3.7530271002616
1630                     -10.948023225728         -12.300908940014         -11                      -3.7441187131692
1632                     -10.948023225726         -12.300908940012         -11                      -3.7352103260767
1634                     -10.948023225725         -12.30090894001          -11                      -3.7263019389843
1636                     -10.948023225723         -12.300908940008         -11                      -3.7173935518918
1638                     -10.94802322572          -12.300908940006         -11                      -3.7084851647993
1640                     -10.948023225718         -12.300908940003         -11                      -3.6995767777069
1642                     -10.948023225715         -12.30090894             -11                      -3.6906683906144
1644                     -10.948023225711         -12.300908939997         -11                      -3.681760003522
1646                     -10.948023225707         -12.300908939993         -11                      -3.6728516164295
1648                     -10.948023225703         -12.300908939989         -11                      -3.6639432293371
1650                     -10.948023225698         -12.300908939984         -11                      -3.6550348422446
1652                     -10.948023225693         -12.300908939978         -11                      -3.6461264551522
1654                     -10.948023225686         -12.300908939972         -11                      -3.6372180680597
1656                     -10.948023225679         -12.300908939965         -11                      -3.6283096809672
1658                     -10.948023225671         -12.300908939957         -11                      -3.6194012938748
1660                     -10.948023225662         -12.300908939948         -11                      -3.6104929067823
1662                     -10.948023225652         -12.300908939938         -11                      -3.6015845196899
1664                     -10.94802322564          -12.300908939926         -11                      -3.5926761325974
1666                     -10.948023225627         -12.300908939913         -11                      -3.583767745505
1668                     -10.948023225612         -12.300908939898         -11                      -3.5748593584125
1670                     -10.948023225595         -12.300908939881         -11                      -3.5659509713201
1672                     -10.948023225576         -12.300908939862         -11                      -3.5570425842276
1674                     -10.948023225555         -12.300908939841         -11                      -3.5481341971352
1676                     -10.94802322553          -12.300908939816         -11                      -3.5392258100427
1678                     -10.948023225503         -12.300908939789         -11                      -3.5303174229502
1680                     -10.948023225472         -12.300908939757         -11                      -3.5214090358578
1682                     -10.948023225436         -12.300908939722         -11                      -3.5125006487653
1684                     -10.948023225396         -12.300908939682         -11                      -3.5035922616729
1686                     -10.948023225351         -12.300908939637         -11                      -3.4946838745804
1688                     -10.9480232253           -12.300908939585         -11                      -3.485775487488
1690                     -10.948023225242         -12.300908939527         -11                      -3.4768671003955
1692                     -10.948023225176         -12.300908939462         -11                      -3.4679587133031
1694                     -10.948023225102         -12.300908939388         -11                      -3.4590503262106
1696                     -10.948023225018         -12.300908939304         -11                      -3.4501419391181
1698                     -10.948023224923         -12.300908939209         -11                      -3.4412335520257
1700                     -10.948023224815         -12.300908939101         -11                      -3.4323251649332
1702                     -10.948023224694         -12.30090893898          -11                      -3.4234167778408
1704                     -10.948023224556         -12.300908938842         -11                      -3.4145083907483
1706                     -10.9480232244           -12.300908938686         -11                      -3.4056000036559
1708                     -10.948023224224         -12.30090893851          -11                      -3.3966916165634
1710                     -10.948023224025         -12.30090893831          -11                      -3.387783229471
1712                     -10.948023223799         -12.300908938085         -11                      -3.3788748423785
1714                     -10.948023223543         -12.300908937829         -11                      -3.369966455286
1716                     -10.948023223254         -12.30090893754          -11                      -3.3610580681936
1718                     -10.948023222927         -12.300908937213         -11                      -3.3521496811011
1720                     -10.948023222557         -12.300908936843         -11                      -3.3432412940087
1722                     -10.948023222139         -12.300908936424         -11                      -3.3343329069162
1724                     -10.948023221665         -12.30090893595          -11                      -3.3254245198238
1726                     -10.948023221129         -12.300908935414         -11                      -3.3165161327313
1728                     -10.948023220522         -12.300908934808         -11                      -3.3076077456388
1730                     -10.948023219835         -12.300908934121         -11                      -3.2986993585464
1732                     -10.948023219058         -12.300908933344         -11                      -3.2897909714539
1734                     -10.948023218179         -12.300908932465         -11                      -3.2808825843615
1736                     -10.948023217185         -12.30090893147          -11                      -3.271974197269
1738                     -10.948023216059         -12.300908930345         -11                      -3.2630658101766
1740                     -10.948023214785         -12.300908929071         -11                      -3.2541574230841
1742                     -10.948023213344         -12.30090892763          -11                      -3.2452490359916
1744                     -10.948023211713         -12.300908925999         -11                      -3.2363406488992
1746                     -10.948023209868         -12.300908924153         -11                      -3.2274322618067
1748                     -10.94802320778          -12.300908922065         -11                      -3.2185238747143
1750                     -10.948023205417         -12.300908919702         -11                      -3.2096154876218
1752                     -10.948023202743         -12.300908917028         -11                      -3.2007071005294
1754                     -10.948023199717         -12.300908914003         -11                      -3.1917987134369
1756                     -10.948023196293         -12.300908910579         -11                      -3.1828903263444
1758                     -10.948023192419         -12.300908906705         -11                      -3.173981939252
1760                     -10.948023188035         -12.300908902321         -11                      -3.1650735521595
1762                     -10.948023183075         -12.300908897361         -11                      -3.1561651650671
1764                     -10.948023177462         -12.300908891747         -11                      -3.1472567779746
1766                     -10.94802317111          -12.300908885396         -11                      -3.1383483908822
1768                     -10.948023163923         -12.300908878208         -11                      -3.1294400037897
1770                     -10.94802315579          -12.300908870075         -11                      -3.1205316166972
1772                     -10.948023146587         -12.300908860873         -11                      -3.1116232296048
1774                     -10.948023136173         -12.300908850459         -11                      -3.1027148425123
1776                     -10.94802312439          -12.300908838675         -11                      -3.0938064554199
1778                     -10.948023111056         -12.300908825341         -11                      -3.0848980683274
1780                     -10.948023095967         -12.300908810253         -11                      -3.075989681235
1782                     -10.948023078894         -12.30090879318          -11                      -3.0670812941425
1784                     -10.948023059574         -12.30090877386          -11                      -3.05817290705
1786                     -10.948023037713         -12.300908751999         -11                      -3.0492645199576
1788                     -10.948023012976         -12.300908727261         -11                      -3.0403561328651
1790                     -10.948022984984         -12.300908699269         -11                      -3.0314477457727
1792                     -10.948022953309         -12.300908667595         -11                      -3.0225393586802
1794                     -10.948022917467         -12.300908631753         -11                      -3.0136309715878
1796                     -10.94802287691          -12.300908591196         -11                      -3.0047225844953
1798                     -10.948022831017         -12.300908545303         -11                      -2.9958141974028
1800                     -10.948022779086         -12.300908493372         -11                      -2.9869058103104
1802                     -10.948022720323         -12.300908434609         -11                      -2.9779974232179
1804                     -10.948022653829         -12.300908368115         -11                      -2.9690890361255
1806                     -10.948022578587         -12.300908292872         -11                      -2.960180649033
1808                     -10.948022493445         -12.300908207731         -11                      -2.9512722619406
1810                     -10.948022397103         -12.300908111389         -11                      -2.9423638748481
1812                     -10.948022288085         -12.300908002371         -11                      -2.9334554877556
1814                     -10.948022164725         -12.300907879011         -11                      -2.9245471006632
1816                     -10.948022025136         -12.300907739421         -11                      -2.9156387135707
1818                     -10.948021867182         -12.300907581467         -11                      -2.9067303264783
1820                     -10.948021688447         -12.300907402733         -11                      -2.8978219393858
1822                     -10.948021486198         -12.300907200484         -11                      -2.8889135522934
1824                     -10.948021257341         -12.300906971627         -11                      -2.8800051652009
1826                     -10.948020998375         -12.300906712661         -11                      -2.8710967781084
1828                     -10.948020705341         -12.300906419626         -11                      -2.862188391016
1830                     -10.948020373754         -12.30090608804          -11                      -2.8532800039235
1832                     -10.948019998545         -12.300905712831         -11                      -2.8443716168311
1834                     -10.948019573975         -12.30090528826          -11                      -2.8354632297386
1836                     -10.948019093548         -12.300904807834         -11                      -2.8265548426462
1838                     -10.948018549919         -12.300904264205         -11                      -2.8176464555537
1840                     -10.948017934772         -12.300903649058         -11                      -2.8087380684612
1842                     -10.948017238701         -12.300902952986         -11                      -2.7998296813688
1844                     -10.948016451058         -12.300902165344         -11                      -2.7909212942763
1846                     -10.9480155598           -12.300901274085         -11                      -2.7820129071839
1848                     -10.948014551296         -12.300900265581         -11                      -2.7731045200914
1850                     -10.948013410124         -12.30089912441          -11                      -2.764196132999
1852                     -10.948012118835         -12.300897833121         -11                      -2.7552877459065
1854                     -10.948010657683         -12.300896371969         -11                      -2.746379358814
1856                     -10.948009004328         -12.300894718614         -11                      -2.7374709717216
1858                     -10.948007133491         -12.300892847777         -11                      -2.7285625846291
1860                     -10.948005016571         -12.300890730856         -11                      -2.7196541975367
1862                     -10.948002621205         -12.30088833549          -11                      -2.7107458104442
1864                     -10.947999910778         -12.300885625064         -11                      -2.7018374233518
1866                     -10.947996843863         -12.300882558149         -11                      -2.6929290362593
1868                     -10.947993373589         -12.300879087875         -11                      -2.6840206491669
1870                     -10.947989446925         -12.300875161211         -11                      -2.6751122620744
1872                     -10.947985003875         -12.300870718161         -11                      -2.6662038749819
1874                     -10.947979976563         -12.300865690849         -11                      -2.6572954878895
1876                     -10.9479742882           -12.300860002486         -11                      -2.648387100797
1878                     -10.947967851916         -12.300853566202         -11                      -2.6394787137046
1880                     -10.947960569442         -12.300846283727         -11                      -2.6305703266121
1882                     -10.947952329613         -12.300838043898         -11                      -2.6216619395197
1884                     -10.947943006688         -12.300828720973         -11                      -2.6127535524272
1886                     -10.94793245844          -12.300818172726         -11                      -2.6038451653347
1888                     -10.947920524008         -12.300806238294         -11                      -2.5949367782423
1890                     -10.947907021461         -12.300792735747         -11                      -2.5860283911498
1892                     -10.947891745059         -12.300777459345         -11                      -2.5771200040574
1894                     -10.94787446215          -12.300760176436         -11                      -2.5682116169649
1896                     -10.947854909677         -12.300740623962         -11                      -2.5593032298725
1898                     -10.947832790231         -12.300718504517         -11                      -2.55039484278
1900                     -10.947807767609         -12.300693481895         -11                      -2.5414864556876
1902                     -10.947779461797         -12.300665176082         -11                      -2.5325780685951
1904                     -10.947747443324         -12.30063315761          -11                      -2.5236696815026
1906                     -10.947711226912         -12.300596941198         -11                      -2.5147612944102
1908                     -10.947670264318         -12.300555978604         -11                      -2.5058529073177
1910                     -10.947623936302         -12.300509650587         -11                      -2.4969445202253
1912                     -10.947571543593         -12.300457257879         -11                      -2.4880361331328
1914                     -10.947512296768         -12.300398011054         -11                      -2.4791277460404
1916                     -10.947445304893         -12.300331019179         -11                      -2.4702193589479
1918                     -10.947369562821         -12.300255277107         -11                      -2.4613109718554
1920                     -10.94728393699          -12.300169651276         -11                      -2.452402584763
1922                     -10.947187149583         -12.300072863869         -11                      -2.4434941976705
1924                     -10.947077760885         -12.299963475171         -11                      -2.4345858105781
1926                     -10.946954149681         -12.299839863967         -11                      -2.4256774234856
1928                     -10.946814491538         -12.299700205824         -11                      -2.4167690363932
1930                     -10.946656734796         -12.299542449082         -11                      -2.4078606493007
1932                     -10.94647857414          -12.299364288426         -11                      -2.3989522622082
1934                     -10.946277421596         -12.299163135882         -11                      -2.3900438751158
1936                     -10.946050374865         -12.29893608915          -11                      -2.3811354880233
1938                     -10.945794182917         -12.298679897203         -11                      -2.3722271009309
1940                     -10.945505208852         -12.298390923137         -11                      -2.3633187138384
1942                     -10.945179390072         -12.298065104358         -11                      -2.354410326746
1944                     -10.944812195976         -12.297697910262         -11                      -2.3455019396535
1946                     -10.944398583441         -12.297284297726         -11                      -2.336593552561
1948                     -10.943932950579         -12.296818664865         -11                      -2.3276851654686
1950                     -10.943409089437         -12.296294803723         -11                      -2.3187767783761
1952                     -10.942820138526         -12.295705852812         -11                      -2.3098683912837
1954                     -10.942158536373         -12.295044250658         -11                      -2.3009600041912
1956                     -10.941415977581         -12.294301691867         -11                      -2.2920516170988
1958                     -10.940583373235         -12.293469087521         -11                      -2.2831432300063
1960                     -10.939650817815         -12.2925365321           -11                      -2.2742348429138
1962                     -10.93860756516          -12.291493279446         -11                      -2.2653264558214
1964                     -10.937442016298         -12.290327730583         -11                      -2.2564180687289
1966                     -10.936141722165         -12.289027436451         -11                      -2.2475096816365
1968                     -10.934693404365         -12.287579118651         -11                      -2.238601294544
1970                     -10.93308299694          -12.285968711225         -11                      -2.2296929074516
1972                     -10.931295711802         -12.284181426087         -11                      -2.2207845203591
1974                     -10.929316129777         -12.282201844062         -11                      -2.2118761332666
1976                     -10.927128318168         -12.280014032454         -11                      -2.2029677461742
1978                     -10.924715974377         -12.277601688663         -11                      -2.1940593590817
1980                     -10.922062593418         -12.274948307704         -11                      -2.1851509719893
1982                     -10.919151655256         -12.272037369542         -11                      -2.1762425848968
1984                     -10.915966825944         -12.26885254023          -11                      -2.1673341978044
1986                     -10.912492164764         -12.265377879049         -11                      -2.1584258107119
1988                     -10.908712328205         -12.261598042491         -11                      -2.1495174236194
1990                     -10.904612760952         -12.257498475237         -11                      -2.140609036527
1992                     -10.900179864182         -12.253065578467         -11                      -2.1317006494345
1994                     -10.895401132626         -12.248286846911         -11                      -2.1227922623421
1996                     -10.89026525381          -12.243150968096         -11                      -2.1138838752496
1998                     -10.884762165625         -12.237647879911         -11                      -2.1049754881572
2000                     -10.940020855256         -12.112161137261         -11                      -2.0960671010647
2002                     -10.996004815633         -11.987399665357         -11                      -2.0915755830034
2004                     -10.99166953576          -11.983064385484         -11                      -2.0870840649421
2006                     -10.98799460915          -11.979389458874         -11                      -2.0825925468807
2008                     -10.98485953623          -11.976254385954         -11                      -2.0781010288194
2010                     -10.982170777891         -11.973565627615         -11                      -2.0736095107581
2012                     -10.979854513824         -11.971249363548         -11                      -2.0691179926968
2014                     -10.977851640374         -11.969246490098         -11                      -2.0646264746355
2016                     -10.976114239428         -11.967509089152         -11                      -2.0601349565742
2018                     -10.974603035053         -11.965997884777         -11                      -2.0556434385128
2020                     -10.973285527322         -11.964680377046         -11                      -2.0511519204515
2022                     -10.972134599505         -11.963529449229         -11                      -2.0466604023902
2024                     -10.971127462226         -11.96252231195          -11                      -2.0421688843289
2026                     -10.970244841528         -11.961639691252         -11                      -2.0376773662676
2028                     -10.969470346295         -11.960865196019         -11                      -2.0331858482062
2030                     -10.968789969471         -11.960184819195         -11                      -2.0286943301449
2032                     -10.968191690438         -11.959586540162         -11                      -2.0242028120836
2034                     -10.967665154855         -11.959060004579         -11                      -2.0197112940223
2036                     -10.967201414488         -11.958596264212         -11                      -2.015219775961
2038                     -10.966792714015         -11.958187563739         -11                      -2.0107282578996
2040                     -10.96643231499          -11.957827164714         -11                      -2.0062367398383
2042                     -10.966114349466         -11.95750919919          -11                      -2.001745221777
2044                     -10.965833697517         -11.957228547241         -11                      -1.9972537037157
2046                     -10.965585884153         -11.956980733877         -11                      -1.9927621856544
2048                     -10.965366992118         -11.956761841842         -11                      -1.9882706675931
2050                     -10.965173587759         -11.956568437483         -11                      -1.9837791495317
2052                     -10.965002657749         -11.956397507473         -11                      -1.9792876314704
2054                     -10.964851554853         -11.956246404577         -11                      -1.9747961134091
2056                     -10.964717951296         -11.95611280102          -11                      -1.9703045953478
2058                     -10.964599798528         -11.955994648252         -11                      -1.9658130772865
2060                     -10.964495292425         -11.955890142149         -11                      -1.9613215592252
2062                     -10.964402843098         -11.955797692822         -11                      -1.9568300411638
2064                     -10.964321048652         -11.955715898376         -11                      -1.9523385231025
2066                     -10.964248672334         -11.955643522058         -11                      -1.9478470050412
2068                     -10.964184622582         -11.955579472307         -11                      -1.9433554869799
2070                     -10.964127935594         -11.955522785318         -11                      -1.9388639689186
2072                     -10.964077760062         -11.955472609786         -11                      -1.9343724508572
2074                     -10.964033343798         -11.955428193522         -11                      -1.9298809327959
2076                     -10.963994021997         -11.955388871721         -11                      -1.9253894147346
2078                     -10.963959206919         -11.955354056643         -11                      -1.9208978966733
2080                     -10.963928378827         -11.955323228551         -11                      -1.916406378612
2082                     -10.963901078003         -11.955295927727         -11                      -1.9119148605507
2084                     -10.963876897721         -11.955271747445         -11                      -1.9074233424893
2086                     -10.963855478053         -11.955250327777         -11                      -1.902931824428
2088                     -10.963836500404         -11.955231350128         -11                      -1.8984403063667
2090                     -10.963819682689         -11.955214532413         -11                      -1.8939487883054
2092                     -10.963804775079         -11.955199624803         -11                      -1.8894572702441
2094                     -10.963791556234         -11.955186405958         -11                      -1.8849657521827
2096                     -10.963779829983         -11.955174679707         -11                      -1.8804742341214
2098                     -10.963769422373         -11.955164272097         -11                      -1.8759827160601
2100                     -10.963760179073         -11.955155028797         -11                      -1.8714911979988
2102                     -10.963751963059         -11.955146812783         -11                      -1.8669996799375
2104                     -10.963744652573         -11.955139502297         -11                      -1.8625081618762
2106                     -10.963738139303         -11.955132989027         -11                      -1.8580166438148
2108                     -10.963732326771         -11.955127176495         -11                      -1.8535251257535
2110                     -10.963727128897         -11.955121978621         -11                      -1.8490336076922
2112                     -10.963722468718         -11.955117318442         -11                      -1.8445420896309
2114                     -10.963718277241         -11.955113126965         -11                      -1.8400505715696
2116                     -10.963714492425         -11.95510934215          -11                      -1.8355590535082
2118                     -10.963711058254         -11.955105907978         -11                      -1.8310675354469
2120                     -10.963707923907         -11.955102773631         -11                      -1.8265760173856
2122                     -10.963705043005         -11.955099892729         -11                      -1.8220844993243
2124                     -10.963702372925         -11.955097222649         -11                      -1.817592981263
2126                     -10.963699874166         -11.95509472389          -11                      -1.8131014632016
2128                     -10.963697509764         -11.955092359488         -11                      -1.8086099451403
2130                     -10.963695244746         -11.95509009447          -11                      -1.804118427079
2132                     -10.963693045612         -11.955087895336         -11                      -1.7996269090177
2134                     -10.963690879839         -11.955085729563         -11                      -1.7951353909564
2136                     -10.963688715397         -11.955083565121         -11                      -1.7906438728951
2138                     -10.963686520282         -11.955081370006         -11                      -1.7861523548337
2140                     -10.963684262036         -11.95507911176          -11                      -1.7816608367724
2142                     -10.963681907271         -11.955076756995         -11                      -1.7771693187111
2144                     -10.963679421174         -11.955074270899         -11                      -1.7726778006498
2146                     -10.963676766996         -11.95507161672          -11                      -1.7681862825885
2148                     -10.963673905502         -11.955068755226         -11                      -1.7636947645271
2150                     -10.9636707944           -11.955065644124         -11                      -1.7592032464658
2152                     -10.963667387712         -11.955062237436         -11                      -1.7547117284045
2154                     -10.963663635099         -11.955058484823         -11                      -1.7502202103432
2156                     -10.963659481113         -11.955054330837         -11                      -1.7457286922819
2158                     -10.963654864387         -11.955049714111         -11                      -1.7412371742206
2160                     -10.963649716727         -11.955044566451         -11                      -1.7367456561592
2162                     -10.963643962109         -11.955038811833         -11                      -1.7322541380979
2164                     -10.963637515559         -11.955032365283         -11                      -1.7277626200366
2166                     -10.963630281906         -11.95502513163          -11                      -1.7232711019753
2168                     -10.963622154384         -11.955017004108         -11                      -1.718779583914
2170                     -10.963613013063         -11.955007862787         -11                      -1.7142880658526
2172                     -10.963602723093         -11.954997572818         -11                      -1.7097965477913
2174                     -10.963591132729         -11.954985982453         -11                      -1.70530502973
2176                     -10.96357807111          -11.954972920834         -11                      -1.7008135116687
2178                     -10.963563345764         -11.954958195488         -11                      -1.6963219936074
2180                     -10.963546739807         -11.954941589531         -11                      -1.691830475546
2182                     -10.96352800878          -11.954922858504         -11                      -1.6873389574847
2184                     -10.963506877103         -11.954901726827         -11                      -1.6828474394234
2186                     -10.963483034084         -11.954877883808         -11                      -1.6783559213621
2188                     -10.963456129426         -11.95485097915          -11                      -1.6738644033008
2190                     -10.963425768186         -11.95482061791          -11                      -1.6693728852395
2192                     -10.963391505106         -11.95478635483          -11                      -1.6648813671781
2194                     -10.963352838244         -11.954747687968         -11                      -1.6603898491168
2196                     -10.963309201829         -11.954704051553         -11                      -1.6558983310555
2198                     -10.963259958253         -11.954654807977         -11                      -1.6514068129942
2200                     -10.963204389085         -11.954599238809         -11                      -1.6469152949329
2202                     -10.963141685021         -11.954536534746         -11                      -1.6424237768715
2204                     -10.963070934643         -11.954465784367         -11                      -1.6379322588102
2206                     -10.962991111856         -11.95438596158          -11                      -1.6334407407489
2208                     -10.962901061891         -11.954295911615         -11                      -1.6289492226876
2210                     -10.962799485706         -11.95419433543          -11                      -1.6244577046263
2212                     -10.962684922658         -11.954079772383         -11                      -1.6199661865649
2214                     -10.962555731283         -11.953950581007         -11                      -1.6154746685036
2216                     -10.962410068035         -11.95380491776          -11                      -1.6109831504423
2218                     -10.962245863836         -11.95364071356          -11                      -1.606491632381
2220                     -10.962060798286         -11.95345564801          -11                      -1.6020001143197
2222                     -10.961852271424         -11.953247121148         -11                      -1.5975085962584
2224                     -10.961617372918         -11.953012222642         -11                      -1.593017078197
2226                     -10.96135284865          -11.952747698374         -11                      -1.5885255601357
2228                     -10.961055064658         -11.952449914382         -11                      -1.5840340420744
2230                     -10.960719968527         -11.952114818251         -11                      -1.5795425240131
2232                     -10.960343048366         -11.95173789809          -11                      -1.5750510059518
2234                     -10.959919289665         -11.951314139389         -11                      -1.5705594878904
2236                     -10.959443130454         -11.950837980178         -11                      -1.5660679698291
2238                     -10.958908415383         -11.950303265107         -11                      -1.5615764517678
2240                     -10.95830834957          -11.949703199295         -11                      -1.5570849337065
2242                     -10.957635453295         -11.949030303019         -11                      -1.5525934156452
2244                     -10.956881518944         -11.948276368668         -11                      -1.5481018975838
2246                     -10.956037571916         -11.94743242164          -11                      -1.5436103795225
2248                     -10.955093837536         -11.94648868726          -11                      -1.5391188614612
2250                     -10.954039716359         -11.945434566083         -11                      -1.5346273433999
2252                     -10.952863770573         -11.944258620297         -11                      -1.5301358253386
2254                     -10.951553724403         -11.942948574127         -11                      -1.5256443072773
2256                     -10.950096481594         -11.941491331318         -11                      -1.5211527892159
2258                     -10.948478162927         -11.939873012652         -11                      -1.5166612711546
2260                     -10.946684166509         -11.938079016233         -11                      -1.5121697530933
2262                     -10.944699252915         -11.936094102639         -11                      -1.507678235032
2264                     -10.94250765641          -11.933902506134         -11                      -1.5031867169707
2266                     -10.940093222147         -11.931488071871         -11                      -1.4986951989093
2268                     -10.937439567643         -11.928834417367         -11                      -1.494203680848
2270                     -10.934530264995         -11.925925114719         -11                      -1.4897121627867
2272                     -10.931349038288         -11.922743888012         -11                      -1.4852206447254
2274                     -10.927879968819         -11.919274818543         -11                      -1.4807291266641
2276                     -10.924107699238         -11.915502548962         -11                      -1.4762376086027
2278                     -10.920017626799         -11.911412476523         -11                      -1.4717460905414
2280                     -10.915596075874         -11.906990925598         -11                      -1.4672545724801
2282                     -10.910830440751         -11.902225290475         -11                      -1.4627630544188
2284                     -10.905709291585         -11.897104141309         -11                      -1.4582715363575
2286                     -10.900222439011         -11.891617288735         -11                      -1.4537800182961
2288                     -10.894360955989         -11.885755805713         -11                      -1.4492885002348
2290                     -10.888117158664         -11.879512008388         -11                      -1.4447969821735
2292                     -10.881484550873         -11.872879400597         -11                      -1.4403054641122
2294                     -10.874457739118         -11.865852588842         -11                      -1.4358139460509
2296                     -10.867032326164         -11.858427175889         -11                      -1.4313224279896
2298                     -10.859204791782         -11.850599641507         -11                      -1.4268309099282
2300                     -10.850972368703         -11.842367218427         -11                      -1.4223393918669
2302                     -10.84233292071          -11.833727770434         -11                      -1.4178478738056
2304                     -10.833284828276         -11.824679678            -11                      -1.4133563557443
2306                     -10.823826885466         -11.815221735191         -11                      -1.408864837683
2308                     -10.813958210216         -11.805353059941         -11                      -1.4043733196216
2310                     -10.803678168702         -11.795073018426         -11                      -1.3998818015603
2312                     -10.792986313439         -11.784381163163         -11                      -1.395390283499
2314                     -10.781882333989         -11.773277183713         -11                      -1.3908987654377
2316                     -10.770366018703         -11.761760868427         -11                      -1.3864072473764
2318                     -10.758437225766         -11.74983207549          -11                      -1.381915729315
2320                     -10.746095861775         -11.7374907115           -11                      -1.3774242112537
2322                     -10.733341866259         -11.724736715983         -11                      -1.3729326931924
2324                     -10.72017520073          -11.711570050454         -11                      -1.3684411751311
2326                     -10.706595841103         -11.697990690827         -11                      -1.3639496570698
2328                     -10.692603772561         -11.683998622285         -11                      -1.3594581390084
2330                     -10.67819898614          -11.669593835864         -11                      -1.3549666209471
2332                     -10.663381476507         -11.654776326231         -11                      -1.3504751028858
2334                     -10.648151240545         -11.639546090269         -11                      -1.3459835848245
2336                     -10.632508276457         -11.623903126181         -11                      -1.3414920667632
2338                     -10.61645258323          -11.607847432954         -11                      -1.3370005487018
2340                     -10.599984160297         -11.591379010021         -11                      -1.3325090306405
2342                     -10.58310300735          -11.574497857074         -11                      -1.3280175125792
2344                     -10.565809124223         -11.557203973947         -11                      -1.3235259945179
2346                     -10.548102510827         -11.539497360551         -11                      -1.3190344764566
2348                     -10.529983167116         -11.52137801684          -11                      -1.3145429583952
2350                     -10.511451093067         -11.502845942792         -11                      -1.3100514403339
2352                     -10.492506288669         -11.483901138393         -10.999999999999         -1.3055599222726
2354                     -10.473148753915         -11.464543603639         -10.999999999989         -1.3010684042113
2356                     -10.453378488802         -11.444773338526         -10.999999999967         -1.29657688615
2358                     -10.433195493329         -11.424590343053         -10.99999999992          -1.2920853680887
2360                     -10.412599767496         -11.40399461722          -10.999999999817         -1.2875938500273
2362                     -10.391591311301         -11.382986161025         -10.999999999588         -1.283102331966
2364                     -10.370170124746         -11.36156497447          -10.999999999068         -1.2786108139047
2366                     -10.348336207829         -11.339731057553         -10.999999997871         -1.2741192958434
2368                     -10.326089560552         -11.317484410276         -10.999999995073         -1.2696277777821
2370                     -10.303430182913         -11.294825032637         -10.999999988426         -1.2651362597207
2372                     -10.280358074913         -11.271752924637         -10.999999972383         -1.2606447416594
2374                     -10.256873236551         -11.248268086276         -10.999999933036         -1.2561532235981
2376                     -10.232975667829         -11.224370517553         -10.999999834994         -1.2516617055368
2378                     -10.208665368745         -11.20006021847          -10.999999586778         -1.2471701874755
2380                     -10.183942339301         -11.175337189025         -10.999998948287         -1.2426786694141
2382                     -10.158806579495         -11.150201429219         -10.999997279574         -1.2381871513528
2384                     -10.133258089328         -11.124652939052         -10.999992848641         -1.2336956332915
2386                     -10.107296868799         -11.098691718524         -10.999980896308         -1.2292041152302
2388                     -10.08092291791          -11.072317767634         -10.999948151885         -1.2247125971689
2390                     -10.054136236659         -11.045531086384         -10.999857114139         -1.2202210791075
2392                     -10.026936825048         -11.018331674772         -10.999600797826         -1.2157295610462
2394                     -9.9993246830747         -10.990719532799         -10.998874442524         -1.2112380429849
2396                     -9.9712998107405         -10.962694660465         -10.996838228707         -1.2067465249236
2398                     -9.9428622080452         -10.934257057769         -10.991448330975         -1.2022550068623
2400                     -9.9140118749887         -10.905406724713         -10.983815641226         -1.197763488801
2402                     -9.8847488115711         -10.876143661295         -10.976182951478         -1.1932719707396
2404                     -9.8550730177922         -10.846467867516         -10.968550261729         -1.1887804526783
2406                     -9.8249844936522         -10.816379343376         -10.96091757198          -1.184288934617
2408                     -9.7944832391511         -10.785878088875         -10.953284882232         -1.1797974165557
2410                     -9.7635692542887         -10.754964104013         -10.945652192483         -1.1753058984944
2412                     -9.7322425390652         -10.723637388789         -10.938019502734         -1.170814380433
2414                     -9.7005030934805         -10.691897943205         -10.930386812986         -1.1663228623717
2416                     -9.6683509175346         -10.659745767259         -10.922754123237         -1.1618313443104
2418                     -9.6357860112275         -10.627180860952         -10.915121433489         -1.1573398262491
2420                     -9.6028083745593         -10.594203224283         -10.90748874374          -1.1528483081878
2422                     -9.5694180075299         -10.560812857254         -10.899856053991         -1.1483567901264
2424                     -9.5356149101393         -10.527009759863         -10.892223364243         -1.1438652720651
2426                     -9.5013990823875         -10.492793932112         -10.884590674494         -1.1393737540038
2428                     -9.4667705242746         -10.458165373999         -10.876957984745         -1.1348822359425
2430                     -9.4317292358005         -10.423124085525         -10.869325294997         -1.1303907178812
2432                     -9.3962752169652         -10.387670066689         -10.861692605248         -1.1258991998198
2434                     -9.3604084677688         -10.351803317493         -10.854059915499         -1.1214076817585
2436                     -9.3241289882112         -10.315523837935         -10.846427225751         -1.1169161636972
2438                     -9.2874367782924         -10.278831628016         -10.838794536002         -1.1124246456359
2440                     -9.2503318380124         -10.241726687736         -10.831161846253         -1.1079331275746
2442                     -9.2128141673712         -10.204209017095         -10.823529156505         -1.1034416095133
2444                     -9.1748837663689         -10.166278616093         -10.815896466756         -1.0989500914519
2446                     -9.1365406350054         -10.12793548473          -10.808263777007         -1.0944585733906
2448                     -9.0977847732807         -10.089179623005         -10.800631087259         -1.0899670553293
2450                     -9.0586161811949         -10.050011030919         -10.79299839751          -1.085475537268
2452                     -9.0190348587479         -10.010429708472         -10.785365707761         -1.0809840192067
2454                     -8.9790408059397         -9.9704356556638         -10.777733018013         -1.0764925011453
2456                     -8.9386340227703         -9.9300288724944         -10.770100328264         -1.072000983084
2458                     -8.8978145092398         -9.8892093589639         -10.762467638515         -1.0675094650227
2460                     -8.856582265348          -9.8479771150721         -10.754834948767         -1.0630179469614
2462                     -8.8149372910952         -9.8063321408193         -10.747202259018         -1.0585264289001
2464                     -8.7728795864811         -9.7642744362052         -10.739569569269         -1.0540349108387
2466                     -8.7304091515058         -9.7218040012299         -10.731936879521         -1.0495433927774
2468                     -8.6875259861694         -9.6789208358935         -10.724304189772         -1.0450518747161
2470                     -8.6442300904718         -9.6356249401959         -10.716671500023         -1.0405603566548
2472                     -8.6005214644131         -9.5919163141372         -10.709038810275         -1.0360688385935
2474                     -8.5564001079931         -9.5477949577172         -10.701406120526         -1.0315773205321
2476                     -8.511866021212          -9.5032608709361         -10.693773430777         -1.0270858024708
2478                     -8.4669192040697         -9.4583140537938         -10.686140741029         -1.0225942844095
2480                     -8.4215596565662         -9.4129545062903         -10.67850805128          -1.0181027663482
2482                     -8.3757873787016         -9.3671822284257         -10.670875361531         -1.0136112482869
2484                     -8.3296023704758         -9.3209972201999         -10.663242671783         -1.0091197302255
2486                     -8.2830046318888         -9.2743994816129         -10.655609982034         -1.0046282121642
2488                     -8.2359941629406         -9.2273890126647         -10.647977292285         -1.0001366941029
2490                     -8.1885709636313         -9.1799658133554         -10.640344602537         -0.99564517604159
2492                     -8.1407350339608         -9.1321298836849         -10.632711912788         -0.99115365798027
2494                     -8.0924863739291         -9.0838812236532         -10.625079223039         -0.98666213991895
2496                     -8.0438249835362         -9.0352198332603         -10.617446533291         -0.98217062185763
2498                     -7.9947508627822         -8.9861457125063         -10.609813843542         -0.97767910379631
2500                     -7.945264011667          -8.9366588613911         -10.602181153793         -0.97318758573499
2502                     -7.8953644301906         -8.8867592799147         -10.594548464045         -0.96869606767367
2504                     -7.845052118353          -8.8364469680771         -10.586915774296         -0.96420454961235
2506                     -7.7943270761543         -8.7857219258784         -10.579283084547         -0.95971303155103
2508                     -7.7431893035944         -8.7345841533185         -10.571650394799         -0.95522151348971
2510                     -7.6916388006733         -8.6830336503974         -10.56401770505          -0.95072999542839
2512                     -7.6396755673911         -8.6310704171152         -10.556385015301         -0.94623847736708
2514                     -7.5872996037476         -8.5786944534717         -10.548752325553         -0.94174695930576
2516                     -7.534510909743          -8.5259057594671         -10.541119635804         -0.93725544124444
2518                     -7.4813094853772         -8.4727043351013         -10.533486946055         -0.93276392318312
2520                     -7.4276953306503         -8.4190901803744         -10.525854256307         -0.9282724051218
2522                     -7.3736684455622         -8.3650632952863         -10.518221566558         -0.92378088706048
2524                     -7.3192288301129         -8.310623679837          -10.510588876809         -0.91928936899916
2526                     -7.2643764843024         -8.2557713340265         -10.502956187061         -0.91479785093784
2528                     -7.2091114081307         -8.2005062578548         -10.495323497312         -0.91030633287652
2530                     -7.1534336015979         -8.144828451322          -10.487690807563         -0.9058148148152
2532                     -7.0973430647039         -8.088737914428          -10.480058117815         -0.90132329675388
2534                     -7.0408397974487         -8.0322346471728         -10.472425428066         -0.89683177869256
2536                     -6.9839237998324         -7.9753186495565         -10.464792738317         -0.89234026063124
2538                     -6.9265950718548         -7.9179899215789         -10.457160048569         -0.88784874256992
2540                     -6.8688536135161         -7.8602484632402         -10.44952735882          -0.8833572245086
2542                     -6.8106994248163         -7.8020942745404         -10.441894669071         -0.87886570644728
2544                     -6.7521325057552         -7.7435273554793         -10.434261979323         -0.87437418838596
2546                     -6.693152856333          -7.6845477060571         -10.426629289574         -0.86988267032464
2548                     -6.6337604765496         -7.6251553262737         -10.418996599825         -0.86539115226332
2550                     -6.5128175825715         -7.6849578645764         -10.411363910077         -0.860899634202
2552                     -6.3874018298089         -7.7402875440946         -10.393901617809         -0.85199124710954
2554                     -6.3230951612315         -7.6759808755172         -10.376439325542         -0.84308286001708
2556                     -6.2587597930059         -7.6116455072916         -10.358977033275         -0.83417447292462
2558                     -6.1943957251321         -7.5472814394178         -10.341514741007         -0.82526608583216
2560                     -6.1300029576102         -7.4828886718959         -10.32405244874          -0.8163576987397
2562                     -6.06558149044           -7.4184672047257         -10.306590156473         -0.80744931164724
2564                     -6.0011313236217         -7.3540170379074         -10.289127864205         -0.79854092455478
2566                     -5.9366524571552         -7.2895381714409         -10.271665571938         -0.78963253746232
2568                     -5.8721448910405         -7.2250306053262         -10.254203279671         -0.78072415036986
2570                     -5.8076086252776         -7.1604943395634         -10.236740987404         -0.7718157632774
2572                     -5.7430436598666         -7.0959293741523         -10.219278695136         -0.76290737618494
2574                     -5.6784499948074         -7.0313357090931         -10.201816402869         -0.75399898909248
2576                     -5.6138276300999         -6.9667133443856         -10.184354110602         -0.74509060200002
2578                     -5.5491765657443         -6.90206228003           -10.166891818334         -0.73618221490756
2580                     -5.4844968017405         -6.8373825160263         -10.149429526067         -0.7272738278151
2582                     -5.4197883380886         -6.7726740523743         -10.1319672338           -0.71836544072264
2584                     -5.3550511747884         -6.7079368890741         -10.114504941533         -0.70945705363018
2586                     -5.2902853118401         -6.6431710261258         -10.097042649265         -0.70054866653772
2588                     -5.2254907492436         -6.5783764635293         -10.079580356998         -0.69164027944526
2590                     -5.1606674869989         -6.5135532012846         -10.062118064731         -0.68273189235279
2592                     -5.095815525106          -6.4487012393917         -10.044655772463         -0.67382350526033
2594                     -5.0309348635649         -6.3838205778506         -10.027193480196         -0.66491511816787
2596                     -4.9660255023756         -6.3189112166614         -10.009731187929         -0.65600673107541
2598                     -4.9010874415382         -6.2539731558239         -9.9922688956614         -0.64709834398295
2600                     -4.8361206810526         -6.1890063953383         -9.9748066033941         -0.63818995689049
2602                     -4.7711252209188         -6.1240109352045         -9.9573443111268         -0.62928156979803
2604                     -4.7061010611368         -6.0589867754225         -9.9398820188596         -0.62037318270557
2606                     -4.6410482017066         -5.9939339159923         -9.9224197265923         -0.61146479561311
2608                     -4.5759666426283         -5.928852356914          -9.904957434325          -0.60255640852065
2610                     -4.5108563839017         -5.8637420981874         -9.8874951420577         -0.59364802142819
2612                     -4.445717425527          -5.7986031398127         -9.8700328497904         -0.58473963433573
2614                     -4.3805497675041         -5.7334354817898         -9.8525705575231         -0.57583124724327
2616                     -4.315353409833          -5.6682391241187         -9.8351082652558         -0.56692286015081
2618                     -4.2501283525137         -5.6030140667994         -9.8176459729885         -0.55801447305835
2620                     -4.1848745955463         -5.537760309832          -9.8001836807212         -0.54910608596589
2622                     -4.1195921389306         -5.4724778532163         -9.7827213884539         -0.54019769887343
2624                     -4.0542809826668         -5.4071666969525         -9.7652590961866         -0.53128931178097
2626                     -3.9889411267548         -5.3418268410405         -9.7477968039193         -0.52238092468851
2628                     -3.9235725711946         -5.2764582854803         -9.730334511652          -0.51347253759604
2630                     -3.8581753159862         -5.2110610302719         -9.7128722193848         -0.50456415050358
2632                     -3.7927493611297         -5.1456350754154         -9.6954099271175         -0.49565576341112
2634                     -3.7272947066249         -5.0801804209106         -9.6779476348502         -0.48674737631866
2636                     -3.661811352472          -5.0146970667577         -9.6604853425829         -0.4778389892262
2638                     -3.5962992986709         -4.9491850129566         -9.6430230503156         -0.46893060213374
2640                     -3.5307585452216         -4.8836442595073         -9.6255607580483         -0.46002221504128
2642                     -3.4651890921241         -4.8180748064098         -9.608098465781          -0.45111382794882
2644                     -3.3995909393784         -4.7524766536642         -9.5906361735137         -0.44220544085636
2646                     -3.3339640869846         -4.6868498012703         -9.5731738812464         -0.4332970537639
2648                     -3.2683085349426         -4.6211942492283         -9.5557115889791         -0.42438866667144
2650                     -3.2026242832524         -4.5555099975381         -9.5382492967118         -0.41548027957898
2652                     -3.136911331914          -4.4897970461997         -9.5207870044445         -0.40657189248652
2654                     -3.0711696809274         -4.4240553952131         -9.5033247121772         -0.39766350539406
2656                     -3.0053993302926         -4.3582850445784         -9.48586241991           -0.3887551183016
2658                     -2.9396002800097         -4.2924859942954         -9.4684001276427         -0.37984673120914
2660                     -2.8737725300786         -4.2266582443643         -9.4509378353754         -0.37093834411668
2662                     -2.8079160804993         -4.160801794785          -9.4334755431081         -0.36202995702421
2664                     -2.7420309312718         -4.0949166455575         -9.4160132508408         -0.35312156993175
2666                     -2.6761170823961         -4.0290027966818         -9.3985509585735         -0.34421318283929
2668                     -2.6101745338722         -3.963060248158          -9.3810886663062         -0.33530479574683
2670                     -2.5442032857002         -3.8970889999859         -9.3636263740389         -0.32639640865437
2672                     -2.47820333788           -3.8310890521657         -9.3461640817716         -0.31748802156191
2674                     -2.4121746904116         -3.7650604046973         -9.3287017895043         -0.30857963446945
2676                     -2.346117343295          -3.6990030575807         -9.311239497237          -0.29967124737699
2678                     -2.2800312965302         -3.6329170108159         -9.2937772049697         -0.29076286028453
2680                     -2.2139165501172         -3.566802264403          -9.2763149127024         -0.28185447319207
2682                     -2.1477731040561         -3.5006588183418         -9.2588526204352         -0.27294608609961
2684                     -2.0816009583468         -3.4344866726325         -9.2413903281679         -0.26403769900715
2686                     -2.0154001129893         -3.368285827275          -9.2239280359006         -0.25512931191469
2688                     -1.9491705679836         -3.3020562822693         -9.2064657436333         -0.24622092482223
2690                     -1.8829123233297         -3.2357980376154         -9.189003451366          -0.23731253772977
2692                     -1.8166253790276         -3.1695110933133         -9.1715411590987         -0.22840415063731
2694                     -1.7503097350774         -3.1031954493631         -9.1540788668314         -0.21949576354485
2696                     -1.683965391479          -3.0368511057647         -9.1366165745641         -0.21058737645238
2698                     -1.6175923482323         -2.9704780625181         -9.1191542822968         -0.20167898935992
2700                     -1.5511906053376         -2.9040763196233         -9.1016919900295         -0.19277060226746
2702                     -1.4847601627946         -2.8376458770803         -9.0842296977622         -0.183862215175
2704                     -1.4183010206034         -2.7711867348891         -9.0667674054949         -0.17495382808254
2706                     -1.3518131787641         -2.7046988930498         -9.0493051132276         -0.16604544099008
2708                     -1.2852966372765         -2.6381823515623         -9.0318428209604         -0.15713705389762
2710                     -1.2187513961408         -2.5716371104265         -9.0143805286931         -0.14822866680516
2712                     -1.1521774553569         -2.5050631696426         -8.9969182364258         -0.1393202797127
2714                     -1.0855748149248         -2.4384605292106         -8.9794559441585         -0.13041189262024
2716                     -1.0189434748446         -2.3718291891303         -8.9619936518912         -0.12150350552778
2718                     -0.95228343511614        -2.3051691494019         -8.9445313596239         -0.11259511843532
2720                     -0.88559469573951        -2.2384804100252         -8.9270690673566         -0.10368673134286
2722                     -0.81887725671469        -2.1717629710004         -8.9096067750893         -0.094778344250396
2724                     -0.7521311180417         -2.1050168323274         -8.892144482822          -0.085869957157936
2726                     -0.68535627972051        -2.0382419940062         -8.8746821905547         -0.076961570065475
2728                     -0.61855274175115        -1.9714384560369         -8.8572198982875         -0.068053182973015
2730                     -0.5517205041336         -1.9046062184193         -8.8397576060202         -0.059144795880554
2732                     -0.48485956686787        -1.8377452811536         -8.8222953137529         -0.050236408788093
2734                     -0.41796992995395        -1.7708556442397         -8.8048330214856         -0.041328021695633
2736                     -0.35105159339185        -1.7039373076776         -8.7873707292183         -0.032419634603172
2738                     -0.28410455718157        -1.6369902714673         -8.769908436951          -0.023511247510712
2740                     -0.27756916502109        -1.4517713326698         -8.7524461446837         -0.014602860418251
2741.9548839583          -0.27824522143729        -1.2696400711614         -8.7449856333095         -0.010212662114965
2743.8115212149          -0.22013602600664        -1.2115308757307         -8.7379000652317         -0.0060431022292392
2745.5748493593          -0.16492584312881        -1.1563206928529         -8.7311705969061         -0.0020830921249942
2747.2495578322          -0.11247107238698        -1.1038659221111         -8.7247793318096         -0.00029353458445798
2748.8401003969          -0.062635124972701       -1.0540299746968         -8.7187092728455         -4.5198511980065e-05
2750.3507069837          -0.015288091422548       -1.0066829411466         -8.7129442771408         -7.8059286521392e-06
2751.7853949391          0.02969357591809         -0.96170127380601        -8.7074690131161         -1.651323149442e-06
2753.1479797095          0.072427366251045        -0.91896748347306        -8.7022689197116         -5.4701617983654e-07
2754.4420849884          0.11302500003964         -0.87836984968446        -8.6973301676636         -3.3187626670083e-07
2755.671152353           0.15159270560973         -0.83980214411437        -8.6926396227264         -2.8654954078683e-07
2756.8384504171          0.18823148315459         -0.80316336656951        -8.6881848107427         -2.762617671427e-07
2757.9470835235          0.22303735664896         -0.76835749307514        -8.6839538844695         -2.737554643728e-07
2759                     0.25610161416442         -0.73529323555968        -8.6799355920715         -2.7310236366463e-07
2760                     0.34864882089857         -0.82349146110634        -8.6761192471971         -2.7280708941586e-07
2761                     0.44308075003607         -0.90980496424965        -8.6673881010635         -2.7187495674893e-07
2762                     0.47568610378368         -0.87719961050203        -8.6586569549299         -7.9534061437692e-08
2763                     0.50760266597489         -0.84528304831082        -8.6499258087963         -2.3903006393825e-08
2764                     0.5388304366097          -0.81405527767602        -8.6411946626626         -7.3803712879771e-09
2765                     0.5693694156881          -0.78351629859762        -8.632463516529          -2.3412175303713e-09
2766                     0.59921960321009         -0.75366611107562        -8.6237323703954         -7.63055413807e-10
2767                     0.62838099917569         -0.72450471511002        -8.6150012242617         -2.5552671597627e-10
2768                     0.6568536035849          -0.69603211070081        -8.6062700781281         -8.7922931154749e-11
2769                     0.68463741643777         -0.66824829784795        -8.5975389319945         -3.1087324580331e-11
2770                     0.71173243773439         -0.64115327655132        -8.5888077858609         -1.1296227404711e-11
2771                     0.73813866747509         -0.61474704681062        -8.5800766397272         -4.219521039658e-12
2772                     0.76385610566072         -0.589029608625          -8.5713454935936         -1.6211351010873e-12
2773                     0.78888475229352         -0.56400096199219        -8.56261434746           -6.4144985530977e-13
2774                     0.81322460737939         -0.53966110690633        -8.5538832013263         -2.6215306672666e-13
2775                     0.83687567093309         -0.51601004335263        -8.5451520551927         -1.1136022717331e-13
2776                     0.85983794299091         -0.4930477712948         -8.5364209090591         -4.9801376086438e-14
2777                     0.88211142363946         -0.47077429064625        -8.5276897629254         -2.3996141528282e-14
2778                     0.90369611307986         -0.44918960120586        -8.5189586167918         -1.2888242299774e-14
2779                     0.92459201176643         -0.42829370251928        -8.5102274706582         -7.9784607337542e-15
2780                     0.94479912069767         -0.40808659358804        -8.5014963245246         -5.7500366608694e-15
2781                     0.96431744200795         -0.38856827227776        -8.4927651783909         -4.7114607311532e-15
2782                     0.98314698013494         -0.36973873415077        -8.4840340322573         -4.2144306157295e-15
2783                     1.0012877440519          -0.35159797023378        -8.4753028861237         -3.9701829333812e-15
2784                     1.0187397514039          -0.33414596288183        -8.46657173999           -3.8469347110446e-15
2785                     1.0355030359287          -0.31738267835705        -8.4578405938564         -3.7830742092796e-15
2786                     1.0515776603444          -0.3013080539413         -8.4491094477228         -3.7490972838476e-15
2787                     1.0669637379935          -0.28592197629226        -8.4403783015891         -3.7305348925001e-15
2788                     1.0816614679673          -0.27122424631842        -8.4316471554555         -3.7201218225893e-15
2789                     1.0956711901318          -0.25721452415395        -8.4229160093219         -3.7141237221435e-15
2790                     1.1089934682307          -0.24389224605506        -8.4141848631883         -3.7105761529461e-15
2791                     1.1216292107015          -0.23125650358425        -8.4054537170546         -3.7084217961128e-15
2792                     1.1335798394208          -0.21930587486492        -8.396722570921          -3.7070785537561e-15
2793                     1.1448475155862          -0.20803819869954        -8.3879914247874         -3.7062187267496e-15
2794                     1.1554354285773          -0.19745028570845        -8.3792602786537         -3.7056537337416e-15
2795                     1.165348147359           -0.18753756692673        -8.3705291325201         -3.7052726805046e-15
2796                     1.1745920247249          -0.17829368956077        -8.3617979863865         -3.7050089576424e-15
2797                     1.1831756331681          -0.16971008111758        -8.3530668402529         -3.7048217148937e-15
2798                     1.1911101991106          -0.16177551517508        -8.3443356941192         -3.7046853846536e-15
2799                     1.1984099921829          -0.1544757221028         -8.3356045479856         -3.7045836435119e-15
2800                     1.2050926211236          -0.14779309316213        -8.326873401852          -3.704505866347e-15
2801                     1.2111791901051          -0.14170652418057        -8.3181422557183         -3.7044450058614e-15
2802                     1.2166942799154          -0.13619143437027        -8.3094111095847         -3.7043963018321e-15
2803                     1.2216657364453          -0.13121997784046        -8.3006799634511         -3.7043564817173e-15
2804                     1.2261242713178          -0.12676144296787        -8.2919488173175         -3.7043232571808e-15
2805                     1.2301029019093          -0.12278281237638        -8.2832176711838         -3.7042950017726e-15
2806                     1.2336362760395          -0.11924943824623        -8.2744865250502         -3.7042705412908e-15
2807                     1.2367599370492          -0.11612577723647        -8.2657553789166         -3.7042490153247e-15
2808                     1.2395095866064          -0.11337612767935        -8.257024232783          -3.7042297844414e-15
2809                     1.2419203962546          -0.11096531803112        -8.2482930866493         -3.7042123670679e-15
2810                     1.244026406816           -0.10885930746976        -8.2395619405157         -3.704196395968e-15
2811                     1.245860040264           -0.10702567402175        -8.2308307943821         -3.7041815878221e-15
2812                     1.24745173438            -0.1054339799057         -8.2220996482485         -3.7041677216878e-15
2813                     1.2488296983869          -0.10405601589883        -8.2133685021148         -3.7041546235541e-15
2814                     1.2500197788701          -0.10286593541556        -8.2046373559812         -3.7041421551288e-15
2815                     1.2510454198472          -0.1018402944385         -8.1959062098476         -3.7041302056025e-15
2816                     1.2519276984334          -0.10095801585227        -8.1871750637139         -3.7041186855287e-15
2817                     1.2526854174874          -0.10020029679833        -8.1784439175803         -3.7041075222261e-15
2818                     1.2533352381241          -0.099550476161653       -8.1697127714467         -3.7040966562869e-15
2819                     1.2538918373775          -0.098993876908206       -8.1609816253131         -3.7040860388991e-15
2820                     1.2543680790303          -0.098517635255461       -8.1522504791794         -3.7040756297712e-15
2821                     1.2547751883375          -0.098110525948248       -8.1435193330458         -3.7040653955109e-15
2822                     1.2551229238294          -0.097762790456325       -8.1347881869122         -3.7040553083452e-15
2823                     1.2554197414671          -0.097465972818604       -8.1260570407786         -3.7040453451043e-15
2824                     1.2556729481215          -0.097212766164213       -8.1173258946449         -3.7040354864069e-15
2825                     1.2558888426609          -0.096996871624816       -8.1085947485113         -3.7040257160029e-15
2826                     1.2560728439142          -0.096812870371528       -8.0998636023777         -3.7040160202409e-15
2827                     1.2562296054772          -0.096656108808502       -8.091132456244          -3.7040063876324e-15
2828                     1.2563631178076          -0.096522596478121       -8.0824013101104         -3.7039968084951e-15
2829                     1.2564767983572          -0.096408915928543       -8.0736701639768         -3.7039872746586e-15
2830                     1.2565735706661          -0.09631214361962        -8.0649390178432         -3.7039777792207e-15
2831                     1.2566559334238          -0.09622978086192        -8.0562078717095         -3.7039683163451e-15
2832                     1.2567260205181          -0.096159693767653       -8.0474767255759         -3.7039588810929e-15
2833                     1.2567856530658          -0.096100061219946       -8.0387455794423         -3.703949469282e-15
2834                     1.2568363843636          -0.096049329922088       -8.0300144333087         -3.7039400773685e-15
2835                     1.2568795386265          -0.096006175659257       -8.021283287175          -3.7039307023485e-15
2836                     1.2569162443021          -0.095969469983629       -8.0125521410414         -3.7039213416742e-15
2837                     1.2569474626718          -0.09593825161395        -8.0038209949078         -3.7039119931843e-15
2838                     1.2569740123668          -0.095911701918889       -7.9950898487741         -3.7039026550444e-15
2839                     1.2569965903583          -0.09588912392746        -7.9863587026405         -3.7038933256974e-15
2840                     1.2570157899075          -0.095869924378207       -7.9776275565069         -3.7038840038213e-15
2841                     1.2570321159047          -0.095853598381059       -7.9688964103733         -3.7038746882933e-15
2842                     1.2570459979641          -0.095839716321594       -7.9601652642396         -3.7038653781599e-15
2843                     1.2570578015986          -0.095827912687113       -7.951434118106          -3.703856072611e-15
2844                     1.257067837748           -0.095817876537749       -7.9427029719724         -3.7038467709583e-15
2845                     1.2570763709015          -0.095809343384204       -7.9339718258388         -3.7038374726171e-15
2846                     1.2570836260185          -0.095802088267221       -7.9252406797051         -3.7038281770906e-15
2847                     1.2570897944228          -0.095795919862956       -7.9165095335715         -3.7038188839565e-15
2848                     1.2570950388221          -0.095790675463623       -7.9077783874379         -3.7038095928559e-15
2849                     1.2570994975813          -0.09578621670446        -7.8990472413043         -3.7038003034839e-15
2850                     1.2571032883589          -0.095782425926814       -7.8903160951706         -3.7037910155813e-15
2851                     1.2571065112025          -0.095779203083174       -7.881584949037          -3.7037817289277e-15
2852                     1.2571092511819          -0.095776463103798       -7.8728538029034         -3.7037724433358e-15
2853                     1.2571115806294          -0.095774133656362       -7.8641226567698         -3.7037631586466e-15
2854                     1.2571135610455          -0.095772153240189       -7.8553915106361         -3.7037538747247e-15
2855                     1.2571152447205          -0.095770469565235       -7.8466603645025         -3.703744591455e-15
2856                     1.2571166761123          -0.095769038173382       -7.8379292183689         -3.7037353087399e-15
2857                     1.2571178930198          -0.095767821265911       -7.8291980722352         -3.7037260264961e-15
2858                     1.2571189275793          -0.095766786706368       -7.8204669261016         -3.7037167446531e-15
2859                     1.2571198071131          -0.095765907172627       -7.811735779968          -3.7037074631507e-15
2860                     1.2571205548499          -0.095765159435862       -7.8030046338344         -3.703698181938e-15
2861                     1.2571211905383          -0.095764523747441       -7.7942734877007         -3.7036889009714e-15
2862                     1.2571217309681          -0.095763983317626       -7.7855423415671         -3.7036796202142e-15
2863                     1.2571221904134          -0.095763523872319       -7.7768111954335         -3.7036703396349e-15
2864                     1.2571225810095          -0.095763133276195       -7.7680800492999         -3.7036610592069e-15
2865                     1.2571229130734          -0.095762801212273       -7.7593489031662         -3.7036517789074e-15
2866                     1.2571231953762          -0.095762518909489       -7.7506177570326         -3.7036424987174e-15
2867                     1.2571234353746          -0.095762278911072       -7.741886610899          -3.7036332186202e-15
2868                     1.2571236394081          -0.095762074877619       -7.7331554647654         -3.7036239386021e-15
2869                     1.257123812866           -0.095761901419673       -7.7244243186317         -3.7036146586511e-15
2870                     1.2571239603303          -0.095761753955382       -7.7156931724981         -3.7036053787573e-15
2871                     1.2571240856962          -0.095761628589488       -7.7069620263645         -3.703596098912e-15
2872                     1.2571241922753          -0.095761522010442       -7.6982308802308         -3.7035868191079e-15
2873                     1.2571242828828          -0.09576143140294        -7.6894997340972         -3.703577539339e-15
2874                     1.2571243599122          -0.09576135437356        -7.6807685879636         -3.7035682595999e-15
2875                     1.2571244253982          -0.095761288887541       -7.67203744183           -3.7035589798861e-15
2876                     1.2571244810707          -0.095761233215043       -7.6633062956963         -3.7035497001939e-15
2877                     1.2571245284003          -0.095761185885449       -7.6545751495627         -3.7035404205201e-15
2878                     1.2571245686372          -0.095761145648522       -7.6458440034291         -3.7035311408618e-15
2879                     1.2571246028443          -0.095761111441379       -7.6371128572955         -3.7035218612167e-15
2880                     1.2571246319253          -0.095761082360417       -7.6283817111618         -3.703512581583e-15
2881                     1.2571246566483          -0.095761057637443       -7.6196505650282         -3.7035033019588e-15
2882                     1.2571246776663          -0.095761036619384       -7.6109194188946         -3.7034940223427e-15
2883                     1.2571246955347          -0.09576101875103        -7.602188272761          -3.7034847427336e-15
2884                     1.2571247107253          -0.095761003560379       -7.5934571266273         -3.7034754631303e-15
2885                     1.2571247236396          -0.095760990646156       -7.5847259804937         -3.703466183532e-15
2886                     1.2571247346185          -0.095760979667223       -7.5759948343601         -3.703456903938e-15
2887                     1.2571247439522          -0.095760970333563       -7.5672636882264         -3.7034476243477e-15
2888                     1.2571247518871          -0.09576096239862        -7.5585325420928         -3.7034383447603e-15
2889                     1.2571247586329          -0.095760955652786       -7.5498013959592         -3.7034290651756e-15
2890                     1.2571247643678          -0.095760949917865       -7.5410702498256         -3.7034197855931e-15
2891                     1.2571247692434          -0.095760945042363       -7.5323391036919         -3.7034105060125e-15
2892                     1.2571247733882          -0.095760940897492       -7.5236079575583         -3.7034012264336e-15
2893                     1.257124776912           -0.095760937373759       -7.5148768114247         -3.7033919468559e-15
2894                     1.2571247799076          -0.095760934378084       -7.5061456652911         -3.7033826672795e-15
2895                     1.2571247824544          -0.095760931831333       -7.4974145191574         -3.703373387704e-15
2896                     1.2571247846195          -0.095760929666231       -7.4886833730238         -3.7033641081293e-15
2897                     1.2571247864601          -0.095760927825586       -7.4799522268902         -3.7033548285554e-15
2898                     1.2571247880249          -0.095760926260774       -7.4712210807566         -3.7033455489821e-15
2899                     1.2571247893553          -0.095760924930462       -7.4624899346229         -3.7033362694093e-15
2900                     1.2571247904862          -0.095760923799506       -7.4537587884893         -3.7033269898369e-15
2901                     1.2571247914477          -0.095760922838033       -7.4450276423557         -3.7033177102649e-15
2902                     1.2571247922651          -0.095760922020643       -7.4362964962221         -3.7033084306932e-15
2903                     1.25712479296            -0.095760921325745       -7.4275653500884         -3.7032991511218e-15
2904                     1.2571247935507          -0.095760920734983       -7.4188342039548         -3.7032898715506e-15
2905                     1.257124794053           -0.095760920232751       -7.4101030578212         -3.7032805919796e-15
2906                     1.2571247944799          -0.095760919805782       -7.4013719116875         -3.7032713124088e-15
2907                     1.2571247948429          -0.095760919442798       -7.3926407655539         -3.7032620328381e-15
2908                     1.2571247951515          -0.095760919134209       -7.3839096194203         -3.7032527532676e-15
2909                     1.2571247954138          -0.095760918871865       -7.3751784732867         -3.7032434736971e-15
2910                     1.2571247956369          -0.095760918648835       -7.366447327153          -3.7032341941267e-15
2911                     1.2571247958265          -0.095760918459228       -7.3577161810194         -3.7032249145564e-15
2912                     1.2571247959877          -0.095760918298034       -7.3489850348858         -3.7032156349862e-15
2913                     1.2571247961247          -0.095760918160997       -7.3402538887521         -3.703206355416e-15
2914                     1.2571247962412          -0.095760918044496       -7.3315227426185         -3.7031970758459e-15
2915                     1.2571247963403          -0.095760917945453       -7.3227915964849         -3.7031877962758e-15
2916                     1.2571247964245          -0.095760917861253       -7.3140604503513         -3.7031785167057e-15
2917                     1.257124796496           -0.09576091778967        -7.3053293042176         -3.7031692371357e-15
2918                     1.2571247965569          -0.095760917728815       -7.296598158084          -3.7031599575656e-15
2919                     1.2571247966086          -0.09576091767708        -7.2878670119504         -3.7031506779956e-15
2920                     1.2571247966526          -0.095760917633097       -7.2791358658167         -3.7031413984257e-15
2921                     1.25712479669            -0.095760917595705       -7.2704047196831         -3.7031321188557e-15
2922                     1.2571247967218          -0.095760917563917       -7.2616735735495         -3.7031228392857e-15
2923                     1.2571247967488          -0.095760917536893       -7.2529424274159         -3.7031135597158e-15
2924                     1.2571247967718          -0.095760917513918       -7.2442112812822         -3.7031042801459e-15
2925                     1.2571247967913          -0.095760917494387       -7.2354801351486         -3.7030950005759e-15
2926                     1.2571247968079          -0.095760917477782       -7.226748989015          -3.703085721006e-15
2927                     1.257124796822           -0.095760917463665       -7.2180178428813         -3.7030764414361e-15
2928                     1.257124796834           -0.095760917451664       -7.2092866967477         -3.7030671618662e-15
2929                     1.2571247968443          -0.095760917441462       -7.2005555506141         -3.7030578822963e-15
2930                     1.2571247968529          -0.095760917432788       -7.1918244044805         -3.7030486027264e-15
2931                     1.2571247968603          -0.095760917425415       -7.1830932583468         -3.7030393231565e-15
2932                     1.2571247968666          -0.095760917419146       -7.1743621122132         -3.7030300435866e-15
2933                     1.2571247968719          -0.095760917413816       -7.1656309660796         -3.7030207640167e-15
2934                     1.2571247968764          -0.095760917409285       -7.1568998199459         -3.7030114844468e-15
2935                     1.2571247968803          -0.095760917405434       -7.1481686738123         -3.7030022048769e-15
2936                     1.2571247968836          -0.095760917402159       -7.1394375276787         -3.702992925307e-15
2937                     1.2571247968863          -0.095760917399375       -7.1307063815451         -3.7029836457372e-15
2938                     1.2571247968887          -0.095760917397008       -7.1219752354114         -3.7029743661673e-15
2939                     1.2571247968907          -0.095760917394996       -7.1132440892778         -3.7029650865974e-15
2940                     1.2571247968924          -0.095760917393286       -7.1045129431442         -3.7029558070275e-15
2941                     1.2571247968939          -0.095760917391832       -7.0957817970105         -3.7029465274576e-15
2942                     1.2571247968951          -0.095760917390596       -7.0870506508769         -3.7029372478877e-15
2943                     1.2571247968962          -0.095760917389545       -7.0783195047433         -3.7029279683178e-15
2944                     1.2571247968971          -0.095760917388651       -7.0695883586097         -3.7029186887479e-15
2945                     1.2571247968978          -0.095760917387892       -7.060857212476          -3.7029094091781e-15
2946                     1.2571247968985          -0.095760917387246       -7.0521260663424         -3.7029001296082e-15
2947                     1.257124796899           -0.095760917386697       -7.0433949202088         -3.7028908500383e-15
2948                     1.2571247968995          -0.09576091738623        -7.0346637740751         -3.7028815704684e-15
2949                     1.2571247968999          -0.095760917385834       -7.0259326279415         -3.7028722908985e-15
2950                     1.2571247969002          -0.095760917385496       -7.0172014818079         -3.7028630113286e-15
2951                     1.2571247969005          -0.09576091738521        -7.0084703356743         -3.7028537317587e-15
2952                     1.2571247969007          -0.095760917384966       -6.9997391895406         -3.7028444521889e-15
2953                     1.257124796901           -0.095760917384758       -6.991008043407          -3.702835172619e-15
2954                     1.2571247969011          -0.095760917384582       -6.9822768972734         -3.7028258930491e-15
2955                     1.2571247969013          -0.095760917384432       -6.9735457511398         -3.7028166134792e-15
2956                     1.2571247969014          -0.095760917384305       -6.9648146050061         -3.7028073339093e-15
2957                     1.2571247969015          -0.095760917384197       -6.9560834588725         -3.7027980543394e-15
2958                     1.2571247969016          -0.095760917384105       -6.9473523127389         -3.7027887747695e-15
2959                     1.2571247969017          -0.095760917384027       -6.9386211666053         -3.7027794951997e-15
2960                     1.2571247969018          -0.09576091738396        -6.9298900204716         -3.7027702156298e-15
2961                     1.2571247969018          -0.095760917383904       -6.921158874338          -3.7027609360599e-15
2962                     1.2571247969019          -0.095760917383856       -6.9124277282044         -3.70275165649e-15
2963                     1.2571247969019          -0.095760917383815       -6.9036965820707         -3.7027423769201e-15
2964                     1.2571247969019          -0.095760917383781       -6.8949654359371         -3.7027330973502e-15
2965                     1.257124796902           -0.095760917383751       -6.8862342898035         -3.7027238177804e-15
2966                     1.257124796902           -0.095760917383726       -6.8775031436699         -3.7027145382105e-15
2967                     1.257124796902           -0.095760917383705       -6.8687719975362         -3.7027052586406e-15
2968                     1.257124796902           -0.095760917383686       -6.8600408514026         -3.7026959790707e-15
2969                     1.257124796902           -0.095760917383671       -6.851309705269          -3.7026866995008e-15
2970                     1.2571247969021          -0.095760917383658       -6.8425785591354         -3.7026774199309e-15
2971                     1.2571247969021          -0.095760917383646       -6.8338474130017         -3.7026681403611e-15
2972                     1.2571247969021          -0.095760917383637       -6.8251162668681         -3.7026588607912e-15
2973                     1.2571247969021          -0.095760917383629       -6.8163851207345         -3.7026495812213e-15
2974                     1.2571247969021          -0.095760917383622       -6.8076539746009         -3.7026403016514e-15
2975                     1.2571247969021          -0.095760917383616       -6.7989228284672         -3.7026310220815e-15
2976                     1.2571247969021          -0.095760917383611       -6.7901916823336         -3.7026217425116e-15
2977                     1.2571247969021          -0.095760917383607       -6.7814605362            -3.7026124629418e-15
2978                     1.2571247969021          -0.095760917383603       -6.7727293900664         -3.7026031833719e-15
2979                     1.2571247969021          -0.0957609173836         -6.7639982439327         -3.702593903802e-15
2980                     1.2571247969021          -0.095760917383597       -6.7552670977991         -3.7025846242321e-15
2981                     1.2571247969021          -0.095760917383595       -6.7465359516655         -3.7025753446622e-15
2982                     1.2571247969021          -0.095760917383593       -6.7378048055319         -3.7025660650923e-15
2983                     1.2571247969021          -0.095760917383591       -6.7290736593982         -3.7025567855224e-15
2984                     1.2571247969021          -0.09576091738359        -6.7203425132646         -3.7025475059526e-15
2985                     1.2571247969021          -0.095760917383589       -6.711611367131          -3.7025382263827e-15
2986                     1.2571247969021          -0.095760917383588       -6.7028802209974         -3.7025289468128e-15
2987                     1.2571247969021          -0.095760917383587       -6.6941490748637         -3.7025196672429e-15
2988                     1.2571247969021          -0.095760917383586       -6.6854179287301         -3.702510387673e-15
2989                     1.2571247969021          -0.095760917383586       -6.6766867825965         -3.7025011081031e-15
2990                     1.2571247969021          -0.095760917383585       -6.6679556364629         -3.7024918285332e-15
2991                     1.2571247969021          -0.095760917383585       -6.6592244903292         -3.7024825489634e-15
2992                     1.2571247969021          -0.095760917383585       -6.6504933441956         -3.7024732693935e-15
2993                     1.2571247969021          -0.095760917383584       -6.641762198062          -3.7024639898236e-15
2994                     1.2571247969021          -0.095760917383584       -6.6330310519284         -3.7024547102537e-15
2995                     1.2571247969021          -0.095760917383584       -6.6242999057947         -3.7024454306838e-15
2996                     1.2571247969021          -0.095760917383584       -6.6155687596611         -3.7024361511139e-15
2997                     1.2571247969021          -0.095760917383583       -6.6068376135275         -3.7024268715441e-15
2998                     1.2571247969021          -0.095760917383583       -6.5981064673939         -3.7024175919742e-15
2999                     1.2571247969021          -0.095760917383583       -6.5893753212602         -3.7024083124043e-15
3000                     1.2571247969021          -0.095760917383583       -6.5806441751266         -3.7023990328344e-15
3001                     1.2571247969021          -0.095760917383583       -6.571913028993          -3.7023897532645e-15
3002                     1.2571247969021          -0.095760917383583       -6.5631818828593         -3.7023804736946e-15
3003                     1.2571247969021          -0.095760917383583       -6.5544507367257         -3.7023711941248e-15
3004                     1.2571247969021          -0.095760917383583       -6.5457195905921         -3.7023619145549e-15
3005                     1.2571247969021          -0.095760917383583       -6.5369884444585         -3.702352634985e-15
3006                     1.2571247969021          -0.095760917383583       -6.5282572983248         -3.7023433554151e-15
3007                     1.2571247969021          -0.095760917383582       -6.5195261521912         -3.7023340758452e-15
3008                     1.2571247969021          -0.095760917383582       -6.5107950060576         -3.7023247962753e-15
3009                     1.2571247969021          -0.095760917383583       -6.502063859924          -3.7023155167055e-15
3010                     1.2571247969021          -0.095760917383583       -6.4933327137903         -3.7023062371356e-15
3011                     1.2571247969021          -0.095760917383583       -6.4846015676567         -3.7022969575657e-15
3012                     1.2571247969021          -0.095760917383583       -6.4758704215231         -3.7022876779958e-15
3013                     1.2571247969021          -0.095760917383583       -6.4671392753895         -3.7022783984259e-15
3014                     1.2571247969021          -0.095760917383583       -6.4584081292558         -3.702269118856e-15
3015                     1.2571247969021          -0.095760917383583       -6.4496769831222         -3.7022598392862e-15
3016                     1.2571247969021          -0.095760917383583       -6.4409458369886         -3.7022505597163e-15
3017                     1.2571247969021          -0.095760917383583       -6.432214690855          -3.7022412801464e-15
3018                     1.2571247969021          -0.095760917383583       -6.4234835447213         -3.7022320005765e-15
3019                     1.2571247969021          -0.095760917383583       -6.4147523985877         -3.7022227210066e-15
3020                     1.2571247969021          -0.095760917383583       -6.4060212524541         -3.7022134414368e-15
3021                     1.2571247969021          -0.095760917383584       -6.3972901063205         -3.7022041618669e-15
3022                     1.2571247969021          -0.095760917383584       -6.3885589601868         -3.702194882297e-15
3023                     1.2571247969021          -0.095760917383584       -6.3798278140532         -3.7021856027271e-15
3024                     1.2571247969021          -0.095760917383584       -6.3710966679196         -3.7021763231572e-15
3025                     1.2571247969021          -0.095760917383583       -6.362365521786          -3.7021670435874e-15
3026                     1.2571247969021          -0.095760917383583       -6.3536343756523         -3.7021577640175e-15
3027                     1.2571247969021          -0.095760917383583       -6.3449032295187         -3.7021484844476e-15
3028                     1.2571247969021          -0.095760917383583       -6.3361720833851         -3.7021392048777e-15
3029                     1.2571247969021          -0.095760917383583       -6.3274409372515         -3.7021299253079e-15
3030                     1.2571247969021          -0.095760917383583       -6.3187097911178         -3.702120645738e-15
3031                     1.2571247969021          -0.095760917383583       -6.3099786449842         -3.7021113661681e-15
3032                     1.2571247969021          -0.095760917383583       -6.3012474988506         -3.7021020865982e-15
3033                     1.2571247969021          -0.095760917383583       -6.292516352717          -3.7020928070283e-15
3034                     1.2571247969021          -0.095760917383583       -6.2837852065833         -3.7020835274585e-15
3035                     1.2571247969021          -0.095760917383583       -6.2750540604497         -3.7020742478886e-15
3036                     1.2571247969021          -0.095760917383583       -6.2663229143161         -3.7020649683187e-15
3037                     1.2571247969021          -0.095760917383583       -6.2575917681825         -3.7020556887488e-15
3038                     1.2571247969021          -0.095760917383583       -6.2488606220488         -3.702046409179e-15
3039                     1.2571247969021          -0.095760917383583       -6.2401294759152         -3.7020371296091e-15
3040                     1.2571247969021          -0.095760917383583       -6.2313983297816         -3.7020278500392e-15
3041                     1.2571247969021          -0.095760917383583       -6.222667183648          -3.7020185704693e-15
3042                     1.2571247969021          -0.095760917383583       -6.2139360375143         -3.7020092908995e-15
3043                     1.2571247969021          -0.095760917383582       -6.2052048913807         -3.7020000113296e-15
3044                     1.2571247969021          -0.095760917383582       -6.1964737452471         -3.7019907317597e-15
3045                     1.2571247969021          -0.095760917383582       -6.1877425991135         -3.7019814521898e-15
3046                     1.2571247969021          -0.095760917383582       -6.1790114529799         -3.70197217262e-15
3047                     1.2571247969021          -0.095760917383582       -6.1702803068462         -3.7019628930501e-15
3048                     1.2571247969021          -0.095760917383582       -6.1615491607126         -3.7019536134802e-15
3049                     1.2571247969021          -0.095760917383582       -6.152818014579          -3.7019443339103e-15
3050                     1.2571247969021          -0.095760917383582       -6.1440868684454         -3.7019350543405e-15
3051                     1.2571247969021          -0.095760917383581       -6.1353557223117         -3.7019257747706e-15
3052                     1.2571247969021          -0.095760917383581       -6.1266245761781         -3.7019164952007e-15
3053                     1.2571247969021          -0.095760917383581       -6.1178934300445         -3.7019072156308e-15
3054                     1.2571247969021          -0.095760917383582       -6.1091622839108         -3.701897936061e-15
3055                     1.2571247969021          -0.095760917383582       -6.1004311377772         -3.7018886564911e-15
3056                     1.2571247969021          -0.095760917383582       -6.0916999916436         -3.7018793769212e-15
3057                     1.2571247969021          -0.095760917383582       -6.08296884551           -3.7018700973513e-15
3058                     1.2571247969021          -0.095760917383582       -6.0742376993763         -3.7018608177815e-15
3059                     1.2571247969021          -0.095760917383583       -6.0655065532427         -3.7018515382116e-15
3060                     1.2571247969021          -0.095760917383583       -6.0567754071091         -3.7018422586417e-15
3061                     1.2571247969021          -0.095760917383583       -6.0480442609755         -3.7018329790718e-15
3062                     1.2571247969021          -0.095760917383583       -6.0393131148418         -3.701823699502e-15
3063                     1.2571247969021          -0.095760917383583       -6.0305819687082         -3.7018144199321e-15
3064                     1.2571247969021          -0.095760917383583       -6.0218508225746         -3.7018051403622e-15
3065                     1.2571247969021          -0.095760917383583       -6.013119676441          -3.7017958607923e-15
3066                     1.2571247969021          -0.095760917383583       -6.0043885303073         -3.7017865812225e-15
3067                     1.2571247969021          -0.095760917383583       -5.9956573841737         -3.7017773016526e-15
3068                     1.2571247969021          -0.095760917383583       -5.9869262380401         -3.7017680220827e-15
3069                     1.2571247969021          -0.095760917383583       -5.9781950919065         -3.7017587425128e-15
3070                     1.2571247969021          -0.095760917383583       -5.9694639457728         -3.701749462943e-15
3071                     1.2571247969021          -0.095760917383583       -5.9607327996392         -3.7017401833731e-15
3072                     1.2571247969021          -0.095760917383583       -5.9520016535056         -3.7017309038032e-15
3073                     1.2571247969021          -0.095760917383583       -5.9432705073719         -3.7017216242333e-15
3074                     1.2571247969021          -0.095760917383583       -5.9345393612383         -3.7017123446635e-15
3075                     1.2571247969021          -0.095760917383583       -5.9258082151047         -3.7017030650936e-15
3076                     1.2571247969021          -0.095760917383583       -5.9170770689711         -3.7016937855237e-15
3077                     1.2571247969021          -0.095760917383583       -5.9083459228374         -3.7016845059538e-15
3078                     1.2571247969021          -0.095760917383583       -5.8996147767038         -3.701675226384e-15
3079                     1.2571247969021          -0.095760917383583       -5.8908836305702         -3.7016659468141e-15
3080                     1.2571247969021          -0.095760917383583       -5.8821524844366         -3.7016566672442e-15
3081                     1.2571247969021          -0.095760917383583       -5.8734213383029         -3.7016473876743e-15
3082                     1.2571247969021          -0.095760917383583       -5.8646901921693         -3.7016381081045e-15
3083                     1.2571247969021          -0.095760917383583       -5.8559590460357         -3.7016288285346e-15
3084                     1.2571247969021          -0.095760917383583       -5.8472278999021         -3.7016195489647e-15
3085                     1.2571247969021          -0.095760917383583       -5.8384967537684         -3.7016102693948e-15
3086                     1.2571247969021          -0.095760917383583       -5.8297656076348         -3.701600989825e-15
3087                     1.2571247969021          -0.095760917383584       -5.8210344615012         -3.7015917102551e-15
3088                     1.2571247969021          -0.095760917383584       -5.8123033153675         -3.7015824306852e-15
3089                     1.2571247969021          -0.095760917383584       -5.8035721692339         -3.7015731511153e-15
3090                     1.2571247969021          -0.095760917383584       -5.7948410231003         -3.7015638715454e-15
3091                     1.2571247969021          -0.095760917383584       -5.7861098769667         -3.7015545919756e-15
3092                     1.2571247969021          -0.095760917383584       -5.777378730833          -3.7015453124057e-15
3093                     1.2571247969021          -0.095760917383584       -5.7686475846994         -3.7015360328358e-15
3094                     1.2571247969021          -0.095760917383584       -5.7599164385658         -3.7015267532659e-15
3095                     1.2571247969021          -0.095760917383584       -5.7511852924322         -3.701517473696e-15
3096                     1.2571247969021          -0.095760917383584       -5.7424541462985         -3.7015081941262e-15
3097                     1.2571247969021          -0.095760917383584       -5.7337230001649         -3.7014989145563e-15
3098                     1.2571247969021          -0.095760917383583       -5.7249918540313         -3.7014896349864e-15
3099                     1.2571247969021          -0.095760917383583       -5.7162607078976         -3.7014803554165e-15
3100                     1.2571247969021          -0.095760917383583       -5.707529561764          -3.7014710758467e-15
3101                     1.2571247969021          -0.095760917383583       -5.6987984156304         -3.7014617962768e-15
3102                     1.2571247969021          -0.095760917383582       -5.6900672694968         -3.7014525167069e-15
3103                     1.2571247969021          -0.095760917383582       -5.6813361233631         -3.701443237137e-15
3104                     1.2571247969021          -0.095760917383582       -5.6726049772295         -3.7014339575672e-15
3105                     1.2571247969021          -0.095760917383581       -5.6638738310959         -3.7014246779973e-15
3106                     1.2571247969021          -0.095760917383581       -5.6551426849622         -3.7014153984274e-15
3107                     1.2571247969021          -0.095760917383581       -5.6464115388286         -3.7014061188575e-15
3108                     1.2571247969021          -0.09576091738358        -5.637680392695          -3.7013968392877e-15
3109                     1.2571247969021          -0.09576091738358        -5.6289492465614         -3.7013875597178e-15
3110                     1.2571247969021          -0.09576091738358        -5.6202181004277         -3.7013782801479e-15
3111                     1.2571247969021          -0.09576091738358        -5.6114869542941         -3.701369000578e-15
3112                     1.2571247969021          -0.09576091738358        -5.6027558081605         -3.7013597210082e-15
3113                     1.2571247969021          -0.09576091738358        -5.5940246620269         -3.7013504414383e-15
3114                     1.2571247969021          -0.09576091738358        -5.5852935158932         -3.7013411618684e-15
3115                     1.2571247969021          -0.09576091738358        -5.5765623697596         -3.7013318822985e-15
3116                     1.2571247969021          -0.09576091738358        -5.567831223626          -3.7013226027287e-15
3117                     1.2571247969021          -0.09576091738358        -5.5591000774923         -3.7013133231588e-15
3118                     1.2571247969021          -0.09576091738358        -5.5503689313587         -3.7013040435889e-15
3119                     1.2571247969021          -0.09576091738358        -5.5416377852251         -3.701294764019e-15
3120                     1.2571247969021          -0.09576091738358        -5.5329066390915         -3.7012854844492e-15
3121                     1.2571247969021          -0.09576091738358        -5.5241754929578         -3.7012762048793e-15
3122                     1.2571247969021          -0.09576091738358        -5.5154443468242         -3.7012669253094e-15
3123                     1.2571247969021          -0.09576091738358        -5.5067132006906         -3.7012576457395e-15
3124                     1.2571247969021          -0.09576091738358        -5.497982054557          -3.7012483661696e-15
3125                     1.2571247969021          -0.09576091738358        -5.4892509084233         -3.7012390865998e-15
3126                     1.2571247969021          -0.095760917383581       -5.4805197622897         -3.7012298070299e-15
3127                     1.2571247969021          -0.095760917383581       -5.4717886161561         -3.70122052746e-15
3128                     1.2571247969021          -0.095760917383581       -5.4630574700224         -3.7012112478901e-15
3129                     1.2571247969021          -0.095760917383581       -5.4543263238888         -3.7012019683203e-15
3130                     1.2571247969021          -0.095760917383582       -5.4455951777552         -3.7011926887504e-15
3131                     1.2571247969021          -0.095760917383582       -5.4368640316216         -3.7011834091805e-15
3132                     1.2571247969021          -0.095760917383582       -5.4281328854879         -3.7011741296106e-15
3133                     1.2571247969021          -0.095760917383582       -5.4194017393543         -3.7011648500408e-15
3134                     1.2571247969021          -0.095760917383582       -5.4106705932207         -3.7011555704709e-15
3135                     1.2571247969021          -0.095760917383582       -5.4019394470871         -3.701146290901e-15
3136                     1.2571247969021          -0.095760917383583       -5.3932083009534         -3.7011370113311e-15
3137                     1.2571247969021          -0.095760917383583       -5.3844771548198         -3.7011277317612e-15
3138                     1.2571247969021          -0.095760917383582       -5.3757460086862         -3.7011184521914e-15
3139                     1.2571247969021          -0.095760917383582       -5.3670148625525         -3.7011091726215e-15
3140                     1.2571247969021          -0.095760917383582       -5.3582837164189         -3.7010998930516e-15
3141                     1.2571247969021          -0.095760917383582       -5.3495525702853         -3.7010906134817e-15
3142                     1.2571247969021          -0.095760917383583       -5.3408214241517         -3.7010813339119e-15
3143                     1.2571247969021          -0.095760917383583       -5.332090278018          -3.701072054342e-15
3144                     1.2571247969021          -0.095760917383583       -5.3233591318844         -3.7010627747721e-15
3145                     1.2571247969021          -0.095760917383583       -5.3146279857508         -3.7010534952022e-15
3146                     1.2571247969021          -0.095760917383583       -5.3058968396172         -3.7010442156324e-15
3147                     1.2571247969021          -0.095760917383583       -5.2971656934835         -3.7010349360625e-15
3148                     1.2571247969021          -0.095760917383584       -5.2884345473499         -3.7010256564926e-15
3149                     1.2571247969021          -0.095760917383584       -5.2797034012163         -3.7010163769227e-15
3150                     1.2571247969021          -0.095760917383584       -5.2709722550827         -3.7010070973529e-15
3151                     1.2571247969021          -0.095760917383584       -5.262241108949          -3.700997817783e-15
3152                     1.2571247969021          -0.095760917383584       -5.2535099628154         -3.7009885382131e-15
3153                     1.2571247969021          -0.095760917383584       -5.2447788166818         -3.7009792586432e-15
3154                     1.2571247969021          -0.095760917383584       -5.2360476705482         -3.7009699790734e-15
3155                     1.2571247969021          -0.095760917383584       -5.2273165244145         -3.7009606995035e-15
3156                     1.2571247969021          -0.095760917383584       -5.2185853782809         -3.7009514199336e-15
3157                     1.2571247969021          -0.095760917383584       -5.2098542321473         -3.7009421403637e-15
3158                     1.2571247969021          -0.095760917383584       -5.2011230860137         -3.7009328607939e-15
3159                     1.2571247969021          -0.095760917383584       -5.19239193988           -3.700923581224e-15
3160                     1.2571247969021          -0.095760917383584       -5.1836607937464         -3.7009143016541e-15
3161                     1.2571247969021          -0.095760917383584       -5.1749296476128         -3.7009050220843e-15
3162                     1.2571247969021          -0.095760917383583       -5.1661985014792         -3.7008957425144e-15
3163                     1.2571247969021          -0.095760917383583       -5.1574673553455         -3.7008864629445e-15
3164                     1.2571247969021          -0.095760917383583       -5.1487362092119         -3.7008771833746e-15
3165                     1.2571247969021          -0.095760917383583       -5.1400050630783         -3.7008679038048e-15
3166                     1.2571247969021          -0.095760917383583       -5.1312739169446         -3.7008586242349e-15
3167                     1.2571247969021          -0.095760917383583       -5.122542770811          -3.700849344665e-15
3168                     1.2571247969021          -0.095760917383583       -5.1138116246774         -3.7008400650951e-15
3169                     1.2571247969021          -0.095760917383584       -5.1050804785438         -3.7008307855253e-15
3170                     1.2571247969021          -0.095760917383584       -5.0963493324101         -3.7008215059554e-15
3171                     1.2571247969021          -0.095760917383583       -5.0876181862765         -3.7008122263855e-15
3172                     1.2571247969021          -0.095760917383583       -5.0788870401429         -3.7008029468156e-15
3173                     1.2571247969021          -0.095760917383583       -5.0701558940093         -3.7007936672458e-15
3174                     1.2571247969021          -0.095760917383583       -5.0614247478756         -3.7007843876759e-15
3175                     1.2571247969021          -0.095760917383583       -5.052693601742          -3.700775108106e-15
3176                     1.2571247969021          -0.095760917383583       -5.0439624556084         -3.7007658285362e-15
3177                     1.2571247969021          -0.095760917383583       -5.0352313094748         -3.7007565489663e-15
3178                     1.2571247969021          -0.095760917383583       -5.0265001633411         -3.7007472693964e-15
3179                     1.2571247969021          -0.095760917383583       -5.0177690172075         -3.7007379898265e-15
3180                     1.2571247969021          -0.095760917383583       -5.0090378710739         -3.7007287102567e-15
3181                     1.2571247969021          -0.095760917383583       -5.0003067249402         -3.7007194306868e-15
3182                     1.2571247969021          -0.095760917383583       -4.9915755788066         -3.7007101511169e-15
3183                     1.2571247969021          -0.095760917383583       -4.982844432673          -3.700700871547e-15
3184                     1.2571247969021          -0.095760917383583       -4.9741132865394         -3.7006915919772e-15
3185                     1.2571247969021          -0.095760917383583       -4.9653821404057         -3.7006823124073e-15
3186                     1.2571247969021          -0.095760917383584       -4.9566509942721         -3.7006730328374e-15
3187                     1.2571247969021          -0.095760917383584       -4.9479198481385         -3.7006637532676e-15
3188                     1.2571247969021          -0.095760917383584       -4.9391887020049         -3.7006544736977e-15
3189                     1.2571247969021          -0.095760917383583       -4.9304575558712         -3.7006451941278e-15
3190                     1.2571247969021          -0.095760917383583       -4.9217264097376         -3.7006359145579e-15
3191                     1.2571247969021          -0.095760917383583       -4.912995263604          -3.7006266349881e-15
3192                     1.2571247969021          -0.095760917383583       -4.9042641174703         -3.7006173554182e-15
3193                     1.2571247969021          -0.095760917383582       -4.8955329713367         -3.7006080758483e-15
3194                     1.2571247969021          -0.095760917383582       -4.8868018252031         -3.7005987962785e-15
3195                     1.2571247969021          -0.095760917383582       -4.8780706790695         -3.7005895167086e-15
3196                     1.2571247969021          -0.095760917383582       -4.8693395329358         -3.7005802371387e-15
3197                     1.2571247969021          -0.095760917383582       -4.8606083868022         -3.7005709575688e-15
3198                     1.2571247969021          -0.095760917383582       -4.8518772406686         -3.700561677999e-15
3199                     1.2571247969021          -0.095760917383582       -4.843146094535          -3.7005523984291e-15
3200                     1.2571247969021          -0.095760917383582       -4.8344149484013         -3.7005431188592e-15
3201                     1.2571247969021          -0.095760917383582       -4.8256838022677         -3.7005338392893e-15
3202                     1.2571247969021          -0.095760917383582       -4.8169526561341         -3.7005245597195e-15
3203                     1.2571247969021          -0.095760917383581       -4.8082215100005         -3.7005152801496e-15
3204                     1.2571247969021          -0.095760917383581       -4.7994903638668         -3.7005060005797e-15
3205                     1.2571247969021          -0.095760917383581       -4.7907592177332         -3.7004967210098e-15
3206                     1.2571247969021          -0.095760917383581       -4.7820280715996         -3.70048744144e-15
3207                     1.2571247969021          -0.095760917383581       -4.7732969254659         -3.7004781618701e-15
3208                     1.2571247969021          -0.095760917383581       -4.7645657793323         -3.7004688823002e-15
3209                     1.2571247969021          -0.095760917383581       -4.7558346331987         -3.7004596027304e-15
3210                     1.2571247969021          -0.095760917383582       -4.7471034870651         -3.7004503231605e-15
3211                     1.2571247969021          -0.095760917383582       -4.7383723409314         -3.7004410435906e-15
3212                     1.2571247969021          -0.095760917383582       -4.7296411947978         -3.7004317640207e-15
3213                     1.2571247969021          -0.095760917383582       -4.7209100486642         -3.7004224844509e-15
3214                     1.2571247969021          -0.095760917383582       -4.7121789025306         -3.700413204881e-15
3215                     1.2571247969021          -0.095760917383582       -4.7034477563969         -3.7004039253111e-15
3216                     1.2571247969021          -0.095760917383582       -4.6947166102633         -3.7003946457412e-15
3217                     1.2571247969021          -0.095760917383582       -4.6859854641297         -3.7003853661714e-15
3218                     1.2571247969021          -0.095760917383583       -4.6772543179961         -3.7003760866015e-15
3219                     1.2571247969021          -0.095760917383583       -4.6685231718624         -3.7003668070316e-15
3220                     1.2571247969021          -0.095760917383583       -4.6597920257288         -3.7003575274618e-15
3221                     1.2571247969021          -0.095760917383583       -4.6510608795952         -3.7003482478919e-15
3222                     1.2571247969021          -0.095760917383583       -4.6423297334616         -3.700338968322e-15
3223                     1.2571247969021          -0.095760917383583       -4.6335985873279         -3.7003296887521e-15
3224                     1.2571247969021          -0.095760917383583       -4.6248674411943         -3.7003204091823e-15
3225                     1.2571247969021          -0.095760917383583       -4.6161362950607         -3.7003111296124e-15
3226                     1.2571247969021          -0.095760917383583       -4.6074051489271         -3.7003018500425e-15
3227                     1.2571247969021          -0.095760917383583       -4.5986740027934         -3.7002925704726e-15
3228                     1.2571247969021          -0.095760917383583       -4.5899428566598         -3.7002832909028e-15
3229                     1.2571247969021          -0.095760917383583       -4.5812117105262         -3.7002740113329e-15
3230                     1.2571247969021          -0.095760917383583       -4.5724805643926         -3.700264731763e-15
3231                     1.2571247969021          -0.095760917383583       -4.5637494182589         -3.7002554521932e-15
3232                     1.2571247969021          -0.095760917383583       -4.5550182721253         -3.7002461726233e-15
3233                     1.2571247969021          -0.095760917383583       -4.5462871259917         -3.7002368930534e-15
3234                     1.2571247969021          -0.095760917383583       -4.5375559798581         -3.7002276134835e-15
3235                     1.2571247969021          -0.095760917383583       -4.5288248337244         -3.7002183339137e-15
3236                     1.2571247969021          -0.095760917383583       -4.5200936875908         -3.7002090543438e-15
3237                     1.2571247969021          -0.095760917383583       -4.5113625414572         -3.7001997747739e-15
3238                     1.2571247969021          -0.095760917383583       -4.5026313953236         -3.7001904952041e-15
3239                     1.2571247969021          -0.095760917383583       -4.4939002491899         -3.7001812156342e-15
3240                     1.2571247969021          -0.095760917383583       -4.4851691030563         -3.7001719360643e-15
3241                     1.2571247969021          -0.095760917383583       -4.4764379569227         -3.7001626564945e-15
3242                     1.2571247969021          -0.095760917383583       -4.4677068107891         -3.7001533769246e-15
3243                     1.2571247969021          -0.095760917383582       -4.4589756646554         -3.7001440973547e-15
3244                     1.2571247969021          -0.095760917383582       -4.4502445185218         -3.7001348177848e-15
3245                     1.2571247969021          -0.095760917383582       -4.4415133723882         -3.700125538215e-15
3246                     1.2571247969021          -0.095760917383582       -4.4327822262546         -3.7001162586451e-15
3247                     1.2571247969021          -0.095760917383582       -4.424051080121          -3.7001069790752e-15
3248                     1.2571247969021          -0.095760917383581       -4.4153199339873         -3.7000976995054e-15
3249                     1.2571247969021          -0.095760917383581       -4.4065887878537         -3.7000884199355e-15
3250                     1.2571247969021          -0.095760917383581       -4.3978576417201         -3.7000791403656e-15
3251                     1.2571247969021          -0.095760917383581       -4.3891264955865         -3.7000698607958e-15
3252                     1.2571247969021          -0.095760917383581       -4.3803953494528         -3.7000605812259e-15
3253                     1.2571247969021          -0.095760917383581       -4.3716642033192         -3.700051301656e-15
3254                     1.2571247969021          -0.095760917383581       -4.3629330571856         -3.7000420220862e-15
3255                     1.2571247969021          -0.095760917383581       -4.354201911052          -3.7000327425163e-15
3256                     1.2571247969021          -0.095760917383581       -4.3454707649183         -3.7000234629464e-15
3257                     1.2571247969021          -0.095760917383581       -4.3367396187847         -3.7000141833766e-15
3258                     1.2571247969021          -0.095760917383581       -4.3280084726511         -3.7000049038067e-15
3259                     1.2571247969021          -0.095760917383581       -4.3192773265175         -3.6999956242368e-15
3260                     1.2571247969021          -0.095760917383581       -4.3105461803838         -3.699986344667e-15
3261                     1.2571247969021          -0.095760917383582       -4.3018150342502         -3.6999770650971e-15
3262                     1.2571247969021          -0.095760917383582       -4.2930838881166         -3.6999677855272e-15
3263                     1.2571247969021          -0.095760917383582       -4.284352741983          -3.6999585059574e-15
3264                     1.2571247969021          -0.095760917383582       -4.2756215958493         -3.6999492263875e-15
3265                     1.2571247969021          -0.095760917383583       -4.2668904497157         -3.6999399468176e-15
3266                     1.2571247969021          -0.095760917383583       -4.2581593035821         -3.6999306672478e-15
3267                     1.2571247969021          -0.095760917383583       -4.2494281574485         -3.6999213876779e-15
3268                     1.2571247969021          -0.095760917383583       -4.2406970113148         -3.699912108108e-15
3269                     1.2571247969021          -0.095760917383582       -4.2319658651812         -3.6999028285382e-15
3270                     1.2571247969021          -0.095760917383582       -4.2232347190476         -3.6998935489683e-15
3271                     1.2571247969021          -0.095760917383582       -4.214503572914          -3.6998842693984e-15
3272                     1.2571247969021          -0.095760917383582       -4.2057724267804         -3.6998749898286e-15
3273                     1.2571247969021          -0.095760917383582       -4.1970412806467         -3.6998657102587e-15
3274                     1.2571247969021          -0.095760917383582       -4.1883101345131         -3.6998564306888e-15
3275                     1.2571247969021          -0.095760917383582       -4.1795789883795         -3.699847151119e-15
3276                     1.2571247969021          -0.095760917383582       -4.1708478422459         -3.6998378715491e-15
3277                     1.2571247969021          -0.095760917383582       -4.1621166961122         -3.6998285919792e-15
3278                     1.2571247969021          -0.095760917383582       -4.1533855499786         -3.6998193124094e-15
3279                     1.2571247969021          -0.095760917383583       -4.144654403845          -3.6998100328395e-15
3280                     1.2571247969021          -0.095760917383583       -4.1359232577114         -3.6998007532696e-15
3281                     1.2571247969021          -0.095760917383583       -4.1271921115777         -3.6997914736998e-15
3282                     1.2571247969021          -0.095760917383583       -4.1184609654441         -3.6997821941299e-15
3283                     1.2571247969021          -0.095760917383582       -4.1097298193105         -3.6997729145601e-15
3284                     1.2571247969021          -0.095760917383582       -4.1009986731769         -3.6997636349902e-15
3285                     1.2571247969021          -0.095760917383582       -4.0922675270432         -3.6997543554203e-15
3286                     1.2571247969021          -0.095760917383582       -4.0835363809096         -3.6997450758505e-15
3287                     1.2571247969021          -0.095760917383582       -4.074805234776          -3.6997357962806e-15
3288                     1.2571247969021          -0.095760917383582       -4.0660740886424         -3.6997265167107e-15
3289                     1.2571247969021          -0.095760917383582       -4.0573429425088         -3.6997172371409e-15
3290                     1.2571247969021          -0.095760917383582       -4.0486117963751         -3.699707957571e-15
3291                     1.2571247969021          -0.095760917383582       -4.0398806502415         -3.6996986780011e-15
3292                     1.2571247969021          -0.095760917383582       -4.0311495041079         -3.6996893984313e-15
3293                     1.2571247969021          -0.095760917383582       -4.0224183579743         -3.6996801188614e-15
3294                     1.2571247969021          -0.095760917383583       -4.0136872118406         -3.6996708392916e-15
3295                     1.2571247969021          -0.095760917383583       -4.004956065707          -3.6996615597217e-15
3296                     1.2571247969021          -0.095760917383583       -3.9962249195734         -3.6996522801518e-15
3297                     1.2571247969021          -0.095760917383583       -3.9874937734398         -3.699643000582e-15
3298                     1.2571247969021          -0.095760917383583       -3.9787626273061         -3.6996337210121e-15
3299                     1.2571247969021          -0.095760917383584       -3.9700314811725         -3.6996244414422e-15
3300                     1.2571247969021          -0.095760917383584       -3.9613003350389         -3.6996151618724e-15
3301                     1.2571247969021          -0.095760917383584       -3.9525691889053         -3.6996058823025e-15
3302                     1.2571247969021          -0.095760917383584       -3.9438380427716         -3.6995966027326e-15
3303                     1.2571247969021          -0.095760917383584       -3.935106896638          -3.6995873231628e-15
3304                     1.2571247969021          -0.095760917383584       -3.9263757505044         -3.6995780435929e-15
3305                     1.2571247969021          -0.095760917383584       -3.9176446043708         -3.6995687640231e-15
3306                     1.2571247969021          -0.095760917383584       -3.9089134582372         -3.6995594844532e-15
3307                     1.2571247969021          -0.095760917383584       -3.9001823121035         -3.6995502048833e-15
3308                     1.2571247969021          -0.095760917383584       -3.8914511659699         -3.6995409253135e-15
3309                     1.2571247969021          -0.095760917383584       -3.8827200198363         -3.6995316457436e-15
3310                     1.2571247969021          -0.095760917383584       -3.8739888737027         -3.6995223661737e-15
3311                     1.2571247969021          -0.095760917383584       -3.865257727569          -3.6995130866039e-15
3312                     1.2571247969021          -0.095760917383584       -3.8565265814354         -3.699503807034e-15
3313                     1.2571247969021          -0.095760917383583       -3.8477954353018         -3.6994945274642e-15
3314                     1.2571247969021          -0.095760917383583       -3.8390642891682         -3.6994852478943e-15
3315                     1.2571247969021          -0.095760917383583       -3.8303331430345         -3.6994759683244e-15
3316                     1.2571247969021          -0.095760917383583       -3.8216019969009         -3.6994666887546e-15
3317                     1.2571247969021          -0.095760917383583       -3.8128708507673         -3.6994574091847e-15
3318                     1.2571247969021          -0.095760917383583       -3.8041397046337         -3.6994481296148e-15
3319                     1.2571247969021          -0.095760917383583       -3.7954085585001         -3.699438850045e-15
3320                     1.2571247969021          -0.095760917383583       -3.7866774123664         -3.6994295704751e-15
3321                     1.2571247969021          -0.095760917383583       -3.7779462662328         -3.6994202909053e-15
3322                     1.2571247969021          -0.095760917383583       -3.7692151200992         -3.6994110113354e-15
3323                     1.2571247969021          -0.095760917383583       -3.7604839739656         -3.6994017317655e-15
3324                     1.2571247969021          -0.095760917383583       -3.7517528278319         -3.6993924521957e-15
3325                     1.2571247969021          -0.095760917383583       -3.7430216816983         -3.6993831726258e-15
3326                     1.2571247969021          -0.095760917383584       -3.7342905355647         -3.699373893056e-15
3327                     1.2571247969021          -0.095760917383584       -3.7255593894311         -3.6993646134861e-15
3328                     1.2571247969021          -0.095760917383584       -3.7168282432975         -3.6993553339162e-15
3329                     1.2571247969021          -0.095760917383584       -3.7080970971638         -3.6993460543464e-15
3330                     1.2571247969021          -0.095760917383584       -3.6993659510302         -3.6993367747765e-15
3331                     1.2571247969021          -0.095760917383584       -3.6906348048966         -3.6993274952067e-15
3332                     1.2571247969021          -0.095760917383584       -3.681903658763          -3.6993182156368e-15
3333                     1.2571247969021          -0.095760917383584       -3.6731725126293         -3.6993089360669e-15
3334                     1.2571247969021          -0.095760917383584       -3.6644413664957         -3.6992996564971e-15
3335                     1.2571247969021          -0.095760917383584       -3.6557102203621         -3.6992903769272e-15
3336                     1.2571247969021          -0.095760917383584       -3.6469790742285         -3.6992810973574e-15
3337                     1.2571247969021          -0.095760917383584       -3.6382479280949         -3.6992718177875e-15
3338                     1.2571247969021          -0.095760917383584       -3.6295167819612         -3.6992625382176e-15
3339                     1.2571247969021          -0.095760917383584       -3.6207856358276         -3.6992532586478e-15
3340                     1.2571247969021          -0.095760917383584       -3.612054489694          -3.6992439790779e-15
3341                     1.2571247969021          -0.095760917383584       -3.6033233435604         -3.6992346995081e-15
3342                     1.2571247969021          -0.095760917383584       -3.5945921974267         -3.6992254199382e-15
3343                     1.2571247969021          -0.095760917383584       -3.5858610512931         -3.6992161403683e-15
3344                     1.2571247969021          -0.095760917383584       -3.5771299051595         -3.6992068607985e-15
3345                     1.2571247969021          -0.095760917383584       -3.5683987590259         -3.6991975812286e-15
3346                     1.2571247969021          -0.095760917383584       -3.5596676128923         -3.6991883016588e-15
3347                     1.2571247969021          -0.095760917383584       -3.5509364667586         -3.6991790220889e-15
3348                     1.2571247969021          -0.095760917383584       -3.542205320625          -3.699169742519e-15
3349                     1.2571247969021          -0.095760917383583       -3.5334741744914         -3.6991604629492e-15
3350                     1.2571247969021          -0.095760917383583       -3.5247430283578         -3.6991511833793e-15
3351                     1.2571247969021          -0.095760917383583       -3.5160118822242         -3.6991419038095e-15
3352                     1.2571247969021          -0.095760917383584       -3.5072807360905         -3.6991326242396e-15
3353                     1.2571247969021          -0.095760917383584       -3.4985495899569         -3.6991233446698e-15
3354                     1.2571247969021          -0.095760917383583       -3.4898184438233         -3.6991140650999e-15
3355                     1.2571247969021          -0.095760917383583       -3.4810872976897         -3.69910478553e-15
3356                     1.2571247969021          -0.095760917383583       -3.472356151556          -3.6990955059602e-15
3357                     1.2571247969021          -0.095760917383583       -3.4636250054224         -3.6990862263903e-15
3358                     1.2571247969021          -0.095760917383583       -3.4548938592888         -3.6990769468205e-15
3359                     1.2571247969021          -0.095760917383583       -3.4461627131552         -3.6990676672506e-15
3360                     1.2571247969021          -0.095760917383583       -3.4374315670216         -3.6990583876808e-15
3361                     1.2571247969021          -0.095760917383583       -3.4287004208879         -3.6990491081109e-15
3362                     1.2571247969021          -0.095760917383583       -3.4199692747543         -3.699039828541e-15
3363                     1.2571247969021          -0.095760917383583       -3.4112381286207         -3.6990305489712e-15
3364                     1.2571247969021          -0.095760917383583       -3.4025069824871         -3.6990212694013e-15
3365                     1.2571247969021          -0.095760917383583       -3.3937758363534         -3.6990119898315e-15
3366                     1.2571247969021          -0.095760917383583       -3.3850446902198         -3.6990027102616e-15
3367                     1.2571247969021          -0.095760917383583       -3.3763135440862         -3.6989934306918e-15
3368                     1.2571247969021          -0.095760917383583       -3.3675823979526         -3.6989841511219e-15
3369                     1.2571247969021          -0.095760917383583       -3.3588512518189         -3.698974871552e-15
3370                     1.2571247969021          -0.095760917383583       -3.3501201056853         -3.6989655919822e-15
3371                     1.2571247969021          -0.095760917383583       -3.3413889595517         -3.6989563124123e-15
3372                     1.2571247969021          -0.095760917383583       -3.3326578134181         -3.6989470328425e-15
3373                     1.2571247969021          -0.095760917383583       -3.3239266672845         -3.6989377532726e-15
3374                     1.2571247969021          -0.095760917383582       -3.3151955211508         -3.6989284737028e-15
3375                     1.2571247969021          -0.095760917383582       -3.3064643750172         -3.6989191941329e-15
3376                     1.2571247969021          -0.095760917383582       -3.2977332288836         -3.698909914563e-15
3377                     1.2571247969021          -0.095760917383582       -3.28900208275           -3.6989006349932e-15
3378                     1.2571247969021          -0.095760917383581       -3.2802709366164         -3.6988913554233e-15
3379                     1.2571247969021          -0.095760917383581       -3.2715397904827         -3.6988820758535e-15
3380                     1.2571247969021          -0.095760917383581       -3.2628086443491         -3.6988727962836e-15
3381                     1.2571247969021          -0.095760917383581       -3.2540774982155         -3.6988635167138e-15
3382                     1.2571247969021          -0.095760917383581       -3.2453463520819         -3.6988542371439e-15
3383                     1.2571247969021          -0.095760917383581       -3.2366152059483         -3.6988449575741e-15
3384                     1.2571247969021          -0.095760917383581       -3.2278840598146         -3.6988356780042e-15
3385                     1.2571247969021          -0.095760917383581       -3.219152913681          -3.6988263984344e-15
3386                     1.2571247969021          -0.095760917383581       -3.2104217675474         -3.6988171188645e-15
3387                     1.2571247969021          -0.095760917383582       -3.2016906214138         -3.6988078392946e-15
3388                     1.2571247969021          -0.095760917383582       -3.1929594752802         -3.6987985597248e-15
3389                     1.2571247969021          -0.095760917383582       -3.1842283291465         -3.6987892801549e-15
3390                     1.2571247969021          -0.095760917383582       -3.1754971830129         -3.6987800005851e-15
3391                     1.2571247969021          -0.095760917383582       -3.1667660368793         -3.6987707210152e-15
3392                     1.2571247969021          -0.095760917383583       -3.1580348907457         -3.6987614414454e-15
3393                     1.2571247969021          -0.095760917383583       -3.149303744612          -3.6987521618755e-15
3394                     1.2571247969021          -0.095760917383583       -3.1405725984784         -3.6987428823057e-15
3395                     1.2571247969021          -0.095760917383583       -3.1318414523448         -3.6987336027358e-15
3396                     1.2571247969021          -0.095760917383583       -3.1231103062112         -3.698724323166e-15
3397                     1.2571247969021          -0.095760917383583       -3.1143791600776         -3.6987150435961e-15
3398                     1.2571247969021          -0.095760917383583       -3.1056480139439         -3.6987057640263e-15
3399                     1.2571247969021          -0.095760917383583       -3.0969168678103         -3.6986964844564e-15
3400                     1.2571247969021          -0.095760917383583       -3.0881857216767         -3.6986872048866e-15
3401                     1.2571247969021          -0.095760917383583       -3.0794545755431         -3.6986779253167e-15
3402                     1.2571247969021          -0.095760917383583       -3.0707234294095         -3.6986686457468e-15
3403                     1.2571247969021          -0.095760917383583       -3.0619922832758         -3.698659366177e-15
3404                     1.2571247969021          -0.095760917383583       -3.0532611371422         -3.6986500866071e-15
3405                     1.2571247969021          -0.095760917383583       -3.0445299910086         -3.6986408070373e-15
3406                     1.2571247969021          -0.095760917383583       -3.035798844875          -3.6986315274674e-15
3407                     1.2571247969021          -0.095760917383583       -3.0270676987414         -3.6986222478976e-15
3408                     1.2571247969021          -0.095760917383583       -3.0183365526077         -3.6986129683277e-15
3409                     1.2571247969021          -0.095760917383583       -3.0096054064741         -3.6986036887579e-15
3410                     1.2571247969021          -0.095760917383583       -3.0008742603405         -3.698594409188e-15
3411                     1.2571247969021          -0.095760917383583       -2.9921431142069         -3.6985851296182e-15
3412                     1.2571247969021          -0.095760917383583       -2.9834119680732         -3.6985758500483e-15
3413                     1.2571247969021          -0.095760917383583       -2.9746808219396         -3.6985665704785e-15
3414                     1.2571247969021          -0.095760917383583       -2.965949675806          -3.6985572909086e-15
3415                     1.2571247969021          -0.095760917383583       -2.9572185296724         -3.6985480113388e-15
3416                     1.2571247969021          -0.095760917383583       -2.9484873835388         -3.6985387317689e-15
3417                     1.2571247969021          -0.095760917383583       -2.9397562374051         -3.6985294521991e-15
3418                     1.2571247969021          -0.095760917383583       -2.9310250912715         -3.6985201726292e-15
3419                     1.2571247969021          -0.095760917383582       -2.9222939451379         -3.6985108930594e-15
3420                     1.2571247969021          -0.095760917383582       -2.9135627990043         -3.6985016134895e-15
3421                     1.2571247969021          -0.095760917383582       -2.9048316528707         -3.6984923339197e-15
3422                     1.2571247969021          -0.095760917383581       -2.896100506737          -3.6984830543498e-15
3423                     1.2571247969021          -0.095760917383581       -2.8873693606034         -3.69847377478e-15
3424                     1.2571247969021          -0.095760917383581       -2.8786382144698         -3.6984644952101e-15
3425                     1.2571247969021          -0.095760917383581       -2.8699070683362         -3.6984552156402e-15
3426                     1.2571247969021          -0.095760917383581       -2.8611759222025         -3.6984459360704e-15
3427                     1.2571247969021          -0.095760917383581       -2.8524447760689         -3.6984366565005e-15
3428                     1.2571247969021          -0.09576091738358        -2.8437136299353         -3.6984273769307e-15
3429                     1.2571247969021          -0.09576091738358        -2.8349824838017         -3.6984180973608e-15
3430                     1.2571247969021          -0.09576091738358        -2.826251337668          -3.698408817791e-15
3431                     1.2571247969021          -0.09576091738358        -2.8175201915344         -3.6983995382211e-15
3432                     1.2571247969021          -0.09576091738358        -2.8087890454008         -3.6983902586513e-15
3433                     1.2571247969021          -0.09576091738358        -2.8000578992672         -3.6983809790814e-15
3434                     1.2571247969021          -0.09576091738358        -2.7913267531336         -3.6983716995116e-15
3435                     1.2571247969021          -0.09576091738358        -2.7825956069999         -3.6983624199418e-15
3436                     1.2571247969021          -0.09576091738358        -2.7738644608663         -3.6983531403719e-15
3437                     1.2571247969021          -0.09576091738358        -2.7651333147327         -3.6983438608021e-15
3438                     1.2571247969021          -0.09576091738358        -2.7564021685991         -3.6983345812322e-15
3439                     1.2571247969021          -0.09576091738358        -2.7476710224654         -3.6983253016624e-15
3440                     1.2571247969021          -0.095760917383581       -2.7389398763318         -3.6983160220925e-15
3441                     1.2571247969021          -0.095760917383581       -2.7302087301982         -3.6983067425227e-15
3442                     1.2571247969021          -0.095760917383581       -2.7214775840646         -3.6982974629528e-15
3443                     1.2571247969021          -0.095760917383581       -2.7127464379309         -3.698288183383e-15
3444                     1.2571247969021          -0.095760917383581       -2.7040152917973         -3.6982789038131e-15
3445                     1.2571247969021          -0.095760917383581       -2.6952841456637         -3.6982696242433e-15
3446                     1.2571247969021          -0.095760917383581       -2.6865529995301         -3.6982603446734e-15
3447                     1.2571247969021          -0.095760917383582       -2.6778218533964         -3.6982510651036e-15
3448                     1.2571247969021          -0.095760917383582       -2.6690907072628         -3.6982417855337e-15
3449                     1.2571247969021          -0.095760917383582       -2.6603595611292         -3.6982325059639e-15
3450                     1.2571247969021          -0.095760917383582       -2.6516284149956         -3.698223226394e-15
3451                     1.2571247969021          -0.095760917383582       -2.642897268862          -3.6982139468242e-15
3452                     1.2571247969021          -0.095760917383583       -2.6341661227283         -3.6982046672543e-15
3453                     1.2571247969021          -0.095760917383583       -2.6254349765947         -3.6981953876845e-15
3454                     1.2571247969021          -0.095760917383583       -2.6167038304611         -3.6981861081146e-15
3455                     1.2571247969021          -0.095760917383583       -2.6079726843275         -3.6981768285448e-15
3456                     1.2571247969021          -0.095760917383583       -2.5992415381938         -3.6981675489749e-15
3457                     1.2571247969021          -0.095760917383583       -2.5905103920602         -3.6981582694051e-15
3458                     1.2571247969021          -0.095760917383583       -2.5817792459266         -3.6981489898352e-15
3459                     1.2571247969021          -0.095760917383583       -2.573048099793          -3.6981397102654e-15
3460                     1.2571247969021          -0.095760917383583       -2.5643169536593         -3.6981304306955e-15
3461                     1.2571247969021          -0.095760917383583       -2.5555858075257         -3.6981211511257e-15
3462                     1.2571247969021          -0.095760917383583       -2.5468546613921         -3.6981118715559e-15
3463                     1.2571247969021          -0.095760917383583       -2.5381235152585         -3.698102591986e-15
3464                     1.2571247969021          -0.095760917383583       -2.5293923691249         -3.6980933124162e-15
3465                     1.2571247969021          -0.095760917383583       -2.5206612229912         -3.6980840328463e-15
3466                     1.2571247969021          -0.095760917383583       -2.5119300768576         -3.6980747532765e-15
3467                     1.2571247969021          -0.095760917383583       -2.503198930724          -3.6980654737066e-15
3468                     1.2571247969021          -0.095760917383583       -2.4944677845904         -3.6980561941368e-15
3469                     1.2571247969021          -0.095760917383583       -2.4857366384567         -3.6980469145669e-15
3470                     1.2571247969021          -0.095760917383583       -2.4770054923231         -3.6980376349971e-15
3471                     1.2571247969021          -0.095760917383583       -2.4682743461895         -3.6980283554272e-15
3472                     1.2571247969021          -0.095760917383583       -2.4595432000559         -3.6980190758574e-15
3473                     1.2571247969021          -0.095760917383583       -2.4508120539222         -3.6980097962875e-15
3474                     1.2571247969021          -0.095760917383583       -2.4420809077886         -3.6980005167177e-15
3475                     1.2571247969021          -0.095760917383583       -2.433349761655          -3.6979912371478e-15
3476                     1.2571247969021          -0.095760917383583       -2.4246186155214         -3.697981957578e-15
3477                     1.2571247969021          -0.095760917383583       -2.4158874693878         -3.6979726780082e-15
3478                     1.2571247969021          -0.095760917383583       -2.4071563232541         -3.6979633984383e-15
3479                     1.2571247969021          -0.095760917383583       -2.3984251771205         -3.6979541188685e-15
3480                     1.2571247969021          -0.095760917383583       -2.3896940309869         -3.6979448392986e-15
3481                     1.2571247969021          -0.095760917383583       -2.3809628848533         -3.6979355597288e-15
3482                     1.2571247969021          -0.095760917383583       -2.3722317387196         -3.6979262801589e-15
3483                     1.2571247969021          -0.095760917383583       -2.363500592586          -3.6979170005891e-15
3484                     1.2571247969021          -0.095760917383583       -2.3547694464524         -3.6979077210192e-15
3485                     1.2571247969021          -0.095760917383583       -2.3460383003188         -3.6978984414494e-15
3486                     1.2571247969021          -0.095760917383583       -2.3373071541852         -3.6978891618795e-15
3487                     1.2571247969021          -0.095760917383583       -2.3285760080515         -3.6978798823097e-15
3488                     1.2571247969021          -0.095760917383583       -2.3198448619179         -3.6978706027399e-15
3489                     1.2571247969021          -0.095760917383583       -2.3111137157843         -3.69786132317e-15
3490                     1.2571247969021          -0.095760917383583       -2.3023825696507         -3.6978520436002e-15
3491                     1.2571247969021          -0.095760917383582       -2.293651423517          -3.6978427640303e-15
3492                     1.2571247969021          -0.095760917383582       -2.2849202773834         -3.6978334844605e-15
3493                     1.2571247969021          -0.095760917383582       -2.2761891312498         -3.6978242048906e-15
3494                     1.2571247969021          -0.095760917383582       -2.2674579851162         -3.6978149253208e-15
3495                     1.2571247969021          -0.095760917383582       -2.2587268389825         -3.6978056457509e-15
3496                     1.2571247969021          -0.095760917383582       -2.2499956928489         -3.6977963661811e-15
3497                     1.2571247969021          -0.095760917383582       -2.2412645467153         -3.6977870866113e-15
3498                     1.2571247969021          -0.095760917383582       -2.2325334005817         -3.6977778070414e-15
3499                     1.2571247969021          -0.095760917383582       -2.2238022544481         -3.6977685274716e-15
3500                     1.2571247969021          -0.095760917383582       -2.2150711083144         -3.6977592479017e-15
3501                     1.2571247969021          -0.095760917383582       -2.2063399621808         -3.6977499683319e-15
3502                     1.2571247969021          -0.095760917383582       -2.1976088160472         -3.697740688762e-15
3503                     1.2571247969021          -0.095760917383582       -2.1888776699136         -3.6977314091922e-15
3504                     1.2571247969021          -0.095760917383582       -2.1801465237799         -3.6977221296224e-15
3505                     1.2571247969021          -0.095760917383582       -2.1714153776463         -3.6977128500525e-15
3506                     1.2571247969021          -0.095760917383582       -2.1626842315127         -3.6977035704827e-15
3507                     1.2571247969021          -0.095760917383582       -2.1539530853791         -3.6976942909128e-15
3508                     1.2571247969021          -0.095760917383581       -2.1452219392454         -3.697685011343e-15
3509                     1.2571247969021          -0.095760917383582       -2.1364907931118         -3.6976757317731e-15
3510                     1.2571247969021          -0.095760917383581       -2.1277596469782         -3.6976664522033e-15
3511                     1.2571247969021          -0.095760917383581       -2.1190285008446         -3.6976571726335e-15
3512                     1.2571247969021          -0.095760917383581       -2.110297354711          -3.6976478930636e-15
3513                     1.2571247969021          -0.095760917383581       -2.1015662085773         -3.6976386134938e-15
3514                     1.2571247969021          -0.095760917383581       -2.0928350624437         -3.6976293339239e-15
3515                     1.2571247969021          -0.095760917383581       -2.0841039163101         -3.6976200543541e-15
3516                     1.2571247969021          -0.095760917383581       -2.0753727701765         -3.6976107747842e-15
3517                     1.2571247969021          -0.095760917383581       -2.0666416240428         -3.6976014952144e-15
3518                     1.2571247969021          -0.095760917383582       -2.0579104779092         -3.6975922156446e-15
3519                     1.2571247969021          -0.095760917383582       -2.0491793317756         -3.6975829360747e-15
3520                     1.2571247969021          -0.095760917383582       -2.040448185642          -3.6975736565049e-15
3521                     1.2571247969021          -0.095760917383582       -2.0317170395083         -3.697564376935e-15
3522                     1.2571247969021          -0.095760917383582       -2.0229858933747         -3.6975550973652e-15
3523                     1.2571247969021          -0.095760917383582       -2.0142547472411         -3.6975458177954e-15
3524                     1.2571247969021          -0.095760917383582       -2.0055236011075         -3.6975365382255e-15
3525                     1.2571247969021          -0.095760917383582       -1.9967924549739         -3.6975272586557e-15
3526                     1.2571247969021          -0.095760917383582       -1.9880613088402         -3.6975179790858e-15
3527                     1.2571247969021          -0.095760917383582       -1.9793301627066         -3.697508699516e-15
3528                     1.2571247969021          -0.095760917383582       -1.970599016573          -3.6974994199461e-15
3529                     1.2571247969021          -0.095760917383582       -1.9618678704394         -3.6974901403763e-15
3530                     1.2571247969021          -0.095760917383582       -1.9531367243057         -3.6974808608065e-15
3531                     1.2571247969021          -0.095760917383582       -1.9444055781721         -3.6974715812366e-15
3532                     1.2571247969021          -0.095760917383582       -1.9356744320385         -3.6974623016668e-15
3533                     1.2571247969021          -0.095760917383582       -1.9269432859049         -3.6974530220969e-15
3534                     1.2571247969021          -0.095760917383582       -1.9182121397712         -3.6974437425271e-15
3535                     1.2571247969021          -0.095760917383581       -1.9094809936376         -3.6974344629573e-15
3536                     1.2571247969021          -0.095760917383581       -1.900749847504          -3.6974251833874e-15
3537                     1.2571247969021          -0.095760917383581       -1.8920187013704         -3.6974159038176e-15
3538                     1.2571247969021          -0.095760917383581       -1.8832875552368         -3.6974066242477e-15
3539                     1.2571247969021          -0.095760917383582       -1.8745564091031         -3.6973973446779e-15
3540                     1.2571247969021          -0.095760917383582       -1.8658252629695         -3.697388065108e-15
3541                     1.2571247969021          -0.095760917383582       -1.8570941168359         -3.6973787855382e-15
3542                     1.2571247969021          -0.095760917383583       -1.8483629707023         -3.6973695059684e-15
3543                     1.2571247969021          -0.095760917383583       -1.8396318245686         -3.6973602263985e-15
3544                     1.2571247969021          -0.095760917383583       -1.830900678435          -3.6973509468287e-15
3545                     1.2571247969021          -0.095760917383584       -1.8221695323014         -3.6973416672588e-15
3546                     1.2571247969021          -0.095760917383584       -1.8134383861678         -3.697332387689e-15
3547                     1.2571247969021          -0.095760917383584       -1.8047072400341         -3.6973231081192e-15
3548                     1.2571247969021          -0.095760917383585       -1.7959760939005         -3.6973138285493e-15
3549                     1.2571247969021          -0.095760917383586       -1.7872449477669         -3.6973045489795e-15
3550                     1.2571247969021          -0.095760917383586       -1.7785138016333         -3.6972952694096e-15
3551                     1.2571247969021          -0.095760917383587       -1.7697826554997         -3.6972859898398e-15
3552                     1.2571247969021          -0.095760917383588       -1.761051509366          -3.6972767102699e-15
3553                     1.2571247969021          -0.095760917383589       -1.7523203632324         -3.6972674307001e-15
3554                     1.2571247969021          -0.09576091738359        -1.7435892170988         -3.6972581511303e-15
3555                     1.2571247969021          -0.095760917383591       -1.7348580709652         -3.6972488715604e-15
3556                     1.2571247969021          -0.095760917383593       -1.7261269248315         -3.6972395919906e-15
3557                     1.2571247969021          -0.095760917383594       -1.7173957786979         -3.6972303124207e-15
3558                     1.2571247969021          -0.095760917383596       -1.7086646325643         -3.6972210328509e-15
3559                     1.2571247969021          -0.095760917383599       -1.6999334864307         -3.697211753281e-15
3560                     1.2571247969021          -0.095760917383602       -1.6912023402971         -3.6972024737112e-15
3561                     1.2571247969021          -0.095760917383605       -1.6824711941634         -3.6971931941414e-15
3562                     1.2571247969021          -0.095760917383609       -1.6737400480298         -3.6971839145715e-15
3563                     1.2571247969021          -0.095760917383614       -1.6650089018962         -3.6971746350017e-15
3564                     1.2571247969021          -0.09576091738362        -1.6562777557626         -3.6971653554318e-15
3565                     1.2571247969021          -0.095760917383626       -1.6475466096289         -3.697156075862e-15
3566                     1.2571247969021          -0.095760917383634       -1.6388154634953         -3.6971467962922e-15
3567                     1.2571247969021          -0.095760917383644       -1.6300843173617         -3.6971375167223e-15
3568                     1.2571247969021          -0.095760917383655       -1.6213531712281         -3.6971282371525e-15
3569                     1.257124796902           -0.095760917383667       -1.6126220250944         -3.6971189575826e-15
3570                     1.257124796902           -0.095760917383682       -1.6038908789608         -3.6971096780128e-15
3571                     1.257124796902           -0.0957609173837         -1.5951597328272         -3.6971003984429e-15
3572                     1.257124796902           -0.095760917383721       -1.5864285866936         -3.6970911188731e-15
3573                     1.257124796902           -0.095760917383745       -1.57769744056           -3.6970818393032e-15
3574                     1.2571247969019          -0.095760917383774       -1.5689662944263         -3.6970725597334e-15
3575                     1.2571247969019          -0.095760917383808       -1.5602351482927         -3.6970632801636e-15
3576                     1.2571247969019          -0.095760917383847       -1.5515040021591         -3.6970540005937e-15
3577                     1.2571247969018          -0.095760917383894       -1.5427728560255         -3.6970447210239e-15
3578                     1.2571247969018          -0.095760917383949       -1.5340417098918         -3.697035441454e-15
3579                     1.2571247969017          -0.095760917384013       -1.5253105637582         -3.6970261618842e-15
3580                     1.2571247969016          -0.095760917384089       -1.5165794176246         -3.6970168823143e-15
3581                     1.2571247969015          -0.095760917384178       -1.507848271491          -3.6970076027445e-15
3582                     1.2571247969014          -0.095760917384283       -1.4991171253574         -3.6969983231747e-15
3583                     1.2571247969013          -0.095760917384406       -1.4903859792237         -3.6969890436048e-15
3584                     1.2571247969012          -0.095760917384551       -1.4816548330901         -3.696979764035e-15
3585                     1.257124796901           -0.095760917384722       -1.4729236869565         -3.6969704844651e-15
3586                     1.2571247969008          -0.095760917384923       -1.4641925408229         -3.6969612048953e-15
3587                     1.2571247969006          -0.095760917385159       -1.4554613946892         -3.6969519253254e-15
3588                     1.2571247969003          -0.095760917385436       -1.4467302485556         -3.6969426457556e-15
3589                     1.2571247969             -0.095760917385763       -1.437999102422          -3.6969333661858e-15
3590                     1.2571247968996          -0.095760917386148       -1.4292679562884         -3.6969240866159e-15
3591                     1.2571247968991          -0.0957609173866         -1.4205368101548         -3.6969148070461e-15
3592                     1.2571247968986          -0.095760917387132       -1.4118056640211         -3.6969055274762e-15
3593                     1.257124796898           -0.095760917387757       -1.4030745178875         -3.6968962479064e-15
3594                     1.2571247968972          -0.095760917388493       -1.3943433717539         -3.6968869683365e-15
3595                     1.2571247968964          -0.095760917389359       -1.3856122256203         -3.6968776887667e-15
3596                     1.2571247968953          -0.095760917390378       -1.3768810794866         -3.6968684091968e-15
3597                     1.2571247968941          -0.095760917391575       -1.368149933353          -3.696859129627e-15
3598                     1.2571247968927          -0.095760917392984       -1.3594187872194         -3.6968498500571e-15
3599                     1.2571247968911          -0.095760917394642       -1.3506876410858         -3.6968405704873e-15
3600                     1.2571247968891          -0.095760917396591       -1.3419564949522         -3.6968312909174e-15
3601                     1.2571247968868          -0.095760917398884       -1.3332253488185         -3.6968220113476e-15
3602                     1.2571247968841          -0.095760917401582       -1.3244942026849         -3.6968127317777e-15
3603                     1.257124796881           -0.095760917404755       -1.3157630565513         -3.6968034522079e-15
3604                     1.2571247968772          -0.095760917408487       -1.3070319104177         -3.696794172638e-15
3605                     1.2571247968728          -0.095760917412877       -1.298300764284          -3.6967848930682e-15
3606                     1.2571247968677          -0.095760917418041       -1.2895696181504         -3.6967756134983e-15
3607                     1.2571247968616          -0.095760917424115       -1.2808384720168         -3.6967663339285e-15
3608                     1.2571247968545          -0.09576091743126        -1.2721073258832         -3.6967570543586e-15
3609                     1.2571247968461          -0.095760917439664       -1.2633761797496         -3.6967477747887e-15
3610                     1.2571247968362          -0.095760917449549       -1.2546450336159         -3.6967384952189e-15
3611                     1.2571247968245          -0.095760917461177       -1.2459138874823         -3.696729215649e-15
3612                     1.2571247968109          -0.095760917474855       -1.2371827413487         -3.6967199360791e-15
3613                     1.2571247967948          -0.095760917490944       -1.2284515952151         -3.6967106565092e-15
3614                     1.2571247967758          -0.095760917509869       -1.2197204490815         -3.6967013769393e-15
3615                     1.2571247967536          -0.095760917532129       -1.2109893029478         -3.6966920973695e-15
3616                     1.2571247967274          -0.095760917558314       -1.2022581568142         -3.6966828177995e-15
3617                     1.2571247966966          -0.095760917589114       -1.1935270106806         -3.6966735382296e-15
3618                     1.2571247966604          -0.095760917625344       -1.184795864547          -3.6966642586597e-15
3619                     1.2571247966178          -0.09576091766796        -1.1760647184133         -3.6966549790898e-15
3620                     1.2571247965676          -0.095760917718088       -1.1673335722797         -3.6966456995198e-15
3621                     1.2571247965087          -0.095760917777052       -1.1586024261461         -3.6966364199498e-15
3622                     1.2571247964393          -0.095760917846409       -1.1498712800125         -3.6966271403798e-15
3623                     1.2571247963577          -0.095760917927993       -1.1411401338789         -3.6966178608098e-15
3624                     1.2571247962618          -0.095760918023958       -1.1324089877452         -3.6966085812398e-15
3625                     1.2571247961489          -0.095760918136839       -1.1236778416116         -3.6965993016697e-15
3626                     1.2571247960161          -0.095760918269618       -1.114946695478          -3.6965900220995e-15
3627                     1.2571247958599          -0.095760918425802       -1.1062155493444         -3.6965807425293e-15
3628                     1.2571247956762          -0.095760918609517       -1.0974844032107         -3.6965714629591e-15
3629                     1.2571247954601          -0.095760918825617       -1.0887532570771         -3.6965621833888e-15
3630                     1.2571247952059          -0.095760919079809       -1.0800221109435         -3.6965529038184e-15
3631                     1.2571247949069          -0.095760919378808       -1.0712909648099         -3.6965436242479e-15
3632                     1.2571247945552          -0.095760919730513       -1.0625598186763         -3.6965343446772e-15
3633                     1.2571247941415          -0.095760920144214       -1.0538286725426         -3.6965250651065e-15
3634                     1.2571247936549          -0.095760920630839       -1.045097526409          -3.6965157855356e-15
3635                     1.2571247930825          -0.095760921203243       -1.0363663802754         -3.6965065059645e-15
3636                     1.2571247924092          -0.095760921876547       -1.0276352341418         -3.6964972263931e-15
3637                     1.2571247916172          -0.095760922668536       -1.0189040880082         -3.6964879468216e-15
3638                     1.2571247906856          -0.095760923600132       -1.0101729418745         -3.6964786672497e-15
3639                     1.2571247895898          -0.095760924695943       -1.0014417957409         -3.6964693876774e-15
3640                     1.2571247883008          -0.095760925984916       -0.99271064960729        -3.6964601081047e-15
3641                     1.2571247867846          -0.095760927501101       -0.98397950347366        -3.6964508285316e-15
3642                     1.2571247850012          -0.095760929284548       -0.97524835734004        -3.6964415489578e-15
3643                     1.2571247829033          -0.095760931382369       -0.96651721120642        -3.6964322693833e-15
3644                     1.2571247804357          -0.09576093384998        -0.9577860650728         -3.6964229898081e-15
3645                     1.2571247775331          -0.095760936752565       -0.94905491893917        -3.6964137102318e-15
3646                     1.2571247741189          -0.095760940166798       -0.94032377280555        -3.6964044306545e-15
3647                     1.2571247701028          -0.095760944182868       -0.93159262667193        -3.6963951510758e-15
3648                     1.2571247653789          -0.095760948906863       -0.92286148053831        -3.6963858714956e-15
3649                     1.2571247598221          -0.095760954463572       -0.91413033440469        -3.6963765919136e-15
3650                     1.2571247532859          -0.09576096099978        -0.90539918827106        -3.6963673123294e-15
3651                     1.2571247455976          -0.095760968688145       -0.89666804213744        -3.6963580327426e-15
3652                     1.257124736554           -0.095760977731763       -0.88793689600382        -3.6963487531529e-15
3653                     1.2571247259162          -0.095760988369526       -0.8792057498702         -3.6963394735597e-15
3654                     1.2571247134033          -0.09576100088244        -0.87047460373657        -3.6963301939624e-15
3655                     1.2571246986847          -0.095761015601043       -0.86174345760295        -3.6963209143602e-15
3656                     1.2571246813716          -0.095761032914139       -0.85301231146933        -3.6963116347523e-15
3657                     1.2571246610066          -0.095761053279064       -0.84428116533571        -3.6963023551377e-15
3658                     1.2571246370519          -0.095761077233774       -0.83555001920209        -3.6962930755152e-15
3659                     1.2571246088747          -0.095761105411048       -0.82681887306846        -3.6962837958835e-15
3660                     1.2571245757305          -0.095761138555209       -0.81808772693484        -3.6962745162408e-15
3661                     1.2571245367439          -0.095761177541779       -0.80935658080122        -3.6962652365853e-15
3662                     1.2571244908851          -0.095761223400614       -0.8006254346676         -3.6962559569147e-15
3663                     1.2571244369426          -0.095761277343098       -0.79189428853398        -3.6962466772264e-15
3664                     1.2571243734916          -0.095761340794152       -0.78316314240035        -3.6962373975172e-15
3665                     1.2571242988559          -0.095761415429861       -0.77443199626673        -3.6962281177833e-15
3666                     1.257124211064           -0.095761503221758       -0.76570085013311        -3.6962188380206e-15
3667                     1.2571241077968          -0.095761606488891       -0.75696970399949        -3.6962095582239e-15
3668                     1.2571239863266          -0.095761727959083       -0.74823855786586        -3.6962002783872e-15
3669                     1.2571238434447          -0.095761870840979       -0.73950741173224        -3.6961909985035e-15
3670                     1.2571236753769          -0.095762038908798       -0.73077626559862        -3.6961817185644e-15
3671                     1.2571234776837          -0.095762236602017       -0.722045119465          -3.6961724385602e-15
3672                     1.2571232451431          -0.095762469142629       -0.71331397333138        -3.6961631584795e-15
3673                     1.2571229716127          -0.095762742673052       -0.70458282719775        -3.6961538783087e-15
3674                     1.2571226498674          -0.09576306441836        -0.69585168106413        -3.696144598032e-15
3675                     1.2571222714086          -0.095763442877085       -0.68712053493051        -3.6961353176307e-15
3676                     1.2571218262401          -0.095763888045642       -0.67838938879689        -3.6961260370828e-15
3677                     1.2571213026034          -0.095764411682307       -0.66965824266326        -3.6961167563625e-15
3678                     1.257120686668           -0.095765027617683       -0.66092709652964        -3.6961074754394e-15
3679                     1.2571199621658          -0.095765752119868       -0.65219595039602        -3.6960981942778e-15
3680                     1.2571191099618          -0.095766604323943       -0.6434648042624         -3.6960889128355e-15
3681                     1.2571181075486          -0.095767606737095       -0.63473365812878        -3.6960796310632e-15
3682                     1.257116928453           -0.095768785832679       -0.62600251199515        -3.6960703489025e-15
3683                     1.2571155415368          -0.09577017274888        -0.61727136586153        -3.6960610662852e-15
3684                     1.2571139101754          -0.095771804110331       -0.60854021972791        -3.6960517831305e-15
3685                     1.2571119912914          -0.095773722994319       -0.59980907359429        -3.6960424993439e-15
3686                     1.2571097342188          -0.095775980066952       -0.59107792746066        -3.6960332148138e-15
3687                     1.2571070793666          -0.095778634919125       -0.58234678132704        -3.6960239294092e-15
3688                     1.2571039566484          -0.095781757637298       -0.57361563519342        -3.6960146429758e-15
3689                     1.2571002836355          -0.095785430650255       -0.5648844890598         -3.6960053553323e-15
3690                     1.2570959633856          -0.0957897509001         -0.55615334292618        -3.695996066265e-15
3691                     1.2570908818915          -0.095794832394183       -0.54742219679255        -3.6959867755229e-15
3692                     1.2570849050813          -0.095800809204408       -0.53869105065893        -3.6959774828105e-15
3693                     1.2570778752939          -0.095807838991864       -0.52995990452531        -3.6959681877802e-15
3694                     1.2570696071377          -0.095816107148062       -0.52122875839169        -3.6959588900228e-15
3695                     1.257059882626           -0.095825831659714       -0.51249761225806        -3.6959495890569e-15
3696                     1.2570484454636          -0.095837268822084       -0.50376646612444        -3.695940284316e-15
3697                     1.2570349943386          -0.095850719947105       -0.49503531999082        -3.6959309751334e-15
3698                     1.2570191750488          -0.095866539236897       -0.4863041738572         -3.6959216607243e-15
3699                     1.2570005712641          -0.095885143021586       -0.47757302772358        -3.6959123401649e-15
3700                     1.2569786936928          -0.095907020592958       -0.46884188158995        -3.6959030123675e-15
3701                     1.2569529673829          -0.095932746902847       -0.46011073545633        -3.6958936760514e-15
3702                     1.2569227168478          -0.095962997437903       -0.45137958932271        -3.6958843297084e-15
3703                     1.2568871486549          -0.095998565630848       -0.44264844318909        -3.6958749715616e-15
3704                     1.2568453310627          -0.096040383222969       -0.43391729705546        -3.6958655995176e-15
3705                     1.2567961702321          -0.09608954405358        -0.42518615092184        -3.695856211109e-15
3706                     1.2567383824664          -0.09614733181936        -0.41645500478822        -3.6958468034264e-15
3707                     1.2566704618662          -0.096215252419524       -0.4077238586546         -3.6958373730383e-15
3708                     1.2565906427055          -0.096295071580252       -0.39899271252098        -3.6958279158953e-15
3709                     1.2564968557538          -0.096388858531919       -0.39026156638735        -3.6958184272159e-15
3710                     1.256386677694           -0.096499036591725       -0.38153042025373        -3.6958089013505e-15
3711                     1.2562572727085          -0.096628441577264       -0.37279927412011        -3.6957993316189e-15
3712                     1.2561053252501          -0.096780389035582       -0.36406812798649        -3.6957897101149e-15
3713                     1.2559269629793          -0.096958751306406       -0.35533698185286        -3.6957800274715e-15
3714                     1.2557176688535          -0.097168045432238       -0.34660583571924        -3.6957702725773e-15
3715                     1.2554721814242          -0.097413532861472       -0.33787468958562        -3.6957604322327e-15
3716                     1.2551843825491          -0.097701331736634       -0.329143543452          -3.6957504907315e-15
3717                     1.2548471720016          -0.098038542284066       -0.32041239731837        -3.6957404293482e-15
3718                     1.2544523289041          -0.0984333853816         -0.31168125118475        -3.6957302257081e-15
3719                     1.2539903605583          -0.098895353727394       -0.30295010505113        -3.6957198530058e-15
3720                     1.2534503401749          -0.099435374110844       -0.29421895891751        -3.6957092790326e-15
3721                     1.2528197362459          -0.1000659780398         -0.28548781278389        -3.6956984649537e-15
3722                     1.252084237926           -0.10080147635971        -0.27675666665026        -3.6956873637601e-15
3723                     1.2512275828002          -0.10165813148549        -0.26802552051664        -3.6956759182929e-15
3724                     1.2502313958098          -0.10265431847593        -0.25929437438302        -3.6956640586962e-15
3725                     1.249075050779           -0.10381066350671        -0.2505632282494         -3.6956516991041e-15
3726                     1.247735568744           -0.10515014554174        -0.24183208211578        -3.6956387332856e-15
3727                     1.2461875697786          -0.1066981445071         -0.23310093598215        -3.6956250288615e-15
3728                     1.2444032967431          -0.10848241754258        -0.22436978984853        -3.6956104195365e-15
3729                     1.2423527296781          -0.1105329846076         -0.21563864371491        -3.6955946945497e-15
3730                     1.2400038076719          -0.1128819066138         -0.20690749758129        -3.6955775841748e-15
3731                     1.2373227702138          -0.11556294407187        -0.19817635144766        -3.6955587395493e-15
3732                     1.2342746218364          -0.11861109244934        -0.18944520531404        -3.6955377042582e-15
3733                     1.2308237123079          -0.12206200197782        -0.18071405918042        -3.6955138737804e-15
3734                     1.2269344106299          -0.12595130365581        -0.1719829130468         -3.6954864368358e-15
3735                     1.2225718364383          -0.13031387784741        -0.16325176691317        -3.6954542893711e-15
3736                     1.2177025997617          -0.13518311452398        -0.15452062077955        -3.69541590661e-15
3737                     1.2122954924607          -0.14059022182505        -0.14578947464593        -3.6953691498895e-15
3738                     1.2063220746244          -0.14656363966127        -0.13705832851231        -3.6953109705662e-15
3739                     1.1997571079538          -0.15312860633195        -0.12832718237869        -3.6952369489448e-15
3740                     1.1925788049068          -0.16030690937887        -0.11959603624506        -3.6951405645618e-15
3741                     1.1847688842724          -0.16811683001328        -0.11086489011144        -3.6950120218261e-15
3742                     1.1763124465851          -0.17657326770059        -0.10213374397782        -3.6948363273102e-15
3743                     1.1671977019599          -0.18568801232586        -0.093402597844197       -3.6945900857242e-15
3744                     1.1574155951314          -0.19547011915433        -0.084671451710574       -3.6942360631152e-15
3745                     1.1469593763264          -0.20592633795931        -0.075940305576952       -3.6937137886574e-15
3746                     1.1358241627472          -0.21706155153855        -0.06720915944333        -3.6929229976215e-15
3747                     1.1240065261349          -0.22887918815081        -0.058478013309708       -3.6916938921586e-15
3748                     1.1115041299976          -0.24138158428808        -0.049746867176085       -3.6897326594021e-15
3749                     1.098315428305           -0.25457028598071        -0.041015721042463       -3.6865196337029e-15
3750                     1.0844394276657          -0.26844628662           -0.032284574908841       -3.6811150069603e-15
3751                     1.069875508126           -0.28301020615966        -0.023553428775219       -3.6717803709267e-15
3752                     1.0546232938305          -0.29826242045519        -0.014822282641596       -3.655225800946e-15
3753                     1.0386825633744          -0.3142031509113         -0.0067053503966936      -3.6250795960149e-15
3754                     1.0220531900121          -0.3308325242736         -0.0031501324201659      -3.5687099910118e-15
3755                     1.0047351032211          -0.34815061106465        -0.0014699851047141      -3.46047763867e-15
3756                     0.98672826485647         -0.36615744942925        -0.00066041753496073     -3.2470894275178e-15
3757                     0.96803265485928         -0.38485305942644        -0.00027216308033475     -2.8150871527979e-15
3758                     0.94864826297287         -0.40423745131284        -8.8928934260378e-05     -1.917028319596e-15
3759                     0.92857508409733         -0.42431063018839        -4.3014283106246e-06     -4.7914674779576e-21
3760                     0.84314926054109         -0.20192193185259        -2.4915921933833e-06     -3.8863409128952e-21
3761                     0.76582948252559         0.028572812023956        -2.2814626949462e-06     -3.773796341225e-21
3762.0374419527          0.75900695734074         0.021750286839107        -2.1572538773064e-06     -3.6677811717468e-21
3763.1137277578          0.75532046485503         0.018063794353392        -2.0514480646577e-06     -3.5415374139458e-21
3764.2303118051          0.75334598473402         0.016089314232379        -1.9528864184652e-06     -3.4001706036125e-21
3765.3887029394          0.75230489451807         0.01504822401643         -1.8563771514031e-06     -3.2473328139994e-21
3766.5904664997          0.75176679052963         0.014510120027994        -1.7592521423055e-06     -3.0852846175996e-21
3767.8372264344          0.75149490443276         0.014238233931127        -1.6600531794245e-06     -2.9152757155542e-21
3769.1306674955          0.75136086722053         0.014104196718894        -1.5579441404811e-06     -2.7379070061084e-21
3770.4725375156          0.75129648531941         0.014039814817778        -1.4524178365086e-06     -2.5533904967766e-21
3771.8646497695          0.75126639021885         0.014009719717216        -1.3431406710881e-06     -2.3617143927178e-21
3773.3088854244          0.75125271383225         0.013996043330619        -1.2298683623601e-06     -2.162740811878e-21
3774.8071960824          0.75124667757329         0.013990007071649        -1.1124002326814e-06     -1.95626082657e-21
3776.3616064171          0.75124409244362         0.01398742194198         -9.9055474904839e-07     -1.7420242108109e-21
3777.9742169099          0.75124301899893         0.013986348497293        -8.6415668360033e-07     -1.5197548790213e-21
3779.6472066885          0.75124258670079         0.013985916199157        -7.3303049962828e-07     -1.2891585334639e-21
3781.3828364711          0.75124241649202         0.013985745990383        -5.9699698339447e-07     -1.0499262112082e-21
3783.1834516219          0.75124234658511         0.013985676083473        -4.558715185862e-07      -8.0173573707655e-22
3785.05148532            0.75124230363454         0.013985633132903        -3.0946317458273e-07     -5.4425212390616e-22
3786.9894618473          0.75124223454018         0.013985564038546        -1.5757422174611e-07     -2.7712740634371e-22
3789                     0.37660800708836         0.007011058265114        0                        0
3791                     0                        0                        0                        0
3793                     0                        0                        0                        0
3795                     0                        0                        0                        0
3797                     0                        0                        0                        0
3799                     0                        0                        0                        0
