x[nm]                        Electron_density[1e18_cm^-3]
-9                           0
-7                           0
-5                           0
-3                           0
-1                           0
1                            2.4987445838307
2.998                        4.9999944625506
4.996                        4.9999968014068
6.9939999999999              4.9999981523988
8.9919999999999              4.9999989327714
10.99                        4.9999993835375
12.988                       4.9999996439132
14.986                       4.9999997943138
16.984                       4.9999998811895
18.982                       4.9999999313715
20.98                        4.9999999603581
22.978                       4.9999999771015
24.976                       4.999999986773
26.974                       4.9999999923597
28.972                       4.9999999955867
30.97                        4.9999999974507
32.968                       4.9999999985274
34.966                       4.9999999991493
36.964                       4.9999999995085
38.962                       4.9999999997159
40.96                        4.9999999998358
42.958                       4.999999999905
44.956                       4.9999999999451
46.954                       4.9999999999682
48.952                       4.9999999999816
50.949999999999              4.9999999999892
52.947999999999              4.9999999999937
54.945999999999              4.9999999999963
56.943999999999              4.9999999999977
58.941999999999              4.9999999999987
60.939999999999              4.9999999999992
62.937999999999              4.9999999999995
64.935999999999              4.9999999999997
66.933999999999              4.9999999999998
68.931999999999              4.9999999999999
70.929999999999              4.9999999999999
72.927999999999              4.9999999999999
74.925999999999              4.9999999999999
76.923999999999              4.9999999999999
78.921999999999              4.9999999999999
80.919999999999              4.9999999999999
82.917999999999              4.9999999999999
84.915999999999              4.9999999999999
86.913999999999              4.9999999999999
88.911999999999              4.9999999999999
90.909999999999              4.9999999999999
92.907999999999              4.9999999999999
94.905999999999              4.9999999999999
96.903999999999              4.9999999999999
98.901999999999              5
100.9                        4.9999999999999
102.898                      5
104.896                      4.9999999999999
106.894                      4.9999999999999
108.892                      5
110.89                       4.9999999999999
112.888                      4.9999999999999
114.886                      5
116.884                      5
118.882                      5
120.88                       4.9999999999999
122.878                      5
124.876                      5
126.874                      5
128.872                      5
130.87                       5.0000000000001
132.868                      5.0000000000001
134.866                      5
136.864                      5
138.862                      5
140.86                       5
142.858                      5.0000000000001
144.856                      5.0000000000002
146.854                      5.0000000000002
148.852                      5.0000000000001
150.85                       5.0000000000002
152.848                      5.0000000000002
154.846                      5.0000000000002
156.844                      5.0000000000002
158.842                      5.0000000000002
160.84                       5.0000000000002
162.838                      5.0000000000002
164.836                      5.0000000000002
166.834                      5.0000000000002
168.832                      5.0000000000002
170.83                       5.0000000000002
172.828                      5.0000000000001
174.826                      5.0000000000001
176.824                      5.0000000000002
178.822                      5.0000000000002
180.82                       5.0000000000002
182.818                      5.0000000000002
184.816                      5.0000000000002
186.814                      5.0000000000001
188.812                      5.0000000000001
190.81                       5.0000000000001
192.808                      5.0000000000001
194.806                      5.0000000000002
196.804                      5.0000000000002
198.802                      5.0000000000002
200.8                        5.0000000000002
202.798                      5.0000000000002
204.796                      5.0000000000002
206.794                      5.0000000000002
208.792                      5.0000000000002
210.79                       5.0000000000002
212.788                      5.0000000000002
214.786                      5.0000000000002
216.784                      5.0000000000001
218.782                      5.0000000000001
220.78                       5.0000000000001
222.778                      5.0000000000001
224.776                      5
226.774                      5
228.772                      5
230.77                       5
232.768                      5
234.766                      5.0000000000001
236.764                      5.0000000000001
238.762                      5.0000000000001
240.76                       5.0000000000001
242.758                      5.0000000000001
244.756                      5.0000000000001
246.754                      5.0000000000001
248.752                      5.0000000000001
250.75                       5.0000000000001
252.748                      5.0000000000001
254.746                      5.0000000000001
256.744                      5.0000000000001
258.742                      5
260.74                       5
262.738                      5
264.736                      5
266.734                      5
268.732                      5
270.73                       5
272.728                      5
274.726                      4.9999999999999
276.724                      4.9999999999999
278.722                      4.9999999999999
280.72                       4.9999999999999
282.718                      5
284.716                      5
286.714                      5
288.712                      5
290.71                       5
292.708                      5
294.706                      5
296.704                      5
298.702                      5
300.7                        5
302.698                      5
304.696                      5
306.694                      5
308.692                      5
310.69                       5
312.688                      5
314.686                      4.9999999999999
316.684                      4.9999999999999
318.682                      4.9999999999999
320.68                       4.9999999999999
322.678                      5
324.676                      4.9999999999999
326.674                      4.9999999999999
328.672                      5
330.67                       4.9999999999999
332.668                      4.9999999999999
334.666                      4.9999999999999
336.664                      4.9999999999999
338.662                      5
340.66                       5
342.658                      4.9999999999999
344.656                      4.9999999999999
346.654                      4.9999999999999
348.652                      5
350.65                       5
352.648                      5
354.646                      5
356.644                      5
358.642                      5
360.64                       5
362.638                      5
364.636                      5
366.634                      5
368.632                      5
370.63                       5
372.628                      5
374.626                      5
376.624                      4.9999999999999
378.622                      5
380.62                       5
382.618                      4.9999999999999
384.616                      4.9999999999999
386.614                      4.9999999999999
388.612                      4.9999999999999
390.61                       4.9999999999999
392.608                      4.9999999999999
394.60599999999              4.9999999999999
396.60399999999              4.9999999999999
398.60199999999              4.9999999999999
400.59999999999              4.9999999999999
402.59799999999              4.9999999999999
404.59599999999              4.9999999999999
406.59399999999              5
408.59199999999              5
410.58999999999              5
412.58799999999              5
414.58599999999              5
416.58399999999              5
418.58199999999              5
420.57999999999              5
422.57799999999              5
424.57599999999              5
426.57399999999              5
428.57199999999              5
430.56999999999              5
432.56799999999              5
434.56599999999              5
436.56399999999              5
438.56199999999              5
440.55999999999              5
442.55799999999              5
444.55599999999              5
446.55399999999              5
448.55199999999              5
450.54999999999              5
452.54799999999              5
454.54599999999              5
456.54399999999              5
458.54199999999              5
460.53999999999              5
462.53799999999              5
464.53599999999              5
466.53399999999              5
468.53199999999              5
470.52999999999              4.9999999999999
472.52799999999              5
474.52599999999              5
476.52399999999              5
478.52199999999              5
480.51999999999              5
482.51799999999              5
484.51599999999              5
486.51399999999              5
488.51199999999              5
490.50999999999              5
492.50799999999              4.9999999999999
494.50599999999              5
496.50399999999              5
498.50199999999              4.9999999999999
500.49999999999              4.9999999999999
502.49799999999              4.9999999999999
504.49599999999              5
506.49399999999              5
508.49199999999              5
510.48999999999              5
512.48799999999              5
514.48599999999              5
516.48399999999              5
518.48199999999              5
520.47999999999              5
522.47799999999              4.9999999999999
524.47599999999              4.9999999999999
526.47399999999              4.9999999999999
528.47199999999              4.9999999999999
530.46999999999              4.9999999999999
532.46799999999              4.9999999999999
534.46599999999              4.9999999999999
536.46399999999              4.9999999999999
538.46199999999              4.9999999999998
540.45999999999              4.9999999999998
542.45799999999              4.9999999999998
544.45599999999              4.9999999999998
546.45399999999              4.9999999999998
548.45199999999              4.9999999999998
550.44999999999              4.9999999999998
552.44799999999              4.9999999999998
554.44599999999              4.9999999999998
556.44399999999              4.9999999999998
558.44199999999              4.9999999999998
560.43999999999              4.9999999999998
562.43799999999              4.9999999999998
564.43599999999              4.9999999999998
566.43399999999              4.9999999999998
568.43199999999              4.9999999999998
570.42999999999              4.9999999999998
572.42799999999              4.9999999999998
574.42599999999              4.9999999999998
576.42399999999              4.9999999999999
578.42199999999              4.9999999999999
580.41999999999              4.9999999999999
582.41799999999              4.9999999999999
584.41599999999              4.9999999999999
586.41399999999              4.9999999999999
588.41199999999              4.9999999999999
590.40999999999              4.9999999999999
592.40799999999              4.9999999999999
594.40599999999              4.9999999999999
596.40399999999              4.9999999999999
598.40199999999              4.9999999999999
600.39999999999              4.9999999999999
602.39799999999              4.9999999999999
604.39599999999              4.9999999999999
606.39399999999              4.9999999999999
608.39199999999              4.9999999999998
610.38999999999              4.9999999999998
612.38799999999              4.9999999999998
614.38599999999              4.9999999999999
616.38399999999              4.9999999999999
618.38199999999              4.9999999999999
620.37999999999              4.9999999999999
622.37799999999              4.9999999999999
624.37599999999              4.9999999999999
626.37399999999              4.9999999999999
628.37199999999              5
630.37                       4.9999999999999
632.368                      4.9999999999999
634.36599999999              4.9999999999999
636.364                      4.9999999999999
638.362                      4.9999999999999
640.36                       4.9999999999999
642.358                      4.9999999999999
644.356                      4.9999999999999
646.354                      4.9999999999999
648.352                      4.9999999999999
650.35                       4.9999999999999
652.348                      5
654.346                      5
656.344                      5
658.342                      4.9999999999999
660.34                       4.9999999999999
662.338                      5
664.336                      5
666.334                      4.9999999999999
668.332                      5
670.33                       5
672.328                      5
674.326                      5
676.324                      5
678.322                      5
680.32                       5
682.318                      5
684.316                      4.9999999999999
686.314                      4.9999999999999
688.312                      4.9999999999999
690.31                       4.9999999999999
692.308                      4.9999999999999
694.306                      4.9999999999999
696.304                      4.9999999999999
698.302                      4.9999999999999
700.3                        4.9999999999999
702.298                      4.9999999999999
704.296                      4.9999999999999
706.294                      4.9999999999998
708.292                      4.9999999999998
710.29                       4.9999999999998
712.288                      4.9999999999998
714.286                      4.9999999999998
716.284                      4.9999999999998
718.282                      4.9999999999998
720.28                       4.9999999999999
722.278                      4.9999999999999
724.276                      4.9999999999999
726.274                      5
728.272                      5.0000000000001
730.27                       5.0000000000001
732.268                      5.0000000000001
734.266                      5.0000000000001
736.264                      5.0000000000001
738.262                      5.0000000000001
740.26                       5.0000000000001
742.258                      5
744.256                      4.9999999999999
746.254                      4.9999999999999
748.252                      4.9999999999999
750.25                       4.9999999999999
752.248                      4.9999999999999
754.246                      4.9999999999999
756.244                      4.9999999999999
758.242                      4.9999999999999
760.24                       4.9999999999999
762.238                      4.9999999999999
764.236                      4.9999999999999
766.234                      5
768.232                      5
770.23                       5.0000000000001
772.228                      5.0000000000001
774.226                      5.0000000000001
776.224                      5.0000000000001
778.222                      5.0000000000001
780.22                       5.0000000000001
782.218                      5
784.216                      4.9999999999999
786.214                      4.9999999999999
788.212                      4.9999999999999
790.21                       4.9999999999998
792.208                      4.9999999999998
794.206                      4.9999999999998
796.204                      4.9999999999998
798.202                      4.9999999999998
800.2                        4.9999999999998
802.198                      4.9999999999998
804.196                      4.9999999999998
806.194                      4.9999999999998
808.192                      4.9999999999998
810.19                       4.9999999999998
812.188                      4.9999999999999
814.186                      4.9999999999999
816.184                      4.9999999999999
818.182                      4.9999999999999
820.18                       4.9999999999999
822.178                      5
824.176                      5
826.174                      4.9999999999999
828.172                      4.9999999999999
830.17                       4.9999999999999
832.168                      4.9999999999999
834.166                      4.9999999999999
836.164                      4.9999999999999
838.162                      4.9999999999999
840.16                       4.9999999999999
842.158                      5
844.156                      5
846.154                      5
848.152                      5
850.15                       4.9999999999999
852.148                      4.9999999999999
854.146                      4.9999999999999
856.144                      4.9999999999999
858.142                      4.9999999999999
860.14                       4.9999999999999
862.138                      4.9999999999999
864.136                      5
866.134                      5
868.132                      5
870.13                       5
872.128                      5
874.126                      4.9999999999999
876.124                      4.9999999999999
878.122                      5
880.12                       4.9999999999999
882.118                      4.9999999999999
884.116                      4.9999999999999
886.114                      4.9999999999999
888.112                      4.9999999999998
890.11                       4.9999999999997
892.108                      4.9999999999995
894.106                      4.9999999999991
896.104                      4.9999999999985
898.102                      4.9999999999976
900.1                        4.9999999999959
902.098                      4.9999999999931
904.096                      4.999999999988
906.094                      4.9999999999793
908.092                      4.999999999964
910.09                       4.9999999999378
912.088                      4.9999999998923
914.086                      4.9999999998135
916.084                      4.999999999677
918.082                      4.9999999994408
920.08                       4.999999999032
922.078                      4.9999999983242
924.076                      4.9999999970987
926.074                      4.9999999949772
928.072                      4.9999999913045
930.07                       4.9999999849461
932.068                      4.9999999739385
934.066                      4.9999999548821
936.064                      4.9999999218912
938.062                      4.999999864777
940.06                       4.9999997659
942.058                      4.9999995947227
944.056                      4.9999992983783
946.054                      4.9999987853427
948.052                      4.9999978971681
950.05                       4.9999963595479
952.048                      4.9999936975984
954.046                      4.9999890891954
956.044                      4.9999811110678
958.042                      4.9999672992351
960.04                       4.9999433880395
962.038                      4.9999019927748
964.036                      4.999830329114
966.034                      4.9997062651943
968.032                      4.9994914876546
970.03                       4.9991196727585
972.028                      4.998476014593
974.026                      4.9973618035352
976.024                      4.9954331625516
978.022                      4.9920951621392
980.02                       4.9863190367447
982.018                      4.9763273244218
984.016                      4.9590535047117
986.014                      4.9292206963887
988.012                      4.8777892297107
990.01                       4.7893968056365
992.008                      4.6383110247095
994.006                      4.3825811359909
996.004                      3.9574310818558
998.002                      3.274649290597
1000                         2.255824097729
1002                         1.3758388261639
1004                         0.89617330543641
1006                         0.62191314391489
1008                         0.45686452931445
1010                         0.3523904253715
1012                         0.28311021319766
1014                         0.23524692656207
1016                         0.2009943073752
1018                         0.17573680211399
1020                         0.15663389734122
1022                         0.14187232159542
1024                         0.13025577357452
1026                         0.12097138133227
1028                         0.11345207589947
1030                         0.10729284999614
1032                         0.10219828964543
1034                         0.097948810655042
1036                         0.094378397439433
1038                         0.091359597310643
1040                         0.088793199293291
1042                         0.086601002804184
1044                         0.084720664694144
1046                         0.083101969672957
1048                         0.081704091848502
1050                         0.080493557034745
1052                         0.079442707613742
1054                         0.078528532578721
1056                         0.077731766211409
1058                         0.077036186650687
1060                         0.076428064809328
1062                         0.075895727525482
1064                         0.075429208343509
1066                         0.075019966126626
1068                         0.074660656629892
1070                         0.074344945762426
1072                         0.074067355923429
1074                         0.073823138773199
1076                         0.073608169283826
1078                         0.073418857036037
1080                         0.073252071584156
1082                         0.073105079367563
1084                         0.072975490154662
1086                         0.072861211400332
1088                         0.072760409207415
1090                         0.07267147482647
1092                         0.072592995821755
1094                         0.072523731185489
1096                         0.072462589806533
1098                         0.072408611799433
1100                         0.072360952281052
1102                         0.072318867248181
1104                         0.072281701263822
1106                         0.072248876704711
1108                         0.072219884359674
1110                         0.072194275199454
1112                         0.072171653164368
1114                         0.072151668837998
1116                         0.072134013893373
1118                         0.072118416213669
1120                         0.072104635602648
1122                         0.072092460011346
1124                         0.072081702217061
1126                         0.07207219689915
1128                         0.072063798063077
1130                         0.072056376770421
1132                         0.072049819137905
1134                         0.072044024572946
1136                         0.072038904217468
1138                         0.072034379575023
1140                         0.072030381299432
1142                         0.072026848125696
1144                         0.07202372592637
1146                         0.072020966878534
1148                         0.072018528728289
1150                         0.07201637414137
1152                         0.072014470129617
1154                         0.072012787544495
1156                         0.072011300629752
1158                         0.072009986626298
1160                         0.072008825423171
1162                         0.072007799249208
1164                         0.072006892400653
1166                         0.07200609100053
1168                         0.072005382786039
1170                         0.072004756920731
1172                         0.072004203828504
1174                         0.072003715047014
1176                         0.072003283098069
1178                         0.072002901373169
1180                         0.072002564032327
1182                         0.072002265914676
1184                         0.072002002459507
1186                         0.072001769636425
1188                         0.072001563883726
1190                         0.072001382053847
1192                         0.072001221365226
1194                         0.072001079359722
1196                         0.072000953865029
1198                         0.072000842961423
1200                         0.072000744952401
1202                         0.072000658338706
1204                         0.072000581795412
1206                         0.072000514151648
1208                         0.072000454372668
1210                         0.07200040154405
1212                         0.072000354857686
1214                         0.072000313599429
1216                         0.072000277138157
1218                         0.072000244916135
1220                         0.072000216440482
1222                         0.07200019127561
1224                         0.072000169036587
1226                         0.072000149383225
1228                         0.072000132014897
1230                         0.072000116665937
1232                         0.072000103101553
1234                         0.072000091114257
1236                         0.072000080520687
1238                         0.072000071158803
1240                         0.072000062885396
1242                         0.072000055573911
1244                         0.072000049112511
1246                         0.072000043402353
1248                         0.072000038356098
1250                         0.07200003389656
1252                         0.072000029955515
1254                         0.072000026472677
1256                         0.072000023394782
1258                         0.072000020674737
1260                         0.07200001827095
1262                         0.072000016146639
1264                         0.072000014269313
1266                         0.072000012610263
1268                         0.072000011144103
1270                         0.072000009848418
1272                         0.072000008703374
1274                         0.072000007691454
1276                         0.072000006797194
1278                         0.072000006006908
1280                         0.072000005308506
1282                         0.072000004691303
1284                         0.072000004145856
1286                         0.072000003663829
1288                         0.07200000323784
1290                         0.072000002861381
1292                         0.072000002528692
1294                         0.072000002234688
1296                         0.072000001974861
1298                         0.072000001745247
1300                         0.072000001542326
1302                         0.072000001363003
1304                         0.072000001204529
1306                         0.072000001064478
1308                         0.072000000940707
1310                         0.072000000831337
1312                         0.072000000734681
1314                         0.072000000649259
1316                         0.072000000573773
1318                         0.072000000507064
1320                         0.072000000448109
1322                         0.072000000396017
1324                         0.072000000349976
1326                         0.072000000309294
1328                         0.07200000027334
1330                         0.072000000241562
1332                         0.072000000213481
1334                         0.072000000188661
1336                         0.072000000166734
1338                         0.072000000147354
1340                         0.072000000130222
1342                         0.072000000115083
1344                         0.072000000101701
1346                         0.072000000089871
1348                         0.072000000079423
1350                         0.072000000070192
1352                         0.072000000062036
1354                         0.072000000054826
1356                         0.072000000048459
1358                         0.072000000042831
1360                         0.072000000037855
1362                         0.072000000033458
1364                         0.072000000029576
1366                         0.072000000026148
1368                         0.072000000023119
1370                         0.07200000002044
1372                         0.072000000018073
1374                         0.07200000001598
1376                         0.072000000014129
1378                         0.072000000012491
1380                         0.072000000011048
1382                         0.072000000009769
1384                         0.072000000008638
1386                         0.072000000007634
1388                         0.072000000006749
1390                         0.072000000005973
1392                         0.072000000005282
1394                         0.072000000004671
1396                         0.072000000004131
1398                         0.072000000003653
1400                         0.072000000003227
1402                         0.072000000002844
1404                         0.072000000002508
1406                         0.072000000002214
1408                         0.072000000001959
1410                         0.072000000001722
1412                         0.072000000001518
1414                         0.072000000001343
1416                         0.072000000001187
1418                         0.07200000000105
1420                         0.072000000000931
1422                         0.072000000000818
1424                         0.072000000000723
1426                         0.072000000000638
1428                         0.072000000000557
1430                         0.072000000000486
1432                         0.072000000000425
1434                         0.072000000000368
1436                         0.072000000000321
1438                         0.072000000000273
1440                         0.072000000000235
1442                         0.072000000000202
1444                         0.072000000000169
1446                         0.07200000000015
1448                         0.072000000000131
1450                         0.072000000000117
1452                         0.072000000000103
1454                         0.072000000000093
1456                         0.072000000000084
1458                         0.072000000000075
1460                         0.072000000000065
1462                         0.072000000000056
1464                         0.072000000000051
1466                         0.072000000000041
1468                         0.072000000000037
1470                         0.072000000000032
1472                         0.072000000000027
1474                         0.072000000000022
1476                         0.072000000000013
1478                         0.072000000000008
1480                         0.072000000000004
1482                         0.072000000000004
1484                         0.071999999999999
1486                         0.071999999999994
1488                         0.071999999999989
1490                         0.071999999999989
1492                         0.071999999999989
1494                         0.071999999999994
1496                         0.071999999999994
1498                         0.071999999999994
1500                         0.071999999999994
1502                         0.071999999999994
1504                         0.071999999999989
1506                         0.071999999999989
1508                         0.071999999999985
1510                         0.07199999999998
1512                         0.071999999999975
1514                         0.07199999999997
1516                         0.071999999999961
1518                         0.071999999999956
1520                         0.071999999999951
1522                         0.071999999999942
1524                         0.071999999999928
1526                         0.071999999999918
1528                         0.071999999999914
1530                         0.071999999999909
1532                         0.071999999999904
1534                         0.071999999999895
1536                         0.071999999999885
1538                         0.071999999999866
1540                         0.071999999999847
1542                         0.071999999999828
1544                         0.071999999999809
1546                         0.071999999999786
1548                         0.071999999999762
1550                         0.071999999999729
1552                         0.071999999999696
1554                         0.071999999999658
1556                         0.07199999999962
1558                         0.071999999999582
1560                         0.07199999999954
1562                         0.071999999999483
1564                         0.071999999999421
1566                         0.07199999999935
1568                         0.07199999999927
1570                         0.07199999999917
1572                         0.071999999999061
1574                         0.071999999998938
1576                         0.071999999998801
1578                         0.07199999999865
1580                         0.071999999998479
1582                         0.071999999998285
1584                         0.071999999998063
1586                         0.071999999997821
1588                         0.071999999997542
1590                         0.071999999997225
1592                         0.071999999996865
1594                         0.071999999996458
1596                         0.071999999995994
1598                         0.071999999995468
1600                         0.071999999994881
1602                         0.071999999994214
1604                         0.071999999993461
1606                         0.071999999992614
1608                         0.071999999991653
1610                         0.071999999990555
1612                         0.071999999989314
1614                         0.071999999987904
1616                         0.071999999986309
1618                         0.0719999999845
1620                         0.071999999982455
1622                         0.071999999980145
1624                         0.071999999977532
1626                         0.071999999974569
1628                         0.071999999971222
1630                         0.071999999967435
1632                         0.071999999963151
1634                         0.071999999958298
1636                         0.071999999952802
1638                         0.071999999946587
1640                         0.071999999939562
1642                         0.071999999931609
1644                         0.07199999992261
1646                         0.071999999912428
1648                         0.071999999900905
1650                         0.071999999887868
1652                         0.071999999873108
1654                         0.071999999856412
1656                         0.071999999837519
1658                         0.071999999816141
1660                         0.071999999791951
1662                         0.07199999976458
1664                         0.071999999733612
1666                         0.071999999698567
1668                         0.071999999658907
1670                         0.07199999961403
1672                         0.07199999956325
1674                         0.071999999505791
1676                         0.071999999440767
1678                         0.071999999367193
1680                         0.071999999283944
1682                         0.071999999189746
1684                         0.071999999083154
1686                         0.071999998962531
1688                         0.071999998826045
1690                         0.071999998671599
1692                         0.07199999849683
1694                         0.071999998299069
1696                         0.071999998075291
1698                         0.071999997822078
1700                         0.071999997535548
1702                         0.071999997211328
1704                         0.071999996844451
1706                         0.071999996429303
1708                         0.07199999595954
1710                         0.071999995427963
1712                         0.071999994826454
1714                         0.071999994145803
1716                         0.071999993375608
1718                         0.07199999250408
1720                         0.071999991517894
1722                         0.071999990401958
1724                         0.071999989139202
1726                         0.071999987710317
1728                         0.071999986093446
1730                         0.071999984263856
1732                         0.07199998219356
1734                         0.071999979850888
1736                         0.071999977200011
1738                         0.071999974200372
1740                         0.071999970806093
1742                         0.071999966965253
1744                         0.071999962619094
1746                         0.071999957701151
1748                         0.071999952136182
1750                         0.071999945839078
1752                         0.071999938713502
1754                         0.071999930650467
1756                         0.071999921526637
1758                         0.071999911202451
1760                         0.071999899519983
1762                         0.071999886300531
1764                         0.071999871341892
1766                         0.071999854415256
1768                         0.071999835261704
1770                         0.071999813588255
1772                         0.071999789063394
1774                         0.07199976131198
1776                         0.071999729909509
1778                         0.071999694375657
1780                         0.071999654166885
1782                         0.071999608668159
1784                         0.071999557183514
1786                         0.071999498925438
1788                         0.071999433002827
1790                         0.071999358407316
1792                         0.071999273997903
1794                         0.071999178483472
1796                         0.071999070403059
1798                         0.071998948103491
1800                         0.071998809714129
1802                         0.071998653118233
1804                         0.071998475920615
1806                         0.071998275410984
1808                         0.07199804852254
1810                         0.071997791785028
1812                         0.07199750127172
1814                         0.07199717253937
1816                         0.071996800560263
1818                         0.071996379645363
1820                         0.071995903357353
1822                         0.071995364412234
1824                         0.071994754568
1826                         0.07199406449867
1828                         0.071993283651811
1830                         0.071992400087286
1832                         0.071991400294895
1834                         0.071990268988002
1836                         0.071988988870129
1838                         0.071987540370891
1840                         0.071985901347313
1842                         0.071984046745984
1844                         0.071981948220893
1846                         0.071979573701239
1848                         0.071976886902672
1850                         0.071973846774545
1852                         0.071970406874915
1854                         0.071966514663921
1856                         0.071962110704873
1858                         0.071957127761274
1860                         0.071951489776187
1862                         0.071945110718908
1864                         0.07193789328192
1866                         0.071929727408921
1868                         0.071920488632478
1870                         0.071910036197171
1872                         0.071898210941115
1874                         0.071884832905639
1876                         0.07186969863917
1878                         0.071852578157648
1880                         0.071833211519293
1882                         0.071811304966948
1884                         0.071786526586353
1886                         0.071758501422897
1888                         0.071726805994072
1890                         0.071690962128602
1892                         0.071650430057056
1894                         0.071604600672673
1896                         0.071552786875021
1898                         0.071494213903496
1900                         0.071428008563145
1902                         0.071353187241725
1904                         0.071268642615856
1906                         0.071173128945712
1908                         0.07106524586356
1910                         0.070943420572853
1912                         0.0708058883937
1914                         0.07065067161923
1916                         0.070475556689107
1918                         0.070278069744728
1920                         0.070055450709361
1922                         0.069804626141831
1924                         0.069522181249418
1926                         0.069204331622356
1928                         0.068846895475877
1930                         0.068445267465108
1932                         0.067994395481191
1934                         0.067488762252152
1936                         0.066922374064268
1938                         0.066288759491453
1940                         0.065580981666004
1942                         0.064791668329222
1944                         0.063913064634201
1946                         0.06293711438417
1948                         0.061855575998382
1950                         0.060660179888307
1952                         0.059342833942103
1954                         0.057895883250196
1956                         0.056312428809803
1958                         0.054586707437094
1960                         0.052714531201924
1962                         0.050693779131376
1964                         0.048524926571736
1966                         0.046211588538794
1968                         0.043761043054351
1970                         0.041184689765165
1972                         0.038498389541523
1974                         0.035722624306744
1976                         0.032882415540085
1978                         0.030006947281664
1980                         0.027128857081403
1982                         0.024283186897245
1984                         0.021506024067524
1986                         0.018832906104966
1988                         0.016297105518952
1990                         0.013927943790984
1992                         0.011749298693307
1994                         0.0097784604071441
1996                         0.0080254579207091
1998                         0.0064929221569757
2000                         0.1372349064782
2002                         0.22970952147252
2004                         0.2001971427029
2006                         0.17771644381587
2008                         0.16026555516154
2010                         0.14649345534796
2012                         0.13546693106736
2014                         0.12652720878119
2016                         0.1191997934519
2018                         0.11313652624168
2020                         0.10807756214251
2022                         0.10382591933579
2024                         0.1002301222218
2026                         0.097172155111159
2028                         0.094558963759367
2030                         0.092316367564941
2032                         0.090384635998762
2034                         0.088715231202776
2036                         0.087268379236685
2038                         0.086011237889342
2040                         0.084916499271554
2042                         0.083961312953234
2044                         0.083126447999758
2046                         0.082395634888831
2048                         0.08175504418631
2050                         0.081192870154902
2052                         0.08069899558135
2054                         0.080264719991581
2056                         0.07988253773196
2058                         0.079545955577826
2060                         0.079249341902711
2062                         0.078987801223157
2064                         0.078757069282583
2066                         0.078553424865996
2068                         0.078373615326679
2070                         0.078214793416403
2072                         0.078074463485294
2074                         0.077950435489442
2076                         0.077840785536945
2078                         0.077743821935185
2080                         0.077658055886959
2082                         0.077582176131383
2084                         0.077515026944842
2086                         0.077455589014022
2088                         0.077402962771895
2090                         0.077356353852203
2092                         0.077315060370801
2094                         0.077278461786462
2096                         0.07724600913001
2098                         0.077217216421117
2100                         0.077191653117671
2102                         0.077168937464031
2104                         0.077148730622561
2106                         0.077130731488231
2108                         0.077114672099131
2110                         0.077100313566734
2112                         0.077087442459384
2114                         0.077075867580392
2116                         0.077065417089302
2118                         0.077055935920538
2120                         0.077047283458965
2122                         0.077039331436049
2124                         0.07703196201411
2126                         0.077025066029115
2128                         0.077018541365265
2130                         0.077012291436554
2132                         0.077006223752474
2134                         0.077000248546195
2136                         0.076994277444731
2138                         0.076988222161293
2140                         0.076981993190424
2142                         0.076975498486653
2144                         0.076968642107303
2146                         0.07696132279956
2148                         0.076953432511306
2150                         0.076944854804128
2152                         0.0769354631457
2154                         0.076925119057142
2156                         0.076913670089036
2158                         0.076900947597565
2160                         0.0768867642897
2162                         0.076870911503432
2164                         0.076853156185803
2166                         0.07683323752772
2168                         0.076810863210654
2170                         0.076785705215711
2172                         0.076757395140935
2174                         0.076725518967303
2176                         0.076689611208665
2178                         0.076649148374918
2180                         0.076603541671954
2182                         0.076552128856131
2184                         0.076494165155239
2186                         0.076428813163073
2188                         0.076355131610321
2190                         0.076272062911935
2192                         0.076178419390539
2194                         0.076072868077841
2196                         0.075953914002708
2198                         0.075819881886903
2200                         0.075668896189312
2202                         0.07549885946911
2204                         0.07530742908083
2206                         0.075091992272763
2208                         0.07484963983937
2210                         0.074577138582873
2212                         0.074270902975519
2214                         0.073926966588338
2216                         0.073540954072804
2218                         0.073108054756337
2220                         0.072622999249889
2222                         0.07208004087338
2224                         0.071472944188857
2226                         0.070794983494459
2228                         0.070038954771464
2230                         0.06919720527927
2232                         0.068261685732823
2234                         0.06722403072788
2236                         0.066075673729507
2238                         0.06480800340211
2240                         0.063412568187259
2242                         0.06188133563421
2244                         0.060207011812498
2246                         0.058383423901536
2248                         0.056405965450283
2250                         0.054272098542719
2252                         0.051981899989115
2254                         0.049538629670315
2256                         0.046949288585855
2258                         0.044225122745308
2260                         0.041382018133241
2262                         0.038440723562027
2264                         0.035426834878928
2266                         0.032370478587543
2268                         0.029305648087274
2270                         0.026269172946354
2272                         0.023299340367102
2274                         0.020434234863476
2276                         0.01770991057497
2278                         0.015158551490186
2280                         0.012806798275032
2282                         0.010674418361153
2284                         0.008773465011634
2286                         0.0071080142568699
2288                         0.0056744953827505
2290                         0.0044625549421743
2292                         0.0034563306599479
2294                         0.0026359714978362
2296                         0.0019792288870509
2298                         0.0014629602472237
2300                         0.0010644223985914
2302                         0.00076227944582062
2304                         0.00053729725511583
2306                         0.00037273703473526
2308                         0.00025448930700038
2310                         0.00017100553687442
2312                         0.00011308918761272
2314                         7.3603808185693e-05
2316                         4.7146196340235e-05
2318                         2.9720741095999e-05
2320                         1.8439067034182e-05
2322                         1.1258602700387e-05
2324                         6.765443613434e-06
2326                         4.0010532066447e-06
2328                         2.3287275253041e-06
2330                         1.3339187122648e-06
2332                         7.5198022826609e-07
2334                         4.1720535100653e-07
2336                         2.278031499725e-07
2338                         1.2241538357789e-07
2340                         6.4740894411456e-08
2342                         3.3696734892444e-08
2344                         1.7260897707366e-08
2346                         8.7017253084324e-09
2348                         4.3173155720157e-09
2350                         2.1080875996335e-09
2352                         1.0130478231807e-09
2354                         4.7911269320784e-10
2356                         2.2300358315092e-10
2358                         1.0215330946633e-10
2360                         4.6053164418305e-11
2362                         2.0433038345015e-11
2364                         8.9222186726635e-12
2366                         3.8342393732135e-12
2368                         1.6216310228343e-12
2370                         6.7498071603553e-13
2372                         2.765013649838e-13
2374                         1.1147308501608e-13
2376                         4.4229311845184e-14
2378                         1.7271072297983e-14
2380                         6.6374523060384e-15
2382                         2.5105407022719e-15
2384                         9.346434321382e-16
2386                         3.4254484742105e-16
2388                         1.2365299697459e-16
2390                         4.4028873525323e-17
2392                         1.5527927492116e-17
2394                         5.4884809005921e-18
2396                         2.0084540936022e-18
2398                         8.2352636464702e-19
2400                         3.6244055582686e-19
2402                         1.5698657092746e-19
2404                         6.6919802998934e-20
2406                         2.8074578164053e-20
2408                         1.1591463185619e-20
2410                         4.7100955358391e-21
2412                         1.8835953388512e-21
2414                         7.4133061059211e-22
2416                         2.8714594937592e-22
2418                         1.0946112076528e-22
2420                         4.106610581806e-23
2422                         1.5162596865368e-23
2424                         5.5097271174203e-24
2426                         1.9703937739335e-24
2428                         6.9349350548246e-25
2430                         2.402139391876e-25
2432                         8.1888034480535e-26
2434                         2.747319217887e-26
2436                         9.0711894303135e-27
2438                         2.9477169822866e-27
2440                         9.4270056162204e-28
2442                         2.9670726699424e-28
2444                         9.190709428792e-29
2446                         2.8017947901741e-29
2448                         8.406012783409e-30
2450                         2.4820481596483e-30
2452                         7.2126821969974e-31
2454                         2.0627653371267e-31
2456                         5.805896479486e-32
2458                         1.6082560217868e-32
2460                         4.3843732515148e-33
2462                         1.1763221855132e-33
2464                         3.1060718054237e-34
2466                         8.0716650193091e-35
2468                         2.0643398854763e-35
2470                         5.1959589643405e-36
2472                         1.2871129397289e-36
2474                         3.1378634130839e-37
2476                         7.5286628602011e-38
2478                         1.7777394037379e-38
2480                         4.1312814500873e-39
2482                         9.4486095411567e-40
2484                         2.1267549723142e-40
2486                         4.7112206666637e-41
2488                         1.0271074305491e-41
2490                         2.203762206708e-42
2492                         4.6535032949903e-43
2494                         9.670785612981e-44
2496                         1.9779254601341e-44
2498                         3.9812964895993e-45
2500                         7.8868858694968e-46
2502                         1.5376341879614e-46
2504                         2.9503051138749e-47
2506                         5.5711810550606e-48
2508                         1.0353663552702e-48
2510                         1.8936829066144e-49
2512                         3.40868527766e-50
2514                         6.0385544375767e-51
2516                         1.0527990923852e-51
2518                         1.8064437923727e-52
2520                         3.0504916408766e-53
2522                         5.069692994997e-54
2524                         8.2920119065854e-55
2526                         1.3347643805109e-55
2528                         2.1145391734747e-56
2530                         3.2968052789997e-57
2532                         5.0586810007007e-58
2534                         7.6391972797629e-59
2536                         1.1353364803195e-59
2538                         1.6606109404963e-60
2540                         2.3904388147587e-61
2542                         3.3865212443342e-62
2544                         4.7216784916178e-63
2546                         6.478962321344e-64
2548                         8.7494535911488e-65
2550                         5.8992206655835e-66
2552                         2.7790003322556e-68
2554                         4.5387651607654e-69
2556                         7.4046526993886e-70
2558                         1.2066728513695e-70
2560                         1.9642296256654e-71
2562                         3.1938376739752e-72
2564                         5.1874185293758e-73
2566                         8.4160364095922e-74
2568                         1.3638976763063e-74
2570                         2.2078717385176e-75
2572                         3.5701277639825e-76
2574                         5.7664900057016e-77
2576                         9.3037320903196e-78
2578                         1.4994110788564e-78
2580                         2.4138045523797e-79
2582                         3.8815157768537e-80
2584                         6.2347418557453e-81
2586                         1.0003534276619e-81
2588                         1.603268720623e-82
2590                         2.566711414141e-83
2592                         4.1045507640595e-84
2594                         6.5565003356817e-85
2596                         1.0461559065659e-85
2598                         1.6673954120451e-86
2600                         2.6545973716779e-87
2602                         4.2215951777587e-88
2604                         6.7061363179389e-89
2606                         1.0641088043367e-89
2608                         1.6866212312155e-90
2610                         2.6703424300492e-91
2612                         4.2231277313098e-92
2614                         6.6714363198224e-93
2616                         1.052742945556e-93
2618                         1.6593698769837e-94
2620                         2.6126541941297e-95
2622                         4.10902257682e-96
2624                         6.455248878942e-97
2626                         1.0129903811179e-97
2628                         1.5878721048069e-98
2630                         2.4862430613068e-99
2632                         3.8885663716344e-100
2634                         6.0750983785658e-101
2636                         9.4805816183575e-102
2638                         1.4778641521616e-102
2640                         2.3011870178761e-103
2642                         3.5792100229878e-104
2644                         5.5608389529325e-105
2646                         8.6300104098869e-106
2648                         1.3378277145911e-106
2650                         2.0716048769472e-107
2652                         3.204287886956e-108
2654                         4.9507842250722e-109
2656                         7.6407208986807e-110
2658                         1.1779111713882e-110
2660                         1.8138802515431e-111
2662                         2.7901178749056e-112
2664                         4.287008627237e-113
2666                         6.5796687629649e-114
2668                         1.0087221816854e-114
2670                         1.5447456413304e-115
2672                         2.3629811275909e-116
2674                         3.6106167685756e-117
2676                         5.5108730122841e-118
2678                         8.4018955773377e-119
2680                         1.2795345662931e-119
2682                         1.9464561887726e-120
2684                         2.9577067355597e-121
2686                         4.4893498918761e-122
2688                         6.8065911777397e-123
2690                         1.0308458936219e-123
2692                         1.5594652121243e-124
2694                         2.3565437347248e-125
2696                         3.5570763273593e-126
2698                         5.3632585233242e-127
2700                         8.0775963318788e-128
2702                         1.2152158561806e-128
2704                         1.8261757702853e-129
2706                         2.7412559798553e-130
2708                         4.1103090286103e-131
2710                         6.1562638526321e-132
2712                         9.2103862282428e-133
2714                         1.3764369627135e-133
2716                         2.0547201411559e-134
2718                         3.0638457486294e-135
2720                         4.5635097462512e-136
2722                         6.7896741987303e-137
2724                         1.0090594528569e-137
2726                         1.4979676771261e-138
2728                         2.2212937599114e-139
2730                         3.290238788635e-140
2732                         4.8681808816711e-141
2734                         7.1948850886377e-142
2736                         1.0621818713099e-142
2738                         1.5663606878046e-143
2740                         7.9195666369292e-143
2741.9548839583              1.9777450421825e-143
2743.8115212149              2.747964329202e-144
2745.5748493593              4.2128008775723e-145
2747.2495578322              7.0914998153901e-146
2748.8401003969              1.304678572236e-146
2750.3507069837              2.6118969538946e-147
2751.7853949391              5.6660143946654e-148
2753.1479797095              1.3265979348118e-148
2754.4420849884              3.3396155085854e-149
2755.671152353               9.0071048582567e-150
2756.8384504171              2.5936919464912e-150
2757.9470835235              7.9484397537729e-151
2759                         2.5842299110023e-151
2760                         4.508786145131e-152
2761                         5.0232191138439e-154
2762                         1.9948630531401e-154
2763                         8.1360805565991e-155
2764                         3.4079136491617e-155
2765                         1.4659971053809e-155
2766                         6.476626202071e-156
2767                         2.93856797379e-156
2768                         1.3692849618409e-156
2769                         6.5527428446084e-157
2770                         3.2205021991346e-157
2771                         1.6255310295264e-157
2772                         8.4263232791182e-158
2773                         4.4859265527378e-158
2774                         2.4526602303015e-158
2775                         1.3771898331611e-158
2776                         7.9418451449185e-159
2777                         4.7034898132644e-159
2778                         2.86081769855e-159
2779                         1.7870279099858e-159
2780                         1.1464197137175e-159
2781                         7.5531320667352e-160
2782                         5.1107137806457e-160
2783                         3.5514600854832e-160
2784                         2.534561990083e-160
2785                         1.8576715563641e-160
2786                         1.3983114889776e-160
2787                         1.080950973657e-160
2788                         8.5816698021139e-161
2789                         6.9967382266884e-161
2790                         5.8582513768955e-161
2791                         5.0370199596944e-161
2792                         4.447221337812e-161
2793                         4.0315951652368e-161
2794                         3.7521881311984e-161
2795                         3.5845534326207e-161
2796                         3.5141601767613e-161
2797                         3.5342728705397e-161
2798                         3.6448699339327e-161
2799                         3.8523674826512e-161
2800                         4.1700501946554e-161
2801                         4.6192154952067e-161
2802                         5.2311309492662e-161
2803                         6.0500031004818e-161
2804                         7.137272975582e-161
2805                         8.5777039801578e-161
2806                         1.0487930022898e-160
2807                         1.3028409033962e-160
2808                         1.6420111614966e-160
2809                         2.0967810584568e-160
2810                         2.7092586198659e-160
2811                         3.537720979206e-160
2812                         4.662953580992e-160
2813                         6.1971087160475e-160
2814                         8.29608975949e-160
2815                         1.117687082249e-159
2816                         1.5141726697035e-159
2817                         2.0612139952766e-159
2818                         2.8176261919934e-159
2819                         3.865535973073e-159
2820                         5.3196861542828e-159
2821                         7.3404667367116e-159
2822                         1.0152167516226e-158
2823                         1.406854738791e-158
2824                         1.9528656776265e-158
2825                         2.7147028779778e-158
2826                         3.7784007409183e-158
2827                         5.2644297991357e-158
2828                         7.3415072114251e-158
2829                         1.0245951126273e-157
2830                         1.4308805359926e-157
2831                         1.9993855178088e-157
2832                         2.7950908601143e-157
2833                         3.9090474914688e-157
2834                         5.4688435296792e-157
2835                         7.6532753298018e-157
2836                         1.0712911290877e-156
2837                         1.4998915643325e-156
2838                         2.100345045802e-156
2839                         2.9416307216872e-156
2840                         4.120428796892e-156
2841                         5.7722475545509e-156
2842                         8.0870204154698e-156
2843                         1.1330968873671e-155
2844                         1.5877248643191e-155
2845                         2.22489077209e-155
2846                         3.1179102773871e-155
2847                         4.3695507549972e-155
2848                         6.1238632728702e-155
2849                         8.5827681559463e-155
2850                         1.202930394409e-154
2851                         1.6860216860396e-154
2852                         2.3631643484485e-154
2853                         3.3123147037681e-154
2854                         4.642748115132e-154
2855                         6.5076417578889e-154
2856                         9.1217127179603e-154
2857                         1.2785942486329e-153
2858                         1.7922234939467e-153
2859                         2.5121998768783e-153
2860                         3.521424876902e-153
2861                         4.9361068058963e-153
2862                         6.9191424014491e-153
2863                         9.698874725994e-153
2864                         1.3595387407261e-152
2865                         1.9057363092592e-152
2866                         2.671375049757e-152
2867                         3.7446189693689e-152
2868                         5.2490535668166e-152
2869                         7.3579170963712e-152
2870                         1.0314049522175e-151
2871                         1.445785635885e-151
2872                         2.0266507538792e-151
2873                         2.8408885202488e-151
2874                         3.982260785654e-151
2875                         5.582200052194e-151
2876                         7.8249444043926e-151
2877                         1.0968753201116e-150
2878                         1.537564659607e-150
2879                         2.1553093506027e-150
2880                         3.0212448555555e-150
2881                         4.235086723585e-150
2882                         5.9366132121831e-150
2883                         8.321761282647e-150
2884                         1.1665189484841e-149
2885                         1.6351905934071e-149
2886                         2.2921603463083e-149
2887                         3.2130807312287e-149
2888                         4.5039991903675e-149
2889                         6.313569852994e-149
2890                         8.8501716280525e-149
2891                         1.2405903834687e-148
2892                         1.7390222559907e-148
2893                         2.4377091099458e-148
2894                         3.4171074036707e-148
2895                         4.7899985947239e-148
2896                         6.714476358435e-148
2897                         9.4121516827727e-148
2898                         1.3193672226347e-147
2899                         1.8494494591908e-147
2900                         2.5925028830468e-147
2901                         3.6340929508877e-147
2902                         5.0941627628116e-147
2903                         7.1408449722329e-147
2904                         1.0009822908509e-146
2905                         1.4031470420162e-146
2906                         1.9668895696215e-146
2907                         2.7571269958295e-146
2908                         3.8648582027861e-146
2909                         5.4176427045097e-146
2910                         7.5942896164225e-146
2911                         1.0645448213973e-145
2912                         1.4922471162526e-145
2913                         2.0917874130674e-145
2914                         2.932205086736e-145
2915                         4.1102774702519e-145
2916                         5.7616641375397e-145
2917                         8.0765286261758e-145
2918                         1.1321436501567e-144
2919                         1.5870051409067e-144
2920                         2.2246163882747e-144
2921                         3.1184007843947e-144
2922                         4.37128104669e-144
2923                         6.127531165428e-144
2924                         8.589390109702e-144
2925                         1.2040350424123e-143
2926                         1.6877803487856e-143
2927                         2.3658800663423e-143
2928                         3.3164199907893e-143
2929                         4.6488584575949e-143
2930                         6.5166308911585e-143
2931                         9.1348184852475e-143
2932                         1.2804915631358e-142
2933                         1.7949548159817e-142
2934                         2.5161140332902e-142
2935                         3.5270134781775e-142
2936                         4.9440621175883e-142
2937                         6.9304385634686e-142
2938                         9.714881718803e-142
2939                         1.361803094383e-141
2940                         1.9089348914084e-141
2941                         2.6758878979662e-141
2942                         3.7509797085113e-141
2943                         5.2580112883127e-141
2944                         7.3705231317183e-141
2945                         1.033177911889e-140
2946                         1.4482779289119e-140
2947                         2.0301527309518e-140
2948                         2.8458074439493e-140
2949                         3.9891678515545e-140
2950                         5.5918963110972e-140
2951                         7.838553181446e-140
2952                         1.0987849659608e-139
2953                         1.5402439372115e-139
2954                         2.1590679337746e-139
2955                         3.02651692374e-139
2956                         4.2424810013639e-139
2957                         5.9469831163886e-139
2958                         8.3363032563414e-139
2959                         1.168558084354e-138
2960                         1.6380498099933e-138
2961                         2.296169284134e-138
2962                         3.2187015005506e-138
2963                         4.5118795993113e-138
2964                         6.324618022269e-138
2965                         8.8656605849416e-138
2966                         1.2427618131348e-137
2967                         1.7420663800389e-137
2968                         2.4419766043561e-137
2969                         3.4230898458014e-137
2970                         4.798385075241e-137
2971                         6.7262328385966e-137
2972                         9.4286322355554e-137
2973                         1.3216774971457e-136
2974                         1.8526880281468e-136
2975                         2.5970427256661e-136
2976                         3.6404569017921e-136
2977                         5.1030837201216e-136
2978                         7.1533502956048e-136
2979                         1.0027352725934e-135
2980                         1.4056043467084e-135
2981                         1.9703341784075e-135
2982                         2.7619555842238e-135
2983                         3.8716268198682e-135
2984                         5.4271308046891e-135
2985                         7.6075898172969e-135
2986                         1.0664092116267e-134
2987                         1.4948605720788e-134
2988                         2.095450888451e-134
2989                         2.9373404502896e-134
2990                         4.1174760851996e-134
2991                         5.7717549596678e-134
2992                         8.0906736615168e-134
2993                         1.1341264616149e-133
2994                         1.5897845899447e-133
2995                         2.2285125406797e-133
2996                         3.1238622989419e-133
2997                         4.3789368399849e-133
2998                         6.1382628341437e-133
2999                         8.6044334499142e-133
3000                         1.2061437738081e-132
3001                         1.6907363065381e-132
3002                         2.3700236408972e-132
3003                         3.3222283313432e-132
3004                         4.6570004176844e-132
3005                         6.5280440497427e-132
3006                         9.1508171125675e-132
3007                         1.2827342032252e-131
3008                         1.7980984822264e-131
3009                         2.5205207311507e-131
3010                         3.5331906561054e-131
3011                         4.9527211016793e-131
3012                         6.9425764694117e-131
3013                         9.7318962736026e-131
3014                         1.3641881439468e-130
3015                         1.9122781827557e-130
3016                         2.6805744240405e-130
3017                         3.7575491409234e-130
3018                         5.2672201226079e-130
3019                         7.3834318007582e-130
3020                         1.0349874105785e-129
3021                         1.4508144301488e-129
3022                         2.0337083226468e-129
3023                         2.850791566209e-129
3024                         3.9961544452901e-129
3025                         5.6016899095319e-129
3026                         7.8522815552169e-129
3027                         1.1007093683905e-128
3028                         1.542941507055e-128
3029                         2.1628493066014e-128
3030                         3.0318175392109e-128
3031                         4.2499112457866e-128
3032                         5.9573986110537e-128
3033                         8.3509033856109e-128
3034                         1.1706046868581e-127
3035                         1.6409186762418e-127
3036                         2.3001907751336e-127
3037                         3.2243387064907e-127
3038                         4.5197816661838e-127
3039                         6.3356949035308e-127
3040                         8.8811878261634e-127
3041                         1.2449383754201e-126
3042                         1.7451174200233e-126
3043                         2.4462534610529e-126
3044                         3.4290850157424e-126
3045                         4.8067889253507e-126
3046                         6.7380131046042e-126
3047                         9.445145460491e-126
3048                         1.3239922716814e-125
3049                         1.8559328099336e-125
3050                         2.6015911638319e-125
3051                         3.6468327665217e-125
3052                         5.1120212168106e-125
3053                         7.1658786114415e-125
3054                         1.0044914544771e-124
3055                         1.4080661100041e-124
3056                         1.9737850046463e-124
3057                         2.7667928493466e-124
3058                         3.8784075535964e-124
3059                         5.4366358346433e-124
3060                         7.6209136843092e-124
3061                         1.0682769114973e-123
3062                         1.4974786579567e-123
3063                         2.099120843015e-123
3064                         2.9424848829515e-123
3065                         4.1246873972069e-123
3066                         5.7818635613905e-123
3067                         8.1048435974005e-123
3068                         1.136112760892e-122
3069                         1.5925689249275e-122
3070                         2.2324155382721e-122
3071                         3.1293334043584e-122
3072                         4.3866060720992e-122
3073                         6.1490133345899e-122
3074                         8.6195031802504e-122
3075                         1.2082562035833e-121
3076                         1.6936974474846e-121
3077                         2.374174479807e-121
3078                         3.3280468533137e-121
3079                         4.6651566479447e-121
3080                         6.5394772096403e-121
3081                         9.1668437745276e-121
3082                         1.2849807728166e-120
3083                         1.8012476563595e-120
3084                         2.5249351493635e-120
3085                         3.5393786556683e-120
3086                         4.9613952545902e-120
3087                         6.9547356378072e-120
3088                         9.7489406325838e-120
3089                         1.366577371266e-119
3090                         1.9156273302296e-119
3091                         2.6852691589081e-119
3092                         3.7641300799981e-119
3093                         5.2764450863867e-119
3094                         7.3963630793723e-119
3095                         1.0368000785804e-118
3096                         1.4533553739975e-118
3097                         2.0372701418188e-118
3098                         2.8557844179092e-118
3099                         4.0031532756339e-118
3100                         5.6115006608063e-118
3101                         7.8660339732415e-118
3102                         1.1026371412617e-117
3103                         1.5456438014705e-117
3104                         2.1666373021775e-117
3105                         3.0371274382373e-117
3106                         4.2573545036002e-117
3107                         5.9678323474776e-117
3108                         8.3655290856053e-117
3109                         1.1726548737866e-116
3110                         1.6437925670256e-116
3111                         2.3042193093724e-116
3112                         3.2299857854279e-116
3113                         4.5276975727224e-116
3114                         6.3467911848166e-116
3115                         8.8967422617512e-116
3116                         1.2471187497295e-115
3117                         1.748173803588e-115
3118                         2.4505378082196e-115
3119                         3.435090685599e-115
3120                         4.8152074939264e-115
3121                         6.7498140025153e-115
3122                         9.4616876066132e-115
3123                         1.3263111003024e-114
3124                         1.8591832746158e-114
3125                         2.6061475681106e-114
3126                         3.6532197979096e-114
3127                         5.120974366587e-114
3128                         7.1784288693083e-114
3129                         1.0062507121288e-113
3130                         1.4105321848196e-113
3131                         1.9772418746445e-113
3132                         2.7716385864304e-113
3133                         3.8852001630659e-113
3134                         5.4461575116575e-113
3135                         7.6342608866712e-113
3136                         1.0701478824475e-112
3137                         1.5001013291363e-112
3138                         2.1027972251179e-112
3139                         2.9476383255453e-112
3140                         4.1319113390671e-112
3141                         5.7919898672617e-112
3142                         8.1190383504298e-112
3143                         1.1381025389624e-111
3144                         1.5953581363785e-111
3145                         2.2363253715516e-111
3146                         3.1348140918366e-111
3147                         4.3942887360613e-111
3148                         6.1597826633998e-111
3149                         8.6345993036241e-111
3150                         1.2103723330557e-110
3151                         1.6966637745561e-110
3152                         2.3783325884716e-110
3153                         3.3338755658094e-110
3154                         4.673327162978e-110
3155                         6.5509303935061e-110
3156                         9.1828985054868e-110
3157                         1.2872312770361e-109
3158                         1.8044023459367e-109
3159                         2.529357298961e-109
3160                         3.5455774928547e-109
3161                         4.9700845993568e-109
3162                         6.9669161016917e-109
3163                         9.7660148429454e-109
3164                         1.3689707830624e-108
3165                         1.9189823433785e-108
3166                         2.6899721161036e-108
3167                         3.7707225448858e-108
3168                         5.2856862067049e-108
3169                         7.4093170057405e-108
3170                         1.0386159212765e-107
3171                         1.4559007680375e-107
3172                         2.0408381991362e-107
3173                         2.8607860140549e-107
3174                         4.0101643636796e-107
3175                         5.6213285945604e-107
3176                         7.8798104771521e-107
3177                         1.1045682904201e-106
3178                         1.5483508286644e-106
3179                         2.170431932021e-106
3180                         3.0424466369809e-106
3181                         4.2648107974788e-106
3182                         5.9782843574674e-106
3183                         8.3801804009373e-106
3184                         1.1747086513965e-105
3185                         1.6466714911191e-105
3186                         2.3082548991539e-105
3187                         3.2356427546134e-105
3188                         4.5356273431152e-105
3189                         6.357906900038e-105
3190                         8.9123239392473e-105
3191                         1.249302942728e-104
3192                         1.7512355400769e-104
3193                         2.454829658955e-104
3194                         3.4411068737336e-104
3195                         4.8236408067097e-104
3196                         6.7616355684149e-104
3197                         9.4782587245009e-104
3198                         1.3286339900989e-103
3199                         1.8624394321322e-103
3200                         2.6107119524337e-103
3201                         3.6596180154847e-103
3202                         5.1299431968265e-103
3203                         7.1910011075789e-103
3204                         1.0080130509279e-102
3205                         1.4130025786952e-102
3206                         1.9807047989721e-102
3207                         2.776492810292e-102
3208                         3.8920046690467e-102
3209                         5.4556958648449e-102
3210                         7.6476314651947e-102
3211                         1.072022130198e-101
3212                         1.5027285936365e-101
3213                         2.1064800460003e-101
3214                         2.9528007938276e-101
3215                         4.1391479328678e-101
3216                         5.802133908246e-101
3217                         8.1332579640112e-101
3218                         1.1400958019107e-100
3219                         1.5981522328273e-100
3220                         2.2402420524751e-100
3221                         3.1403043781377e-100
3222                         4.4019848553665e-100
3223                         6.1705708535066e-100
3224                         8.6497218661999e-100
3225                         1.2124921686962e-99
3226                         1.6996352968232e-99
3227                         2.3824979796064e-99
3228                         3.3397144866536e-99
3229                         4.6815119877698e-99
3230                         6.5624036363636e-99
3231                         9.1989813545416e-99
3232                         1.2894857227663e-98
3233                         1.807562560606e-98
3234                         2.5337871934675e-98
3235                         3.5517871866231e-98
3236                         4.9787891625562e-98
3237                         6.9791178983207e-98
3238                         9.7831189569097e-98
3239                         1.3713683866563e-97
3240                         1.9223432324638e-97
3241                         2.6946833100109e-97
3242                         3.7773265557496e-97
3243                         5.2949435118273e-97
3244                         7.4222936194824e-97
3245                         1.0404349442208e-96
3246                         1.4584506200542e-96
3247                         2.0444125055118e-96
3248                         2.8657963699433e-96
3249                         4.0171877308705e-96
3250                         5.6311737408532e-96
3251                         7.8936111090834e-96
3252                         1.1065028217725e-95
3253                         1.5510625969165e-95
3254                         2.1742332077378e-95
3255                         3.0477751517107e-95
3256                         4.2722801502283e-95
3257                         5.9887546729915e-95
3258                         8.3948573764199e-95
3259                         1.1767660259697e-94
3260                         1.6495554573281e-94
3261                         2.312297556822e-94
3262                         3.2413096313511e-94
3263                         4.543571001618e-94
3264                         6.3690420831966e-94
3265                         8.9279329063155e-94
3266                         1.2514909610971e-93
3267                         1.7543026388558e-93
3268                         2.4591290263882e-93
3269                         3.4471335985503e-93
3270                         4.8320888894987e-93
3271                         6.7734778384672e-93
3272                         9.4948588648513e-93
3273                         1.3309609481773e-92
3274                         1.8657012924445e-92
3275                         2.6152843307656e-92
3276                         3.6660274388224e-92
3277                         5.1389277349681e-92
3278                         7.2035953647163e-92
3279                         1.0097784762658e-91
3280                         1.4154772991888e-91
3281                         1.9841737882234e-91
3282                         2.7813555357822e-91
3283                         3.8988210923565e-91
3284                         5.4652509233877e-91
3285                         7.6610254607856e-91
3286                         1.073899660483e-90
3287                         1.5053604594955e-90
3288                         2.1101693169298e-90
3289                         2.957972303593e-90
3290                         4.146397200749e-90
3291                         5.8122957153773e-90
3292                         8.1475024816465e-90
3293                         1.1420925558348e-89
3294                         1.6009512228216e-89
3295                         2.2441655930245e-89
3296                         3.1458042800572e-89
3297                         4.4096944535582e-89
3298                         6.1813779379143e-89
3299                         8.6648709142424e-89
3300                         1.2146157169904e-88
3301                         1.7026120233774e-88
3302                         2.3866706659552e-88
3303                         3.3455636337113e-88
3304                         4.6897111473617e-88
3305                         6.5738969733153e-88
3306                         9.2150923708972e-88
3307                         1.2917441169045e-87
3308                         1.8107283100354e-87
3309                         2.5382248464353e-87
3310                         3.5580077559707e-87
3311                         4.9875089708171e-87
3312                         6.9913410650213e-87
3313                         9.8002530268018e-87
3314                         1.3737701893828e-86
3315                         1.9257100077677e-86
3316                         2.6994027550438e-86
3317                         3.7839421327951e-86
3318                         5.304217030078e-86
3319                         7.4352929603042e-86
3320                         1.0422571529795e-85
3321                         1.4610049378506e-85
3322                         2.0479930718841e-85
3323                         2.8708155009086e-85
3324                         4.0242233987026e-85
3325                         5.6410361298172e-85
3326                         7.9074359112776e-85
3327                         1.10844074124e-84
3328                         1.5537791145273e-84
3329                         2.1780411409641e-84
3330                         3.0531129987385e-84
3331                         4.2797625847142e-84
3332                         5.9992433261027e-84
3333                         8.4095600569842e-84
3334                         1.1788270038043e-83
3335                         1.6524444744813e-83
3336                         2.3163472947528e-83
3337                         3.2469864329892e-83
3338                         4.55152857255e-83
3339                         6.3801967683822e-83
3340                         8.9435692107429e-83
3341                         1.2536828115354e-82
3342                         1.7573751093149e-82
3343                         2.4634359236824e-82
3344                         3.4531708785009e-82
3345                         4.8405517681589e-82
3346                         6.7853408489301e-82
3347                         9.5114880784898e-82
3348                         1.3332919816625e-81
3349                         1.8689688655403e-81
3350                         2.6198647171069e-81
3351                         3.6724480875485e-81
3352                         5.1479280085242e-81
3353                         7.2162116792888e-81
3354                         1.0115469935492e-80
3355                         1.417956353879e-80
3356                         1.9876488530221e-80
3357                         2.7862267777934e-80
3358                         3.9056494538708e-80
3359                         5.4748227165496e-80
3360                         7.6744429144661e-80
3361                         1.0757804790529e-79
3362                         1.5079969347742e-79
3363                         2.1138650492063e-79
3364                         2.963152870682e-79
3365                         4.1536591649157e-79
3366                         5.8224753197824e-79
3367                         8.161771946968e-79
3368                         1.1440928068511e-78
3369                         1.6037551149352e-78
3370                         2.2480960052182e-78
3371                         3.1513138144424e-78
3372                         4.4174175542523e-78
3373                         6.192203949726e-78
3374                         8.6800464941545e-78
3375                         1.2167429844428e-77
3376                         1.7055939633361e-77
3377                         2.3908506602986e-77
3378                         3.351423024897e-77
3379                         4.6979246668661e-77
3380                         6.5854104395632e-77
3381                         9.2312316038984e-77
3382                         1.2940064663679e-76
3383                         1.8138996039215e-76
3384                         2.5426702714566e-76
3385                         3.5642392199508e-76
3386                         4.9962440508484e-76
3387                         7.0035856392329e-76
3388                         9.8174171051037e-76
3389                         1.3761761985984e-75
3390                         1.9290826796024e-75
3391                         2.7041304656571e-75
3392                         3.7905692962842e-75
3393                         5.3135067898586e-75
3394                         7.4483150680165e-75
3395                         1.0440825531328e-74
3396                         1.4635637292484e-74
3397                         2.0515799092172e-74
3398                         2.8758434223191e-74
3399                         4.0312713887179e-74
3400                         5.6509157916501e-74
3401                         7.9212849260628e-74
3402                         1.1103820547563e-73
3403                         1.5565003898144e-73
3404                         2.1818557433587e-73
3405                         3.0584601944077e-73
3406                         4.2872581238467e-73
3407                         6.0097503489168e-73
3408                         8.4242884876501e-73
3409                         1.1808915912113e-72
3410                         1.6553385514253e-72
3411                         2.3204041253475e-72
3412                         3.252673176912e-72
3413                         4.5595000802797e-72
3414                         6.3913709897551e-72
3415                         8.9592329004147e-72
3416                         1.2558785007557e-71
3417                         1.7604529608639e-71
3418                         2.4677503640277e-71
3419                         3.4592187320759e-71
3420                         4.8490294686107e-71
3421                         6.7972246361375e-71
3422                         9.5281464163492e-71
3423                         1.335627097694e-70
3424                         1.8722421614278e-70
3425                         2.6244531254867e-70
3426                         3.6788799813292e-70
3427                         5.1569440450623e-70
3428                         7.2288500899387e-70
3429                         1.0133186081947e-69
3430                         1.4204397503593e-69
3431                         1.9911300040124e-69
3432                         2.7911065512465e-69
3433                         3.9124897745062e-69
3434                         5.4844112736502e-69
3435                         7.6878838673354e-69
3436                         1.0776645916691e-68
3437                         1.5106380275485e-68
3438                         2.1175672541501e-68
3439                         2.9683425109627e-68
3440                         4.1609338476121e-68
3441                         5.832672752643e-68
3442                         8.1760664036868e-68
3443                         1.1460965610869e-67
3444                         1.6065639177576e-67
3445                         2.2520333010971e-67
3446                         3.1568329981723e-67
3447                         4.4251541811104e-67
3448                         6.2030489221113e-67
3449                         8.6952486524324e-67
3450                         1.2188739775713e-66
3451                         1.7085811258368e-66
3452                         2.3950379754458e-66
3453                         3.3572926781677e-66
3454                         4.7061525714556e-66
3455                         6.596944070395e-66
3456                         9.2473991030125e-66
3457                         1.2962727780906e-65
3458                         1.8170764519847e-65
3459                         2.5471234821583e-65
3460                         3.5704815976653e-65
3461                         5.0049944294276e-65
3462                         7.015851658494e-65
3463                         9.8346112444363e-65
3464                         1.3785864216798e-64
3465                         1.9324612583086e-64
3466                         2.7088664563468e-64
3467                         3.7972080665378e-64
3468                         5.3228128196561e-64
3469                         7.4613599825539e-64
3470                         1.0459111502789e-63
3471                         1.4661270020955e-63
3472                         2.0551730285123e-63
3473                         2.8808801495966e-63
3474                         4.0383317225352e-63
3475                         5.6608127566562e-63
3476                         7.9351581959203e-63
3477                         1.1123267682762e-62
3478                         1.5592264311251e-62
3479                         2.185677026623e-62
3480                         3.0638167551205e-62
3481                         4.2947667906177e-62
3482                         6.0202757736622e-62
3483                         8.4390427135936e-62
3484                         1.1829597945235e-61
3485                         1.6582376970373e-61
3486                         2.3244680610497e-61
3487                         3.2583698805628e-61
3488                         4.567485549259e-61
3489                         6.4025647815914e-61
3490                         8.9749240233777e-61
3491                         1.2580780354928e-60
3492                         1.7635362029436e-60
3493                         2.4720723606581e-60
3494                         3.4652771778256e-60
3495                         4.8575220168565e-60
3496                         6.8091292365394e-60
3497                         9.5448339295228e-60
3498                         1.337966303434e-59
3499                         1.8755211901464e-59
3500                         2.629049569978e-59
3501                         3.6853231398905e-59
3502                         5.1659758722336e-59
3503                         7.2415106354262e-59
3504                         1.0150933256356e-58
3505                         1.4229274962452e-58
3506                         1.9946172518698e-58
3507                         2.7959948711055e-58
3508                         3.9193420752376e-58
3509                         5.4940166240914e-58
3510                         7.7013483606078e-58
3511                         1.0795520041086e-57
3512                         1.5132837459165e-57
3513                         2.1212759431132e-57
3514                         2.9735412403477e-57
3515                         4.1682212711432e-57
3516                         5.8428880452247e-57
3517                         8.1903858956285e-57
3518                         1.1481038246854e-56
3519                         1.6093776398995e-56
3520                         2.2559774927307e-56
3521                         3.1623618481648e-56
3522                         4.432904357846e-56
3523                         6.2139128883095e-56
3524                         8.7104774356699e-56
3525                         1.2210087029069e-55
3526                         1.7115735200337e-55
3527                         2.3992326242281e-55
3528                         3.3631726115085e-55
3529                         4.7143948863397e-55
3530                         6.6084979011463e-55
3531                         9.2635949177692e-55
3532                         1.2985430590155e-54
3533                         1.8202588639567e-54
3534                         2.5515844921807e-54
3535                         3.5767349082344e-54
3536                         5.0137601333551e-54
3537                         7.0281391603691e-54
3538                         9.8518354974551e-54
3539                         1.3810008660076e-53
3540                         1.9358457542317e-53
3541                         2.7136107416144e-53
3542                         3.8038584638823e-53
3543                         5.3321351479618e-53
3544                         7.4744277438525e-53
3545                         1.0477429500156e-52
3546                         1.4686947642383e-52
3547                         2.0587724407679e-52
3548                         2.8859256981581e-52
3549                         4.0454044217644e-52
3550                         5.670727055127e-52
3551                         7.9490557633107e-52
3552                         1.1142748877517e-51
3553                         1.5619572468026e-51
3554                         2.1895050024521e-51
3555                         3.0691826972705e-51
3556                         4.3022886080074e-51
3557                         6.0308196325525e-51
3558                         8.4538227799711e-51
3559                         1.1850316200703e-50
3560                         1.6611419201899e-50
3561                         2.3285391142966e-50
3562                         3.2640765613751e-50
3563                         4.5754850039259e-50
3564                         6.4137781781475e-50
3565                         8.9906426276533e-50
3566                         1.2602814224786e-49
3567                         1.766624844991e-49
3568                         2.4764019268027e-49
3569                         3.4713462342957e-49
3570                         4.8660294388955e-49
3571                         6.8210546865847e-49
3572                         9.5615506691109e-49
3573                         1.3403096060466e-48
3574                         1.8788059617406e-48
3575                         2.6336540646641e-48
3576                         3.6917775829799e-48
3577                         5.1750235177281e-48
3578                         7.2541933545819e-48
3579                         1.0168711513176e-47
3580                         1.4254195991748e-47
3581                         1.9981106073075e-47
3582                         2.8008917523994e-47
3583                         3.9262063771514e-47
3584                         5.5036387974622e-47
3585                         7.714836435811e-47
3586                         1.081442722201e-46
3587                         1.5159340980639e-46
3588                         2.1249911275922e-46
3589                         2.9787490749906e-46
3590                         4.1755214582146e-46
3591                         5.8531212294582e-46
3592                         8.2047304677219e-46
3593                         1.1501146039724e-45
3594                         1.6121962902744e-45
3595                         2.25992859269e-45
3596                         3.1679003821666e-45
3597                         4.4406681095421e-45
3598                         6.2247958838212e-45
3599                         8.725732894189e-45
3600                         1.2231471675961e-44
3601                         1.7145711560968e-44
3602                         2.4034346211525e-44
3603                         3.3690628456686e-44
3604                         4.7226516412863e-44
3605                         6.6200719746696e-44
3606                         9.2798191100923e-44
3607                         1.3008173181284e-43
3608                         1.8234468529377e-43
3609                         2.5560533207185e-43
3610                         3.5829991799348e-43
3611                         5.0225412045279e-43
3612                         7.0404482073143e-43
3613                         9.8690899578507e-43
3614                         1.3834195457279e-42
3615                         1.9392361888712e-42
3616                         2.7183633543502e-42
3617                         3.8105205389628e-42
3618                         5.3414738532542e-42
3619                         7.4875184742642e-42
3620                         1.049577971529e-41
3621                         1.471267045927e-41
3622                         2.0623781939209e-41
3623                         2.8909801443231e-41
3624                         4.0524896084312e-41
3625                         5.6806588829183e-41
3626                         7.9629779436766e-41
3627                         1.1162264641441e-40
3628                         1.5646929194021e-40
3629                         2.1933398049034e-40
3630                         3.0745582390061e-40
3631                         4.309823931655e-40
3632                         6.0413825063012e-40
3633                         8.4686296363279e-40
3634                         1.1871072233019e-39
3635                         1.6640514756321e-39
3636                         2.3326177029393e-39
3637                         3.269793905251e-39
3638                         4.5834995709245e-39
3639                         6.4250130310585e-39
3640                         9.0063917578569e-39
3641                         1.2624891625402e-38
3642                         1.769719711136e-38
3643                         2.4807404190049e-38
3644                         3.4774281349686e-38
3645                         4.8745554128493e-38
3646                         6.8330070445647e-38
3647                         9.5783066153982e-38
3648                         1.3426586498817e-37
3649                         1.8820991857492e-37
3650                         2.6382710747239e-37
3651                         3.6982506695919e-37
3652                         5.1840991106522e-37
3653                         7.266918239821e-37
3654                         1.0186553807607e-36
3655                         1.4279214916712e-36
3656                         2.0016190259384e-36
3657                         2.8058119590838e-36
3658                         3.9331070203161e-36
3659                         5.5133179220648e-36
3660                         7.7284142518355e-36
3661                         1.0833476536375e-35
3662                         1.5186070678776e-35
3663                         2.1287424585998e-35
3664                         2.9840149026281e-35
3665                         4.1829150142272e-35
3666                         5.8635052073701e-35
3667                         8.2193192499758e-35
3668                         1.1521650294928e-34
3669                         1.6150794418509e-34
3670                         2.2639848268202e-34
3671                         3.1736105587314e-34
3672                         4.448712480555e-34
3673                         6.2361382243455e-34
3674                         8.7417410438018e-34
3675                         1.2254090812573e-33
3676                         1.7177714185144e-33
3677                         2.407969426483e-33
3678                         3.3755000217115e-33
3679                         4.7318076886924e-33
3680                         6.6331253027975e-33
3681                         9.2984774157591e-33
3682                         1.3034922335791e-32
3683                         1.8272944976342e-32
3684                         2.561608475598e-32
3685                         3.5910527673862e-32
3686                         5.0342699907213e-32
3687                         7.0576140049422e-32
3688                         9.8943475411219e-32
3689                         1.3871571484625e-31
3690                         1.9448004246814e-31
3691                         2.7266990410443e-31
3692                         3.8230890215503e-31
3693                         5.3605494347444e-31
3694                         7.5166616858049e-31
3695                         1.054059599267e-30
3696                         1.4782030804306e-30
3697                         2.0731793353815e-30
3698                         2.9078997028581e-30
3699                         4.0791413273642e-30
3700                         5.7228594326564e-30
3701                         8.0301204766085e-30
3702                         1.1269562257065e-29
3703                         1.5819085225823e-29
3704                         2.2210619385716e-29
3705                         3.1193444570217e-29
3706                         4.3823890117534e-29
3707                         6.1592628923237e-29
3708                         8.6605693464232e-29
3709                         1.2184249801895e-28
3710                         1.7152463493639e-28
3711                         2.4164466491998e-28
3712                         3.4072705181634e-28
3713                         4.8092767484559e-28
3714                         6.7963002190749e-28
3715                         9.6177472935486e-28
3716                         1.3632797050961e-27
3717                         1.9360949704276e-27
3718                         2.7557291375716e-27
3719                         3.9325481994018e-27
3720                         5.6288904546813e-27
3721                         8.085246703103e-27
3722                         1.1660734397431e-26
3723                         1.6896388059827e-26
3724                         2.4615342314519e-26
3725                         3.6083480419772e-26
3726                         5.3270592570112e-26
3727                         7.928108138619e-26
3728                         1.1907506640516e-25
3729                         1.8069479484531e-25
3730                         2.7738475881994e-25
3731                         4.3131924966521e-25
3732                         6.8027150447192e-25
3733                         1.089762369759e-24
3734                         1.7756035278961e-24
3735                         2.9465296759144e-24
3736                         4.9864009287188e-24
3737                         8.6158751855821e-24
3738                         1.5216865476986e-23
3739                         2.7497207232774e-23
3740                         5.0880991985328e-23
3741                         9.6479103958484e-23
3742                         1.8757370696749e-22
3743                         3.7408451494751e-22
3744                         7.6555904596201e-22
3745                         1.608096981431e-21
3746                         3.4677868153419e-21
3747                         7.6781527503634e-21
3748                         1.7456796862452e-20
3749                         4.0756961069683e-20
3750                         9.7720379530287e-20
3751                         2.4061628897662e-19
3752                         6.0845399469059e-19
3753                         1.543045357677e-18
3754                         3.3687199046359e-18
3755                         7.0245933575713e-18
3756                         1.4545307126435e-17
3757                         3.0431104008818e-17
3758                         6.4869321848313e-17
3759                         1.4147366376738e-16
3760                         9.5070752290827e-15
3761                         3.0508132666801e-14
3762.0374419527              3.9721998580302e-14
3763.1137277578              4.5810308562239e-14
3764.2303118051              4.9446400130877e-14
3765.3887029394              5.1478495532588e-14
3766.5904664997              5.256143661036e-14
3767.8372264344              5.311734738012e-14
3769.1306674955              5.3393675796105e-14
3770.4725375156              5.3527031781159e-14
3771.8646497695              5.3589607037974e-14
3773.3088854244              5.3618199778676e-14
3774.8071960824              5.3630964402116e-14
3776.3616064171              5.3636580419845e-14
3777.9742169099              5.3639069858042e-14
3779.6472066885              5.364023889278e-14
3781.3828364711              5.3640874317778e-14
3783.1834516219              5.364131219521e-14
3785.05148532                5.3641705104769e-14
3786.9894618473              5.3642163636887e-14
3789                         2.6891924774501e-14
3791                         0
3793                         0
3795                         0
3797                         0
3799                         0
