x[nm]                    Gamma[eV]                HH[eV]                   electron_Fermi_level[eV] hole_Fermi_level[eV]    
-9                       -16                      -16                      -16                      -16
-7                       -16                      -16                      -16                      -16
-5                       -16                      -16                      -16                      -16
-3                       -16                      -16                      -16                      -16
-1                       -16                      -16                      -16                      -16
1                        -16.064830752029         -16.740935218548         -16                      -16
2.998                    -16.129726474808         -17.482612189093         -16                      -15.987129518203
4.996                    -16.129726518189         -17.482612232475         -16                      -15.974259036406
6.9939999999999          -16.129726543247         -17.482612257533         -16                      -15.961388554609
8.9919999999999          -16.129726557722         -17.482612272007         -16                      -15.948518072812
10.99                    -16.129726566082         -17.482612280368         -16                      -15.935647591015
12.988                   -16.129726570912         -17.482612285198         -15.999999999999         -15.922777109218
14.986                   -16.129726573702         -17.482612287987         -15.999999999999         -15.909906627421
16.984                   -16.129726575313         -17.482612289599         -15.999999999999         -15.897036145623
18.982                   -16.129726576244         -17.482612290529         -15.999999999999         -15.884165663826
20.98                    -16.129726576781         -17.482612291067         -15.999999999999         -15.871295182029
22.978                   -16.129726577092         -17.482612291378         -15.999999999999         -15.858424700232
24.976                   -16.129726577271         -17.482612291557         -15.999999999999         -15.845554218435
26.974                   -16.129726577375         -17.482612291661         -15.999999999999         -15.832683736638
28.972                   -16.129726577435         -17.482612291721         -15.999999999999         -15.819813254841
30.97                    -16.129726577469         -17.482612291755         -15.999999999999         -15.806942773044
32.968                   -16.129726577489         -17.482612291775         -15.999999999998         -15.794072291247
34.966                   -16.129726577501         -17.482612291787         -15.999999999998         -15.78120180945
36.964                   -16.129726577508         -17.482612291793         -15.999999999998         -15.768331327653
38.962                   -16.129726577511         -17.482612291797         -15.999999999998         -15.755460845856
40.96                    -16.129726577514         -17.482612291799         -15.999999999998         -15.742590364059
42.958                   -16.129726577515         -17.482612291801         -15.999999999998         -15.729719882262
44.956                   -16.129726577516         -17.482612291801         -15.999999999998         -15.716849400465
46.954                   -16.129726577516         -17.482612291802         -15.999999999998         -15.703978918667
48.952                   -16.129726577516         -17.482612291802         -15.999999999998         -15.69110843687
50.949999999999          -16.129726577516         -17.482612291802         -15.999999999998         -15.678237955073
52.947999999999          -16.129726577517         -17.482612291802         -15.999999999997         -15.665367473276
54.945999999999          -16.129726577517         -17.482612291802         -15.999999999997         -15.652496991479
56.943999999999          -16.129726577517         -17.482612291802         -15.999999999997         -15.639626509682
58.941999999999          -16.129726577517         -17.482612291802         -15.999999999997         -15.626756027885
60.939999999999          -16.129726577517         -17.482612291802         -15.999999999997         -15.613885546088
62.937999999999          -16.129726577517         -17.482612291802         -15.999999999997         -15.601015064291
64.935999999999          -16.129726577517         -17.482612291802         -15.999999999997         -15.588144582494
66.933999999999          -16.129726577517         -17.482612291802         -15.999999999997         -15.575274100697
68.931999999999          -16.129726577517         -17.482612291802         -15.999999999997         -15.5624036189
70.929999999999          -16.129726577517         -17.482612291802         -15.999999999997         -15.549533137103
72.927999999999          -16.129726577517         -17.482612291802         -15.999999999996         -15.536662655306
74.925999999999          -16.129726577517         -17.482612291802         -15.999999999996         -15.523792173509
76.923999999999          -16.129726577517         -17.482612291802         -15.999999999996         -15.510921691711
78.921999999999          -16.129726577517         -17.482612291802         -15.999999999996         -15.498051209914
80.919999999999          -16.129726577517         -17.482612291802         -15.999999999996         -15.485180728117
82.917999999999          -16.129726577517         -17.482612291802         -15.999999999996         -15.47231024632
84.915999999999          -16.129726577517         -17.482612291802         -15.999999999996         -15.459439764523
86.913999999999          -16.129726577517         -17.482612291802         -15.999999999996         -15.446569282726
88.911999999999          -16.129726577517         -17.482612291802         -15.999999999996         -15.433698800929
90.909999999999          -16.129726577517         -17.482612291802         -15.999999999996         -15.420828319132
92.907999999999          -16.129726577517         -17.482612291802         -15.999999999996         -15.407957837335
94.905999999999          -16.129726577517         -17.482612291802         -15.999999999996         -15.395087355538
96.903999999999          -16.129726577517         -17.482612291802         -15.999999999995         -15.382216873741
98.901999999999          -16.129726577517         -17.482612291802         -15.999999999995         -15.369346391944
100.9                    -16.129726577517         -17.482612291802         -15.999999999995         -15.356475910147
102.898                  -16.129726577517         -17.482612291802         -15.999999999995         -15.34360542835
104.896                  -16.129726577517         -17.482612291802         -15.999999999995         -15.330734946552
106.894                  -16.129726577517         -17.482612291802         -15.999999999995         -15.317864464755
108.892                  -16.129726577517         -17.482612291802         -15.999999999995         -15.304993982958
110.89                   -16.129726577517         -17.482612291802         -15.999999999995         -15.292123501161
112.888                  -16.129726577517         -17.482612291802         -15.999999999995         -15.279253019364
114.886                  -16.129726577517         -17.482612291802         -15.999999999995         -15.266382537567
116.884                  -16.129726577517         -17.482612291802         -15.999999999995         -15.25351205577
118.882                  -16.129726577517         -17.482612291802         -15.999999999995         -15.240641573973
120.88                   -16.129726577517         -17.482612291802         -15.999999999995         -15.227771092176
122.878                  -16.129726577517         -17.482612291802         -15.999999999995         -15.214900610379
124.876                  -16.129726577517         -17.482612291802         -15.999999999995         -15.202030128582
126.874                  -16.129726577517         -17.482612291802         -15.999999999995         -15.189159646785
128.872                  -16.129726577517         -17.482612291802         -15.999999999995         -15.176289164988
130.87                   -16.129726577517         -17.482612291802         -15.999999999995         -15.163418683191
132.868                  -16.129726577517         -17.482612291802         -15.999999999994         -15.150548201393
134.866                  -16.129726577517         -17.482612291802         -15.999999999994         -15.137677719596
136.864                  -16.129726577517         -17.482612291802         -15.999999999994         -15.124807237799
138.862                  -16.129726577517         -17.482612291802         -15.999999999994         -15.111936756002
140.86                   -16.129726577517         -17.482612291802         -15.999999999994         -15.099066274205
142.858                  -16.129726577517         -17.482612291802         -15.999999999994         -15.086195792408
144.856                  -16.129726577517         -17.482612291802         -15.999999999994         -15.073325310611
146.854                  -16.129726577517         -17.482612291802         -15.999999999994         -15.060454828814
148.852                  -16.129726577517         -17.482612291802         -15.999999999994         -15.047584347017
150.85                   -16.129726577517         -17.482612291802         -15.999999999994         -15.03471386522
152.848                  -16.129726577517         -17.482612291802         -15.999999999994         -15.021843383423
154.846                  -16.129726577517         -17.482612291802         -15.999999999994         -15.008972901626
156.844                  -16.129726577517         -17.482612291802         -15.999999999994         -14.996102419829
158.842                  -16.129726577517         -17.482612291802         -15.999999999994         -14.983231938032
160.84                   -16.129726577517         -17.482612291802         -15.999999999994         -14.970361456235
162.838                  -16.129726577517         -17.482612291802         -15.999999999994         -14.957490974438
164.836                  -16.129726577517         -17.482612291802         -15.999999999994         -14.944620492641
166.834                  -16.129726577517         -17.482612291802         -15.999999999994         -14.931750010844
168.832                  -16.129726577517         -17.482612291802         -15.999999999994         -14.918879529047
170.83                   -16.129726577517         -17.482612291802         -15.999999999994         -14.90600904725
172.828                  -16.129726577517         -17.482612291802         -15.999999999994         -14.893138565452
174.826                  -16.129726577517         -17.482612291802         -15.999999999994         -14.880268083655
176.824                  -16.129726577517         -17.482612291802         -15.999999999994         -14.867397601858
178.822                  -16.129726577517         -17.482612291802         -15.999999999994         -14.854527120061
180.82                   -16.129726577517         -17.482612291802         -15.999999999994         -14.841656638264
182.818                  -16.129726577517         -17.482612291802         -15.999999999994         -14.828786156467
184.816                  -16.129726577517         -17.482612291802         -15.999999999994         -14.81591567467
186.814                  -16.129726577517         -17.482612291802         -15.999999999994         -14.803045192873
188.812                  -16.129726577517         -17.482612291802         -15.999999999994         -14.790174711076
190.81                   -16.129726577517         -17.482612291802         -15.999999999994         -14.777304229279
192.808                  -16.129726577517         -17.482612291802         -15.999999999994         -14.764433747482
194.806                  -16.129726577517         -17.482612291802         -15.999999999994         -14.751563265685
196.804                  -16.129726577517         -17.482612291802         -15.999999999994         -14.738692783888
198.802                  -16.129726577517         -17.482612291802         -15.999999999994         -14.725822302091
200.8                    -16.129726577517         -17.482612291802         -15.999999999994         -14.712951820294
202.798                  -16.129726577517         -17.482612291802         -15.999999999994         -14.700081338497
204.796                  -16.129726577517         -17.482612291802         -15.999999999994         -14.6872108567
206.794                  -16.129726577517         -17.482612291802         -15.999999999994         -14.674340374903
208.792                  -16.129726577517         -17.482612291802         -15.999999999994         -14.661469893106
210.79                   -16.129726577517         -17.482612291802         -15.999999999994         -14.648599411309
212.788                  -16.129726577517         -17.482612291802         -15.999999999994         -14.635728929512
214.786                  -16.129726577517         -17.482612291802         -15.999999999994         -14.622858447715
216.784                  -16.129726577517         -17.482612291802         -15.999999999994         -14.609987965918
218.782                  -16.129726577517         -17.482612291802         -15.999999999994         -14.597117484121
220.78                   -16.129726577517         -17.482612291802         -15.999999999994         -14.584247002324
222.778                  -16.129726577517         -17.482612291802         -15.999999999994         -14.571376520527
224.776                  -16.129726577517         -17.482612291802         -15.999999999994         -14.55850603873
226.774                  -16.129726577517         -17.482612291802         -15.999999999994         -14.545635556933
228.772                  -16.129726577517         -17.482612291802         -15.999999999994         -14.532765075136
230.77                   -16.129726577517         -17.482612291802         -15.999999999994         -14.519894593339
232.768                  -16.129726577517         -17.482612291802         -15.999999999994         -14.507024111542
234.766                  -16.129726577517         -17.482612291802         -15.999999999994         -14.494153629745
236.764                  -16.129726577517         -17.482612291802         -15.999999999994         -14.481283147948
238.762                  -16.129726577517         -17.482612291802         -15.999999999994         -14.468412666151
240.76                   -16.129726577517         -17.482612291802         -15.999999999994         -14.455542184354
242.758                  -16.129726577517         -17.482612291802         -15.999999999994         -14.442671702557
244.756                  -16.129726577517         -17.482612291802         -15.999999999995         -14.42980122076
246.754                  -16.129726577517         -17.482612291802         -15.999999999995         -14.416930738963
248.752                  -16.129726577517         -17.482612291802         -15.999999999995         -14.404060257166
250.75                   -16.129726577517         -17.482612291802         -15.999999999995         -14.391189775369
252.748                  -16.129726577517         -17.482612291802         -15.999999999995         -14.378319293572
254.746                  -16.129726577517         -17.482612291802         -15.999999999995         -14.365448811775
256.744                  -16.129726577517         -17.482612291802         -15.999999999995         -14.352578329978
258.742                  -16.129726577517         -17.482612291802         -15.999999999995         -14.339707848181
260.74                   -16.129726577517         -17.482612291802         -15.999999999995         -14.326837366384
262.738                  -16.129726577517         -17.482612291802         -15.999999999995         -14.313966884587
264.736                  -16.129726577517         -17.482612291802         -15.999999999995         -14.30109640279
266.734                  -16.129726577517         -17.482612291802         -15.999999999995         -14.288225920993
268.732                  -16.129726577517         -17.482612291802         -15.999999999995         -14.275355439196
270.73                   -16.129726577517         -17.482612291802         -15.999999999995         -14.262484957399
272.728                  -16.129726577517         -17.482612291802         -15.999999999995         -14.249614475602
274.726                  -16.129726577517         -17.482612291802         -15.999999999995         -14.236743993805
276.724                  -16.129726577517         -17.482612291802         -15.999999999995         -14.223873512008
278.722                  -16.129726577517         -17.482612291802         -15.999999999995         -14.211003030211
280.72                   -16.129726577517         -17.482612291802         -15.999999999995         -14.198132548414
282.718                  -16.129726577517         -17.482612291802         -15.999999999995         -14.185262066617
284.716                  -16.129726577517         -17.482612291802         -15.999999999996         -14.17239158482
286.714                  -16.129726577517         -17.482612291802         -15.999999999996         -14.159521103023
288.712                  -16.129726577517         -17.482612291802         -15.999999999996         -14.146650621226
290.71                   -16.129726577517         -17.482612291802         -15.999999999996         -14.133780139429
292.708                  -16.129726577517         -17.482612291802         -15.999999999996         -14.120909657632
294.706                  -16.129726577517         -17.482612291802         -15.999999999996         -14.108039175835
296.704                  -16.129726577517         -17.482612291802         -15.999999999996         -14.095168694038
298.702                  -16.129726577517         -17.482612291802         -15.999999999996         -14.082298212241
300.7                    -16.129726577517         -17.482612291802         -15.999999999996         -14.069427730444
302.698                  -16.129726577517         -17.482612291802         -15.999999999996         -14.056557248647
304.696                  -16.129726577517         -17.482612291802         -15.999999999996         -14.04368676685
306.694                  -16.129726577517         -17.482612291802         -15.999999999996         -14.030816285053
308.692                  -16.129726577517         -17.482612291802         -15.999999999996         -14.017945803257
310.69                   -16.129726577517         -17.482612291802         -15.999999999996         -14.00507532146
312.688                  -16.129726577517         -17.482612291802         -15.999999999996         -13.992204839663
314.686                  -16.129726577517         -17.482612291802         -15.999999999996         -13.979334357866
316.684                  -16.129726577517         -17.482612291802         -15.999999999996         -13.966463876069
318.682                  -16.129726577517         -17.482612291802         -15.999999999996         -13.953593394272
320.68                   -16.129726577517         -17.482612291802         -15.999999999996         -13.940722912475
322.678                  -16.129726577517         -17.482612291802         -15.999999999997         -13.927852430678
324.676                  -16.129726577517         -17.482612291802         -15.999999999997         -13.914981948881
326.674                  -16.129726577517         -17.482612291802         -15.999999999997         -13.902111467084
328.672                  -16.129726577517         -17.482612291802         -15.999999999997         -13.889240985287
330.67                   -16.129726577517         -17.482612291802         -15.999999999997         -13.87637050349
332.668                  -16.129726577517         -17.482612291802         -15.999999999997         -13.863500021693
334.666                  -16.129726577517         -17.482612291802         -15.999999999997         -13.850629539896
336.664                  -16.129726577517         -17.482612291802         -15.999999999997         -13.837759058099
338.662                  -16.129726577517         -17.482612291802         -15.999999999997         -13.824888576302
340.66                   -16.129726577517         -17.482612291802         -15.999999999997         -13.812018094505
342.658                  -16.129726577517         -17.482612291802         -15.999999999997         -13.799147612708
344.656                  -16.129726577517         -17.482612291802         -15.999999999997         -13.786277130912
346.654                  -16.129726577517         -17.482612291802         -15.999999999997         -13.773406649115
348.652                  -16.129726577517         -17.482612291802         -15.999999999997         -13.760536167318
350.65                   -16.129726577517         -17.482612291802         -15.999999999997         -13.747665685521
352.648                  -16.129726577517         -17.482612291802         -15.999999999997         -13.734795203724
354.646                  -16.129726577517         -17.482612291802         -15.999999999997         -13.721924721927
356.644                  -16.129726577517         -17.482612291802         -15.999999999997         -13.70905424013
358.642                  -16.129726577517         -17.482612291802         -15.999999999997         -13.696183758333
360.64                   -16.129726577517         -17.482612291802         -15.999999999998         -13.683313276536
362.638                  -16.129726577517         -17.482612291802         -15.999999999998         -13.670442794739
364.636                  -16.129726577517         -17.482612291802         -15.999999999998         -13.657572312942
366.634                  -16.129726577517         -17.482612291802         -15.999999999998         -13.644701831145
368.632                  -16.129726577517         -17.482612291802         -15.999999999998         -13.631831349349
370.63                   -16.129726577517         -17.482612291802         -15.999999999998         -13.618960867552
372.628                  -16.129726577517         -17.482612291802         -15.999999999998         -13.606090385755
374.626                  -16.129726577517         -17.482612291802         -15.999999999998         -13.593219903958
376.624                  -16.129726577517         -17.482612291802         -15.999999999998         -13.580349422161
378.622                  -16.129726577517         -17.482612291802         -15.999999999998         -13.567478940364
380.62                   -16.129726577517         -17.482612291802         -15.999999999998         -13.554608458567
382.618                  -16.129726577517         -17.482612291802         -15.999999999998         -13.54173797677
384.616                  -16.129726577517         -17.482612291802         -15.999999999998         -13.528867494973
386.614                  -16.129726577517         -17.482612291802         -15.999999999998         -13.515997013176
388.612                  -16.129726577517         -17.482612291802         -15.999999999998         -13.503126531379
390.61                   -16.129726577517         -17.482612291802         -15.999999999998         -13.490256049583
392.608                  -16.129726577517         -17.482612291802         -15.999999999999         -13.477385567786
394.60599999999          -16.129726577517         -17.482612291802         -15.999999999999         -13.464515085989
396.60399999999          -16.129726577517         -17.482612291802         -15.999999999999         -13.451644604192
398.60199999999          -16.129726577517         -17.482612291802         -15.999999999999         -13.438774122395
400.59999999999          -16.129726577517         -17.482612291802         -15.999999999999         -13.425903640598
402.59799999999          -16.129726577517         -17.482612291802         -15.999999999999         -13.413033158801
404.59599999999          -16.129726577517         -17.482612291802         -15.999999999999         -13.400162677004
406.59399999999          -16.129726577517         -17.482612291802         -15.999999999999         -13.387292195207
408.59199999999          -16.129726577517         -17.482612291802         -15.999999999999         -13.37442171341
410.58999999999          -16.129726577517         -17.482612291802         -15.999999999999         -13.361551231614
412.58799999999          -16.129726577517         -17.482612291802         -15.999999999999         -13.348680749817
414.58599999999          -16.129726577517         -17.482612291802         -15.999999999999         -13.33581026802
416.58399999999          -16.129726577517         -17.482612291802         -15.999999999999         -13.322939786223
418.58199999999          -16.129726577517         -17.482612291802         -15.999999999999         -13.310069304426
420.57999999999          -16.129726577517         -17.482612291802         -15.999999999999         -13.297198822629
422.57799999999          -16.129726577517         -17.482612291802         -15.999999999999         -13.284328340832
424.57599999999          -16.129726577517         -17.482612291802         -15.999999999999         -13.271457859035
426.57399999999          -16.129726577517         -17.482612291802         -16                      -13.258587377238
428.57199999999          -16.129726577517         -17.482612291802         -16                      -13.245716895442
430.56999999999          -16.129726577517         -17.482612291802         -16                      -13.232846413645
432.56799999999          -16.129726577517         -17.482612291802         -16                      -13.219975931848
434.56599999999          -16.129726577517         -17.482612291802         -16                      -13.207105450051
436.56399999999          -16.129726577517         -17.482612291802         -16                      -13.194234968254
438.56199999999          -16.129726577517         -17.482612291802         -16                      -13.181364486457
440.55999999999          -16.129726577517         -17.482612291802         -16                      -13.16849400466
442.55799999999          -16.129726577517         -17.482612291802         -16                      -13.155623522863
444.55599999999          -16.129726577517         -17.482612291802         -16                      -13.142753041067
446.55399999999          -16.129726577517         -17.482612291802         -16                      -13.12988255927
448.55199999999          -16.129726577517         -17.482612291802         -16                      -13.117012077473
450.54999999999          -16.129726577517         -17.482612291802         -16                      -13.104141595676
452.54799999999          -16.129726577517         -17.482612291802         -16                      -13.091271113879
454.54599999999          -16.129726577517         -17.482612291802         -16                      -13.078400632082
456.54399999999          -16.129726577517         -17.482612291802         -16                      -13.065530150285
458.54199999999          -16.129726577517         -17.482612291802         -16                      -13.052659668488
460.53999999999          -16.129726577517         -17.482612291802         -16                      -13.039789186692
462.53799999999          -16.129726577517         -17.482612291802         -16                      -13.026918704895
464.53599999999          -16.129726577517         -17.482612291802         -16                      -13.014048223098
466.53399999999          -16.129726577517         -17.482612291802         -16                      -13.001177741301
468.53199999999          -16.129726577517         -17.482612291802         -16                      -12.988307259504
470.52999999999          -16.129726577517         -17.482612291802         -16                      -12.975436777707
472.52799999999          -16.129726577517         -17.482612291802         -16                      -12.96256629591
474.52599999999          -16.129726577517         -17.482612291802         -16                      -12.949695814114
476.52399999999          -16.129726577517         -17.482612291802         -16                      -12.936825332317
478.52199999999          -16.129726577517         -17.482612291802         -16                      -12.92395485052
480.51999999999          -16.129726577517         -17.482612291802         -16                      -12.911084368723
482.51799999999          -16.129726577517         -17.482612291802         -16                      -12.898213886926
484.51599999999          -16.129726577517         -17.482612291802         -16                      -12.885343405129
486.51399999999          -16.129726577517         -17.482612291802         -16                      -12.872472923332
488.51199999999          -16.129726577517         -17.482612291802         -16                      -12.859602441536
490.50999999999          -16.129726577517         -17.482612291802         -16                      -12.846731959739
492.50799999999          -16.129726577517         -17.482612291802         -16                      -12.833861477942
494.50599999999          -16.129726577517         -17.482612291802         -16                      -12.820990996145
496.50399999999          -16.129726577517         -17.482612291802         -16                      -12.808120514348
498.50199999999          -16.129726577517         -17.482612291802         -16                      -12.795250032551
500.49999999999          -16.129726577517         -17.482612291802         -16                      -12.782379550754
502.49799999999          -16.129726577517         -17.482612291802         -16                      -12.769509068958
504.49599999999          -16.129726577517         -17.482612291802         -16                      -12.756638587161
506.49399999999          -16.129726577517         -17.482612291802         -16                      -12.743768105364
508.49199999999          -16.129726577517         -17.482612291802         -16                      -12.730897623567
510.48999999999          -16.129726577517         -17.482612291802         -16                      -12.71802714177
512.48799999999          -16.129726577517         -17.482612291802         -16                      -12.705156659973
514.48599999999          -16.129726577517         -17.482612291802         -16                      -12.692286178177
516.48399999999          -16.129726577517         -17.482612291802         -16                      -12.67941569638
518.48199999999          -16.129726577517         -17.482612291802         -16                      -12.666545214583
520.47999999999          -16.129726577517         -17.482612291802         -16                      -12.653674732786
522.47799999999          -16.129726577517         -17.482612291802         -16                      -12.640804250989
524.47599999999          -16.129726577517         -17.482612291802         -16                      -12.627933769192
526.47399999999          -16.129726577517         -17.482612291802         -16                      -12.615063287396
528.47199999999          -16.129726577517         -17.482612291802         -16                      -12.602192805599
530.46999999999          -16.129726577517         -17.482612291802         -16                      -12.589322323802
532.46799999999          -16.129726577517         -17.482612291802         -16                      -12.576451842005
534.46599999999          -16.129726577517         -17.482612291802         -16                      -12.563581360208
536.46399999999          -16.129726577517         -17.482612291802         -16                      -12.550710878411
538.46199999999          -16.129726577517         -17.482612291802         -16                      -12.537840396614
540.45999999999          -16.129726577517         -17.482612291802         -16                      -12.524969914818
542.45799999999          -16.129726577517         -17.482612291802         -16                      -12.512099433021
544.45599999999          -16.129726577517         -17.482612291802         -16                      -12.499228951224
546.45399999999          -16.129726577517         -17.482612291802         -16                      -12.486358469427
548.45199999999          -16.129726577517         -17.482612291802         -16                      -12.47348798763
550.44999999999          -16.129726577517         -17.482612291802         -16                      -12.460617505833
552.44799999999          -16.129726577517         -17.482612291802         -16                      -12.447747024037
554.44599999999          -16.129726577517         -17.482612291802         -16                      -12.43487654224
556.44399999999          -16.129726577517         -17.482612291802         -16                      -12.422006060443
558.44199999999          -16.129726577517         -17.482612291802         -16                      -12.409135578646
560.43999999999          -16.129726577517         -17.482612291802         -16                      -12.396265096849
562.43799999999          -16.129726577517         -17.482612291802         -16                      -12.383394615052
564.43599999999          -16.129726577517         -17.482612291802         -16                      -12.370524133256
566.43399999999          -16.129726577517         -17.482612291802         -16                      -12.357653651459
568.43199999999          -16.129726577517         -17.482612291802         -16                      -12.344783169662
570.42999999999          -16.129726577517         -17.482612291802         -16                      -12.331912687865
572.42799999999          -16.129726577517         -17.482612291802         -16                      -12.319042206068
574.42599999999          -16.129726577517         -17.482612291802         -16                      -12.306171724271
576.42399999999          -16.129726577517         -17.482612291802         -16                      -12.293301242474
578.42199999999          -16.129726577517         -17.482612291802         -16                      -12.280430760678
580.41999999999          -16.129726577517         -17.482612291802         -16                      -12.267560278881
582.41799999999          -16.129726577517         -17.482612291802         -16                      -12.254689797084
584.41599999999          -16.129726577517         -17.482612291802         -16                      -12.241819315287
586.41399999999          -16.129726577517         -17.482612291802         -16                      -12.22894883349
588.41199999999          -16.129726577517         -17.482612291802         -16                      -12.216078351693
590.40999999999          -16.129726577517         -17.482612291802         -16                      -12.203207869897
592.40799999999          -16.129726577517         -17.482612291802         -16                      -12.1903373881
594.40599999999          -16.129726577517         -17.482612291802         -16                      -12.177466906303
596.40399999999          -16.129726577517         -17.482612291802         -16                      -12.164596424506
598.40199999999          -16.129726577517         -17.482612291802         -16                      -12.151725942709
600.39999999999          -16.129726577517         -17.482612291802         -16                      -12.138855460912
602.39799999999          -16.129726577517         -17.482612291802         -16                      -12.125984979115
604.39599999999          -16.129726577517         -17.482612291802         -16                      -12.113114497319
606.39399999999          -16.129726577517         -17.482612291802         -16                      -12.100244015522
608.39199999999          -16.129726577517         -17.482612291802         -16                      -12.087373533725
610.38999999999          -16.129726577517         -17.482612291802         -16                      -12.074503051928
612.38799999999          -16.129726577517         -17.482612291802         -16                      -12.061632570131
614.38599999999          -16.129726577517         -17.482612291802         -16                      -12.048762088334
616.38399999999          -16.129726577517         -17.482612291802         -16                      -12.035891606538
618.38199999999          -16.129726577517         -17.482612291802         -16                      -12.023021124741
620.37999999999          -16.129726577517         -17.482612291802         -16                      -12.010150642944
622.37799999999          -16.129726577517         -17.482612291802         -16                      -11.997280161147
624.37599999999          -16.129726577517         -17.482612291802         -16                      -11.98440967935
626.37399999999          -16.129726577517         -17.482612291802         -16                      -11.971539197553
628.37199999999          -16.129726577517         -17.482612291802         -16                      -11.958668715756
630.37                   -16.129726577517         -17.482612291802         -16                      -11.94579823396
632.368                  -16.129726577517         -17.482612291802         -16                      -11.932927752163
634.36599999999          -16.129726577517         -17.482612291802         -16                      -11.920057270366
636.364                  -16.129726577517         -17.482612291802         -16                      -11.907186788569
638.362                  -16.129726577517         -17.482612291802         -16                      -11.894316306772
640.36                   -16.129726577517         -17.482612291802         -16                      -11.881445824975
642.358                  -16.129726577517         -17.482612291802         -16                      -11.868575343179
644.356                  -16.129726577517         -17.482612291802         -16                      -11.855704861382
646.354                  -16.129726577517         -17.482612291802         -16                      -11.842834379585
648.352                  -16.129726577517         -17.482612291802         -16                      -11.829963897788
650.35                   -16.129726577517         -17.482612291802         -16                      -11.817093415991
652.348                  -16.129726577517         -17.482612291802         -16                      -11.804222934194
654.346                  -16.129726577517         -17.482612291802         -16                      -11.791352452398
656.344                  -16.129726577517         -17.482612291802         -16                      -11.778481970601
658.342                  -16.129726577517         -17.482612291802         -16                      -11.765611488804
660.34                   -16.129726577517         -17.482612291802         -16                      -11.752741007007
662.338                  -16.129726577517         -17.482612291802         -16                      -11.73987052521
664.336                  -16.129726577517         -17.482612291802         -16                      -11.727000043413
666.334                  -16.129726577517         -17.482612291802         -16                      -11.714129561616
668.332                  -16.129726577517         -17.482612291802         -16                      -11.70125907982
670.33                   -16.129726577517         -17.482612291802         -16                      -11.688388598023
672.328                  -16.129726577517         -17.482612291802         -16                      -11.675518116226
674.326                  -16.129726577517         -17.482612291802         -16                      -11.662647634429
676.324                  -16.129726577517         -17.482612291802         -16                      -11.649777152632
678.322                  -16.129726577517         -17.482612291802         -16                      -11.636906670835
680.32                   -16.129726577517         -17.482612291802         -16                      -11.624036189039
682.318                  -16.129726577517         -17.482612291802         -16                      -11.611165707242
684.316                  -16.129726577517         -17.482612291802         -16                      -11.598295225445
686.314                  -16.129726577517         -17.482612291802         -16                      -11.585424743648
688.312                  -16.129726577517         -17.482612291802         -16                      -11.572554261851
690.31                   -16.129726577517         -17.482612291802         -16                      -11.559683780054
692.308                  -16.129726577517         -17.482612291802         -16                      -11.546813298258
694.306                  -16.129726577517         -17.482612291802         -16                      -11.533942816461
696.304                  -16.129726577517         -17.482612291802         -16                      -11.521072334664
698.302                  -16.129726577517         -17.482612291802         -16                      -11.508201852867
700.3                    -16.129726577517         -17.482612291802         -16                      -11.49533137107
702.298                  -16.129726577517         -17.482612291802         -16                      -11.482460889273
704.296                  -16.129726577517         -17.482612291802         -16                      -11.469590407476
706.294                  -16.129726577517         -17.482612291802         -16                      -11.45671992568
708.292                  -16.129726577517         -17.482612291802         -16                      -11.443849443883
710.29                   -16.129726577517         -17.482612291802         -16                      -11.430978962086
712.288                  -16.129726577517         -17.482612291802         -16                      -11.418108480289
714.286                  -16.129726577517         -17.482612291802         -16                      -11.405237998492
716.284                  -16.129726577517         -17.482612291802         -16                      -11.392367516695
718.282                  -16.129726577517         -17.482612291802         -16                      -11.379497034899
720.28                   -16.129726577517         -17.482612291802         -16                      -11.366626553102
722.278                  -16.129726577517         -17.482612291802         -16                      -11.353756071305
724.276                  -16.129726577517         -17.482612291802         -16                      -11.340885589508
726.274                  -16.129726577517         -17.482612291802         -16                      -11.328015107711
728.272                  -16.129726577517         -17.482612291802         -16                      -11.315144625914
730.27                   -16.129726577517         -17.482612291802         -16                      -11.302274144118
732.268                  -16.129726577517         -17.482612291802         -16                      -11.289403662321
734.266                  -16.129726577517         -17.482612291802         -16                      -11.276533180524
736.264                  -16.129726577517         -17.482612291802         -16                      -11.263662698727
738.262                  -16.129726577517         -17.482612291802         -16                      -11.25079221693
740.26                   -16.129726577517         -17.482612291802         -16                      -11.237921735133
742.258                  -16.129726577517         -17.482612291802         -16                      -11.225051253336
744.256                  -16.129726577517         -17.482612291802         -16                      -11.21218077154
746.254                  -16.129726577517         -17.482612291802         -16                      -11.199310289743
748.252                  -16.129726577517         -17.482612291802         -16                      -11.186439807946
750.25                   -16.129726577517         -17.482612291802         -16                      -11.173569326149
752.248                  -16.129726577517         -17.482612291802         -16                      -11.160698844352
754.246                  -16.129726577517         -17.482612291802         -16                      -11.147828362555
756.244                  -16.129726577517         -17.482612291802         -16                      -11.134957880759
758.242                  -16.129726577517         -17.482612291802         -16                      -11.122087398962
760.24                   -16.129726577517         -17.482612291802         -16                      -11.109216917165
762.238                  -16.129726577517         -17.482612291802         -16                      -11.096346435368
764.236                  -16.129726577517         -17.482612291802         -16                      -11.083475953571
766.234                  -16.129726577517         -17.482612291802         -16                      -11.070605471774
768.232                  -16.129726577517         -17.482612291802         -16                      -11.057734989978
770.23                   -16.129726577517         -17.482612291802         -16                      -11.044864508181
772.228                  -16.129726577517         -17.482612291802         -16                      -11.031994026384
774.226                  -16.129726577517         -17.482612291802         -16                      -11.019123544587
776.224                  -16.129726577517         -17.482612291802         -16                      -11.00625306279
778.222                  -16.129726577517         -17.482612291802         -16                      -10.993382580993
780.22                   -16.129726577517         -17.482612291802         -16                      -10.980512099196
782.218                  -16.129726577517         -17.482612291802         -16                      -10.9676416174
784.216                  -16.129726577517         -17.482612291802         -16                      -10.954771135603
786.214                  -16.129726577517         -17.482612291802         -16                      -10.941900653806
788.212                  -16.129726577517         -17.482612291802         -16                      -10.929030172009
790.21                   -16.129726577517         -17.482612291802         -16                      -10.916159690212
792.208                  -16.129726577517         -17.482612291802         -16                      -10.903289208415
794.206                  -16.129726577517         -17.482612291802         -16                      -10.890418726619
796.204                  -16.129726577517         -17.482612291802         -16                      -10.877548244822
798.202                  -16.129726577517         -17.482612291802         -16                      -10.864677763025
800.2                    -16.129726577517         -17.482612291802         -16                      -10.851807281228
802.198                  -16.129726577517         -17.482612291802         -16                      -10.838936799431
804.196                  -16.129726577517         -17.482612291802         -16                      -10.826066317634
806.194                  -16.129726577517         -17.482612291802         -16                      -10.813195835838
808.192                  -16.129726577517         -17.482612291802         -16                      -10.800325354041
810.19                   -16.129726577517         -17.482612291802         -16                      -10.787454872244
812.188                  -16.129726577517         -17.482612291802         -16                      -10.774584390447
814.186                  -16.129726577517         -17.482612291802         -16                      -10.76171390865
816.184                  -16.129726577517         -17.482612291802         -16                      -10.748843426853
818.182                  -16.129726577517         -17.482612291802         -16                      -10.735972945056
820.18                   -16.129726577517         -17.482612291802         -16                      -10.72310246326
822.178                  -16.129726577517         -17.482612291802         -16                      -10.710231981463
824.176                  -16.129726577517         -17.482612291802         -16                      -10.697361499666
826.174                  -16.129726577517         -17.482612291802         -16                      -10.684491017869
828.172                  -16.129726577517         -17.482612291802         -16                      -10.671620536072
830.17                   -16.129726577517         -17.482612291802         -16                      -10.658750054275
832.168                  -16.129726577517         -17.482612291802         -16                      -10.645879572479
834.166                  -16.129726577517         -17.482612291802         -16                      -10.633009090682
836.164                  -16.129726577517         -17.482612291802         -16                      -10.620138608885
838.162                  -16.129726577517         -17.482612291802         -16                      -10.607268127088
840.16                   -16.129726577517         -17.482612291802         -16                      -10.594397645291
842.158                  -16.129726577517         -17.482612291802         -16                      -10.581527163494
844.156                  -16.129726577517         -17.482612291802         -16                      -10.568656681698
846.154                  -16.129726577517         -17.482612291802         -16                      -10.555786199901
848.152                  -16.129726577517         -17.482612291802         -16                      -10.542915718104
850.15                   -16.129726577517         -17.482612291802         -16                      -10.530045236307
852.148                  -16.129726577517         -17.482612291802         -16                      -10.51717475451
854.146                  -16.129726577517         -17.482612291802         -16                      -10.504304272713
856.144                  -16.129726577517         -17.482612291802         -16                      -10.491433790917
858.142                  -16.129726577517         -17.482612291802         -16                      -10.47856330912
860.14                   -16.129726577517         -17.482612291802         -16                      -10.465692827323
862.138                  -16.129726577517         -17.482612291802         -16                      -10.452822345526
864.136                  -16.129726577517         -17.482612291802         -16                      -10.439951863729
866.134                  -16.129726577517         -17.482612291802         -16                      -10.427081381932
868.132                  -16.129726577517         -17.482612291802         -16                      -10.414210900136
870.13                   -16.129726577517         -17.482612291802         -16                      -10.401340418339
872.128                  -16.129726577517         -17.482612291802         -16                      -10.388469936542
874.126                  -16.129726577517         -17.482612291802         -16                      -10.375599454745
876.124                  -16.129726577517         -17.482612291802         -16                      -10.362728972948
878.122                  -16.129726577517         -17.482612291802         -16                      -10.349858491151
880.12                   -16.129726577517         -17.482612291802         -16                      -10.336988009354
882.118                  -16.129726577517         -17.482612291802         -16                      -10.324117527558
884.116                  -16.129726577517         -17.482612291802         -16                      -10.311247045761
886.114                  -16.129726577517         -17.482612291802         -16                      -10.298376563964
888.112                  -16.129726577517         -17.482612291802         -16                      -10.285506082167
890.11                   -16.129726577517         -17.482612291802         -16                      -10.27263560037
892.108                  -16.129726577517         -17.482612291802         -16                      -10.259765118573
894.106                  -16.129726577517         -17.482612291802         -16                      -10.246894636777
896.104                  -16.129726577517         -17.482612291802         -16                      -10.23402415498
898.102                  -16.129726577517         -17.482612291802         -16                      -10.221153673183
900.1                    -16.129726577517         -17.482612291802         -16                      -10.208283191386
902.098                  -16.129726577517         -17.482612291802         -16                      -10.195412709589
904.096                  -16.129726577516         -17.482612291802         -16                      -10.182542227792
906.094                  -16.129726577516         -17.482612291802         -16                      -10.169671745996
908.092                  -16.129726577516         -17.482612291802         -16                      -10.156801264199
910.09                   -16.129726577515         -17.482612291801         -16                      -10.143930782402
912.088                  -16.129726577515         -17.4826122918           -16                      -10.131060300605
914.086                  -16.129726577513         -17.482612291799         -16                      -10.118189818808
916.084                  -16.129726577511         -17.482612291796         -16                      -10.105319337011
918.082                  -16.129726577506         -17.482612291792         -16                      -10.092448855214
920.08                   -16.129726577499         -17.482612291784         -16                      -10.079578373418
922.078                  -16.129726577486         -17.482612291771         -16                      -10.066707891621
924.076                  -16.129726577463         -17.482612291749         -16                      -10.053837409824
926.074                  -16.129726577423         -17.482612291709         -16                      -10.040966928027
928.072                  -16.129726577355         -17.482612291641         -16                      -10.02809644623
930.07                   -16.129726577237         -17.482612291523         -16                      -10.015225964433
932.068                  -16.129726577033         -17.482612291319         -16                      -10.002355482637
934.066                  -16.12972657668          -17.482612290966         -16                      -9.9894850008397
936.064                  -16.129726576068         -17.482612290354         -16                      -9.9766145190429
938.062                  -16.129726575009         -17.482612289294         -16                      -9.9637440372461
940.06                   -16.129726573175         -17.48261228746          -16                      -9.9508735554492
942.058                  -16.12972657             -17.482612284285         -16                      -9.9380030736524
944.056                  -16.129726564503         -17.482612278789         -16                      -9.9251325918555
946.054                  -16.129726554987         -17.482612269273         -16                      -9.9122621100587
948.052                  -16.129726538513         -17.482612252799         -16                      -9.8993916282618
950.05                   -16.129726509993         -17.482612224279         -16                      -9.886521146465
952.048                  -16.129726460619         -17.482612174905         -16                      -9.8736506646681
954.046                  -16.129726375142         -17.482612089428         -16                      -9.8607801828713
956.044                  -16.129726227163         -17.482611941449         -16                      -9.8479097010744
958.042                  -16.129725970979         -17.482611685265         -16                      -9.8350392192776
960.04                   -16.129725527471         -17.482611241757         -16                      -9.8221687374807
962.038                  -16.129724759663         -17.482610473949         -16                      -9.8092982556839
964.036                  -16.129723430426         -17.482609144711         -16                      -9.7964277738871
966.034                  -16.129721129236         -17.482606843522         -16                      -9.7835572920902
968.032                  -16.1297171454           -17.482602859685         -16                      -9.7706868102934
970.03                   -16.129710248573         -17.482595962858         -16                      -9.7578163284965
972.028                  -16.12969830883          -17.482584023116         -16                      -9.7449458466997
974.026                  -16.129677639006         -17.482563353291         -16                      -9.7320753649028
976.024                  -16.12964185639          -17.482527570675         -16                      -9.719204883106
978.022                  -16.129579912848         -17.482465627134         -16                      -9.7063344013091
980.02                   -16.129472686795         -17.482358401081         -16                      -9.6934639195123
982.018                  -16.129287089953         -17.482172804238         -16                      -9.6805934377155
984.016                  -16.128965885241         -17.481851599527         -16                      -9.6677229559186
986.014                  -16.128410120352         -17.481295834638         -16                      -9.6548524741218
988.012                  -16.127448899371         -17.480334613657         -16                      -9.6419819923249
990.01                   -16.125787599429         -17.478673313715         -16                      -9.6291115105281
992.008                  -16.122919868456         -17.475805582742         -16                      -9.6162410287312
994.006                  -16.117980218277         -17.470865932563         -16                      -9.6033705469344
996.004                  -16.1095037116           -17.462389425886         -16                      -9.5905000651375
998.002                  -16.095054895252         -17.447940609538         -16                      -9.5776295833407
1000                     -16.070722484113         -17.423608198399         -16                      -9.5647591015439
1002                     -16.044765401929         -17.397651116215         -16                      -9.5518757363819
1004                     -16.026292262865         -17.379177977151         -16                      -9.5389923712198
1006                     -16.012549820583         -17.365435534869         -16                      -9.5261090060578
1008                     -16.001963841054         -17.354849555339         -16                      -9.5132256408958
1010                     -15.993586956842         -17.346472671127         -16                      -9.5003422757338
1012                     -15.986819493942         -17.339705208228         -16                      -9.4874589105718
1014                     -15.981263788812         -17.334149503098         -16                      -9.4745755454098
1016                     -15.976645109554         -17.32953082384          -16                      -9.4616921802478
1018                     -15.972766848544         -17.325652562829         -16                      -9.4488088150858
1020                     -15.969484029478         -17.322369743764         -16                      -9.4359254499238
1022                     -15.966687003028         -17.319572717314         -16                      -9.4230420847618
1024                     -15.964291038788         -17.317176753074         -16                      -9.4101587195998
1026                     -15.962229458589         -17.315115172875         -16                      -9.3972753544378
1028                     -15.960448970673         -17.313334684958         -16                      -9.3843919892758
1030                     -15.958906414756         -17.311792129041         -16                      -9.3715086241138
1032                     -15.957566437314         -17.3104521516           -16                      -9.3586252589518
1034                     -15.956399795931         -17.309285510216         -16                      -9.3457418937898
1036                     -15.955382098894         -17.30826781318          -16                      -9.3328585286278
1038                     -15.954492852284         -17.30737856657          -16                      -9.3199751634658
1040                     -15.953714728401         -17.306600442687         -16                      -9.3070917983038
1042                     -15.9530329963           -17.305918710586         -16                      -9.2942084331418
1044                     -15.952435072928         -17.305320787214         -16                      -9.2813250679798
1046                     -15.951910165276         -17.304795879561         -16                      -9.2684417028178
1048                     -15.951448982149         -17.304334696434         -16                      -9.2555583376558
1050                     -15.951043499826         -17.303929214111         -16                      -9.2426749724938
1052                     -15.950686769923         -17.303572484208         -16                      -9.2297916073318
1054                     -15.950372760637         -17.303258474923         -16                      -9.2169082421698
1056                     -15.95009622467          -17.302981938956         -16                      -9.2040248770077
1058                     -15.949852588637         -17.302738302923         -16                      -9.1911415118457
1060                     -15.949637859961         -17.302523574247         -16                      -9.1782581466837
1062                     -15.949448548066         -17.302334262352         -16                      -9.1653747815217
1064                     -15.949281597373         -17.302167311658         -16                      -9.1524914163597
1066                     -15.949134330094         -17.30202004438          -16                      -9.1396080511977
1068                     -15.949004397208         -17.301890111494         -16                      -9.1267246860357
1070                     -15.948889736304         -17.30177545059          -16                      -9.1138413208737
1072                     -15.948788535224         -17.30167424951          -16                      -9.1009579557117
1074                     -15.948699200621         -17.301584914907         -16                      -9.0880745905497
1076                     -15.948620330707         -17.301506044993         -16                      -9.0751912253877
1078                     -15.948550691571         -17.301436405857         -16                      -9.0623078602257
1080                     -15.948489196575         -17.30137491086          -16                      -9.0494244950637
1082                     -15.948434888381         -17.301320602667         -16                      -9.0365411299017
1084                     -15.948386923265         -17.301272637551         -16                      -9.0236577647397
1086                     -15.948344557395         -17.30123027168          -16                      -9.0107743995777
1088                     -15.948307134816         -17.301192849102         -16                      -8.9978910344157
1090                     -15.948274076934         -17.30115979122          -16                      -8.9850076692537
1092                     -15.948244873269         -17.301130587555         -16                      -8.9721243040917
1094                     -15.948219073359         -17.301104787645         -16                      -8.9592409389297
1096                     -15.948196279629         -17.301081993915         -16                      -8.9463575737677
1098                     -15.948176141132         -17.301061855418         -16                      -8.9334742086057
1100                     -15.948158348038         -17.301044062324         -16                      -8.9205908434437
1102                     -15.948142626785         -17.30102834107          -16                      -8.9077074782817
1104                     -15.948128735807         -17.301014450093         -16                      -8.8948241131197
1106                     -15.948116461775         -17.30100217606          -16                      -8.8819407479577
1108                     -15.948105616277         -17.300991330563         -16                      -8.8690573827957
1110                     -15.9480960329           -17.300981747186         -16                      -8.8561740176337
1112                     -15.948087564649         -17.300973278935         -16                      -8.8432906524716
1114                     -15.948080081675         -17.300965795961         -16                      -8.8304072873096
1116                     -15.94807346927          -17.300959183556         -16                      -8.8175239221476
1118                     -15.948067626095         -17.300953340381         -16                      -8.8046405569856
1120                     -15.948062462621         -17.300948176906         -16                      -8.7917571918236
1122                     -15.948057899747         -17.300943614033         -16                      -8.7788738266616
1124                     -15.948053867588         -17.300939581874         -16                      -8.7659904614996
1126                     -15.948050304394         -17.300936018679         -16                      -8.7531070963376
1128                     -15.948047155605         -17.30093286989          -16                      -8.7402237311756
1130                     -15.948044373012         -17.300930087297         -16                      -8.7273403660136
1132                     -15.948041914018         -17.300927628303         -16                      -8.7144570008516
1134                     -15.948039740982         -17.300925455267         -16                      -8.7015736356896
1136                     -15.948037820644         -17.30092353493          -16                      -8.6886902705276
1138                     -15.948036123614         -17.300921837899         -16                      -8.6758069053656
1140                     -15.94803462392          -17.300920338205         -16                      -8.6629235402036
1142                     -15.948033298612         -17.300919012898         -16                      -8.6500401750416
1144                     -15.948032127411         -17.300917841697         -16                      -8.6371568098796
1146                     -15.948031092395         -17.300916806681         -16                      -8.6242734447176
1148                     -15.948030177727         -17.300915892013         -16                      -8.6113900795556
1150                     -15.948029369413         -17.300915083699         -16                      -8.5985067143936
1152                     -15.948028655086         -17.300914369371         -16                      -8.5856233492316
1154                     -15.948028023816         -17.300913738101         -16                      -8.5727399840696
1156                     -15.948027465945         -17.300913180231         -16                      -8.5598566189076
1158                     -15.94802697294          -17.300912687225         -16                      -8.5469732537456
1160                     -15.948026537256         -17.300912251542         -16                      -8.5340898885836
1162                     -15.948026152231         -17.300911866516         -16                      -8.5212065234216
1164                     -15.948025811972         -17.300911526258         -16                      -8.5083231582595
1166                     -15.948025511275         -17.300911225561         -16                      -8.4954397930975
1168                     -15.94802524554          -17.300910959826         -16                      -8.4825564279355
1170                     -15.948025010702         -17.300910724988         -16                      -8.4696730627735
1172                     -15.948024803169         -17.300910517454         -16                      -8.4567896976115
1174                     -15.948024619765         -17.30091033405          -16                      -8.4439063324495
1176                     -15.948024457685         -17.300910171971         -16                      -8.4310229672875
1178                     -15.94802431445          -17.300910028736         -16                      -8.4181396021255
1180                     -15.948024187868         -17.300909902154         -16                      -8.4052562369635
1182                     -15.948024076004         -17.30090979029          -16                      -8.3923728718015
1184                     -15.948023977146         -17.300909691432         -16                      -8.3794895066395
1186                     -15.948023889783         -17.300909604068         -16                      -8.3666061414775
1188                     -15.948023812576         -17.300909526862         -16                      -8.3537227763155
1190                     -15.948023744347         -17.300909458632         -16                      -8.3408394111535
1192                     -15.94802368405          -17.300909398335         -16                      -8.3279560459915
1194                     -15.948023630763         -17.300909345049         -16                      -8.3150726808295
1196                     -15.948023583673         -17.300909297958         -16                      -8.3021893156675
1198                     -15.948023542057         -17.300909256343         -16                      -8.2893059505055
1200                     -15.94802350528          -17.300909219565         -16                      -8.2764225853434
1202                     -15.948023472779         -17.300909187064         -16                      -8.2635392201814
1204                     -15.948023444056         -17.300909158342         -16                      -8.2506558550194
1206                     -15.948023418673         -17.300909132959         -16                      -8.2377724898574
1208                     -15.948023396242         -17.300909110527         -16                      -8.2248891246954
1210                     -15.948023376418         -17.300909090704         -16                      -8.2120057595334
1212                     -15.948023358899         -17.300909073185         -16                      -8.1991223943714
1214                     -15.948023343417         -17.300909057703         -16                      -8.1862390292094
1216                     -15.948023329735         -17.300909044021         -16                      -8.1733556640474
1218                     -15.948023317644         -17.30090903193          -16                      -8.1604722988854
1220                     -15.948023306959         -17.300909021244         -16                      -8.1475889337234
1222                     -15.948023297516         -17.300909011801         -16                      -8.1347055685614
1224                     -15.948023289171         -17.300909003456         -16                      -8.1218222033994
1226                     -15.948023281796         -17.300908996081         -16                      -8.1089388382374
1228                     -15.948023275278         -17.300908989564         -16                      -8.0960554730754
1230                     -15.948023269519         -17.300908983804         -16                      -8.0831721079134
1232                     -15.948023264429         -17.300908978714         -16                      -8.0702887427514
1234                     -15.948023259931         -17.300908974216         -16                      -8.0574053775894
1236                     -15.948023255955         -17.300908970241         -16                      -8.0445220124274
1238                     -15.948023252442         -17.300908966728         -16                      -8.0316386472654
1240                     -15.948023249338         -17.300908963623         -16                      -8.0187552821034
1242                     -15.948023246594         -17.30090896088          -16                      -8.0058719169414
1244                     -15.94802324417          -17.300908958455         -16                      -7.9929885517794
1246                     -15.948023242027         -17.300908956313         -16                      -7.9801051866174
1248                     -15.948023240133         -17.300908954419         -16                      -7.9672218214554
1250                     -15.94802323846          -17.300908952746         -16                      -7.9543384562934
1252                     -15.948023236981         -17.300908951267         -16                      -7.9414550911314
1254                     -15.948023235674         -17.30090894996          -16                      -7.9285717259694
1256                     -15.948023234519         -17.300908948805         -16                      -7.9156883608074
1258                     -15.948023233498         -17.300908947784         -16                      -7.9028049956454
1260                     -15.948023232596         -17.300908946882         -16                      -7.8899216304834
1262                     -15.948023231799         -17.300908946085         -16                      -7.8770382653214
1264                     -15.948023231095         -17.30090894538          -16                      -7.8641549001594
1266                     -15.948023230472         -17.300908944758         -16                      -7.8512715349974
1268                     -15.948023229922         -17.300908944208         -16                      -7.8383881698354
1270                     -15.948023229436         -17.300908943722         -16                      -7.8255048046734
1272                     -15.948023229006         -17.300908943292         -16                      -7.8126214395114
1274                     -15.948023228626         -17.300908942912         -16                      -7.7997380743494
1276                     -15.948023228291         -17.300908942577         -16                      -7.7868547091874
1278                     -15.948023227994         -17.30090894228          -16                      -7.7739713440254
1280                     -15.948023227732         -17.300908942018         -16                      -7.7610879788634
1282                     -15.948023227501         -17.300908941786         -16                      -7.7482046137014
1284                     -15.948023227296         -17.300908941582         -16                      -7.7353212485394
1286                     -15.948023227115         -17.300908941401         -16                      -7.7224378833774
1288                     -15.948023226955         -17.300908941241         -16                      -7.7095545182154
1290                     -15.948023226814         -17.3009089411           -16                      -7.6966711530534
1292                     -15.948023226689         -17.300908940975         -16                      -7.6837877878914
1294                     -15.948023226579         -17.300908940865         -16                      -7.6709044227294
1296                     -15.948023226481         -17.300908940767         -16                      -7.6580210575674
1298                     -15.948023226395         -17.300908940681         -16                      -7.6451376924054
1300                     -15.948023226319         -17.300908940605         -16                      -7.6322543272434
1302                     -15.948023226252         -17.300908940537         -16                      -7.6193709620814
1304                     -15.948023226192         -17.300908940478         -16                      -7.6064875969194
1306                     -15.94802322614          -17.300908940425         -16                      -7.5936042317574
1308                     -15.948023226093         -17.300908940379         -16                      -7.5807208665954
1310                     -15.948023226052         -17.300908940338         -16                      -7.5678375014334
1312                     -15.948023226016         -17.300908940302         -16                      -7.5549541362714
1314                     -15.948023225984         -17.30090894027          -16                      -7.5420707711094
1316                     -15.948023225956         -17.300908940241         -16                      -7.5291874059474
1318                     -15.948023225931         -17.300908940216         -16                      -7.5163040407854
1320                     -15.948023225908         -17.300908940194         -16                      -7.5034206756234
1322                     -15.948023225889         -17.300908940175         -16                      -7.4905373104614
1324                     -15.948023225872         -17.300908940157         -16                      -7.4776539452994
1326                     -15.948023225856         -17.300908940142         -16                      -7.4647705801374
1328                     -15.948023225843         -17.300908940129         -16                      -7.4518872149754
1330                     -15.948023225831         -17.300908940117         -16                      -7.4390038498134
1332                     -15.94802322582          -17.300908940106         -16                      -7.4261204846514
1334                     -15.948023225811         -17.300908940097         -16                      -7.4132371194894
1336                     -15.948023225803         -17.300908940089         -16                      -7.4003537543274
1338                     -15.948023225796         -17.300908940081         -16                      -7.3874703891654
1340                     -15.948023225789         -17.300908940075         -16                      -7.3745870240034
1342                     -15.948023225783         -17.300908940069         -16                      -7.3617036588414
1344                     -15.948023225778         -17.300908940064         -16                      -7.3488202936794
1346                     -15.948023225774         -17.30090894006          -16                      -7.3359369285174
1348                     -15.94802322577          -17.300908940056         -16                      -7.3230535633555
1350                     -15.948023225767         -17.300908940052         -16                      -7.3101701981935
1352                     -15.948023225763         -17.300908940049         -16                      -7.2972868330315
1354                     -15.948023225761         -17.300908940047         -16                      -7.2844034678695
1356                     -15.948023225758         -17.300908940044         -16                      -7.2715201027075
1358                     -15.948023225756         -17.300908940042         -16                      -7.2586367375455
1360                     -15.948023225754         -17.30090894004          -16                      -7.2457533723835
1362                     -15.948023225753         -17.300908940038         -16                      -7.2328700072215
1364                     -15.948023225751         -17.300908940037         -16                      -7.2199866420595
1366                     -15.94802322575          -17.300908940036         -16                      -7.2071032768975
1368                     -15.948023225749         -17.300908940035         -16                      -7.1942199117355
1370                     -15.948023225748         -17.300908940034         -16                      -7.1813365465735
1372                     -15.948023225747         -17.300908940033         -16                      -7.1684531814115
1374                     -15.948023225746         -17.300908940032         -16                      -7.1555698162495
1376                     -15.948023225746         -17.300908940031         -16                      -7.1426864510875
1378                     -15.948023225745         -17.300908940031         -16                      -7.1298030859255
1380                     -15.948023225744         -17.30090894003          -16                      -7.1169197207635
1382                     -15.948023225744         -17.30090894003          -16                      -7.1040363556015
1384                     -15.948023225743         -17.300908940029         -16                      -7.0911529904395
1386                     -15.948023225743         -17.300908940029         -16                      -7.0782696252775
1388                     -15.948023225743         -17.300908940028         -16                      -7.0653862601155
1390                     -15.948023225742         -17.300908940028         -16                      -7.0525028949535
1392                     -15.948023225742         -17.300908940028         -16                      -7.0396195297916
1394                     -15.948023225742         -17.300908940028         -16                      -7.0267361646296
1396                     -15.948023225742         -17.300908940027         -16                      -7.0138527994676
1398                     -15.948023225742         -17.300908940027         -16                      -7.0009694343056
1400                     -15.948023225741         -17.300908940027         -16                      -6.9880860691436
1402                     -15.948023225741         -17.300908940027         -16                      -6.9752027039816
1404                     -15.948023225741         -17.300908940027         -16                      -6.9623193388196
1406                     -15.948023225741         -17.300908940027         -16                      -6.9494359736576
1408                     -15.948023225741         -17.300908940027         -16                      -6.9365526084956
1410                     -15.948023225741         -17.300908940027         -16                      -6.9236692433336
1412                     -15.948023225741         -17.300908940027         -16                      -6.9107858781716
1414                     -15.948023225741         -17.300908940026         -16                      -6.8979025130096
1416                     -15.948023225741         -17.300908940026         -16                      -6.8850191478476
1418                     -15.948023225741         -17.300908940026         -16                      -6.8721357826856
1420                     -15.948023225741         -17.300908940026         -16                      -6.8592524175236
1422                     -15.948023225741         -17.300908940026         -16                      -6.8463690523616
1424                     -15.948023225741         -17.300908940026         -16                      -6.8334856871996
1426                     -15.94802322574          -17.300908940026         -16                      -6.8206023220376
1428                     -15.94802322574          -17.300908940026         -16                      -6.8077189568756
1430                     -15.94802322574          -17.300908940026         -16                      -6.7948355917136
1432                     -15.94802322574          -17.300908940026         -16                      -6.7819522265516
1434                     -15.94802322574          -17.300908940026         -16                      -6.7690688613896
1436                     -15.94802322574          -17.300908940026         -16                      -6.7561854962276
1438                     -15.94802322574          -17.300908940026         -16                      -6.7433021310656
1440                     -15.94802322574          -17.300908940026         -16                      -6.7304187659036
1442                     -15.94802322574          -17.300908940026         -16                      -6.7175354007416
1444                     -15.94802322574          -17.300908940026         -16                      -6.7046520355797
1446                     -15.94802322574          -17.300908940026         -16                      -6.6917686704177
1448                     -15.94802322574          -17.300908940026         -16                      -6.6788853052557
1450                     -15.94802322574          -17.300908940026         -16                      -6.6660019400937
1452                     -15.94802322574          -17.300908940026         -16                      -6.6531185749317
1454                     -15.94802322574          -17.300908940026         -16                      -6.6402352097697
1456                     -15.94802322574          -17.300908940026         -16                      -6.6273518446077
1458                     -15.94802322574          -17.300908940026         -16                      -6.6144684794457
1460                     -15.94802322574          -17.300908940026         -16                      -6.6015851142837
1462                     -15.94802322574          -17.300908940026         -16                      -6.5887017491217
1464                     -15.94802322574          -17.300908940026         -16                      -6.5758183839597
1466                     -15.94802322574          -17.300908940026         -16                      -6.5629350187977
1468                     -15.94802322574          -17.300908940026         -16                      -6.5500516536357
1470                     -15.94802322574          -17.300908940026         -16                      -6.5371682884737
1472                     -15.94802322574          -17.300908940026         -16                      -6.5242849233117
1474                     -15.94802322574          -17.300908940026         -16                      -6.5114015581497
1476                     -15.94802322574          -17.300908940026         -16                      -6.4985181929877
1478                     -15.94802322574          -17.300908940026         -16                      -6.4856348278257
1480                     -15.94802322574          -17.300908940026         -16                      -6.4727514626637
1482                     -15.94802322574          -17.300908940026         -16                      -6.4598680975017
1484                     -15.94802322574          -17.300908940026         -16                      -6.4469847323397
1486                     -15.94802322574          -17.300908940026         -16                      -6.4341013671777
1488                     -15.94802322574          -17.300908940026         -16                      -6.4212180020157
1490                     -15.94802322574          -17.300908940026         -16                      -6.4083346368537
1492                     -15.94802322574          -17.300908940026         -16                      -6.3954512716917
1494                     -15.94802322574          -17.300908940026         -16                      -6.3825679065297
1496                     -15.94802322574          -17.300908940026         -16                      -6.3696845413677
1498                     -15.94802322574          -17.300908940026         -16                      -6.3568011762057
1500                     -15.94802322574          -17.300908940026         -16                      -6.3439178110437
1502                     -15.94802322574          -17.300908940026         -16                      -6.3310344458817
1504                     -15.94802322574          -17.300908940026         -16                      -6.3181510807197
1506                     -15.94802322574          -17.300908940026         -16                      -6.3052677155577
1508                     -15.94802322574          -17.300908940026         -16                      -6.2923843503957
1510                     -15.94802322574          -17.300908940026         -16                      -6.2795009852337
1512                     -15.94802322574          -17.300908940026         -16                      -6.2666176200717
1514                     -15.94802322574          -17.300908940026         -16                      -6.2537342549097
1516                     -15.94802322574          -17.300908940026         -16                      -6.2408508897477
1518                     -15.94802322574          -17.300908940026         -16                      -6.2279675245857
1520                     -15.94802322574          -17.300908940026         -16                      -6.2150841594237
1522                     -15.94802322574          -17.300908940026         -16                      -6.2022007942617
1524                     -15.94802322574          -17.300908940026         -16                      -6.1893174290997
1526                     -15.94802322574          -17.300908940026         -16                      -6.1764340639377
1528                     -15.94802322574          -17.300908940026         -16                      -6.1635506987758
1530                     -15.94802322574          -17.300908940026         -16                      -6.1506673336138
1532                     -15.94802322574          -17.300908940026         -16                      -6.1377839684518
1534                     -15.94802322574          -17.300908940026         -16                      -6.1249006032898
1536                     -15.94802322574          -17.300908940026         -16                      -6.1120172381278
1538                     -15.94802322574          -17.300908940026         -16                      -6.0991338729658
1540                     -15.94802322574          -17.300908940026         -16                      -6.0862505078038
1542                     -15.94802322574          -17.300908940026         -16                      -6.0733671426418
1544                     -15.94802322574          -17.300908940026         -16                      -6.0604837774798
1546                     -15.94802322574          -17.300908940026         -16                      -6.0476004123178
1548                     -15.94802322574          -17.300908940026         -16                      -6.0347170471558
1550                     -15.94802322574          -17.300908940026         -16                      -6.0218336819938
1552                     -15.94802322574          -17.300908940026         -16                      -6.0089503168318
1554                     -15.94802322574          -17.300908940026         -16                      -5.9960669516698
1556                     -15.94802322574          -17.300908940026         -16                      -5.9831835865078
1558                     -15.94802322574          -17.300908940026         -16                      -5.9703002213458
1560                     -15.94802322574          -17.300908940026         -16                      -5.9574168561838
1562                     -15.94802322574          -17.300908940026         -16                      -5.9445334910218
1564                     -15.94802322574          -17.300908940026         -16                      -5.9316501258598
1566                     -15.94802322574          -17.300908940026         -16                      -5.9187667606978
1568                     -15.94802322574          -17.300908940026         -16                      -5.9058833955358
1570                     -15.94802322574          -17.300908940026         -16                      -5.8930000303738
1572                     -15.94802322574          -17.300908940026         -16                      -5.8801166652118
1574                     -15.94802322574          -17.300908940026         -16                      -5.8672333000498
1576                     -15.94802322574          -17.300908940026         -16                      -5.8543499348878
1578                     -15.94802322574          -17.300908940025         -16                      -5.8414665697258
1580                     -15.94802322574          -17.300908940025         -16                      -5.8285832045638
1582                     -15.94802322574          -17.300908940025         -16                      -5.8156998394018
1584                     -15.94802322574          -17.300908940025         -16                      -5.8028164742398
1586                     -15.948023225739         -17.300908940025         -16                      -5.7899331090778
1588                     -15.948023225739         -17.300908940025         -16                      -5.7770497439158
1590                     -15.948023225739         -17.300908940025         -16                      -5.7641663787538
1592                     -15.948023225739         -17.300908940025         -16                      -5.7512830135918
1594                     -15.948023225739         -17.300908940025         -16                      -5.7383996484298
1596                     -15.948023225739         -17.300908940024         -16                      -5.7255162832678
1598                     -15.948023225739         -17.300908940024         -16                      -5.7126329181058
1600                     -15.948023225738         -17.300908940024         -16                      -5.6997495529438
1602                     -15.948023225738         -17.300908940024         -16                      -5.6868661877818
1604                     -15.948023225738         -17.300908940023         -16                      -5.6739828226198
1606                     -15.948023225737         -17.300908940023         -16                      -5.6610994574578
1608                     -15.948023225737         -17.300908940023         -16                      -5.6482160922958
1610                     -15.948023225737         -17.300908940022         -16                      -5.6353327271338
1612                     -15.948023225736         -17.300908940022         -16                      -5.6224493619718
1614                     -15.948023225736         -17.300908940021         -16                      -5.6095659968098
1616                     -15.948023225735         -17.300908940021         -16                      -5.5966826316478
1618                     -15.948023225734         -17.30090894002          -16                      -5.5837992664858
1620                     -15.948023225733         -17.300908940019         -16                      -5.5709159013238
1622                     -15.948023225733         -17.300908940018         -16                      -5.5580325361618
1624                     -15.948023225732         -17.300908940017         -16                      -5.5451491709998
1626                     -15.94802322573          -17.300908940016         -16                      -5.5322658058378
1628                     -15.948023225729         -17.300908940015         -16                      -5.5193824406758
1630                     -15.948023225728         -17.300908940013         -16                      -5.5064990755138
1632                     -15.948023225726         -17.300908940012         -16                      -5.4936157103518
1634                     -15.948023225724         -17.30090894001          -16                      -5.4807323451898
1636                     -15.948023225722         -17.300908940008         -16                      -5.4678489800278
1638                     -15.94802322572          -17.300908940005         -16                      -5.4549656148658
1640                     -15.948023225717         -17.300908940003         -16                      -5.4420822497038
1642                     -15.948023225714         -17.30090894             -16                      -5.4291988845418
1644                     -15.948023225711         -17.300908939996         -16                      -5.4163155193798
1646                     -15.948023225707         -17.300908939992         -16                      -5.4034321542178
1648                     -15.948023225702         -17.300908939988         -16                      -5.3905487890558
1650                     -15.948023225697         -17.300908939983         -16                      -5.3776654238938
1652                     -15.948023225692         -17.300908939977         -16                      -5.3647820587318
1654                     -15.948023225685         -17.300908939971         -16                      -5.3518986935698
1656                     -15.948023225678         -17.300908939964         -16                      -5.3390153284078
1658                     -15.94802322567          -17.300908939956         -16                      -5.3261319632458
1660                     -15.948023225661         -17.300908939947         -16                      -5.3132485980838
1662                     -15.948023225651         -17.300908939936         -16                      -5.3003652329218
1664                     -15.948023225639         -17.300908939925         -16                      -5.2874818677598
1666                     -15.948023225626         -17.300908939911         -16                      -5.2745985025978
1668                     -15.948023225611         -17.300908939896         -16                      -5.2617151374358
1670                     -15.948023225594         -17.30090893988          -16                      -5.2488317722738
1672                     -15.948023225575         -17.30090893986          -16                      -5.2359484071118
1674                     -15.948023225553         -17.300908939839         -16                      -5.2230650419498
1676                     -15.948023225529         -17.300908939814         -16                      -5.2101816767878
1678                     -15.948023225501         -17.300908939787         -16                      -5.1972983116258
1680                     -15.94802322547          -17.300908939755         -16                      -5.1844149464638
1682                     -15.948023225434         -17.30090893972          -16                      -5.1715315813018
1684                     -15.948023225394         -17.30090893968          -16                      -5.1586482161398
1686                     -15.948023225349         -17.300908939635         -16                      -5.1457648509778
1688                     -15.948023225298         -17.300908939583         -16                      -5.1328814858158
1690                     -15.948023225239         -17.300908939525         -16                      -5.1199981206539
1692                     -15.948023225174         -17.30090893946          -16                      -5.1071147554919
1694                     -15.9480232251           -17.300908939385         -16                      -5.0942313903299
1696                     -15.948023225016         -17.300908939301         -16                      -5.0813480251679
1698                     -15.94802322492          -17.300908939206         -16                      -5.0684646600059
1700                     -15.948023224813         -17.300908939099         -16                      -5.0555812948439
1702                     -15.948023224691         -17.300908938977         -16                      -5.0426979296819
1704                     -15.948023224553         -17.300908938839         -16                      -5.0298145645199
1706                     -15.948023224397         -17.300908938683         -16                      -5.0169311993579
1708                     -15.948023224221         -17.300908938507         -16                      -5.0040478341959
1710                     -15.948023224022         -17.300908938307         -16                      -4.9911644690339
1712                     -15.948023223796         -17.300908938082         -16                      -4.9782811038718
1714                     -15.94802322354          -17.300908937826         -16                      -4.9653977387098
1716                     -15.948023223251         -17.300908937537         -16                      -4.9525143735478
1718                     -15.948023222924         -17.30090893721          -16                      -4.9396310083858
1720                     -15.948023222554         -17.30090893684          -16                      -4.9267476432238
1722                     -15.948023222135         -17.300908936421         -16                      -4.9138642780618
1724                     -15.948023221661         -17.300908935947         -16                      -4.9009809128998
1726                     -15.948023221125         -17.300908935411         -16                      -4.8880975477378
1728                     -15.948023220518         -17.300908934804         -16                      -4.8752141825758
1730                     -15.948023219832         -17.300908934117         -16                      -4.8623308174138
1732                     -15.948023219055         -17.30090893334          -16                      -4.8494474522518
1734                     -15.948023218175         -17.300908932461         -16                      -4.8365640870898
1736                     -15.948023217181         -17.300908931466         -16                      -4.8236807219278
1738                     -15.948023216055         -17.300908930341         -16                      -4.8107973567658
1740                     -15.948023214781         -17.300908929067         -16                      -4.7979139916038
1742                     -15.94802321334          -17.300908927626         -16                      -4.7850306264418
1744                     -15.948023211709         -17.300908925995         -16                      -4.7721472612798
1746                     -15.948023209863         -17.300908924149         -16                      -4.7592638961178
1748                     -15.948023207775         -17.300908922061         -16                      -4.7463805309558
1750                     -15.948023205412         -17.300908919698         -16                      -4.7334971657938
1752                     -15.948023202738         -17.300908917024         -16                      -4.7206138006318
1754                     -15.948023199712         -17.300908913998         -16                      -4.7077304354698
1756                     -15.948023196289         -17.300908910574         -16                      -4.6948470703078
1758                     -15.948023192414         -17.3009089067           -16                      -4.6819637051458
1760                     -15.948023188031         -17.300908902316         -16                      -4.6690803399838
1762                     -15.94802318307          -17.300908897356         -16                      -4.6561969748218
1764                     -15.948023177457         -17.300908891742         -16                      -4.6433136096598
1766                     -15.948023171105         -17.300908885391         -16                      -4.6304302444978
1768                     -15.948023163917         -17.300908878203         -16                      -4.6175468793358
1770                     -15.948023155784         -17.30090887007          -16                      -4.6046635141738
1772                     -15.948023146581         -17.300908860867         -16                      -4.5917801490118
1774                     -15.948023136168         -17.300908850453         -16                      -4.5788967838498
1776                     -15.948023124384         -17.300908838669         -16                      -4.5660134186878
1778                     -15.94802311105          -17.300908825335         -16                      -4.5531300535258
1780                     -15.948023095961         -17.300908810247         -16                      -4.5402466883638
1782                     -15.948023078888         -17.300908793173         -16                      -4.5273633232018
1784                     -15.948023059568         -17.300908773854         -16                      -4.5144799580398
1786                     -15.948023037707         -17.300908751992         -16                      -4.5015965928778
1788                     -15.948023012969         -17.300908727255         -16                      -4.4887132277158
1790                     -15.948022984977         -17.300908699263         -16                      -4.4758298625538
1792                     -15.948022953302         -17.300908667588         -16                      -4.4629464973918
1794                     -15.94802291746          -17.300908631746         -16                      -4.4500631322298
1796                     -15.948022876902         -17.300908591188         -16                      -4.4371797670678
1798                     -15.948022831009         -17.300908545295         -16                      -4.4242964019058
1800                     -15.948022779078         -17.300908493363         -16                      -4.4114130367438
1802                     -15.948022720314         -17.3009084346           -16                      -4.3985296715818
1804                     -15.94802265382          -17.300908368106         -16                      -4.3856463064198
1806                     -15.948022578577         -17.300908292863         -16                      -4.3727629412578
1808                     -15.948022493436         -17.300908207721         -16                      -4.3598795760958
1810                     -15.948022397093         -17.300908111378         -16                      -4.3469962109338
1812                     -15.948022288075         -17.30090800236          -16                      -4.3341128457718
1814                     -15.948022164714         -17.300907879            -16                      -4.3212294806098
1816                     -15.948022025124         -17.300907739409         -16                      -4.3083461154478
1818                     -15.948021867169         -17.300907581455         -16                      -4.2954627502858
1820                     -15.948021688433         -17.300907402719         -16                      -4.2825793851238
1822                     -15.948021486183         -17.300907200469         -16                      -4.2696960199618
1824                     -15.948021257325         -17.300906971611         -16                      -4.2568126547997
1826                     -15.948020998359         -17.300906712645         -16                      -4.2439292896377
1828                     -15.948020705323         -17.300906419608         -16                      -4.2310459244757
1830                     -15.948020373735         -17.300906088021         -16                      -4.2181625593137
1832                     -15.948019998524         -17.30090571281          -16                      -4.2052791941517
1834                     -15.948019573952         -17.300905288237         -16                      -4.1923958289897
1836                     -15.948019093523         -17.300904807809         -16                      -4.1795124638277
1838                     -15.948018549892         -17.300904264177         -16                      -4.1666290986657
1840                     -15.948017934742         -17.300903649028         -16                      -4.1537457335037
1842                     -15.948017238667         -17.300902952953         -16                      -4.1408623683417
1844                     -15.948016451022         -17.300902165307         -16                      -4.1279790031797
1846                     -15.948015559759         -17.300901274045         -16                      -4.1150956380177
1848                     -15.948014551251         -17.300900265537         -16                      -4.1022122728557
1850                     -15.948013410075         -17.30089912436          -16                      -4.0893289076937
1852                     -15.94801211878          -17.300897833066         -16                      -4.0764455425317
1854                     -15.948010657622         -17.300896371908         -16                      -4.0635621773697
1856                     -15.94800900426          -17.300894718546         -16                      -4.0506788122077
1858                     -15.948007133415         -17.300892847701         -16                      -4.0377954470457
1860                     -15.948005016485         -17.300890730771         -16                      -4.0249120818837
1862                     -15.948002621109         -17.300888335395         -16                      -4.0120287167217
1864                     -15.947999910671         -17.300885624957         -16                      -3.9991453515597
1866                     -15.947996843744         -17.300882558029         -16                      -3.9862619863977
1868                     -15.947993373455         -17.30087908774          -16                      -3.9733786212357
1870                     -15.947989446774         -17.30087516106          -16                      -3.9604952560737
1872                     -15.947985003705         -17.300870717991         -16                      -3.9476118909117
1874                     -15.947979976372         -17.300865690658         -16                      -3.9347285257497
1876                     -15.947974287985         -17.300860002271         -16                      -3.9218451605877
1878                     -15.947967851674         -17.30085356596          -16                      -3.9089617954257
1880                     -15.947960569169         -17.300846283454         -16                      -3.8960784302637
1882                     -15.947952329305         -17.300838043591         -16                      -3.8831950651017
1884                     -15.947943006341         -17.300828720627         -16                      -3.8703116999397
1886                     -15.947932458049         -17.300818172335         -16                      -3.8574283347777
1888                     -15.947920523567         -17.300806237852         -16                      -3.8445449696157
1890                     -15.947907020963         -17.300792735249         -16                      -3.8316616044537
1892                     -15.947891744497         -17.300777458782         -16                      -3.8187782392917
1894                     -15.947874461515         -17.3007601758           -16                      -3.8058948741297
1896                     -15.947854908959         -17.300740623245         -16                      -3.7930115089677
1898                     -15.947832789421         -17.300718503706         -16                      -3.7801281438057
1900                     -15.947807766694         -17.300693480979         -16                      -3.7672447786437
1902                     -15.947779460762         -17.300665175048         -16                      -3.7543614134817
1904                     -15.947747442156         -17.300633156441         -16                      -3.7414780483197
1906                     -15.947711225592         -17.300596939877         -16                      -3.7285946831577
1908                     -15.947670262826         -17.300555977112         -16                      -3.7157113179957
1910                     -15.947623934615         -17.300509648901         -16                      -3.7028279528337
1912                     -15.947571541687         -17.300457255973         -16                      -3.6899445876717
1914                     -15.947512294614         -17.3003980089           -16                      -3.6770612225097
1916                     -15.947445302459         -17.300331016745         -16                      -3.6641778573477
1918                     -15.94736956007          -17.300255274356         -16                      -3.6512944921857
1920                     -15.947283933882         -17.300169648167         -16                      -3.6384111270237
1922                     -15.947187146071         -17.300072860357         -16                      -3.6255277618617
1924                     -15.947077756917         -17.299963471203         -16                      -3.6126443966997
1926                     -15.946954145199         -17.299839859485         -16                      -3.5997610315377
1928                     -15.946814486476         -17.299700200762         -16                      -3.5868776663757
1930                     -15.94665672908          -17.299542443366         -16                      -3.5739943012137
1932                     -15.946478567687         -17.299364281973         -16                      -3.5611109360517
1934                     -15.946277414312         -17.299163128598         -16                      -3.5482275708897
1936                     -15.946050366646         -17.298936080931         -16                      -3.5353442057277
1938                     -15.945794173647         -17.298679887932         -16                      -3.5224608405657
1940                     -15.945505198398         -17.298390912684         -16                      -3.5095774754037
1942                     -15.94517937829          -17.298065092575         -16                      -3.4966941102417
1944                     -15.944812182702         -17.297697896988         -16                      -3.4838107450797
1946                     -15.944398568493         -17.297284282779         -16                      -3.4709273799177
1948                     -15.943932933758         -17.296818648044         -16                      -3.4580440147557
1950                     -15.943409070521         -17.296294784807         -16                      -3.4451606495937
1952                     -15.942820117269         -17.295705831554         -16                      -3.4322772844317
1954                     -15.942158512504         -17.29504422679          -16                      -3.4193939192697
1956                     -15.941415950806         -17.294301665091         -16                      -3.4065105541077
1958                     -15.940583343229         -17.293469057515         -16                      -3.3936271889457
1960                     -15.939650784228         -17.292536498513         -16                      -3.3807438237837
1962                     -15.938607527611         -17.291493241897         -16                      -3.3678604586217
1964                     -15.937441974377         -17.290327688663         -16                      -3.3549770934597
1966                     -15.936141675435         -17.289027389721         -16                      -3.3420937282977
1968                     -15.93469335236          -17.287579066645         -16                      -3.3292103631357
1970                     -15.933082939167         -17.285968653453         -16                      -3.3163269979737
1972                     -15.931295647747         -17.284181362032         -16                      -3.3034436328117
1974                     -15.929316058905         -17.282201773191         -16                      -3.2905602676497
1976                     -15.92712823993          -17.280013954216         -16                      -3.2776769024877
1978                     -15.924715888213         -17.277601602499         -16                      -3.2647935373257
1980                     -15.922062498765         -17.274948213051         -16                      -3.2519101721636
1982                     -15.919151551553         -17.272037265839         -16                      -3.2390268070016
1984                     -15.915966712641         -17.268852426927         -16                      -3.2261434418396
1986                     -15.912492041327         -17.265377755612         -16                      -3.2132600766776
1988                     -15.908712194124         -17.26159790841          -16                      -3.2003767115156
1990                     -15.904612615746         -17.257498330032         -16                      -3.1874933463536
1992                     -15.900179707407         -17.253065421692         -16                      -3.1746099811916
1994                     -15.895400963875         -17.248286678161         -16                      -3.1617266160296
1996                     -15.89026507272          -17.243150787006         -16                      -3.1488432508676
1998                     -15.884761971875         -17.23764768616          -16                      -3.1359598857056
2000                     -15.940020648566         -17.112160930571         -16                      -3.1230765205436
2002                     -15.996004592222         -16.987399441946         -16                      -3.1165808590153
2004                     -15.99166928701          -16.983064136734         -16                      -3.110085197487
2006                     -15.987994326493         -16.979389176217         -16                      -3.1035895359587
2008                     -15.984859210858         -16.976254060582         -16                      -3.0970938744304
2010                     -15.98217040052          -16.973565250244         -16                      -3.0905982129021
2012                     -15.979854074492         -16.971248924216         -16                      -3.0841025513738
2014                     -15.977851128253         -16.969245977977         -16                      -3.0776068898455
2016                     -15.976113642632         -16.967508492356         -16                      -3.0711112283172
2018                     -15.974602340446         -16.965997190171         -16                      -3.0646155667889
2020                     -15.973284720313         -16.964679570037         -16                      -3.0581199052606
2022                     -15.972133663825         -16.963528513549         -16                      -3.0516242437323
2024                     -15.971126379682         -16.962521229406         -16                      -3.045128582204
2026                     -15.970243591732         -16.961638441456         -16                      -3.0386329206757
2028                     -15.969468906364         -16.960863756088         -16                      -3.0321372591474
2030                     -15.968788313686         -16.96018316341          -16                      -3.0256415976191
2032                     -15.968189789866         -16.95958463959          -16                      -3.0191459360908
2034                     -15.967662976921         -16.959057826645         -16                      -3.0126502745625
2036                     -15.967198922496         -16.95859377222          -16                      -3.0061546130342
2038                     -15.966789866606         -16.95818471633          -16                      -2.9996589515059
2040                     -15.966429065532         -16.957823915256         -16                      -2.9931632899776
2042                     -15.966110645367         -16.957505495091         -16                      -2.9866676284493
2044                     -15.965829479445         -16.957224329169         -16                      -2.980171966921
2046                     -15.965581085166         -16.95697593489          -16                      -2.9736763053927
2048                     -15.965361536672         -16.956756386396         -16                      -2.9671806438644
2050                     -15.965167390593         -16.956562240317         -16                      -2.9606849823361
2052                     -15.964995622624         -16.956390472349         -16                      -2.9541893208078
2054                     -15.964843573135         -16.956238422859         -16                      -2.9476936592795
2056                     -15.964708900347         -16.956103750071         -16                      -2.9411979977512
2058                     -15.964589539897         -16.955984389621         -16                      -2.9347023362229
2060                     -15.9644836698           -16.955878519524         -16                      -2.9282066746946
2062                     -15.964389679998         -16.955784529722         -16                      -2.9217110131663
2064                     -15.964306145823         -16.955700995547         -16                      -2.915215351638
2066                     -15.964231804802         -16.955626654526         -16                      -2.9087196901097
2068                     -15.964165536331         -16.955560386055         -16                      -2.9022240285814
2070                     -15.964106343813         -16.955501193537         -16                      -2.8957283670531
2072                     -15.964053338914         -16.955448188638         -16                      -2.8892327055248
2074                     -15.964005727636         -16.95540057736          -16                      -2.8827370439965
2076                     -15.963962797964         -16.955357647688         -16                      -2.8762413824682
2078                     -15.963923908859         -16.955318758583         -16                      -2.8697457209399
2080                     -15.963888480405         -16.955283330129         -16                      -2.8632500594116
2082                     -15.963855984939         -16.955250834663         -16                      -2.8567543978833
2084                     -15.963825939028         -16.955220788752         -16                      -2.850258736355
2086                     -15.963797896145         -16.955192745869         -16                      -2.8437630748267
2088                     -15.963771439931         -16.955166289655         -16                      -2.8372674132984
2090                     -15.963746177941         -16.955141027665         -16                      -2.8307717517701
2092                     -15.963721735764         -16.955116585488         -16                      -2.8242760902418
2094                     -15.963697751441         -16.955092601165         -16                      -2.8177804287135
2096                     -15.963673870078         -16.955068719802         -16                      -2.8112847671852
2098                     -15.963649738582         -16.955044588307         -16                      -2.8047891056569
2100                     -15.963625000452         -16.955019850176         -16                      -2.7982934441286
2102                     -15.963599290515         -16.954994140239         -16                      -2.7917977826003
2104                     -15.963572229576         -16.9549670793           -16                      -2.785302121072
2106                     -15.96354341886          -16.954938268584         -16                      -2.7788064595437
2108                     -15.963512434202         -16.954907283926         -16                      -2.7723107980154
2110                     -15.963478819885         -16.954873669609         -16                      -2.7658151364871
2112                     -15.963442082044         -16.954836931769         -16                      -2.7593194749588
2114                     -15.963401681557         -16.954796531281         -16                      -2.7528238134304
2116                     -15.963357026309         -16.954751876033         -16                      -2.7463281519021
2118                     -15.963307462753         -16.954702312477         -16                      -2.7398324903738
2120                     -15.963252266644         -16.954647116368         -16                      -2.7333368288455
2122                     -15.963190632834         -16.954585482558         -16                      -2.7268411673172
2124                     -15.963121664015         -16.95451651374          -16                      -2.7203455057889
2126                     -15.963044358272         -16.954439207996         -16                      -2.7138498442606
2128                     -15.962957595308         -16.954352445032         -16                      -2.7073541827323
2130                     -15.962860121207         -16.954254970931         -16                      -2.700858521204
2132                     -15.962750531574         -16.954145381298         -16                      -2.6943628596757
2134                     -15.962627252893         -16.954022102618         -16                      -2.6878671981474
2136                     -15.962488521962         -16.953883371687         -16                      -2.6813715366191
2138                     -15.962332363231         -16.953727212955         -16                      -2.6748758750908
2140                     -15.962156563899         -16.953551413623         -16                      -2.6683802135625
2142                     -15.961958646644         -16.953353496368         -16                      -2.6618845520342
2144                     -15.961735839844         -16.953130689568         -16                      -2.6553888905059
2146                     -15.961485045236         -16.95287989496          -16                      -2.6488932289776
2148                     -15.96120280295          -16.952597652674         -16                      -2.6423975674493
2150                     -15.960885253961         -16.952280103685         -16                      -2.635901905921
2152                     -15.960528100061         -16.951922949786         -16                      -2.6294062443927
2154                     -15.960126561566         -16.95152141129          -16                      -2.6229105828644
2156                     -15.959675333121         -16.951070182845         -16                      -2.6164149213361
2158                     -15.959168538121         -16.950563387845         -16                      -2.6099192598078
2160                     -15.958599682482         -16.949994532206         -16                      -2.6034235982795
2162                     -15.957961608723         -16.949356458447         -16                      -2.5969279367512
2164                     -15.957246451617         -16.948641301341         -16                      -2.5904322752229
2166                     -15.956445596962         -16.947840446686         -16                      -2.5839366136946
2168                     -15.955549645369         -16.946944495093         -16                      -2.5774409521663
2170                     -15.954548383286         -16.94594323301          -16                      -2.570945290638
2172                     -15.953430763832         -16.944825613556         -16                      -2.5644496291097
2174                     -15.952184900248         -16.943579749972         -16                      -2.5579539675814
2176                     -15.950798074988         -16.942192924712         -16                      -2.5514583060531
2178                     -15.949256767488         -16.940651617212         -16                      -2.5449626445248
2180                     -15.947546703482         -16.938941553207         -16                      -2.5384669829965
2182                     -15.945652928293         -16.937047778017         -16                      -2.5319713214682
2184                     -15.94355990577          -16.934954755494         -16                      -2.5254756599399
2186                     -15.941251643437         -16.932646493161         -16                      -2.5189799984116
2188                     -15.938711842929         -16.930106692653         -16                      -2.5124843368833
2190                     -15.935924073071         -16.927318922795         -16                      -2.505988675355
2192                     -15.932871960988         -16.924266810712         -16                      -2.4994930138267
2194                     -15.929539394692         -16.920934244416         -16                      -2.4929973522984
2196                     -15.925910728911         -16.917305578635         -16                      -2.4865016907701
2198                     -15.921970984668         -16.913365834392         -16                      -2.4800060292418
2200                     -15.917706032687         -16.909100882411         -16                      -2.4735103677135
2202                     -15.913102751091         -16.904497600815         -16                      -2.4670147061852
2204                     -15.908149149327         -16.899543999051         -16                      -2.4605190446569
2206                     -15.902834452463         -16.894229302187         -16                      -2.4540233831286
2208                     -15.897149143002         -16.888543992726         -16                      -2.4475277216003
2210                     -15.891084960487         -16.882479810211         -16                      -2.441032060072
2212                     -15.884634862263         -16.876029711987         -16                      -2.4345363985437
2214                     -15.8777929513           -16.869187801024         -16                      -2.4280407370154
2216                     -15.870554378722         -16.861949228446         -16                      -2.4215450754871
2218                     -15.862915229507         -16.854310079231         -16                      -2.4150494139587
2220                     -15.854872399731         -16.846267249455         -16                      -2.4085537524304
2222                     -15.846423472885         -16.837818322609         -16                      -2.4020580909021
2224                     -15.837566601419         -16.828961451143         -16                      -2.3955624293738
2226                     -15.828300398013         -16.819695247737         -16                      -2.3890667678455
2228                     -15.818623839434         -16.810018689158         -16                      -2.3825711063172
2230                     -15.808536184305         -16.799931034029         -16                      -2.3760754447889
2232                     -15.79803690488          -16.789431754604         -16                      -2.3695797832606
2234                     -15.787125632034         -16.778520481758         -16                      -2.3630841217323
2236                     -15.775802112054         -16.767196961779         -16                      -2.356588460204
2238                     -15.764066173559         -16.755461023284         -16                      -2.3500927986757
2240                     -15.751917702762         -16.743312552486         -16                      -2.3435971371474
2242                     -15.739356625402         -16.730751475126         -16                      -2.3371014756191
2244                     -15.726382893836         -16.717777743561         -16                      -2.3306058140908
2246                     -15.712996478016         -16.70439132774          -16                      -2.3241101525625
2248                     -15.699197359305         -16.690592209029         -16                      -2.3176144910342
2250                     -15.684985526341         -16.676380376065         -16                      -2.3111188295059
2252                     -15.670360972313         -16.661755822037         -16                      -2.3046231679776
2254                     -15.655323693203         -16.646718542927         -16                      -2.2981275064493
2256                     -15.639873686684         -16.631268536408         -16                      -2.291631844921
2258                     -15.624010951427         -16.615405801151         -16                      -2.2851361833927
2260                     -15.607735486688         -16.599130336412         -16                      -2.2786405218644
2262                     -15.591047292056         -16.58244214178          -16                      -2.2721448603361
2264                     -15.573946367309         -16.565341217033         -16                      -2.2656491988078
2266                     -15.556432712327         -16.547827562051         -16                      -2.2591535372795
2268                     -15.538506327048         -16.529901176772         -16                      -2.2526578757512
2270                     -15.52016721144          -16.511562061164         -16                      -2.2461622142229
2272                     -15.501415365487         -16.492810215211         -16                      -2.2396665526946
2274                     -15.482250789181         -16.473645638905         -15.999999999999         -2.2331708911663
2276                     -15.462673482517         -16.454068332241         -15.999999999977         -2.226675229638
2278                     -15.442683445493         -16.434078295217         -15.999999999931         -2.2201795681097
2280                     -15.422280678109         -16.413675527833         -15.99999999983          -2.2136839065814
2282                     -15.401465180364         -16.392860030088         -15.999999999607         -2.2071882450531
2284                     -15.380236952259         -16.371631801983         -15.999999999106         -2.2006925835248
2286                     -15.358595993792         -16.349990843516         -15.999999997961         -2.1941969219965
2288                     -15.336542304964         -16.327937154688         -15.999999995303         -2.1877012604682
2290                     -15.314075885775         -16.305470735499         -15.999999989037         -2.1812055989399
2292                     -15.291196736224         -16.282591585948         -15.999999974025         -2.1747099374116
2294                     -15.267904856313         -16.259299706037         -15.999999937481         -2.1682142758833
2296                     -15.24420024604          -16.235595095764         -15.999999847096         -2.161718614355
2298                     -15.220082905406         -16.21147775513          -15.999999619964         -2.1552229528267
2300                     -15.195552834411         -16.186947684135         -15.999999040035         -2.1487272912984
2302                     -15.170610033055         -16.162004882779         -15.999997535606         -2.1422316297701
2304                     -15.145254501338         -16.136649351062         -15.999993570473         -2.1357359682417
2306                     -15.119486239259         -16.110881088983         -15.999982953627         -2.1292403067134
2308                     -15.093305246819         -16.084700096543         -15.999954081287         -2.1227446451851
2310                     -15.066711524018         -16.058106373742         -15.999874386259         -2.1162489836568
2312                     -15.039705070856         -16.03109992058          -15.999651523278         -2.1097533221285
2314                     -15.012285887333         -16.003680737057         -15.999023442508         -2.1032576606002
2316                     -14.984453973449         -15.975848823173         -15.997265920774         -2.0967619990719
2318                     -14.956209329203         -15.947604178927         -15.992575757173         -2.0902663375436
2320                     -14.927551954596         -15.91894680432          -15.981771251659         -2.0837706760153
2322                     -14.898481849628         -15.889876699352         -15.970966746144         -2.077275014487
2324                     -14.868999014299         -15.860393864023         -15.960162240629         -2.0707793529587
2326                     -14.839103448609         -15.830498298333         -15.949357735114         -2.0642836914304
2328                     -14.808795152557         -15.800190002281         -15.9385532296           -2.0577880299021
2330                     -14.778074126145         -15.769468975869         -15.927748724085         -2.0512923683738
2332                     -14.746940369371         -15.738335219095         -15.91694421857          -2.0447967068455
2334                     -14.715393882236         -15.70678873196          -15.906139713055         -2.0383010453172
2336                     -14.68343466474          -15.674829514464         -15.89533520754          -2.0318053837889
2338                     -14.651062716882         -15.642457566607         -15.884530702026         -2.0253097222606
2340                     -14.618278038664         -15.609672888388         -15.873726196511         -2.0188140607323
2342                     -14.585080630084         -15.576475479808         -15.862921690996         -2.012318399204
2344                     -14.551470491143         -15.542865340867         -15.852117185481         -2.0058227376757
2346                     -14.517447621841         -15.508842471565         -15.841312679966         -1.9993270761474
2348                     -14.483012022178         -15.474406871902         -15.830508174452         -1.9928314146191
2350                     -14.448163692154         -15.439558541878         -15.819703668937         -1.9863357530908
2352                     -14.412902631768         -15.404297481492         -15.808899163422         -1.9798400915625
2354                     -14.377228841021         -15.368623690745         -15.798094657907         -1.9733444300342
2356                     -14.341142319913         -15.332537169638         -15.787290152393         -1.9668487685059
2358                     -14.304643068444         -15.296037918168         -15.776485646878         -1.9603531069776
2360                     -14.267731086614         -15.259125936338         -15.765681141363         -1.9538574454493
2362                     -14.230406374423         -15.221801224147         -15.754876635848         -1.947361783921
2364                     -14.19266893187          -15.184063781594         -15.744072130333         -1.9408661223927
2366                     -14.154518758956         -15.14591360868          -15.733267624819         -1.9343704608644
2368                     -14.115955855681         -15.107350705405         -15.722463119304         -1.9278747993361
2370                     -14.076980222045         -15.068375071769         -15.711658613789         -1.9213791378078
2372                     -14.037591858048         -15.028986707772         -15.700854108274         -1.9148834762794
2374                     -13.997790763689         -14.989185613414         -15.69004960276          -1.9083878147511
2376                     -13.95757693897          -14.948971788694         -15.679245097245         -1.9018921532228
2378                     -13.916950383889         -14.908345233613         -15.66844059173          -1.8953964916945
2380                     -13.875911098447         -14.867305948171         -15.657636086215         -1.8889008301662
2382                     -13.834459082644         -14.825853932368         -15.6468315807           -1.8824051686379
2384                     -13.792594336479         -14.783989186204         -15.636027075186         -1.8759095071096
2386                     -13.750316859954         -14.741711709678         -15.625222569671         -1.8694138455813
2388                     -13.707626653067         -14.699021502791         -15.614418064156         -1.862918184053
2390                     -13.664523715819         -14.655918565543         -15.603613558641         -1.8564225225247
2392                     -13.62100804821          -14.612402897934         -15.592809053127         -1.8499268609964
2394                     -13.57707965024          -14.568474499964         -15.582004547612         -1.8434311994681
2396                     -13.532738521909         -14.524133371633         -15.571200042097         -1.8369355379398
2398                     -13.487984663216         -14.47937951294          -15.560395536582         -1.8304398764115
2400                     -13.442818074162         -14.434212923886         -15.549591031067         -1.8239442148832
2402                     -13.397238754747         -14.388633604471         -15.538786525553         -1.8174485533549
2404                     -13.351246704971         -14.342641554695         -15.527982020038         -1.8109528918266
2406                     -13.304841924834         -14.296236774558         -15.517177514523         -1.8044572302983
2408                     -13.258024414336         -14.24941926406          -15.506373009008         -1.79796156877
2410                     -13.210794173476         -14.2021890232           -15.495568503494         -1.7914659072417
2412                     -13.163151202255         -14.154546051979         -15.484763997979         -1.7849702457134
2414                     -13.115095500673         -14.106490350397         -15.473959492464         -1.7784745841851
2416                     -13.06662706873          -14.058021918454         -15.463154986949         -1.7719789226568
2418                     -13.017745906426         -14.00914075615          -15.452350481434         -1.7654832611285
2420                     -12.96845201376          -13.959846863484         -15.44154597592          -1.7589875996002
2422                     -12.918745390733         -13.910140240458         -15.430741470405         -1.7524919380719
2424                     -12.868626037346         -13.86002088707          -15.41993696489          -1.7459962765436
2426                     -12.818093953597         -13.809488803321         -15.409132459375         -1.7395006150153
2428                     -12.767149139486         -13.75854398921          -15.398327953861         -1.733004953487
2430                     -12.715791595015         -13.707186444739         -15.387523448346         -1.7265092919587
2432                     -12.664021320182         -13.655416169907         -15.376718942831         -1.7200136304304
2434                     -12.611838314989         -13.603233164713         -15.365914437316         -1.7135179689021
2436                     -12.559242579434         -13.550637429158         -15.355109931801         -1.7070223073738
2438                     -12.506234113518         -13.497628963242         -15.344305426287         -1.7005266458455
2440                     -12.452812917241         -13.444207766965         -15.333500920772         -1.6940309843172
2442                     -12.398978990602         -13.390373840326         -15.322696415257         -1.6875353227889
2444                     -12.344732333603         -13.336127183327         -15.311891909742         -1.6810396612606
2446                     -12.290072946242         -13.281467795966         -15.301087404227         -1.6745439997323
2448                     -12.23500082852          -13.226395678244         -15.290282898713         -1.668048338204
2450                     -12.179515980437         -13.170910830161         -15.279478393198         -1.6615526766757
2452                     -12.123618401992         -13.115013251716         -15.268673887683         -1.6550570151473
2454                     -12.067308093187         -13.058702942911         -15.257869382168         -1.648561353619
2456                     -12.01058505402          -13.001979903744         -15.247064876654         -1.6420656920907
2458                     -11.953449284492         -12.944844134217         -15.236260371139         -1.6355700305624
2460                     -11.895900784603         -12.887295634328         -15.225455865624         -1.6290743690341
2462                     -11.837939554353         -12.829334404077         -15.214651360109         -1.6225787075058
2464                     -11.779565593742         -12.770960443466         -15.203846854594         -1.6160830459775
2466                     -11.720778902769         -12.712173752494         -15.19304234908          -1.6095873844492
2468                     -11.661579481436         -12.65297433116          -15.182237843565         -1.6030917229209
2470                     -11.601967329741         -12.593362179465         -15.17143333805          -1.5965960613926
2472                     -11.541942447685         -12.533337297409         -15.160628832535         -1.5901003998643
2474                     -11.481504835268         -12.472899684992         -15.149824327021         -1.583604738336
2476                     -11.420654492489         -12.412049342213         -15.139019821506         -1.5771090768077
2478                     -11.35939141935          -12.350786269074         -15.128215315991         -1.5706134152794
2480                     -11.297715615849         -12.289110465573         -15.117410810476         -1.5641177537511
2482                     -11.235627081987         -12.227021931711         -15.106606304961         -1.5576220922228
2484                     -11.173125817764         -12.164520667488         -15.095801799447         -1.5511264306945
2486                     -11.11021182318          -12.101606672904         -15.084997293932         -1.5446307691662
2488                     -11.046885098234         -12.038279947958         -15.074192788417         -1.5381351076379
2490                     -10.983145642928         -11.974540492652         -15.063388282902         -1.5316394461096
2492                     -10.91899345726          -11.910388306984         -15.052583777388         -1.5251437845813
2494                     -10.854428541231         -11.845823390955         -15.041779271873         -1.518648123053
2496                     -10.789450894841         -11.780845744565         -15.030974766358         -1.5121524615247
2498                     -10.72406051809          -11.715455367814         -15.020170260843         -1.5056567999964
2500                     -10.658257410977         -11.649652260701         -15.009365755328         -1.4991611384681
2502                     -10.592041573503         -11.583436423228         -14.998561249814         -1.4926654769398
2504                     -10.525413005669         -11.516807855393         -14.987756744299         -1.4861698154115
2506                     -10.458371707473         -11.449766557197         -14.976952238784         -1.4796741538832
2508                     -10.390917678915         -11.38231252864          -14.966147733269         -1.4731784923549
2510                     -10.323050919997         -11.314445769721         -14.955343227755         -1.4666828308266
2512                     -10.254771430718         -11.246166280442         -14.94453872224          -1.4601871692983
2514                     -10.186079211077         -11.177474060801         -14.933734216725         -1.45369150777
2516                     -10.116974261075         -11.108369110799         -14.92292971121          -1.4471958462417
2518                     -10.047456580712         -11.038851430436         -14.912125205695         -1.4407001847134
2520                     -9.9775261699877         -10.968921019712         -14.901320700181         -1.434204523185
2522                     -9.9071830289023         -10.898577878626         -14.890516194666         -1.4277088616567
2524                     -9.8364271574557         -10.82782200718          -14.879711689151         -1.4212132001284
2526                     -9.765258555648          -10.756653405372         -14.868907183636         -1.4147175386001
2528                     -9.693677223479          -10.685072073203         -14.858102678122         -1.4082218770718
2530                     -9.6216831609489         -10.613078010673         -14.847298172607         -1.4017262155435
2532                     -9.5492763680577         -10.540671217782         -14.836493667092         -1.3952305540152
2534                     -9.4764568448052         -10.467851694529         -14.825689161577         -1.3887348924869
2536                     -9.4032245911916         -10.394619440916         -14.814884656062         -1.3822392309586
2538                     -9.3295796072168         -10.320974456941         -14.804080150548         -1.3757435694303
2540                     -9.2555218928808         -10.246916742605         -14.793275645033         -1.369247907902
2542                     -9.1810514481836         -10.172446297908         -14.782471139518         -1.3627522463737
2544                     -9.1061682731253         -10.097563122849         -14.771666634003         -1.3562565848454
2546                     -9.0308723677058         -10.02226721743          -14.760862128488         -1.3497609233171
2548                     -8.9551637319251         -9.9465585816492         -14.750057622974         -1.3432652617888
2550                     -8.8179045819498         -9.9900448639547         -14.739253117459         -1.3367696002605
2552                     -8.6750164765254         -10.027902190811         -14.714534251723         -1.3238862350985
2554                     -8.5932374552863         -9.946123169572          -14.689815385987         -1.3110028699365
2556                     -8.511429734399          -9.8643154486847         -14.665096520251         -1.2981195047745
2558                     -8.4295933138635         -9.7824790281493         -14.640377654514         -1.2852361396125
2560                     -8.3477281936799         -9.7006139079656         -14.615658788778         -1.2723527744505
2562                     -8.265834373848          -9.6187200881338         -14.590939923042         -1.2594694092885
2564                     -8.183911854368          -9.5367975686537         -14.566221057306         -1.2465860441265
2566                     -8.1019606352398         -9.4548463495255         -14.54150219157          -1.2337026789644
2568                     -8.0199807164634         -9.3728664307491         -14.516783325834         -1.2208193138024
2570                     -7.9379720980388         -9.2908578123246         -14.492064460098         -1.2079359486404
2572                     -7.8559347799661         -9.2088204942518         -14.467345594362         -1.1950525834784
2574                     -7.7738687622451         -9.1267544765309         -14.442626728625         -1.1821692183164
2576                     -7.691774044876          -9.0446597591617         -14.417907862889         -1.1692858531544
2578                     -7.6096506278587         -8.9625363421444         -14.393188997153         -1.1564024879924
2580                     -7.5274985111932         -8.8803842254789         -14.368470131417         -1.1435191228304
2582                     -7.4453176948795         -8.7982034091653         -14.343751265681         -1.1306357576684
2584                     -7.3631081789177         -8.7159938932034         -14.319032399945         -1.1177523925064
2586                     -7.2808699633076         -8.6337556775934         -14.294313534209         -1.1048690273444
2588                     -7.1986030480494         -8.5514887623351         -14.269594668473         -1.0919856621824
2590                     -7.116307433143          -8.4691931474287         -14.244875802736         -1.0791022970204
2592                     -7.0339831185884         -8.3868688328741         -14.220156937            -1.0662189318584
2594                     -6.9516301043856         -8.3045158186713         -14.195438071264         -1.0533355666963
2596                     -6.8692483905347         -8.2221341048204         -14.170719205528         -1.0404522015343
2598                     -6.7868379770355         -8.1397236913212         -14.146000339792         -1.0275688363723
2600                     -6.7043988638882         -8.0572845781739         -14.121281474056         -1.0146854712103
2602                     -6.6219310510927         -7.9748167653784         -14.09656260832          -1.0018021060483
2604                     -6.539434538649          -7.8923202529347         -14.071843742584         -0.98891874088631
2606                     -6.4569093265571         -7.8097950408428         -14.047124876847         -0.9760353757243
2608                     -6.374355414817          -7.7272411291027         -14.022406011111         -0.9631520105623
2610                     -6.2917728034288         -7.6446585177145         -13.997687145375         -0.95026864540029
2612                     -6.2091614923924         -7.5620472066781         -13.972968279639         -0.93738528023828
2614                     -6.1265214817077         -7.4794071959935         -13.948249413903         -0.92450191507628
2616                     -6.0438527713749         -7.3967384856607         -13.923530548167         -0.91161854991427
2618                     -5.961155361394          -7.3140410756797         -13.898811682431         -0.89873518475226
2620                     -5.8784292517648         -7.2313149660505         -13.874092816695         -0.88585181959026
2622                     -5.7956744424874         -7.1485601567732         -13.849373950958         -0.87296845442825
2624                     -5.7128909335619         -7.0657766478476         -13.824655085222         -0.86008508926624
2626                     -5.6300787249882         -6.9829644392739         -13.799936219486         -0.84720172410423
2628                     -5.5472378167663         -6.900123531052          -13.77521735375          -0.83431835894223
2630                     -5.4643682088962         -6.8172539231819         -13.750498488014         -0.82143499378022
2632                     -5.3814699013779         -6.7343556156637         -13.725779622278         -0.80855162861821
2634                     -5.2985428942115         -6.6514286084972         -13.701060756542         -0.79566826345621
2636                     -5.2155871873969         -6.5684729016826         -13.676341890806         -0.7827848982942
2638                     -5.132602780934          -6.4854884952198         -13.651623025069         -0.76990153313219
2640                     -5.049589674823          -6.4024753891088         -13.626904159333         -0.75701816797018
2642                     -4.9665478690639         -6.3194335833496         -13.602185293597         -0.74413480280818
2644                     -4.8834773636565         -6.2363630779422         -13.577466427861         -0.73125143764617
2646                     -4.8003781586009         -6.1532638728867         -13.552747562125         -0.71836807248416
2648                     -4.7172502538972         -6.0701359681829         -13.528028696389         -0.70548470732216
2650                     -4.6340936495453         -5.986979363831          -13.503309830653         -0.69260134216015
2652                     -4.5509083455452         -5.9037940598309         -13.478590964917         -0.67971797699814
2654                     -4.4676943418969         -5.8205800561826         -13.45387209918          -0.66683461183614
2656                     -4.3844516386004         -5.7373373528861         -13.429153233444         -0.65395124667413
2658                     -4.3011802356558         -5.6540659499415         -13.404434367708         -0.64106788151212
2660                     -4.2178801330629         -5.5707658473487         -13.379715501972         -0.62818451635011
2662                     -4.1345513308219         -5.4874370451076         -13.354996636236         -0.61530115118811
2664                     -4.0511938289327         -5.4040795432184         -13.3302777705           -0.6024177860261
2666                     -3.9678076273953         -5.320693341681          -13.305558904764         -0.58953442086409
2668                     -3.8843927262098         -5.2372784404955         -13.280840039028         -0.57665105570209
2670                     -3.800949125376          -5.1538348396617         -13.256121173291         -0.56376769054008
2672                     -3.7174768248941         -5.0703625391798         -13.231402307555         -0.55088432537807
2674                     -3.6339758247639         -4.9868615390497         -13.206683441819         -0.53800096021606
2676                     -3.5504461249856         -4.9033318392713         -13.181964576083         -0.52511759505406
2678                     -3.4668877255591         -4.8197734398449         -13.157245710347         -0.51223422989205
2680                     -3.3833006264845         -4.7361863407702         -13.132526844611         -0.49935086473004
2682                     -3.2996848277616         -4.6525705420473         -13.107807978875         -0.48646749956804
2684                     -3.2160403293906         -4.5689260436763         -13.083089113139         -0.47358413440603
2686                     -3.1323671313713         -4.4852528456571         -13.058370247403         -0.46070076924402
2688                     -3.0486652337039         -4.4015509479896         -13.033651381666         -0.44781740408201
2690                     -2.9649346363883         -4.3178203506741         -13.00893251593          -0.43493403892001
2692                     -2.8811753394246         -4.2340610537103         -12.984213650194         -0.422050673758
2694                     -2.7973873428126         -4.1502730570983         -12.959494784458         -0.40916730859599
2696                     -2.7135706465525         -4.0664563608382         -12.934775918722         -0.39628394343399
2698                     -2.6297252506441         -3.9826109649298         -12.910057052986         -0.38340057827198
2700                     -2.5458511550876         -3.8987368693733         -12.88533818725          -0.37051721310997
2702                     -2.4619483598829         -3.8148340741686         -12.860619321514         -0.35763384794796
2704                     -2.37801686503           -3.7309025793158         -12.835900455777         -0.34475048278596
2706                     -2.294056670529          -3.6469423848147         -12.811181590041         -0.33186711762395
2708                     -2.2100677763797         -3.5629534906654         -12.786462724305         -0.31898375246194
2710                     -2.1260501825823         -3.478935896868          -12.761743858569         -0.30610038729994
2712                     -2.0420038891367         -3.3948896034224         -12.737024992833         -0.29321702213793
2714                     -1.9579288960429         -3.3108146103286         -12.712306127097         -0.28033365697592
2716                     -1.8738252033009         -3.2267109175866         -12.687587261361         -0.26745029181391
2718                     -1.7896928109108         -3.1425785251965         -12.662868395625         -0.25456692665191
2720                     -1.7055317188724         -3.0584174331581         -12.638149529888         -0.2416835614899
2722                     -1.6213419271859         -2.9742276414716         -12.613430664152         -0.22880019632789
2724                     -1.5371234358512         -2.8900091501369         -12.588711798416         -0.21591683116589
2726                     -1.4528762448683         -2.805761959154          -12.56399293268          -0.20303346600388
2728                     -1.3686003542372         -2.7214860685229         -12.539274066944         -0.19015010084187
2730                     -1.2842957639579         -2.6371814782436         -12.514555201208         -0.17726673567986
2732                     -1.1999624740305         -2.5528481883162         -12.489836335472         -0.16438337051786
2734                     -1.1156004844548         -2.4684861987405         -12.465117469736         -0.15150000535585
2736                     -1.031209795231          -2.3840955095167         -12.440398603999         -0.13861664019384
2738                     -0.94679040635902        -2.2996761206447         -12.415679738263         -0.12573327503184
2740                     -0.92278266153682        -2.0969848291855         -12.390960872527         -0.11284990986983
2741.9548839583          -0.90751052439857        -1.8989053741227         -12.380400095273         -0.10650077760965
2743.8115212149          -0.83425464458133        -1.8256494943054         -12.370370071534         -0.10047073400972
2745.5748493593          -0.76465900499808        -1.7560538547222         -12.360844127204         -0.094743742615123
2747.2495578322          -0.69854174817405        -1.6899365978982         -12.351796928738         -0.089304572915904
2748.8401003969          -0.63572995092972        -1.6271248006538         -12.343204415782         -0.084138759842599
2750.3507069837          -0.57605919548889        -1.567454045213          -12.335043737184         -0.079232565297472
2751.7853949391          -0.51937316017022        -1.5107680098943         -12.327293190221         -0.074572941619057
2753.1479797095          -0.46552322887104        -1.4569180785951         -12.319932162887         -0.070147496882868
2754.4420849884          -0.41436811857344        -1.4057629682975         -12.312941079076         -0.065944461945996
2755.671152353           -0.36577352412376        -1.3571683738479         -12.306301346517         -0.061952659147939
2756.8384504171          -0.31961177955946        -1.3110066292836         -12.299995307331         -0.058161472584442
2757.9470835235          -0.27576153527946        -1.2671563850036         -12.294006191075         -0.054560819875285
2759                     -0.23410745037713        -1.2255023001012         -12.288318070137         -0.051141125350942
2760                     -0.13340211564435        -1.3055423976493         -12.282915817379         -0.04789329458679
2761                     -0.030234010176023       -1.3831197244617         -12.270556384511         -0.041451612005787
2762                     0.011107519902424        -1.3417781943833         -12.258196951643         -0.035009929424783
2763                     0.051760258424467        -1.3011254558612         -12.245837518775         -0.028568246843779
2764                     0.091724205390104        -1.2611615088956         -12.233478085907         -0.022126564262776
2765                     0.13099936079934         -1.2218863534864         -12.221118653039         -0.015684881681772
2766                     0.16958572465216         -1.1832999896336         -12.208759220171         -0.0092431991007687
2767                     0.20748329694858         -1.1454024173371         -12.196399787303         -0.0028015165197652
2768                     0.2446920776886          -1.1081936365971         -12.184040354435         -0.00070271177489919
2769                     0.28121206687221         -1.0716736474135         -12.171680921567         -0.00017755981067708
2770                     0.31704326449942         -1.0358424497863         -12.159321488699         -4.586528471952e-05
2771                     0.35218567057022         -1.0007000437155         -12.146962055831         -1.2155519910281e-05
2772                     0.38663928508461         -0.9662464292011         -12.134602622963         -3.3083540336198e-06
2773                     0.4204041080426          -0.93248160624311        -12.122243190095         -9.2492602473526e-07
2774                     0.45348013944419         -0.89940557484152        -12.109883757227         -2.6563970998721e-07
2775                     0.48586737928937         -0.86701833499634        -12.097524324359         -7.8376512747059e-08
2776                     0.51756582757814         -0.83531988670757        -12.085164891491         -2.3757321900489e-08
2777                     0.54857548431051         -0.8043102299752         -12.072805458623         -7.3984174160834e-09
2778                     0.57889634948648         -0.77398936479923        -12.060446025755         -2.3671290419219e-09
2779                     0.60852842310604         -0.74435729117967        -12.048086592887         -7.7814453639545e-10
2780                     0.63747170516921         -0.7154140091165         -12.035727160019         -2.628270805037e-10
2781                     0.665726195676           -0.68715951860971        -12.023367727151         -9.1216512906451e-11
2782                     0.69329189462646         -0.65959381965925        -12.011008294283         -3.2531606286634e-11
2783                     0.72016880202076         -0.63271691226496        -11.998648861415         -1.1924298383049e-11
2784                     0.74635691785931         -0.6065287964264         -11.986289428547         -4.4936314540262e-12
2785                     0.77185624214328         -0.58102947214243        -11.973929995679         -1.742285074755e-12
2786                     0.79666677487574         -0.55621893940997        -11.96157056281          -6.9618571484496e-13
2787                     0.82078851606458         -0.53209719822114        -11.949211129942         -2.8776283931558e-13
2788                     0.84422146572949         -0.50866424855622        -11.936851697074         -1.2402241681562e-13
2789                     0.86696562391842         -0.48592009036729        -11.924492264206         -5.6614677820342e-14
2790                     0.88902099074479         -0.46386472354092        -11.912132831338         -2.8119530363882e-14
2791                     0.9103875664697          -0.44249814781601        -11.89977339847          -1.5750414686752e-14
2792                     0.9310653516779          -0.42182036260781        -11.887413965602         -1.0237106184962e-14
2793                     0.95105434764324         -0.40183136664248        -11.875054532734         -7.7136768317859e-15
2794                     0.97035455706493         -0.38253115722079        -11.862695099866         -6.5277045799488e-15
2795                     0.98896598550584         -0.36391972877987        -11.850335666998         -5.9553545426718e-15
2796                     1.0068886441156          -0.34599707017013        -11.83797623413          -5.671724683401e-15
2797                     1.0241225546251          -0.32876315966058        -11.825616801262         -5.5273987573254e-15
2798                     1.0406677582169          -0.31221795606883        -11.813257368394         -5.4519872150196e-15
2799                     1.0565243307671          -0.29636138351861        -11.800897935526         -5.4115267531255e-15
2800                     1.0716924081712          -0.28119330611453        -11.788538502658         -5.3892361860627e-15
2801                     1.0861722269909          -0.2667134872948         -11.77617906979          -5.3766264761798e-15
2802                     1.0999641874065          -0.2529215268792         -11.763819636922         -5.3693019918943e-15
2803                     1.1130689471686          -0.23981676711711        -11.751460204054         -5.3649335373311e-15
2804                     1.1254875564949          -0.22739815779082        -11.739100771186         -5.3622584196111e-15
2805                     1.1372216440185          -0.21566407026722        -11.726741338318         -5.3605765212374e-15
2806                     1.1482736622174          -0.20461205206833        -11.71438190545          -5.359490935222e-15
2807                     1.1586471965108          -0.19423851777495        -11.702022472582         -5.3587716751059e-15
2808                     1.1683473349578          -0.18453837932793        -11.689663039714         -5.3582825807501e-15
2809                     1.1773810853935          -0.17550462889217        -11.677303606846         -5.3579413222945e-15
2810                     1.1857578149235          -0.16712789936223        -11.664944173978         -5.3576970795079e-15
2811                     1.1934896749726          -0.1593960393131         -11.65258474111          -5.3575178423199e-15
2812                     1.2005919662927          -0.15229374799299        -11.640225308242         -5.3573830474253e-15
2813                     1.2070833953254          -0.14580231896033        -11.627865875373         -5.3572792291559e-15
2814                     1.2129861781864          -0.13989953609934        -11.615506442505         -5.3571974039011e-15
2815                     1.2183259617145          -0.13455975257124        -11.603147009637         -5.3571314691555e-15
2816                     1.2231315508414          -0.12975416344429        -11.590787576769         -5.3570772066666e-15
2817                     1.227434454434           -0.12545125985175        -11.578428143901         -5.3570316513076e-15
2818                     1.231268283227           -0.12161743105868        -11.566068711033         -5.3569926849847e-15
2819                     1.234668049356           -0.11821766492972        -11.553709278165         -5.3569587712122e-15
2820                     1.2376694246695          -0.11521628961621        -11.541349845297         -5.356928778975e-15
2821                     1.2403080139317          -0.11257770035401        -11.528990412429         -5.3569018641114e-15
2822                     1.2426186906242          -0.11026702366155        -11.516630979561         -5.3568773882886e-15
2823                     1.2446350300053          -0.10825068428041        -11.504271546693         -5.3568548628883e-15
2824                     1.2463888593815          -0.10649685490423        -11.491912113825         -5.3568339096243e-15
2825                     1.2479099317589          -0.10497578252684        -11.479552680957         -5.3568142325428e-15
2826                     1.2492257178832          -0.10365999640251        -11.467193248089         -5.3567955978658e-15
2827                     1.2503613038898          -0.10252441039595        -11.454833815221         -5.3567778193029e-15
2828                     1.2513393773611          -0.10154633692458        -11.442474382353         -5.3567607472229e-15
2829                     1.2521802830037          -0.10070543128201        -11.430114949485         -5.3567442605787e-15
2830                     1.2529021296672          -0.099983584618508       -11.417755516617         -5.3567282608203e-15
2831                     1.2535209322873          -0.099364781998436       -11.405396083749         -5.3567126672565e-15
2832                     1.2540507748819          -0.098834939403849       -11.393036650881         -5.3566974134871e-15
2833                     1.2545039834941          -0.098381730791573       -11.380677218013         -5.3566824446292e-15
2834                     1.2548913006218          -0.097994413663942       -11.368317785145         -5.3566677151442e-15
2835                     1.2552220550208          -0.09766365926495        -11.355958352277         -5.3566531871184e-15
2836                     1.2555043227384          -0.097381391547289       -11.343598919409         -5.3566388288941e-15
2837                     1.2557450768012          -0.097140637484553       -11.331239486541         -5.3566246139691e-15
2838                     1.2559503241871          -0.096935390098629       -11.318880053673         -5.3566105201087e-15
2839                     1.2561252295997          -0.096760484685993       -11.306520620805         -5.3565965286229e-15
2840                     1.2562742261835          -0.096611488102195       -11.294161187937         -5.3565826237752e-15
2841                     1.2564011137391          -0.09648460054665        -11.281801755068         -5.3565687922977e-15
2842                     1.2565091452547          -0.096376569031022       -11.2694423222           -5.3565550229901e-15
2843                     1.2566011027129          -0.096284611572839       -11.257082889332         -5.3565413063877e-15
2844                     1.2566793631876          -0.096206351098116       -11.244723456464         -5.3565276344852e-15
2845                     1.256745956249           -0.096139758036687       -11.232364023596         -5.356514000507e-15
2846                     1.2568026136539          -0.096083100631822       -11.220004590728         -5.3565003987141e-15
2847                     1.2568508122388          -0.096034902046949       -11.20764515786          -5.356486824243e-15
2848                     1.2568918108594          -0.095993903426315       -11.195285724992         -5.3564732729704e-15
2849                     1.2569266821398          -0.095959032145913       -11.182926292124         -5.3564597413988e-15
2850                     1.2569563397149          -0.09592937457085        -11.170566859256         -5.3564462265607e-15
2851                     1.2569815615733          -0.095904152712454       -11.158207426388         -5.3564327259376e-15
2852                     1.257003010035           -0.095882704250699       -11.14584799352          -5.3564192373912e-15
2853                     1.2570212488317          -0.095864465454059       -11.133488560652         -5.3564057591061e-15
2854                     1.2570367576967          -0.095848956589017       -11.121129127784         -5.3563922895404e-15
2855                     1.2570499448203          -0.095835769465388       -11.108769694916         -5.3563788273845e-15
2856                     1.2570611574744          -0.095824556811335       -11.096410262048         -5.3563653715258e-15
2857                     1.2570706910717          -0.095815023214013       -11.08405082918          -5.3563519210191e-15
2858                     1.2570787968872          -0.095806917398549       -11.071691396312         -5.3563384750612e-15
2859                     1.2570856886356          -0.095800025650136       -11.059331963444         -5.3563250329696e-15
2860                     1.2570915480739          -0.095794166211771       -11.046972530576         -5.3563115941643e-15
2861                     1.2570965297715          -0.095789184514236       -11.034613097708         -5.3562981581525e-15
2862                     1.2571007651701          -0.095784949115612       -11.02225366484          -5.3562847245152e-15
2863                     1.2571043660402          -0.095781348245468       -11.009894231972         -5.3562712928963e-15
2864                     1.2571074274216          -0.09577828686416        -10.997534799104         -5.3562578629933e-15
2865                     1.2571100301249          -0.095775684160819       -10.985175366236         -5.3562444345488e-15
2866                     1.2571122428609          -0.095773471424838       -10.972815933368         -5.3562310073442e-15
2867                     1.2571141240504          -0.095771590235288       -10.9604565005           -5.3562175811937e-15
2868                     1.2571157233648          -0.0957699909209         -10.948097067632         -5.3562041559392e-15
2869                     1.2571170830354          -0.095768631250296       -10.935737634763         -5.3561907314464e-15
2870                     1.2571182389676          -0.095767475318094       -10.923378201895         -5.3561773076012e-15
2871                     1.2571192216881          -0.095766492597656       -10.911018769027         -5.3561638843064e-15
2872                     1.2571200571501          -0.095765657135582       -10.898659336159         -5.3561504614797e-15
2873                     1.2571207674189          -0.095764946866766       -10.886299903291         -5.3561370390508e-15
2874                     1.2571213712537          -0.095764343031985       -10.873940470423         -5.3561236169601e-15
2875                     1.257121884603           -0.095763829682697       -10.861581037555         -5.356110195157e-15
2876                     1.2571223210257          -0.095763393259983       -10.849221604687         -5.3560967735983e-15
2877                     1.2571226920492          -0.095763022236549       -10.836862171819         -5.3560833522474e-15
2878                     1.2571230074734          -0.095762706812353       -10.824502738951         -5.3560699310732e-15
2879                     1.2571232756299          -0.095762438655816       -10.812143306083         -5.3560565100491e-15
2880                     1.2571235036019          -0.095762210683804       -10.799783873215         -5.3560430891528e-15
2881                     1.2571236974111          -0.095762016874565       -10.787424440347         -5.356029668365e-15
2882                     1.257123862177           -0.0957618521087         -10.775065007479         -5.3560162476694e-15
2883                     1.2571240022518          -0.095761712033946       -10.762705574611         -5.3560028270524e-15
2884                     1.2571241213355          -0.095761592950233       -10.750346141743         -5.355989406502e-15
2885                     1.2571242225738          -0.095761491711953       -10.737986708875         -5.3559759860083e-15
2886                     1.2571243086408          -0.095761405644875       -10.725627276007         -5.3559625655628e-15
2887                     1.2571243818102          -0.09576133247551        -10.713267843139         -5.3559491451583e-15
2888                     1.2571244440147          -0.095761270271061       -10.700908410271         -5.3559357247886e-15
2889                     1.2571244968973          -0.095761217388369       -10.688548977403         -5.3559223044486e-15
2890                     1.2571245418552          -0.095761172430511       -10.676189544535         -5.3559088841337e-15
2891                     1.2571245800758          -0.0957611342099         -10.663830111667         -5.3558954638402e-15
2892                     1.2571246125688          -0.095761101716915       -10.651470678799         -5.3558820435649e-15
2893                     1.2571246401925          -0.095761074093233       -10.639111245931         -5.3558686233051e-15
2894                     1.2571246636766          -0.095761050609156       -10.626751813063         -5.3558552030585e-15
2895                     1.2571246836414          -0.095761030644335       -10.614392380195         -5.355841782823e-15
2896                     1.2571247006143          -0.095761013671386       -10.602032947327         -5.3558283625971e-15
2897                     1.2571247150438          -0.095760999241956       -10.589673514459         -5.3558149423792e-15
2898                     1.2571247273108          -0.095760986974881       -10.57731408159          -5.3558015221682e-15
2899                     1.2571247377396          -0.095760976546115       -10.564954648722         -5.355788101963e-15
2900                     1.2571247466055          -0.095760967680176       -10.552595215854         -5.3557746817628e-15
2901                     1.2571247541429          -0.095760960142863       -10.540235782986         -5.3557612615668e-15
2902                     1.2571247605506          -0.095760953735071       -10.527876350118         -5.3557478413744e-15
2903                     1.2571247659982          -0.095760948287533       -10.51551691725          -5.355734421185e-15
2904                     1.2571247706294          -0.095760943656349       -10.503157484382         -5.3557210009983e-15
2905                     1.2571247745665          -0.095760939719182       -10.490798051514         -5.3557075808137e-15
2906                     1.2571247779137          -0.095760936372028       -10.478438618646         -5.3556941606311e-15
2907                     1.2571247807592          -0.09576093352647        -10.466079185778         -5.35568074045e-15
2908                     1.2571247831784          -0.09576093110734        -10.45371975291          -5.3556673202702e-15
2909                     1.257124785235           -0.095760929050734       -10.441360320042         -5.3556539000917e-15
2910                     1.2571247869834          -0.095760927302326       -10.429000887174         -5.3556404799141e-15
2911                     1.2571247884698          -0.095760925815929       -10.416641454306         -5.3556270597373e-15
2912                     1.2571247897334          -0.09576092455228        -10.404282021438         -5.3556136395613e-15
2913                     1.2571247908077          -0.095760923477998       -10.39192258857          -5.3556002193858e-15
2914                     1.257124791721           -0.095760922564705       -10.379563155702         -5.3555867992109e-15
2915                     1.2571247924974          -0.095760921788276       -10.367203722834         -5.3555733790364e-15
2916                     1.2571247931575          -0.0957609211282         -10.354844289966         -5.3555599588622e-15
2917                     1.2571247937187          -0.095760920567042       -10.342484857098         -5.3555465386884e-15
2918                     1.2571247941957          -0.095760920089977       -10.33012542423          -5.3555331185149e-15
2919                     1.2571247946013          -0.095760919684404       -10.317765991362         -5.3555196983415e-15
2920                     1.2571247949461          -0.095760919339609       -10.305406558494         -5.3555062781684e-15
2921                     1.2571247952392          -0.095760919046484       -10.293047125626         -5.3554928579954e-15
2922                     1.2571247954884          -0.095760918797286       -10.280687692758         -5.3554794378226e-15
2923                     1.2571247957003          -0.095760918585432       -10.26832825989          -5.3554660176499e-15
2924                     1.2571247958804          -0.095760918405327       -10.255968827022         -5.3554525974773e-15
2925                     1.2571247960335          -0.095760918252211       -10.243609394154         -5.3554391773047e-15
2926                     1.2571247961637          -0.09576091812204        -10.231249961286         -5.3554257571323e-15
2927                     1.2571247962743          -0.095760918011377       -10.218890528418         -5.3554123369599e-15
2928                     1.2571247963684          -0.095760917917297       -10.206531095549         -5.3553989167875e-15
2929                     1.2571247964484          -0.095760917837316       -10.194171662681         -5.3553854966153e-15
2930                     1.2571247965164          -0.09576091776932        -10.181812229813         -5.355372076443e-15
2931                     1.2571247965742          -0.095760917711515       -10.169452796945         -5.3553586562708e-15
2932                     1.2571247966233          -0.095760917662372       -10.157093364077         -5.3553452360986e-15
2933                     1.2571247966651          -0.095760917620593       -10.144733931209         -5.3553318159264e-15
2934                     1.2571247967006          -0.095760917585075       -10.132374498341         -5.3553183957543e-15
2935                     1.2571247967308          -0.09576091755488        -10.120015065473         -5.3553049755821e-15
2936                     1.2571247967565          -0.09576091752921        -10.107655632605         -5.35529155541e-15
2937                     1.2571247967783          -0.095760917507386       -10.095296199737         -5.3552781352379e-15
2938                     1.2571247967969          -0.095760917488834       -10.082936766869         -5.3552647150658e-15
2939                     1.2571247968127          -0.095760917473061       -10.070577334001         -5.3552512948937e-15
2940                     1.2571247968261          -0.095760917459652       -10.058217901133         -5.3552378747216e-15
2941                     1.2571247968375          -0.095760917448253       -10.045858468265         -5.3552244545495e-15
2942                     1.2571247968472          -0.095760917438561       -10.033499035397         -5.3552110343774e-15
2943                     1.2571247968554          -0.095760917430322       -10.021139602529         -5.3551976142054e-15
2944                     1.2571247968624          -0.095760917423318       -10.008780169661         -5.3551841940333e-15
2945                     1.2571247968684          -0.095760917417364       -9.9964207367929         -5.3551707738612e-15
2946                     1.2571247968734          -0.095760917412302       -9.9840613039249         -5.3551573536892e-15
2947                     1.2571247968777          -0.095760917407998       -9.9717018710568         -5.3551439335171e-15
2948                     1.2571247968814          -0.09576091740434        -9.9593424381888         -5.3551305133451e-15
2949                     1.2571247968845          -0.095760917401229       -9.9469830053208         -5.355117093173e-15
2950                     1.2571247968871          -0.095760917398585       -9.9346235724527         -5.3551036730009e-15
2951                     1.2571247968894          -0.095760917396337       -9.9222641395847         -5.3550902528289e-15
2952                     1.2571247968913          -0.095760917394426       -9.9099047067166         -5.3550768326568e-15
2953                     1.2571247968929          -0.095760917392801       -9.8975452738486         -5.3550634124848e-15
2954                     1.2571247968943          -0.09576091739142        -9.8851858409806         -5.3550499923127e-15
2955                     1.2571247968955          -0.095760917390245       -9.8728264081125         -5.3550365721407e-15
2956                     1.2571247968965          -0.095760917389247       -9.8604669752445         -5.3550231519686e-15
2957                     1.2571247968973          -0.095760917388398       -9.8481075423765         -5.3550097317966e-15
2958                     1.257124796898           -0.095760917387677       -9.8357481095084         -5.3549963116245e-15
2959                     1.2571247968987          -0.095760917387063       -9.8233886766404         -5.3549828914525e-15
2960                     1.2571247968992          -0.095760917386541       -9.8110292437724         -5.3549694712804e-15
2961                     1.2571247968996          -0.095760917386098       -9.7986698109043         -5.3549560511084e-15
2962                     1.2571247969             -0.095760917385721       -9.7863103780363         -5.3549426309363e-15
2963                     1.2571247969003          -0.0957609173854         -9.7739509451683         -5.3549292107643e-15
2964                     1.2571247969006          -0.095760917385128       -9.7615915123002         -5.3549157905922e-15
2965                     1.2571247969008          -0.095760917384896       -9.7492320794322         -5.3549023704202e-15
2966                     1.257124796901           -0.095760917384699       -9.7368726465642         -5.3548889502481e-15
2967                     1.2571247969012          -0.095760917384532       -9.7245132136961         -5.3548755300761e-15
2968                     1.2571247969013          -0.09576091738439        -9.7121537808281         -5.3548621099041e-15
2969                     1.2571247969014          -0.095760917384268       -9.6997943479601         -5.354848689732e-15
2970                     1.2571247969015          -0.095760917384166       -9.687434915092          -5.35483526956e-15
2971                     1.2571247969016          -0.095760917384078       -9.675075482224          -5.3548218493879e-15
2972                     1.2571247969017          -0.095760917384004       -9.662716049356          -5.3548084292159e-15
2973                     1.2571247969018          -0.095760917383941       -9.6503566164879         -5.3547950090438e-15
2974                     1.2571247969018          -0.095760917383887       -9.6379971836199         -5.3547815888718e-15
2975                     1.2571247969019          -0.095760917383841       -9.6256377507518         -5.3547681686997e-15
2976                     1.2571247969019          -0.095760917383803       -9.6132783178838         -5.3547547485277e-15
2977                     1.2571247969019          -0.09576091738377        -9.6009188850158         -5.3547413283556e-15
2978                     1.257124796902           -0.095760917383742       -9.5885594521477         -5.3547279081836e-15
2979                     1.257124796902           -0.095760917383718       -9.5762000192797         -5.3547144880116e-15
2980                     1.257124796902           -0.095760917383698       -9.5638405864117         -5.3547010678395e-15
2981                     1.257124796902           -0.095760917383681       -9.5514811535436         -5.3546876476675e-15
2982                     1.257124796902           -0.095760917383666       -9.5391217206756         -5.3546742274954e-15
2983                     1.2571247969021          -0.095760917383654       -9.5267622878075         -5.3546608073234e-15
2984                     1.2571247969021          -0.095760917383644       -9.5144028549395         -5.3546473871513e-15
2985                     1.2571247969021          -0.095760917383634       -9.5020434220715         -5.3546339669793e-15
2986                     1.2571247969021          -0.095760917383627       -9.4896839892034         -5.3546205468072e-15
2987                     1.2571247969021          -0.09576091738362        -9.4773245563354         -5.3546071266352e-15
2988                     1.2571247969021          -0.095760917383614       -9.4649651234674         -5.3545937064631e-15
2989                     1.2571247969021          -0.09576091738361        -9.4526056905993         -5.3545802862911e-15
2990                     1.2571247969021          -0.095760917383606       -9.4402462577313         -5.3545668661191e-15
2991                     1.2571247969021          -0.095760917383602       -9.4278868248633         -5.354553445947e-15
2992                     1.2571247969021          -0.0957609173836         -9.4155273919952         -5.354540025775e-15
2993                     1.2571247969021          -0.095760917383597       -9.4031679591272         -5.3545266056029e-15
2994                     1.2571247969021          -0.095760917383595       -9.3908085262592         -5.3545131854309e-15
2995                     1.2571247969021          -0.095760917383593       -9.3784490933911         -5.3544997652588e-15
2996                     1.2571247969021          -0.095760917383592       -9.3660896605231         -5.3544863450868e-15
2997                     1.2571247969021          -0.09576091738359        -9.3537302276551         -5.3544729249147e-15
2998                     1.2571247969021          -0.095760917383589       -9.341370794787          -5.3544595047427e-15
2999                     1.2571247969021          -0.095760917383588       -9.329011361919          -5.3544460845706e-15
3000                     1.2571247969021          -0.095760917383588       -9.316651929051          -5.3544326643986e-15
3001                     1.2571247969021          -0.095760917383587       -9.3042924961829         -5.3544192442265e-15
3002                     1.2571247969021          -0.095760917383586       -9.2919330633149         -5.3544058240545e-15
3003                     1.2571247969021          -0.095760917383586       -9.2795736304469         -5.3543924038824e-15
3004                     1.2571247969021          -0.095760917383585       -9.2672141975788         -5.3543789837104e-15
3005                     1.2571247969021          -0.095760917383585       -9.2548547647108         -5.3543655635383e-15
3006                     1.2571247969021          -0.095760917383584       -9.2424953318428         -5.3543521433663e-15
3007                     1.2571247969021          -0.095760917383584       -9.2301358989747         -5.3543387231942e-15
3008                     1.2571247969021          -0.095760917383584       -9.2177764661067         -5.3543253030222e-15
3009                     1.2571247969021          -0.095760917383584       -9.2054170332387         -5.3543118828501e-15
3010                     1.2571247969021          -0.095760917383584       -9.1930576003706         -5.3542984626781e-15
3011                     1.2571247969021          -0.095760917383584       -9.1806981675026         -5.354285042506e-15
3012                     1.2571247969021          -0.095760917383584       -9.1683387346346         -5.354271622334e-15
3013                     1.2571247969021          -0.095760917383584       -9.1559793017665         -5.3542582021619e-15
3014                     1.2571247969021          -0.095760917383584       -9.1436198688985         -5.3542447819899e-15
3015                     1.2571247969021          -0.095760917383584       -9.1312604360305         -5.3542313618178e-15
3016                     1.2571247969021          -0.095760917383584       -9.1189010031624         -5.3542179416458e-15
3017                     1.2571247969021          -0.095760917383584       -9.1065415702944         -5.3542045214737e-15
3018                     1.2571247969021          -0.095760917383584       -9.0941821374264         -5.3541911013017e-15
3019                     1.2571247969021          -0.095760917383584       -9.0818227045583         -5.3541776811296e-15
3020                     1.2571247969021          -0.095760917383583       -9.0694632716903         -5.3541642609576e-15
3021                     1.2571247969021          -0.095760917383583       -9.0571038388223         -5.3541508407855e-15
3022                     1.2571247969021          -0.095760917383583       -9.0447444059543         -5.3541374206135e-15
3023                     1.2571247969021          -0.095760917383583       -9.0323849730862         -5.3541240004414e-15
3024                     1.2571247969021          -0.095760917383583       -9.0200255402182         -5.3541105802694e-15
3025                     1.2571247969021          -0.095760917383582       -9.0076661073502         -5.3540971600973e-15
3026                     1.2571247969021          -0.095760917383582       -8.9953066744821         -5.3540837399253e-15
3027                     1.2571247969021          -0.095760917383582       -8.9829472416141         -5.3540703197532e-15
3028                     1.2571247969021          -0.095760917383582       -8.9705878087461         -5.3540568995812e-15
3029                     1.2571247969021          -0.095760917383582       -8.958228375878          -5.3540434794091e-15
3030                     1.2571247969021          -0.095760917383581       -8.94586894301           -5.3540300592371e-15
3031                     1.2571247969021          -0.095760917383581       -8.933509510142          -5.354016639065e-15
3032                     1.2571247969021          -0.095760917383581       -8.9211500772739         -5.354003218893e-15
3033                     1.2571247969021          -0.095760917383581       -8.9087906444059         -5.3539897987209e-15
3034                     1.2571247969021          -0.095760917383581       -8.8964312115379         -5.3539763785489e-15
3035                     1.2571247969021          -0.095760917383581       -8.8840717786699         -5.3539629583768e-15
3036                     1.2571247969021          -0.095760917383581       -8.8717123458018         -5.3539495382048e-15
3037                     1.2571247969021          -0.095760917383581       -8.8593529129338         -5.3539361180327e-15
3038                     1.2571247969021          -0.095760917383581       -8.8469934800658         -5.3539226978607e-15
3039                     1.2571247969021          -0.095760917383581       -8.8346340471977         -5.3539092776886e-15
3040                     1.2571247969021          -0.095760917383582       -8.8222746143297         -5.3538958575166e-15
3041                     1.2571247969021          -0.095760917383582       -8.8099151814617         -5.3538824373445e-15
3042                     1.2571247969021          -0.095760917383582       -8.7975557485936         -5.3538690171725e-15
3043                     1.2571247969021          -0.095760917383582       -8.7851963157256         -5.3538555970004e-15
3044                     1.2571247969021          -0.095760917383582       -8.7728368828576         -5.3538421768284e-15
3045                     1.2571247969021          -0.095760917383582       -8.7604774499895         -5.3538287566564e-15
3046                     1.2571247969021          -0.095760917383582       -8.7481180171215         -5.3538153364843e-15
3047                     1.2571247969021          -0.095760917383583       -8.7357585842535         -5.3538019163123e-15
3048                     1.2571247969021          -0.095760917383582       -8.7233991513854         -5.3537884961402e-15
3049                     1.2571247969021          -0.095760917383582       -8.7110397185174         -5.3537750759682e-15
3050                     1.2571247969021          -0.095760917383582       -8.6986802856494         -5.3537616557961e-15
3051                     1.2571247969021          -0.095760917383582       -8.6863208527813         -5.3537482356241e-15
3052                     1.2571247969021          -0.095760917383582       -8.6739614199133         -5.3537348154521e-15
3053                     1.2571247969021          -0.095760917383582       -8.6616019870453         -5.35372139528e-15
3054                     1.2571247969021          -0.095760917383582       -8.6492425541772         -5.353707975108e-15
3055                     1.2571247969021          -0.095760917383582       -8.6368831213092         -5.3536945549359e-15
3056                     1.2571247969021          -0.095760917383582       -8.6245236884412         -5.3536811347639e-15
3057                     1.2571247969021          -0.095760917383582       -8.6121642555731         -5.3536677145919e-15
3058                     1.2571247969021          -0.095760917383583       -8.5998048227051         -5.3536542944198e-15
3059                     1.2571247969021          -0.095760917383583       -8.5874453898371         -5.3536408742478e-15
3060                     1.2571247969021          -0.095760917383583       -8.575085956969          -5.3536274540757e-15
3061                     1.2571247969021          -0.095760917383583       -8.562726524101          -5.3536140339037e-15
3062                     1.2571247969021          -0.095760917383583       -8.550367091233          -5.3536006137317e-15
3063                     1.2571247969021          -0.095760917383583       -8.5380076583649         -5.3535871935596e-15
3064                     1.2571247969021          -0.095760917383583       -8.5256482254969         -5.3535737733876e-15
3065                     1.2571247969021          -0.095760917383583       -8.5132887926289         -5.3535603532155e-15
3066                     1.2571247969021          -0.095760917383583       -8.5009293597608         -5.3535469330435e-15
3067                     1.2571247969021          -0.095760917383583       -8.4885699268928         -5.3535335128715e-15
3068                     1.2571247969021          -0.095760917383583       -8.4762104940248         -5.3535200926994e-15
3069                     1.2571247969021          -0.095760917383584       -8.4638510611567         -5.3535066725274e-15
3070                     1.2571247969021          -0.095760917383584       -8.4514916282887         -5.3534932523553e-15
3071                     1.2571247969021          -0.095760917383584       -8.4391321954206         -5.3534798321833e-15
3072                     1.2571247969021          -0.095760917383584       -8.4267727625526         -5.3534664120113e-15
3073                     1.2571247969021          -0.095760917383584       -8.4144133296846         -5.3534529918392e-15
3074                     1.2571247969021          -0.095760917383584       -8.4020538968165         -5.3534395716672e-15
3075                     1.2571247969021          -0.095760917383584       -8.3896944639485         -5.3534261514951e-15
3076                     1.2571247969021          -0.095760917383584       -8.3773350310805         -5.3534127313231e-15
3077                     1.2571247969021          -0.095760917383584       -8.3649755982124         -5.3533993111511e-15
3078                     1.2571247969021          -0.095760917383584       -8.3526161653444         -5.353385890979e-15
3079                     1.2571247969021          -0.095760917383584       -8.3402567324764         -5.353372470807e-15
3080                     1.2571247969021          -0.095760917383584       -8.3278972996083         -5.3533590506349e-15
3081                     1.2571247969021          -0.095760917383584       -8.3155378667403         -5.3533456304629e-15
3082                     1.2571247969021          -0.095760917383584       -8.3031784338723         -5.3533322102909e-15
3083                     1.2571247969021          -0.095760917383584       -8.2908190010042         -5.3533187901188e-15
3084                     1.2571247969021          -0.095760917383584       -8.2784595681362         -5.3533053699468e-15
3085                     1.2571247969021          -0.095760917383584       -8.2661001352681         -5.3532919497747e-15
3086                     1.2571247969021          -0.095760917383584       -8.2537407024001         -5.3532785296027e-15
3087                     1.2571247969021          -0.095760917383584       -8.2413812695321         -5.3532651094307e-15
3088                     1.2571247969021          -0.095760917383583       -8.229021836664          -5.3532516892586e-15
3089                     1.2571247969021          -0.095760917383583       -8.216662403796          -5.3532382690866e-15
3090                     1.2571247969021          -0.095760917383583       -8.2043029709279         -5.3532248489145e-15
3091                     1.2571247969021          -0.095760917383583       -8.1919435380599         -5.3532114287425e-15
3092                     1.2571247969021          -0.095760917383583       -8.1795841051919         -5.3531980085705e-15
3093                     1.2571247969021          -0.095760917383582       -8.1672246723238         -5.3531845883984e-15
3094                     1.2571247969021          -0.095760917383582       -8.1548652394558         -5.3531711682264e-15
3095                     1.2571247969021          -0.095760917383582       -8.1425058065877         -5.3531577480543e-15
3096                     1.2571247969021          -0.095760917383582       -8.1301463737197         -5.3531443278823e-15
3097                     1.2571247969021          -0.095760917383582       -8.1177869408517         -5.3531309077102e-15
3098                     1.2571247969021          -0.095760917383582       -8.1054275079836         -5.3531174875382e-15
3099                     1.2571247969021          -0.095760917383582       -8.0930680751156         -5.3531040673662e-15
3100                     1.2571247969021          -0.095760917383582       -8.0807086422475         -5.3530906471941e-15
3101                     1.2571247969021          -0.095760917383582       -8.0683492093795         -5.3530772270221e-15
3102                     1.2571247969021          -0.095760917383582       -8.0559897765115         -5.35306380685e-15
3103                     1.2571247969021          -0.095760917383582       -8.0436303436434         -5.353050386678e-15
3104                     1.2571247969021          -0.095760917383582       -8.0312709107754         -5.353036966506e-15
3105                     1.2571247969021          -0.095760917383582       -8.0189114779073         -5.3530235463339e-15
3106                     1.2571247969021          -0.095760917383582       -8.0065520450393         -5.3530101261619e-15
3107                     1.2571247969021          -0.095760917383583       -7.9941926121713         -5.3529967059898e-15
3108                     1.2571247969021          -0.095760917383583       -7.9818331793032         -5.3529832858178e-15
3109                     1.2571247969021          -0.095760917383583       -7.9694737464352         -5.3529698656457e-15
3110                     1.2571247969021          -0.095760917383583       -7.9571143135671         -5.3529564454737e-15
3111                     1.2571247969021          -0.095760917383583       -7.9447548806991         -5.3529430253017e-15
3112                     1.2571247969021          -0.095760917383583       -7.9323954478311         -5.3529296051296e-15
3113                     1.2571247969021          -0.095760917383583       -7.920036014963          -5.3529161849576e-15
3114                     1.2571247969021          -0.095760917383583       -7.907676582095          -5.3529027647855e-15
3115                     1.2571247969021          -0.095760917383583       -7.8953171492269         -5.3528893446135e-15
3116                     1.2571247969021          -0.095760917383583       -7.8829577163589         -5.3528759244415e-15
3117                     1.2571247969021          -0.095760917383583       -7.8705982834909         -5.3528625042694e-15
3118                     1.2571247969021          -0.095760917383583       -7.8582388506228         -5.3528490840974e-15
3119                     1.2571247969021          -0.095760917383583       -7.8458794177548         -5.3528356639254e-15
3120                     1.2571247969021          -0.095760917383583       -7.8335199848867         -5.3528222437533e-15
3121                     1.2571247969021          -0.095760917383583       -7.8211605520187         -5.3528088235813e-15
3122                     1.2571247969021          -0.095760917383583       -7.8088011191506         -5.3527954034092e-15
3123                     1.2571247969021          -0.095760917383583       -7.7964416862826         -5.3527819832372e-15
3124                     1.2571247969021          -0.095760917383583       -7.7840822534146         -5.3527685630652e-15
3125                     1.2571247969021          -0.095760917383583       -7.7717228205465         -5.3527551428931e-15
3126                     1.2571247969021          -0.095760917383583       -7.7593633876785         -5.3527417227211e-15
3127                     1.2571247969021          -0.095760917383583       -7.7470039548104         -5.3527283025491e-15
3128                     1.2571247969021          -0.095760917383582       -7.7346445219424         -5.352714882377e-15
3129                     1.2571247969021          -0.095760917383582       -7.7222850890743         -5.352701462205e-15
3130                     1.2571247969021          -0.095760917383582       -7.7099256562063         -5.352688042033e-15
3131                     1.2571247969021          -0.095760917383582       -7.6975662233383         -5.3526746218609e-15
3132                     1.2571247969021          -0.095760917383582       -7.6852067904702         -5.3526612016889e-15
3133                     1.2571247969021          -0.095760917383582       -7.6728473576022         -5.3526477815169e-15
3134                     1.2571247969021          -0.095760917383582       -7.6604879247341         -5.3526343613449e-15
3135                     1.2571247969021          -0.095760917383583       -7.6481284918661         -5.3526209411728e-15
3136                     1.2571247969021          -0.095760917383583       -7.635769058998          -5.3526075210008e-15
3137                     1.2571247969021          -0.095760917383583       -7.62340962613           -5.3525941008288e-15
3138                     1.2571247969021          -0.095760917383583       -7.6110501932619         -5.3525806806567e-15
3139                     1.2571247969021          -0.095760917383583       -7.5986907603939         -5.3525672604847e-15
3140                     1.2571247969021          -0.095760917383583       -7.5863313275258         -5.3525538403127e-15
3141                     1.2571247969021          -0.095760917383583       -7.5739718946578         -5.3525404201406e-15
3142                     1.2571247969021          -0.095760917383583       -7.5616124617898         -5.3525269999686e-15
3143                     1.2571247969021          -0.095760917383583       -7.5492530289217         -5.3525135797966e-15
3144                     1.2571247969021          -0.095760917383583       -7.5368935960537         -5.3525001596245e-15
3145                     1.2571247969021          -0.095760917383583       -7.5245341631856         -5.3524867394525e-15
3146                     1.2571247969021          -0.095760917383583       -7.5121747303176         -5.3524733192805e-15
3147                     1.2571247969021          -0.095760917383583       -7.4998152974495         -5.3524598991084e-15
3148                     1.2571247969021          -0.095760917383583       -7.4874558645815         -5.3524464789364e-15
3149                     1.2571247969021          -0.095760917383583       -7.4750964317134         -5.3524330587644e-15
3150                     1.2571247969021          -0.095760917383583       -7.4627369988454         -5.3524196385923e-15
3151                     1.2571247969021          -0.095760917383583       -7.4503775659773         -5.3524062184203e-15
3152                     1.2571247969021          -0.095760917383583       -7.4380181331093         -5.3523927982483e-15
3153                     1.2571247969021          -0.095760917383583       -7.4256587002412         -5.3523793780762e-15
3154                     1.2571247969021          -0.095760917383583       -7.4132992673732         -5.3523659579042e-15
3155                     1.2571247969021          -0.095760917383583       -7.4009398345052         -5.3523525377322e-15
3156                     1.2571247969021          -0.095760917383583       -7.3885804016371         -5.3523391175601e-15
3157                     1.2571247969021          -0.095760917383582       -7.3762209687691         -5.3523256973881e-15
3158                     1.2571247969021          -0.095760917383582       -7.363861535901          -5.3523122772161e-15
3159                     1.2571247969021          -0.095760917383582       -7.351502103033          -5.352298857044e-15
3160                     1.2571247969021          -0.095760917383582       -7.3391426701649         -5.352285436872e-15
3161                     1.2571247969021          -0.095760917383582       -7.3267832372969         -5.3522720167e-15
3162                     1.2571247969021          -0.095760917383582       -7.3144238044289         -5.3522585965279e-15
3163                     1.2571247969021          -0.095760917383582       -7.3020643715608         -5.3522451763559e-15
3164                     1.2571247969021          -0.095760917383582       -7.2897049386928         -5.3522317561839e-15
3165                     1.2571247969021          -0.095760917383582       -7.2773455058247         -5.3522183360118e-15
3166                     1.2571247969021          -0.095760917383582       -7.2649860729567         -5.3522049158398e-15
3167                     1.2571247969021          -0.095760917383582       -7.2526266400886         -5.3521914956678e-15
3168                     1.2571247969021          -0.095760917383583       -7.2402672072206         -5.3521780754957e-15
3169                     1.2571247969021          -0.095760917383583       -7.2279077743526         -5.3521646553237e-15
3170                     1.2571247969021          -0.095760917383583       -7.2155483414845         -5.3521512351517e-15
3171                     1.2571247969021          -0.095760917383583       -7.2031889086165         -5.3521378149797e-15
3172                     1.2571247969021          -0.095760917383583       -7.1908294757484         -5.3521243948076e-15
3173                     1.2571247969021          -0.095760917383584       -7.1784700428804         -5.3521109746356e-15
3174                     1.2571247969021          -0.095760917383584       -7.1661106100123         -5.3520975544636e-15
3175                     1.2571247969021          -0.095760917383584       -7.1537511771443         -5.3520841342915e-15
3176                     1.2571247969021          -0.095760917383584       -7.1413917442762         -5.3520707141195e-15
3177                     1.2571247969021          -0.095760917383584       -7.1290323114082         -5.3520572939475e-15
3178                     1.2571247969021          -0.095760917383584       -7.1166728785401         -5.3520438737754e-15
3179                     1.2571247969021          -0.095760917383584       -7.1043134456721         -5.3520304536034e-15
3180                     1.2571247969021          -0.095760917383584       -7.091954012804          -5.3520170334314e-15
3181                     1.2571247969021          -0.095760917383584       -7.079594579936          -5.3520036132593e-15
3182                     1.2571247969021          -0.095760917383583       -7.067235147068          -5.3519901930873e-15
3183                     1.2571247969021          -0.095760917383583       -7.0548757141999         -5.3519767729152e-15
3184                     1.2571247969021          -0.095760917383583       -7.0425162813319         -5.3519633527432e-15
3185                     1.2571247969021          -0.095760917383583       -7.0301568484638         -5.3519499325712e-15
3186                     1.2571247969021          -0.095760917383583       -7.0177974155958         -5.3519365123991e-15
3187                     1.2571247969021          -0.095760917383583       -7.0054379827277         -5.3519230922271e-15
3188                     1.2571247969021          -0.095760917383583       -6.9930785498597         -5.3519096720551e-15
3189                     1.2571247969021          -0.095760917383583       -6.9807191169916         -5.351896251883e-15
3190                     1.2571247969021          -0.095760917383583       -6.9683596841236         -5.351882831711e-15
3191                     1.2571247969021          -0.095760917383584       -6.9560002512555         -5.351869411539e-15
3192                     1.2571247969021          -0.095760917383584       -6.9436408183875         -5.351855991367e-15
3193                     1.2571247969021          -0.095760917383584       -6.9312813855194         -5.3518425711949e-15
3194                     1.2571247969021          -0.095760917383584       -6.9189219526514         -5.3518291510229e-15
3195                     1.2571247969021          -0.095760917383584       -6.9065625197833         -5.3518157308509e-15
3196                     1.2571247969021          -0.095760917383584       -6.8942030869153         -5.3518023106788e-15
3197                     1.2571247969021          -0.095760917383584       -6.8818436540473         -5.3517888905068e-15
3198                     1.2571247969021          -0.095760917383584       -6.8694842211792         -5.3517754703348e-15
3199                     1.2571247969021          -0.095760917383584       -6.8571247883112         -5.3517620501627e-15
3200                     1.2571247969021          -0.095760917383584       -6.8447653554431         -5.3517486299907e-15
3201                     1.2571247969021          -0.095760917383584       -6.8324059225751         -5.3517352098187e-15
3202                     1.2571247969021          -0.095760917383584       -6.820046489707          -5.3517217896466e-15
3203                     1.2571247969021          -0.095760917383584       -6.807687056839          -5.3517083694746e-15
3204                     1.2571247969021          -0.095760917383584       -6.7953276239709         -5.3516949493026e-15
3205                     1.2571247969021          -0.095760917383584       -6.7829681911029         -5.3516815291305e-15
3206                     1.2571247969021          -0.095760917383584       -6.7706087582349         -5.3516681089585e-15
3207                     1.2571247969021          -0.095760917383584       -6.7582493253668         -5.3516546887865e-15
3208                     1.2571247969021          -0.095760917383584       -6.7458898924988         -5.3516412686144e-15
3209                     1.2571247969021          -0.095760917383583       -6.7335304596307         -5.3516278484424e-15
3210                     1.2571247969021          -0.095760917383583       -6.7211710267627         -5.3516144282703e-15
3211                     1.2571247969021          -0.095760917383583       -6.7088115938946         -5.3516010080983e-15
3212                     1.2571247969021          -0.095760917383583       -6.6964521610266         -5.3515875879263e-15
3213                     1.2571247969021          -0.095760917383583       -6.6840927281586         -5.3515741677542e-15
3214                     1.2571247969021          -0.095760917383583       -6.6717332952905         -5.3515607475822e-15
3215                     1.2571247969021          -0.095760917383583       -6.6593738624225         -5.3515473274102e-15
3216                     1.2571247969021          -0.095760917383583       -6.6470144295544         -5.3515339072381e-15
3217                     1.2571247969021          -0.095760917383583       -6.6346549966864         -5.3515204870661e-15
3218                     1.2571247969021          -0.095760917383583       -6.6222955638184         -5.351507066894e-15
3219                     1.2571247969021          -0.095760917383583       -6.6099361309503         -5.351493646722e-15
3220                     1.2571247969021          -0.095760917383583       -6.5975766980823         -5.35148022655e-15
3221                     1.2571247969021          -0.095760917383583       -6.5852172652142         -5.3514668063779e-15
3222                     1.2571247969021          -0.095760917383583       -6.5728578323462         -5.3514533862059e-15
3223                     1.2571247969021          -0.095760917383584       -6.5604983994781         -5.3514399660338e-15
3224                     1.2571247969021          -0.095760917383584       -6.5481389666101         -5.3514265458618e-15
3225                     1.2571247969021          -0.095760917383584       -6.5357795337421         -5.3514131256898e-15
3226                     1.2571247969021          -0.095760917383584       -6.523420100874          -5.3513997055177e-15
3227                     1.2571247969021          -0.095760917383584       -6.511060668006          -5.3513862853457e-15
3228                     1.2571247969021          -0.095760917383584       -6.4987012351379         -5.3513728651736e-15
3229                     1.2571247969021          -0.095760917383584       -6.4863418022699         -5.3513594450016e-15
3230                     1.2571247969021          -0.095760917383583       -6.4739823694018         -5.3513460248296e-15
3231                     1.2571247969021          -0.095760917383583       -6.4616229365338         -5.3513326046575e-15
3232                     1.2571247969021          -0.095760917383583       -6.4492635036658         -5.3513191844855e-15
3233                     1.2571247969021          -0.095760917383583       -6.4369040707977         -5.3513057643135e-15
3234                     1.2571247969021          -0.095760917383583       -6.4245446379297         -5.3512923441414e-15
3235                     1.2571247969021          -0.095760917383583       -6.4121852050616         -5.3512789239694e-15
3236                     1.2571247969021          -0.095760917383583       -6.3998257721936         -5.3512655037973e-15
3237                     1.2571247969021          -0.095760917383583       -6.3874663393256         -5.3512520836253e-15
3238                     1.2571247969021          -0.095760917383583       -6.3751069064575         -5.3512386634533e-15
3239                     1.2571247969021          -0.095760917383583       -6.3627474735895         -5.3512252432812e-15
3240                     1.2571247969021          -0.095760917383583       -6.3503880407214         -5.3512118231092e-15
3241                     1.2571247969021          -0.095760917383583       -6.3380286078534         -5.3511984029372e-15
3242                     1.2571247969021          -0.095760917383584       -6.3256691749854         -5.3511849827651e-15
3243                     1.2571247969021          -0.095760917383584       -6.3133097421173         -5.3511715625931e-15
3244                     1.2571247969021          -0.095760917383584       -6.3009503092493         -5.3511581424211e-15
3245                     1.2571247969021          -0.095760917383584       -6.2885908763812         -5.351144722249e-15
3246                     1.2571247969021          -0.095760917383584       -6.2762314435132         -5.351131302077e-15
3247                     1.2571247969021          -0.095760917383584       -6.2638720106451         -5.351117881905e-15
3248                     1.2571247969021          -0.095760917383584       -6.2515125777771         -5.3511044617329e-15
3249                     1.2571247969021          -0.095760917383584       -6.2391531449091         -5.3510910415609e-15
3250                     1.2571247969021          -0.095760917383584       -6.226793712041          -5.3510776213889e-15
3251                     1.2571247969021          -0.095760917383584       -6.214434279173          -5.3510642012168e-15
3252                     1.2571247969021          -0.095760917383584       -6.202074846305          -5.3510507810448e-15
3253                     1.2571247969021          -0.095760917383584       -6.1897154134369         -5.3510373608728e-15
3254                     1.2571247969021          -0.095760917383584       -6.1773559805689         -5.3510239407008e-15
3255                     1.2571247969021          -0.095760917383584       -6.1649965477008         -5.3510105205287e-15
3256                     1.2571247969021          -0.095760917383584       -6.1526371148328         -5.3509971003567e-15
3257                     1.2571247969021          -0.095760917383584       -6.1402776819648         -5.3509836801847e-15
3258                     1.2571247969021          -0.095760917383584       -6.1279182490967         -5.3509702600126e-15
3259                     1.2571247969021          -0.095760917383584       -6.1155588162287         -5.3509568398406e-15
3260                     1.2571247969021          -0.095760917383584       -6.1031993833606         -5.3509434196686e-15
3261                     1.2571247969021          -0.095760917383583       -6.0908399504926         -5.3509299994966e-15
3262                     1.2571247969021          -0.095760917383583       -6.0784805176246         -5.3509165793245e-15
3263                     1.2571247969021          -0.095760917383583       -6.0661210847565         -5.3509031591525e-15
3264                     1.2571247969021          -0.095760917383583       -6.0537616518885         -5.3508897389805e-15
3265                     1.2571247969021          -0.095760917383583       -6.0414022190205         -5.3508763188085e-15
3266                     1.2571247969021          -0.095760917383583       -6.0290427861524         -5.3508628986364e-15
3267                     1.2571247969021          -0.095760917383583       -6.0166833532844         -5.3508494784644e-15
3268                     1.2571247969021          -0.095760917383583       -6.0043239204163         -5.3508360582924e-15
3269                     1.2571247969021          -0.095760917383583       -5.9919644875483         -5.3508226381203e-15
3270                     1.2571247969021          -0.095760917383583       -5.9796050546803         -5.3508092179483e-15
3271                     1.2571247969021          -0.095760917383583       -5.9672456218122         -5.3507957977763e-15
3272                     1.2571247969021          -0.095760917383583       -5.9548861889442         -5.3507823776042e-15
3273                     1.2571247969021          -0.095760917383583       -5.9425267560762         -5.3507689574322e-15
3274                     1.2571247969021          -0.095760917383583       -5.9301673232081         -5.3507555372602e-15
3275                     1.2571247969021          -0.095760917383583       -5.9178078903401         -5.3507421170882e-15
3276                     1.2571247969021          -0.095760917383583       -5.905448457472          -5.3507286969161e-15
3277                     1.2571247969021          -0.095760917383583       -5.893089024604          -5.3507152767441e-15
3278                     1.2571247969021          -0.095760917383583       -5.880729591736          -5.3507018565721e-15
3279                     1.2571247969021          -0.095760917383583       -5.8683701588679         -5.3506884364e-15
3280                     1.2571247969021          -0.095760917383583       -5.8560107259999         -5.350675016228e-15
3281                     1.2571247969021          -0.095760917383583       -5.8436512931318         -5.350661596056e-15
3282                     1.2571247969021          -0.095760917383583       -5.8312918602638         -5.3506481758839e-15
3283                     1.2571247969021          -0.095760917383583       -5.8189324273958         -5.3506347557119e-15
3284                     1.2571247969021          -0.095760917383583       -5.8065729945277         -5.3506213355399e-15
3285                     1.2571247969021          -0.095760917383583       -5.7942135616597         -5.3506079153678e-15
3286                     1.2571247969021          -0.095760917383583       -5.7818541287917         -5.3505944951958e-15
3287                     1.2571247969021          -0.095760917383583       -5.7694946959236         -5.3505810750238e-15
3288                     1.2571247969021          -0.095760917383583       -5.7571352630556         -5.3505676548518e-15
3289                     1.2571247969021          -0.095760917383583       -5.7447758301875         -5.3505542346797e-15
3290                     1.2571247969021          -0.095760917383583       -5.7324163973195         -5.3505408145077e-15
3291                     1.2571247969021          -0.095760917383584       -5.7200569644515         -5.3505273943357e-15
3292                     1.2571247969021          -0.095760917383584       -5.7076975315834         -5.3505139741636e-15
3293                     1.2571247969021          -0.095760917383584       -5.6953380987154         -5.3505005539916e-15
3294                     1.2571247969021          -0.095760917383584       -5.6829786658474         -5.3504871338196e-15
3295                     1.2571247969021          -0.095760917383584       -5.6706192329793         -5.3504737136475e-15
3296                     1.2571247969021          -0.095760917383584       -5.6582598001113         -5.3504602934755e-15
3297                     1.2571247969021          -0.095760917383583       -5.6459003672432         -5.3504468733035e-15
3298                     1.2571247969021          -0.095760917383583       -5.6335409343752         -5.3504334531315e-15
3299                     1.2571247969021          -0.095760917383583       -5.6211815015072         -5.3504200329594e-15
3300                     1.2571247969021          -0.095760917383583       -5.6088220686391         -5.3504066127874e-15
3301                     1.2571247969021          -0.095760917383583       -5.5964626357711         -5.3503931926154e-15
3302                     1.2571247969021          -0.095760917383583       -5.5841032029031         -5.3503797724433e-15
3303                     1.2571247969021          -0.095760917383583       -5.571743770035          -5.3503663522713e-15
3304                     1.2571247969021          -0.095760917383583       -5.559384337167          -5.3503529320993e-15
3305                     1.2571247969021          -0.095760917383583       -5.547024904299          -5.3503395119272e-15
3306                     1.2571247969021          -0.095760917383583       -5.5346654714309         -5.3503260917552e-15
3307                     1.2571247969021          -0.095760917383583       -5.5223060385629         -5.3503126715832e-15
3308                     1.2571247969021          -0.095760917383583       -5.5099466056949         -5.3502992514112e-15
3309                     1.2571247969021          -0.095760917383583       -5.4975871728268         -5.3502858312391e-15
3310                     1.2571247969021          -0.095760917383583       -5.4852277399588         -5.3502724110671e-15
3311                     1.2571247969021          -0.095760917383584       -5.4728683070908         -5.3502589908951e-15
3312                     1.2571247969021          -0.095760917383584       -5.4605088742227         -5.350245570723e-15
3313                     1.2571247969021          -0.095760917383584       -5.4481494413547         -5.350232150551e-15
3314                     1.2571247969021          -0.095760917383585       -5.4357900084867         -5.350218730379e-15
3315                     1.2571247969021          -0.095760917383585       -5.4234305756186         -5.350205310207e-15
3316                     1.2571247969021          -0.095760917383585       -5.4110711427506         -5.3501918900349e-15
3317                     1.2571247969021          -0.095760917383585       -5.3987117098826         -5.3501784698629e-15
3318                     1.2571247969021          -0.095760917383585       -5.3863522770145         -5.3501650496909e-15
3319                     1.2571247969021          -0.095760917383585       -5.3739928441465         -5.3501516295188e-15
3320                     1.2571247969021          -0.095760917383585       -5.3616334112785         -5.3501382093468e-15
3321                     1.2571247969021          -0.095760917383585       -5.3492739784104         -5.3501247891748e-15
3322                     1.2571247969021          -0.095760917383585       -5.3369145455424         -5.3501113690028e-15
3323                     1.2571247969021          -0.095760917383585       -5.3245551126744         -5.3500979488307e-15
3324                     1.2571247969021          -0.095760917383585       -5.3121956798063         -5.3500845286587e-15
3325                     1.2571247969021          -0.095760917383585       -5.2998362469383         -5.3500711084867e-15
3326                     1.2571247969021          -0.095760917383585       -5.2874768140703         -5.3500576883147e-15
3327                     1.2571247969021          -0.095760917383585       -5.2751173812022         -5.3500442681426e-15
3328                     1.2571247969021          -0.095760917383585       -5.2627579483342         -5.3500308479706e-15
3329                     1.2571247969021          -0.095760917383585       -5.2503985154662         -5.3500174277986e-15
3330                     1.2571247969021          -0.095760917383585       -5.2380390825981         -5.3500040076265e-15
3331                     1.2571247969021          -0.095760917383585       -5.2256796497301         -5.3499905874545e-15
3332                     1.2571247969021          -0.095760917383585       -5.2133202168621         -5.3499771672825e-15
3333                     1.2571247969021          -0.095760917383585       -5.200960783994          -5.3499637471105e-15
3334                     1.2571247969021          -0.095760917383585       -5.188601351126          -5.3499503269384e-15
3335                     1.2571247969021          -0.095760917383585       -5.176241918258          -5.3499369067664e-15
3336                     1.2571247969021          -0.095760917383585       -5.1638824853899         -5.3499234865944e-15
3337                     1.2571247969021          -0.095760917383585       -5.1515230525219         -5.3499100664224e-15
3338                     1.2571247969021          -0.095760917383585       -5.1391636196539         -5.3498966462503e-15
3339                     1.2571247969021          -0.095760917383585       -5.1268041867858         -5.3498832260783e-15
3340                     1.2571247969021          -0.095760917383584       -5.1144447539178         -5.3498698059063e-15
3341                     1.2571247969021          -0.095760917383584       -5.1020853210498         -5.3498563857343e-15
3342                     1.2571247969021          -0.095760917383584       -5.0897258881817         -5.3498429655622e-15
3343                     1.2571247969021          -0.095760917383584       -5.0773664553137         -5.3498295453902e-15
3344                     1.2571247969021          -0.095760917383584       -5.0650070224457         -5.3498161252182e-15
3345                     1.2571247969021          -0.095760917383584       -5.0526475895776         -5.3498027050461e-15
3346                     1.2571247969021          -0.095760917383584       -5.0402881567096         -5.3497892848741e-15
3347                     1.2571247969021          -0.095760917383584       -5.0279287238415         -5.3497758647021e-15
3348                     1.2571247969021          -0.095760917383583       -5.0155692909735         -5.3497624445301e-15
3349                     1.2571247969021          -0.095760917383583       -5.0032098581055         -5.349749024358e-15
3350                     1.2571247969021          -0.095760917383583       -4.9908504252374         -5.349735604186e-15
3351                     1.2571247969021          -0.095760917383583       -4.9784909923694         -5.349722184014e-15
3352                     1.2571247969021          -0.095760917383582       -4.9661315595014         -5.349708763842e-15
3353                     1.2571247969021          -0.095760917383582       -4.9537721266333         -5.3496953436699e-15
3354                     1.2571247969021          -0.095760917383582       -4.9414126937653         -5.3496819234979e-15
3355                     1.2571247969021          -0.095760917383582       -4.9290532608973         -5.3496685033259e-15
3356                     1.2571247969021          -0.095760917383582       -4.9166938280292         -5.3496550831538e-15
3357                     1.2571247969021          -0.095760917383582       -4.9043343951612         -5.3496416629818e-15
3358                     1.2571247969021          -0.095760917383582       -4.8919749622932         -5.3496282428098e-15
3359                     1.2571247969021          -0.095760917383582       -4.8796155294251         -5.3496148226377e-15
3360                     1.2571247969021          -0.095760917383582       -4.8672560965571         -5.3496014024657e-15
3361                     1.2571247969021          -0.095760917383582       -4.8548966636891         -5.3495879822937e-15
3362                     1.2571247969021          -0.095760917383582       -4.842537230821          -5.3495745621217e-15
3363                     1.2571247969021          -0.095760917383582       -4.830177797953          -5.3495611419496e-15
3364                     1.2571247969021          -0.095760917383582       -4.817818365085          -5.3495477217776e-15
3365                     1.2571247969021          -0.095760917383582       -4.8054589322169         -5.3495343016056e-15
3366                     1.2571247969021          -0.095760917383582       -4.7930994993489         -5.3495208814335e-15
3367                     1.2571247969021          -0.095760917383582       -4.7807400664808         -5.3495074612615e-15
3368                     1.2571247969021          -0.095760917383582       -4.7683806336128         -5.3494940410895e-15
3369                     1.2571247969021          -0.095760917383582       -4.7560212007448         -5.3494806209174e-15
3370                     1.2571247969021          -0.095760917383581       -4.7436617678767         -5.3494672007454e-15
3371                     1.2571247969021          -0.095760917383581       -4.7313023350087         -5.3494537805734e-15
3372                     1.2571247969021          -0.095760917383581       -4.7189429021407         -5.3494403604013e-15
3373                     1.2571247969021          -0.095760917383581       -4.7065834692726         -5.3494269402293e-15
3374                     1.2571247969021          -0.095760917383581       -4.6942240364046         -5.3494135200573e-15
3375                     1.2571247969021          -0.095760917383581       -4.6818646035366         -5.3494000998852e-15
3376                     1.2571247969021          -0.095760917383581       -4.6695051706685         -5.3493866797132e-15
3377                     1.2571247969021          -0.095760917383581       -4.6571457378005         -5.3493732595412e-15
3378                     1.2571247969021          -0.095760917383581       -4.6447863049325         -5.3493598393692e-15
3379                     1.2571247969021          -0.095760917383581       -4.6324268720644         -5.3493464191971e-15
3380                     1.2571247969021          -0.095760917383581       -4.6200674391964         -5.3493329990251e-15
3381                     1.2571247969021          -0.095760917383582       -4.6077080063284         -5.3493195788531e-15
3382                     1.2571247969021          -0.095760917383582       -4.5953485734603         -5.349306158681e-15
3383                     1.2571247969021          -0.095760917383582       -4.5829891405923         -5.349292738509e-15
3384                     1.2571247969021          -0.095760917383583       -4.5706297077243         -5.349279318337e-15
3385                     1.2571247969021          -0.095760917383583       -4.5582702748562         -5.3492658981649e-15
3386                     1.2571247969021          -0.095760917383583       -4.5459108419882         -5.3492524779929e-15
3387                     1.2571247969021          -0.095760917383583       -4.5335514091202         -5.3492390578209e-15
3388                     1.2571247969021          -0.095760917383583       -4.5211919762521         -5.3492256376488e-15
3389                     1.2571247969021          -0.095760917383583       -4.5088325433841         -5.3492122174768e-15
3390                     1.2571247969021          -0.095760917383583       -4.496473110516          -5.3491987973048e-15
3391                     1.2571247969021          -0.095760917383583       -4.484113677648          -5.3491853771327e-15
3392                     1.2571247969021          -0.095760917383583       -4.47175424478           -5.3491719569607e-15
3393                     1.2571247969021          -0.095760917383583       -4.4593948119119         -5.3491585367887e-15
3394                     1.2571247969021          -0.095760917383583       -4.4470353790439         -5.3491451166166e-15
3395                     1.2571247969021          -0.095760917383583       -4.4346759461759         -5.3491316964446e-15
3396                     1.2571247969021          -0.095760917383583       -4.4223165133078         -5.3491182762726e-15
3397                     1.2571247969021          -0.095760917383583       -4.4099570804398         -5.3491048561005e-15
3398                     1.2571247969021          -0.095760917383583       -4.3975976475718         -5.3490914359285e-15
3399                     1.2571247969021          -0.095760917383583       -4.3852382147037         -5.3490780157564e-15
3400                     1.2571247969021          -0.095760917383583       -4.3728787818357         -5.3490645955844e-15
3401                     1.2571247969021          -0.095760917383583       -4.3605193489677         -5.3490511754124e-15
3402                     1.2571247969021          -0.095760917383583       -4.3481599160996         -5.3490377552403e-15
3403                     1.2571247969021          -0.095760917383583       -4.3358004832316         -5.3490243350683e-15
3404                     1.2571247969021          -0.095760917383583       -4.3234410503635         -5.3490109148963e-15
3405                     1.2571247969021          -0.095760917383583       -4.3110816174955         -5.3489974947242e-15
3406                     1.2571247969021          -0.095760917383583       -4.2987221846275         -5.3489840745522e-15
3407                     1.2571247969021          -0.095760917383583       -4.2863627517594         -5.3489706543802e-15
3408                     1.2571247969021          -0.095760917383583       -4.2740033188914         -5.3489572342081e-15
3409                     1.2571247969021          -0.095760917383583       -4.2616438860234         -5.3489438140361e-15
3410                     1.2571247969021          -0.095760917383583       -4.2492844531553         -5.3489303938641e-15
3411                     1.2571247969021          -0.095760917383583       -4.2369250202873         -5.348916973692e-15
3412                     1.2571247969021          -0.095760917383583       -4.2245655874193         -5.34890355352e-15
3413                     1.2571247969021          -0.095760917383584       -4.2122061545512         -5.348890133348e-15
3414                     1.2571247969021          -0.095760917383584       -4.1998467216832         -5.3488767131759e-15
3415                     1.2571247969021          -0.095760917383584       -4.1874872888152         -5.3488632930039e-15
3416                     1.2571247969021          -0.095760917383583       -4.1751278559471         -5.3488498728319e-15
3417                     1.2571247969021          -0.095760917383583       -4.1627684230791         -5.3488364526598e-15
3418                     1.2571247969021          -0.095760917383583       -4.150408990211          -5.3488230324878e-15
3419                     1.2571247969021          -0.095760917383583       -4.138049557343          -5.3488096123158e-15
3420                     1.2571247969021          -0.095760917383583       -4.125690124475          -5.3487961921437e-15
3421                     1.2571247969021          -0.095760917383583       -4.1133306916069         -5.3487827719717e-15
3422                     1.2571247969021          -0.095760917383583       -4.1009712587389         -5.3487693517997e-15
3423                     1.2571247969021          -0.095760917383583       -4.0886118258709         -5.3487559316276e-15
3424                     1.2571247969021          -0.095760917383583       -4.0762523930028         -5.3487425114556e-15
3425                     1.2571247969021          -0.095760917383583       -4.0638929601348         -5.3487290912836e-15
3426                     1.2571247969021          -0.095760917383583       -4.0515335272668         -5.3487156711115e-15
3427                     1.2571247969021          -0.095760917383583       -4.0391740943987         -5.3487022509395e-15
3428                     1.2571247969021          -0.095760917383583       -4.0268146615307         -5.3486888307675e-15
3429                     1.2571247969021          -0.095760917383583       -4.0144552286627         -5.3486754105955e-15
3430                     1.2571247969021          -0.095760917383583       -4.0020957957946         -5.3486619904234e-15
3431                     1.2571247969021          -0.095760917383583       -3.9897363629266         -5.3486485702514e-15
3432                     1.2571247969021          -0.095760917383583       -3.9773769300586         -5.3486351500794e-15
3433                     1.2571247969021          -0.095760917383583       -3.9650174971905         -5.3486217299073e-15
3434                     1.2571247969021          -0.095760917383583       -3.9526580643225         -5.3486083097353e-15
3435                     1.2571247969021          -0.095760917383583       -3.9402986314545         -5.3485948895633e-15
3436                     1.2571247969021          -0.095760917383583       -3.9279391985864         -5.3485814693912e-15
3437                     1.2571247969021          -0.095760917383583       -3.9155797657184         -5.3485680492192e-15
3438                     1.2571247969021          -0.095760917383583       -3.9032203328503         -5.3485546290472e-15
3439                     1.2571247969021          -0.095760917383583       -3.8908608999823         -5.3485412088751e-15
3440                     1.2571247969021          -0.095760917383583       -3.8785014671143         -5.3485277887031e-15
3441                     1.2571247969021          -0.095760917383583       -3.8661420342462         -5.3485143685311e-15
3442                     1.2571247969021          -0.095760917383583       -3.8537826013782         -5.348500948359e-15
3443                     1.2571247969021          -0.095760917383582       -3.8414231685102         -5.348487528187e-15
3444                     1.2571247969021          -0.095760917383582       -3.8290637356421         -5.348474108015e-15
3445                     1.2571247969021          -0.095760917383582       -3.8167043027741         -5.3484606878429e-15
3446                     1.2571247969021          -0.095760917383582       -3.8043448699061         -5.3484472676709e-15
3447                     1.2571247969021          -0.095760917383582       -3.791985437038          -5.3484338474989e-15
3448                     1.2571247969021          -0.095760917383581       -3.77962600417           -5.3484204273268e-15
3449                     1.2571247969021          -0.095760917383581       -3.767266571302          -5.3484070071548e-15
3450                     1.2571247969021          -0.095760917383581       -3.7549071384339         -5.3483935869828e-15
3451                     1.2571247969021          -0.095760917383581       -3.7425477055659         -5.3483801668108e-15
3452                     1.2571247969021          -0.095760917383581       -3.7301882726979         -5.3483667466387e-15
3453                     1.2571247969021          -0.095760917383581       -3.7178288398298         -5.3483533264667e-15
3454                     1.2571247969021          -0.095760917383581       -3.7054694069618         -5.3483399062947e-15
3455                     1.2571247969021          -0.095760917383581       -3.6931099740938         -5.3483264861226e-15
3456                     1.2571247969021          -0.095760917383581       -3.6807505412257         -5.3483130659506e-15
3457                     1.2571247969021          -0.095760917383581       -3.6683911083577         -5.3482996457786e-15
3458                     1.2571247969021          -0.095760917383581       -3.6560316754897         -5.3482862256066e-15
3459                     1.2571247969021          -0.095760917383581       -3.6436722426216         -5.3482728054345e-15
3460                     1.2571247969021          -0.095760917383581       -3.6313128097536         -5.3482593852625e-15
3461                     1.2571247969021          -0.095760917383581       -3.6189533768856         -5.3482459650905e-15
3462                     1.2571247969021          -0.095760917383581       -3.6065939440175         -5.3482325449184e-15
3463                     1.2571247969021          -0.095760917383581       -3.5942345111495         -5.3482191247464e-15
3464                     1.2571247969021          -0.095760917383581       -3.5818750782814         -5.3482057045744e-15
3465                     1.2571247969021          -0.095760917383581       -3.5695156454134         -5.3481922844023e-15
3466                     1.2571247969021          -0.095760917383581       -3.5571562125454         -5.3481788642303e-15
3467                     1.2571247969021          -0.095760917383581       -3.5447967796773         -5.3481654440583e-15
3468                     1.2571247969021          -0.095760917383581       -3.5324373468093         -5.3481520238863e-15
3469                     1.2571247969021          -0.095760917383581       -3.5200779139413         -5.3481386037142e-15
3470                     1.2571247969021          -0.095760917383582       -3.5077184810732         -5.3481251835422e-15
3471                     1.2571247969021          -0.095760917383582       -3.4953590482052         -5.3481117633702e-15
3472                     1.2571247969021          -0.095760917383582       -3.4829996153372         -5.3480983431981e-15
3473                     1.2571247969021          -0.095760917383582       -3.4706401824691         -5.3480849230261e-15
3474                     1.2571247969021          -0.095760917383582       -3.4582807496011         -5.3480715028541e-15
3475                     1.2571247969021          -0.095760917383582       -3.4459213167331         -5.348058082682e-15
3476                     1.2571247969021          -0.095760917383582       -3.433561883865          -5.34804466251e-15
3477                     1.2571247969021          -0.095760917383582       -3.421202450997          -5.348031242338e-15
3478                     1.2571247969021          -0.095760917383582       -3.408843018129          -5.3480178221659e-15
3479                     1.2571247969021          -0.095760917383581       -3.3964835852609         -5.3480044019939e-15
3480                     1.2571247969021          -0.095760917383582       -3.3841241523929         -5.3479909818219e-15
3481                     1.2571247969021          -0.095760917383582       -3.3717647195249         -5.3479775616499e-15
3482                     1.2571247969021          -0.095760917383582       -3.3594052866568         -5.3479641414778e-15
3483                     1.2571247969021          -0.095760917383582       -3.3470458537888         -5.3479507213058e-15
3484                     1.2571247969021          -0.095760917383582       -3.3346864209207         -5.3479373011338e-15
3485                     1.2571247969021          -0.095760917383582       -3.3223269880527         -5.3479238809617e-15
3486                     1.2571247969021          -0.095760917383582       -3.3099675551847         -5.3479104607897e-15
3487                     1.2571247969021          -0.095760917383582       -3.2976081223166         -5.3478970406177e-15
3488                     1.2571247969021          -0.095760917383583       -3.2852486894486         -5.3478836204456e-15
3489                     1.2571247969021          -0.095760917383583       -3.2728892565806         -5.3478702002736e-15
3490                     1.2571247969021          -0.095760917383583       -3.2605298237125         -5.3478567801016e-15
3491                     1.2571247969021          -0.095760917383583       -3.2481703908445         -5.3478433599296e-15
3492                     1.2571247969021          -0.095760917383583       -3.2358109579765         -5.3478299397575e-15
3493                     1.2571247969021          -0.095760917383584       -3.2234515251084         -5.3478165195855e-15
3494                     1.2571247969021          -0.095760917383584       -3.2110920922404         -5.3478030994135e-15
3495                     1.2571247969021          -0.095760917383584       -3.1987326593724         -5.3477896792414e-15
3496                     1.2571247969021          -0.095760917383584       -3.1863732265043         -5.3477762590694e-15
3497                     1.2571247969021          -0.095760917383584       -3.1740137936363         -5.3477628388974e-15
3498                     1.2571247969021          -0.095760917383584       -3.1616543607683         -5.3477494187254e-15
3499                     1.2571247969021          -0.095760917383584       -3.1492949279002         -5.3477359985533e-15
3500                     1.2571247969021          -0.095760917383584       -3.1369354950322         -5.3477225783813e-15
3501                     1.2571247969021          -0.095760917383584       -3.1245760621641         -5.3477091582093e-15
3502                     1.2571247969021          -0.095760917383584       -3.1122166292961         -5.3476957380373e-15
3503                     1.2571247969021          -0.095760917383584       -3.0998571964281         -5.3476823178652e-15
3504                     1.2571247969021          -0.095760917383583       -3.08749776356           -5.3476688976932e-15
3505                     1.2571247969021          -0.095760917383583       -3.075138330692          -5.3476554775212e-15
3506                     1.2571247969021          -0.095760917383583       -3.062778897824          -5.3476420573492e-15
3507                     1.2571247969021          -0.095760917383583       -3.0504194649559         -5.3476286371771e-15
3508                     1.2571247969021          -0.095760917383582       -3.0380600320879         -5.3476152170051e-15
3509                     1.2571247969021          -0.095760917383582       -3.0257005992199         -5.3476017968331e-15
3510                     1.2571247969021          -0.095760917383582       -3.0133411663518         -5.3475883766611e-15
3511                     1.2571247969021          -0.095760917383583       -3.0009817334838         -5.347574956489e-15
3512                     1.2571247969021          -0.095760917383583       -2.9886223006158         -5.347561536317e-15
3513                     1.2571247969021          -0.095760917383583       -2.9762628677477         -5.347548116145e-15
3514                     1.2571247969021          -0.095760917383583       -2.9639034348797         -5.347534695973e-15
3515                     1.2571247969021          -0.095760917383582       -2.9515440020117         -5.3475212758009e-15
3516                     1.2571247969021          -0.095760917383582       -2.9391845691436         -5.3475078556289e-15
3517                     1.2571247969021          -0.095760917383582       -2.9268251362756         -5.3474944354569e-15
3518                     1.2571247969021          -0.095760917383582       -2.9144657034075         -5.3474810152849e-15
3519                     1.2571247969021          -0.095760917383582       -2.9021062705395         -5.3474675951129e-15
3520                     1.2571247969021          -0.095760917383582       -2.8897468376715         -5.3474541749408e-15
3521                     1.2571247969021          -0.095760917383582       -2.8773874048034         -5.3474407547688e-15
3522                     1.2571247969021          -0.095760917383582       -2.8650279719354         -5.3474273345968e-15
3523                     1.2571247969021          -0.095760917383583       -2.8526685390674         -5.3474139144248e-15
3524                     1.2571247969021          -0.095760917383583       -2.8403091061993         -5.3474004942527e-15
3525                     1.2571247969021          -0.095760917383583       -2.8279496733313         -5.3473870740807e-15
3526                     1.2571247969021          -0.095760917383583       -2.8155902404633         -5.3473736539087e-15
3527                     1.2571247969021          -0.095760917383583       -2.8032308075952         -5.3473602337367e-15
3528                     1.2571247969021          -0.095760917383582       -2.7908713747272         -5.3473468135646e-15
3529                     1.2571247969021          -0.095760917383582       -2.7785119418592         -5.3473333933926e-15
3530                     1.2571247969021          -0.095760917383582       -2.7661525089911         -5.3473199732206e-15
3531                     1.2571247969021          -0.095760917383582       -2.7537930761231         -5.3473065530486e-15
3532                     1.2571247969021          -0.095760917383582       -2.7414336432551         -5.3472931328765e-15
3533                     1.2571247969021          -0.095760917383582       -2.729074210387          -5.3472797127045e-15
3534                     1.2571247969021          -0.095760917383582       -2.716714777519          -5.3472662925325e-15
3535                     1.2571247969021          -0.095760917383582       -2.7043553446509         -5.3472528723605e-15
3536                     1.2571247969021          -0.095760917383583       -2.6919959117829         -5.3472394521884e-15
3537                     1.2571247969021          -0.095760917383583       -2.6796364789149         -5.3472260320164e-15
3538                     1.2571247969021          -0.095760917383583       -2.6672770460468         -5.3472126118444e-15
3539                     1.2571247969021          -0.095760917383583       -2.6549176131788         -5.3471991916724e-15
3540                     1.2571247969021          -0.095760917383583       -2.6425581803108         -5.3471857715003e-15
3541                     1.2571247969021          -0.095760917383583       -2.6301987474427         -5.3471723513283e-15
3542                     1.2571247969021          -0.095760917383583       -2.6178393145747         -5.3471589311563e-15
3543                     1.2571247969021          -0.095760917383584       -2.6054798817067         -5.3471455109843e-15
3544                     1.2571247969021          -0.095760917383584       -2.5931204488386         -5.3471320908122e-15
3545                     1.2571247969021          -0.095760917383584       -2.5807610159706         -5.3471186706402e-15
3546                     1.2571247969021          -0.095760917383584       -2.5684015831025         -5.3471052504682e-15
3547                     1.2571247969021          -0.095760917383585       -2.5560421502345         -5.3470918302962e-15
3548                     1.2571247969021          -0.095760917383585       -2.5436827173665         -5.3470784101241e-15
3549                     1.2571247969021          -0.095760917383586       -2.5313232844984         -5.3470649899521e-15
3550                     1.2571247969021          -0.095760917383586       -2.5189638516304         -5.3470515697801e-15
3551                     1.2571247969021          -0.095760917383587       -2.5066044187624         -5.3470381496081e-15
3552                     1.2571247969021          -0.095760917383588       -2.4942449858943         -5.347024729436e-15
3553                     1.2571247969021          -0.095760917383589       -2.4818855530263         -5.347011309264e-15
3554                     1.2571247969021          -0.09576091738359        -2.4695261201583         -5.346997889092e-15
3555                     1.2571247969021          -0.095760917383591       -2.4571666872902         -5.34698446892e-15
3556                     1.2571247969021          -0.095760917383593       -2.4448072544222         -5.3469710487479e-15
3557                     1.2571247969021          -0.095760917383594       -2.4324478215541         -5.3469576285759e-15
3558                     1.2571247969021          -0.095760917383596       -2.4200883886861         -5.3469442084039e-15
3559                     1.2571247969021          -0.095760917383599       -2.4077289558181         -5.3469307882319e-15
3560                     1.2571247969021          -0.095760917383602       -2.39536952295           -5.3469173680598e-15
3561                     1.2571247969021          -0.095760917383606       -2.383010090082          -5.3469039478878e-15
3562                     1.2571247969021          -0.09576091738361        -2.370650657214          -5.3468905277158e-15
3563                     1.2571247969021          -0.095760917383614       -2.3582912243459         -5.3468771075438e-15
3564                     1.2571247969021          -0.09576091738362        -2.3459317914779         -5.3468636873717e-15
3565                     1.2571247969021          -0.095760917383627       -2.3335723586098         -5.3468502671997e-15
3566                     1.2571247969021          -0.095760917383635       -2.3212129257418         -5.3468368470277e-15
3567                     1.2571247969021          -0.095760917383644       -2.3088534928738         -5.3468234268557e-15
3568                     1.2571247969021          -0.095760917383655       -2.2964940600057         -5.3468100066836e-15
3569                     1.257124796902           -0.095760917383668       -2.2841346271377         -5.3467965865116e-15
3570                     1.257124796902           -0.095760917383683       -2.2717751942697         -5.3467831663396e-15
3571                     1.257124796902           -0.0957609173837         -2.2594157614016         -5.3467697461676e-15
3572                     1.257124796902           -0.095760917383721       -2.2470563285336         -5.3467563259955e-15
3573                     1.257124796902           -0.095760917383745       -2.2346968956655         -5.3467429058235e-15
3574                     1.2571247969019          -0.095760917383774       -2.2223374627975         -5.3467294856515e-15
3575                     1.2571247969019          -0.095760917383807       -2.2099780299295         -5.3467160654795e-15
3576                     1.2571247969019          -0.095760917383847       -2.1976185970614         -5.3467026453074e-15
3577                     1.2571247969018          -0.095760917383893       -2.1852591641934         -5.3466892251354e-15
3578                     1.2571247969018          -0.095760917383948       -2.1728997313254         -5.3466758049634e-15
3579                     1.2571247969017          -0.095760917384013       -2.1605402984573         -5.3466623847914e-15
3580                     1.2571247969016          -0.095760917384089       -2.1481808655893         -5.3466489646194e-15
3581                     1.2571247969015          -0.095760917384178       -2.1358214327213         -5.3466355444473e-15
3582                     1.2571247969014          -0.095760917384283       -2.1234619998532         -5.3466221242753e-15
3583                     1.2571247969013          -0.095760917384407       -2.1111025669852         -5.3466087041033e-15
3584                     1.2571247969012          -0.095760917384552       -2.0987431341171         -5.3465952839313e-15
3585                     1.257124796901           -0.095760917384722       -2.0863837012491         -5.3465818637592e-15
3586                     1.2571247969008          -0.095760917384923       -2.0740242683811         -5.3465684435872e-15
3587                     1.2571247969006          -0.09576091738516        -2.061664835513          -5.3465550234152e-15
3588                     1.2571247969003          -0.095760917385437       -2.049305402645          -5.3465416032432e-15
3589                     1.2571247968999          -0.095760917385765       -2.036945969777          -5.3465281830711e-15
3590                     1.2571247968996          -0.095760917386149       -2.0245865369089         -5.3465147628991e-15
3591                     1.2571247968991          -0.095760917386601       -2.0122271040409         -5.3465013427271e-15
3592                     1.2571247968986          -0.095760917387133       -1.9998676711728         -5.3464879225551e-15
3593                     1.257124796898           -0.095760917387759       -1.9875082383048         -5.3464745023831e-15
3594                     1.2571247968972          -0.095760917388495       -1.9751488054368         -5.346461082211e-15
3595                     1.2571247968964          -0.09576091738936        -1.9627893725687         -5.346447662039e-15
3596                     1.2571247968953          -0.095760917390378       -1.9504299397007         -5.346434241867e-15
3597                     1.2571247968941          -0.095760917391576       -1.9380705068327         -5.346420821695e-15
3598                     1.2571247968927          -0.095760917392985       -1.9257110739646         -5.346407401523e-15
3599                     1.2571247968911          -0.095760917394643       -1.9133516410966         -5.3463939813509e-15
3600                     1.2571247968891          -0.095760917396592       -1.9009922082286         -5.3463805611789e-15
3601                     1.2571247968868          -0.095760917398885       -1.8886327753605         -5.3463671410069e-15
3602                     1.2571247968841          -0.095760917401582       -1.8762733424925         -5.3463537208349e-15
3603                     1.257124796881           -0.095760917404755       -1.8639139096244         -5.3463403006628e-15
3604                     1.2571247968772          -0.095760917408487       -1.8515544767564         -5.3463268804908e-15
3605                     1.2571247968728          -0.095760917412877       -1.8391950438884         -5.3463134603188e-15
3606                     1.2571247968677          -0.09576091741804        -1.8268356110203         -5.3463000401467e-15
3607                     1.2571247968616          -0.095760917424114       -1.8144761781523         -5.3462866199747e-15
3608                     1.2571247968545          -0.095760917431259       -1.8021167452843         -5.3462731998027e-15
3609                     1.2571247968461          -0.095760917439663       -1.7897573124162         -5.3462597796306e-15
3610                     1.2571247968362          -0.095760917449548       -1.7773978795482         -5.3462463594586e-15
3611                     1.2571247968245          -0.095760917461176       -1.7650384466801         -5.3462329392865e-15
3612                     1.2571247968109          -0.095760917474854       -1.7526790138121         -5.3462195191144e-15
3613                     1.2571247967948          -0.095760917490943       -1.7403195809441         -5.3462060989424e-15
3614                     1.2571247967758          -0.095760917509868       -1.727960148076          -5.3461926787703e-15
3615                     1.2571247967536          -0.095760917532128       -1.715600715208          -5.3461792585982e-15
3616                     1.2571247967274          -0.095760917558313       -1.70324128234           -5.3461658384261e-15
3617                     1.2571247966966          -0.095760917589113       -1.6908818494719         -5.346152418254e-15
3618                     1.2571247966604          -0.095760917625343       -1.6785224166039         -5.3461389980819e-15
3619                     1.2571247966178          -0.095760917667959       -1.6661629837359         -5.3461255779097e-15
3620                     1.2571247965676          -0.095760917718087       -1.6538035508678         -5.3461121577375e-15
3621                     1.2571247965087          -0.095760917777051       -1.6414441179998         -5.3460987375653e-15
3622                     1.2571247964393          -0.095760917846409       -1.6290846851317         -5.3460853173931e-15
3623                     1.2571247963577          -0.095760917927993       -1.6167252522637         -5.3460718972208e-15
3624                     1.2571247962618          -0.095760918023958       -1.6043658193957         -5.3460584770485e-15
3625                     1.2571247961489          -0.095760918136839       -1.5920063865276         -5.3460450568761e-15
3626                     1.2571247960161          -0.095760918269618       -1.5796469536596         -5.3460316367037e-15
3627                     1.2571247958599          -0.095760918425802       -1.5672875207916         -5.3460182165312e-15
3628                     1.2571247956762          -0.095760918609518       -1.5549280879235         -5.3460047963586e-15
3629                     1.2571247954601          -0.095760918825617       -1.5425686550555         -5.3459913761859e-15
3630                     1.2571247952059          -0.095760919079809       -1.5302092221874         -5.345977956013e-15
3631                     1.2571247949069          -0.095760919378808       -1.5178497893194         -5.3459645358401e-15
3632                     1.2571247945552          -0.095760919730513       -1.5054903564514         -5.3459511156669e-15
3633                     1.2571247941415          -0.095760920144214       -1.4931309235833         -5.3459376954936e-15
3634                     1.2571247936549          -0.095760920630839       -1.4807714907153         -5.34592427532e-15
3635                     1.2571247930825          -0.095760921203243       -1.4684120578473         -5.3459108551462e-15
3636                     1.2571247924092          -0.095760921876547       -1.4560526249792         -5.345897434972e-15
3637                     1.2571247916172          -0.095760922668536       -1.4436931921112         -5.3458840147975e-15
3638                     1.2571247906856          -0.095760923600132       -1.4313337592431         -5.3458705946225e-15
3639                     1.2571247895898          -0.095760924695943       -1.4189743263751         -5.345857174447e-15
3640                     1.2571247883008          -0.095760925984916       -1.4066148935071         -5.3458437542709e-15
3641                     1.2571247867846          -0.095760927501101       -1.394255460639          -5.3458303340941e-15
3642                     1.2571247850012          -0.095760929284548       -1.381896027771          -5.3458169139164e-15
3643                     1.2571247829033          -0.09576093138237        -1.369536594903          -5.3458034937377e-15
3644                     1.2571247804357          -0.095760933849981       -1.3571771620349         -5.3457900735579e-15
3645                     1.2571247775331          -0.095760936752566       -1.3448177291669         -5.3457766533766e-15
3646                     1.2571247741189          -0.095760940166798       -1.3324582962989         -5.3457632331938e-15
3647                     1.2571247701028          -0.095760944182868       -1.3200988634308         -5.345749813009e-15
3648                     1.2571247653789          -0.095760948906864       -1.3077394305628         -5.345736392822e-15
3649                     1.2571247598221          -0.095760954463573       -1.2953799976947         -5.3457229726323e-15
3650                     1.2571247532859          -0.09576096099978        -1.2830205648267         -5.3457095524395e-15
3651                     1.2571247455976          -0.095760968688146       -1.2706611319587         -5.3456961322431e-15
3652                     1.257124736554           -0.095760977731763       -1.2583016990906         -5.3456827120423e-15
3653                     1.2571247259162          -0.095760988369526       -1.2459422662226         -5.3456692918365e-15
3654                     1.2571247134033          -0.09576100088244        -1.2335828333546         -5.3456558716248e-15
3655                     1.2571246986847          -0.095761015601044       -1.2212234004865         -5.345642451406e-15
3656                     1.2571246813716          -0.095761032914139       -1.2088639676185         -5.345629031179e-15
3657                     1.2571246610066          -0.095761053279064       -1.1965045347504         -5.3456156109422e-15
3658                     1.2571246370519          -0.095761077233774       -1.1841451018824         -5.3456021906941e-15
3659                     1.2571246088747          -0.095761105411049       -1.1717856690144         -5.3455887704326e-15
3660                     1.2571245757305          -0.095761138555209       -1.1594262361463         -5.3455753501553e-15
3661                     1.2571245367439          -0.095761177541779       -1.1470668032783         -5.3455619298594e-15
3662                     1.2571244908851          -0.095761223400614       -1.1347073704103         -5.3455485095417e-15
3663                     1.2571244369426          -0.095761277343098       -1.1223479375422         -5.3455350891983e-15
3664                     1.2571243734916          -0.095761340794152       -1.1099885046742         -5.3455216688247e-15
3665                     1.2571242988559          -0.095761415429862       -1.0976290718061         -5.3455082484155e-15
3666                     1.257124211064           -0.095761503221758       -1.0852696389381         -5.3454948279646e-15
3667                     1.2571241077968          -0.095761606488892       -1.0729102060701         -5.3454814074645e-15
3668                     1.2571239863266          -0.095761727959083       -1.060550773202          -5.3454679869065e-15
3669                     1.2571238434447          -0.095761870840979       -1.048191340334          -5.3454545662805e-15
3670                     1.2571236753769          -0.095762038908798       -1.035831907466          -5.3454411455745e-15
3671                     1.2571234776837          -0.095762236602018       -1.0234724745979         -5.3454277247744e-15
3672                     1.2571232451431          -0.095762469142629       -1.0111130417299         -5.3454143038636e-15
3673                     1.2571229716127          -0.095762742673052       -0.99875360886185        -5.3454008828225e-15
3674                     1.2571226498674          -0.09576306441836        -0.98639417599381        -5.3453874616282e-15
3675                     1.2571222714086          -0.095763442877085       -0.97403474312577        -5.3453740402537e-15
3676                     1.2571218262401          -0.095763888045642       -0.96167531025773        -5.3453606186672e-15
3677                     1.2571213026034          -0.095764411682307       -0.9493158773897         -5.3453471968314e-15
3678                     1.257120686668           -0.095765027617682       -0.93695644452166        -5.3453337747023e-15
3679                     1.2571199621658          -0.095765752119868       -0.92459701165362        -5.3453203522282e-15
3680                     1.2571191099618          -0.095766604323943       -0.91223757878558        -5.3453069293483e-15
3681                     1.2571181075486          -0.095767606737095       -0.89987814591755        -5.345293505991e-15
3682                     1.257116928453           -0.09576878583268        -0.88751871304951        -5.3452800820722e-15
3683                     1.2571155415368          -0.095770172748881       -0.87515928018147        -5.3452666574928e-15
3684                     1.2571139101754          -0.095771804110332       -0.86279984731343        -5.3452532321365e-15
3685                     1.2571119912914          -0.09577372299432        -0.8504404144454         -5.3452398058661e-15
3686                     1.2571097342188          -0.095775980066954       -0.83808098157736        -5.3452263785206e-15
3687                     1.2571070793666          -0.095778634919126       -0.82572154870932        -5.3452129499103e-15
3688                     1.2571039566484          -0.0957817576373         -0.81336211584128        -5.3451995198122e-15
3689                     1.2571002836355          -0.095785430650257       -0.80100268297325        -5.3451860879639e-15
3690                     1.2570959633856          -0.095789750900102       -0.78864325010521        -5.3451726540567e-15
3691                     1.2570908818915          -0.095794832394185       -0.77628381723717        -5.3451592177273e-15
3692                     1.2570849050813          -0.09580080920441        -0.76392438436913        -5.3451457785485e-15
3693                     1.2570778752938          -0.095807838991866       -0.7515649515011         -5.3451323360174e-15
3694                     1.2570696071377          -0.095816107148064       -0.73920551863306        -5.3451188895424e-15
3695                     1.257059882626           -0.095825831659716       -0.72684608576502        -5.3451054384273e-15
3696                     1.2570484454636          -0.095837268822085       -0.71448665289698        -5.3450919818528e-15
3697                     1.2570349943386          -0.095850719947106       -0.70212722002895        -5.3450785188546e-15
3698                     1.2570191750488          -0.095866539236898       -0.68976778716091        -5.3450650482978e-15
3699                     1.2570005712641          -0.095885143021587       -0.67740835429287        -5.3450515688464e-15
3700                     1.2569786936928          -0.095907020592958       -0.66504892142483        -5.3450380789274e-15
3701                     1.2569529673829          -0.095932746902847       -0.6526894885568         -5.3450245766886e-15
3702                     1.2569227168478          -0.095962997437904       -0.64033005568876        -5.3450110599488e-15
3703                     1.2568871486549          -0.095998565630848       -0.62797062282072        -5.3449975261384e-15
3704                     1.2568453310627          -0.09604038322297        -0.61561118995269        -5.3449839722297e-15
3705                     1.2567961702321          -0.09608954405358        -0.60325175708465        -5.3449703946543e-15
3706                     1.2567383824664          -0.096147331819361       -0.59089232421661        -5.3449567892048e-15
3707                     1.2566704618662          -0.096215252419525       -0.57853289134857        -5.3449431509186e-15
3708                     1.2565906427055          -0.096295071580253       -0.56617345848054        -5.3449294739392e-15
3709                     1.2564968557538          -0.09638885853192        -0.5538140256125         -5.3449157513515e-15
3710                     1.256386677694           -0.096499036591726       -0.54145459274446        -5.3449019749854e-15
3711                     1.2562572727084          -0.096628441577265       -0.52909515987642        -5.3448881351796e-15
3712                     1.2561053252501          -0.096780389035583       -0.51673572700839        -5.3448742205003e-15
3713                     1.2559269629793          -0.096958751306407       -0.50437629414035        -5.3448602174008e-15
3714                     1.2557176688535          -0.097168045432239       -0.49201686127231        -5.3448461098117e-15
3715                     1.2554721814242          -0.097413532861473       -0.47965742840427        -5.3448318786437e-15
3716                     1.2551843825491          -0.097701331736635       -0.46729799553624        -5.3448175011824e-15
3717                     1.2548471720016          -0.098038542284067       -0.4549385626682         -5.344802950347e-15
3718                     1.2544523289041          -0.098433385381601       -0.44257912980016        -5.3447881937787e-15
3719                     1.2539903605583          -0.098895353727394       -0.43021969693212        -5.3447731927117e-15
3720                     1.2534503401749          -0.099435374110844       -0.41786026406409        -5.3447579005655e-15
3721                     1.2528197362459          -0.1000659780398         -0.40550083119605        -5.3447422611768e-15
3722                     1.252084237926           -0.10080147635971        -0.39314139832801        -5.3447262065612e-15
3723                     1.2512275828002          -0.10165813148549        -0.38078196545998        -5.3447096540548e-15
3724                     1.2502313958098          -0.10265431847593        -0.36842253259194        -5.3446925026318e-15
3725                     1.249075050779           -0.10381066350671        -0.3560630997239         -5.3446746281123e-15
3726                     1.247735568744           -0.10515014554174        -0.34370366685586        -5.3446558768645e-15
3727                     1.2461875697786          -0.1066981445071         -0.33134423398783        -5.3446360574405e-15
3728                     1.2444032967431          -0.10848241754257        -0.31898480111979        -5.3446149293432e-15
3729                     1.2423527296781          -0.1105329846076         -0.30662536825175        -5.3445921877687e-15
3730                     1.2400038076719          -0.1128819066138         -0.29426593538371        -5.3445674426374e-15
3731                     1.2373227702138          -0.11556294407186        -0.28190650251568        -5.3445401894221e-15
3732                     1.2342746218364          -0.11861109244934        -0.26954706964764        -5.3445097680524e-15
3733                     1.2308237123079          -0.12206200197782        -0.2571876367796         -5.3444753042662e-15
3734                     1.2269344106299          -0.12595130365581        -0.24482820391157        -5.3444356247851e-15
3735                     1.2225718364383          -0.13031387784741        -0.23246877104353        -5.3443891329204e-15
3736                     1.2177025997617          -0.13518311452398        -0.22010933817549        -5.3443336235309e-15
3737                     1.2122954924607          -0.14059022182505        -0.20774990530745        -5.344266003669e-15
3738                     1.2063220746244          -0.14656363966127        -0.19539047243942        -5.3441818643672e-15
3739                     1.1997571079538          -0.15312860633195        -0.18303103957138        -5.344074813835e-15
3740                     1.1925788049068          -0.16030690937888        -0.17067160670334        -5.3439354221367e-15
3741                     1.1847688842724          -0.16811683001328        -0.1583121738353         -5.3437495228274e-15
3742                     1.1763124465851          -0.17657326770059        -0.14595274096727        -5.3434954323183e-15
3743                     1.1671977019599          -0.18568801232586        -0.13359330809923        -5.3431393161949e-15
3744                     1.1574155951314          -0.19547011915433        -0.12123387523119        -5.3426273264809e-15
3745                     1.1469593763264          -0.20592633795931        -0.10887444236316        -5.3418720098898e-15
3746                     1.1358241627472          -0.21706155153856        -0.096515009495118       -5.340728362942e-15
3747                     1.1240065261349          -0.22887918815081        -0.084155576627081       -5.3389508229253e-15
3748                     1.1115041299976          -0.24138158428808        -0.071796143759043       -5.3361144758323e-15
3749                     1.098315428305           -0.25457028598071        -0.059436710891006       -5.3314677779474e-15
3750                     1.0844394276657          -0.26844628662           -0.047077278022969       -5.3236515729103e-15
3751                     1.069875508126           -0.28301020615967        -0.034717845154932       -5.3101517638284e-15
3752                     1.0546232938305          -0.29826242045519        -0.022358412286894       -5.2862104410633e-15
3753                     1.0386825633744          -0.3142031509113         -0.0099989794188571      -5.2426128107271e-15
3754                     1.0220531900121          -0.3308325242736         -0.0045636639970508      -5.1610907350051e-15
3755                     1.0047351032211          -0.34815061106465        -0.0021026604588857      -5.0045644293355e-15
3756                     0.98672826485647         -0.36615744942925        -0.00093909768363756     -4.6959610622054e-15
3757                     0.96803265485928         -0.38485305942644        -0.00038593984564594     -4.0711966674596e-15
3758                     0.94864826297287         -0.40423745131284        -0.00012594372040978     -2.7724183595553e-15
3759                     0.92857508409733         -0.42431063018839        -6.0890899305981e-06     -6.9294502691023e-21
3760                     0.84314926054109         -0.20192193185259        -3.5270604837564e-06     -5.6204505631256e-21
3761                     0.76582948252559         0.028572812023956        -3.229599105195e-06      -5.4576878988617e-21
3762.0374419527          0.75900695734074         0.021750286839107        -3.0537682246335e-06     -5.3043680969329e-21
3763.1137277578          0.75532046485503         0.018063794353392        -2.9039890344448e-06     -5.1217935839071e-21
3764.2303118051          0.75334598473401         0.016089314232379        -2.7644649442529e-06     -4.917348017614e-21
3765.3887029394          0.75230489451807         0.01504822401643         -2.6278464188395e-06     -4.6963130492592e-21
3766.5904664997          0.75176679052963         0.014510120027994        -2.4903564619215e-06     -4.4619579329371e-21
3767.8372264344          0.75149490443276         0.014238233931127        -2.3499308414729e-06     -4.2160899942632e-21
3769.1306674955          0.75136086722053         0.014104196718894        -2.2053859635968e-06     -3.9595782560424e-21
3770.4725375156          0.75129648531941         0.014039814817778        -2.056003877177e-06      -3.6927293248693e-21
3771.8646497695          0.75126639021885         0.014009719717216        -1.9013123720408e-06     -3.4155261429713e-21
3773.3088854244          0.75125271383225         0.013996043330619        -1.7409656745342e-06     -3.1277693044585e-21
3774.8071960824          0.75124667757329         0.013990007071649        -1.5746797398963e-06     -2.8291566568011e-21
3776.3616064171          0.75124409244362         0.01398742194198         -1.4021976274216e-06     -2.5193263216162e-21
3777.9742169099          0.75124301899893         0.013986348497293        -1.2232713250964e-06     -2.1978790222099e-21
3779.6472066885          0.75124258670079         0.013985916199157        -1.0376523871017e-06     -1.8643891433517e-21
3781.3828364711          0.75124241649202         0.013985745990383        -8.4508716610744e-07     -1.518409860917e-21
3783.1834516219          0.75124234658511         0.013985676083473        -6.453143708986e-07      -1.1594752431466e-21
3785.05148532            0.75124230363454         0.013985633132903        -4.3806377605238e-07     -7.87100829508e-22
3786.9894618473          0.75124223454018         0.013985564038546        -2.2305553613038e-07     -4.0078339032839e-22
3789                     0.37660800708836         0.007011058265114        0                        0
3791                     0                        0                        0                        0
3793                     0                        0                        0                        0
3795                     0                        0                        0                        0
3797                     0                        0                        0                        0
3799                     0                        0                        0                        0
