Iteration 	Alpha_fermi 	Residual_EDensity[1/cm^2] 	Residual_HDensity[1/cm^2] 	Residual_EFermi[eV] 	Residual_HFermi[eV] 	Residual_Potential[V]
1 	1.000000e+00 	5.031485e+14 	6.361679e+13 	1.005322e+01 	6.227706e+00 	8.298987e-01
2 	1.000000e+00 	5.004285e+14 	6.089671e+13 	3.150627e+00 	2.698978e+00 	8.348887e+00
3 	1.000000e+00 	1.110177e+05 	1.402176e+01 	1.165141e-03 	7.267555e-04 	9.177015e-11
4 	1.000000e+00 	1.094298e+05 	9.240017e-06 	3.104640e-04 	1.861994e-05 	1.776357e-15
5 	1.000000e+00 	1.094298e+05 	1.706742e-03 	4.531596e-05 	3.916548e-07 	8.881784e-15
6 	1.000000e+00 	1.094298e+05 	1.174894e-09 	5.627030e-06 	7.801784e-09 	1.776357e-15
7 	1.000000e+00 	1.094298e+05 	3.328919e-11 	6.615038e-07 	1.490566e-10 	1.776357e-15
8 	1.000000e+00 	1.094298e+05 	5.252069e-16 	7.627759e-08 	2.766298e-12 	0.000000e+00
9 	1.000000e+00 	1.094298e+05 	9.834368e-18 	8.734322e-09 	5.090546e-14 	0.000000e+00
10 	1.000000e+00 	1.094298e+05 	1.627434e-18 	9.975789e-10 	6.217249e-15 	0.000000e+00
11 	1.000000e+00 	1.094298e+05 	1.254218e-18 	1.138396e-10 	6.217249e-15 	0.000000e+00
12 	1.000000e+00 	1.094298e+05 	2.369048e-19 	3.855760e-11 	2.775558e-16 	0.000000e+00
13 	1.000000e+00 	1.094298e+05 	0.000000e+00 	3.855760e-11 	3.469447e-18 	0.000000e+00
14 	1.000000e+00 	1.094298e+05 	0.000000e+00 	3.855760e-11 	0.000000e+00 	0.000000e+00
15 	1.000000e+00 	1.094298e+05 	0.000000e+00 	3.855760e-11 	0.000000e+00 	0.000000e+00
16 	1.000000e+00 	1.094298e+05 	0.000000e+00 	3.855760e-11 	0.000000e+00 	0.000000e+00
17 	1.000000e+00 	1.094298e+05 	0.000000e+00 	3.855760e-11 	0.000000e+00 	0.000000e+00
18 	1.000000e+00 	1.094298e+05 	0.000000e+00 	3.855760e-11 	0.000000e+00 	0.000000e+00
19 	1.000000e+00 	1.094298e+05 	0.000000e+00 	3.855760e-11 	0.000000e+00 	0.000000e+00
20 	1.000000e+00 	1.094298e+05 	0.000000e+00 	3.855760e-11 	0.000000e+00 	0.000000e+00
21 	1.000000e+00 	1.094298e+05 	0.000000e+00 	3.855760e-11 	0.000000e+00 	0.000000e+00
22 	1.000000e+00 	1.094298e+05 	0.000000e+00 	3.855760e-11 	0.000000e+00 	0.000000e+00
23 	1.000000e+00 	1.094298e+05 	0.000000e+00 	3.855760e-11 	0.000000e+00 	0.000000e+00
24 	1.000000e+00 	1.094298e+05 	0.000000e+00 	3.855760e-11 	0.000000e+00 	0.000000e+00
25 	1.000000e+00 	1.094298e+05 	0.000000e+00 	3.855760e-11 	0.000000e+00 	0.000000e+00
26 	1.000000e+00 	1.094298e+05 	0.000000e+00 	3.855760e-11 	0.000000e+00 	0.000000e+00
27 	1.000000e+00 	1.094298e+05 	0.000000e+00 	3.855760e-11 	0.000000e+00 	0.000000e+00
28 	1.000000e+00 	1.094298e+05 	0.000000e+00 	3.855760e-11 	0.000000e+00 	0.000000e+00
29 	1.000000e+00 	1.094298e+05 	0.000000e+00 	3.855760e-11 	0.000000e+00 	0.000000e+00
30 	1.000000e+00 	1.094298e+05 	0.000000e+00 	3.855760e-11 	0.000000e+00 	0.000000e+00
31 	1.000000e+00 	1.094298e+05 	0.000000e+00 	3.855760e-11 	0.000000e+00 	0.000000e+00
32 	1.000000e+00 	1.094298e+05 	0.000000e+00 	3.855760e-11 	0.000000e+00 	0.000000e+00
33 	1.000000e+00 	1.094298e+05 	0.000000e+00 	3.855760e-11 	0.000000e+00 	0.000000e+00
34 	1.000000e+00 	1.094298e+05 	0.000000e+00 	3.855760e-11 	0.000000e+00 	0.000000e+00
35 	1.000000e+00 	1.094298e+05 	0.000000e+00 	3.855760e-11 	0.000000e+00 	0.000000e+00
36 	1.000000e+00 	1.094298e+05 	0.000000e+00 	3.855760e-11 	0.000000e+00 	0.000000e+00
37 	1.000000e+00 	1.094298e+05 	0.000000e+00 	3.855760e-11 	0.000000e+00 	0.000000e+00
38 	1.000000e+00 	1.094298e+05 	0.000000e+00 	3.855760e-11 	0.000000e+00 	0.000000e+00
39 	1.000000e+00 	1.094298e+05 	0.000000e+00 	3.855760e-11 	0.000000e+00 	0.000000e+00
40 	1.000000e+00 	1.094298e+05 	0.000000e+00 	3.855760e-11 	0.000000e+00 	0.000000e+00
41 	1.000000e+00 	1.094298e+05 	0.000000e+00 	3.855760e-11 	0.000000e+00 	0.000000e+00
42 	1.000000e+00 	1.094298e+05 	0.000000e+00 	3.855760e-11 	0.000000e+00 	0.000000e+00
43 	1.000000e+00 	1.094298e+05 	0.000000e+00 	3.855760e-11 	0.000000e+00 	0.000000e+00
44 	1.000000e+00 	1.094298e+05 	0.000000e+00 	3.855760e-11 	0.000000e+00 	0.000000e+00
45 	1.000000e+00 	1.094298e+05 	0.000000e+00 	3.855760e-11 	0.000000e+00 	0.000000e+00
46 	1.000000e+00 	1.094298e+05 	0.000000e+00 	3.855760e-11 	0.000000e+00 	0.000000e+00
47 	1.000000e+00 	1.094298e+05 	0.000000e+00 	3.855760e-11 	0.000000e+00 	0.000000e+00
48 	1.000000e+00 	1.094298e+05 	0.000000e+00 	3.855760e-11 	0.000000e+00 	0.000000e+00
49 	1.000000e+00 	1.094298e+05 	0.000000e+00 	3.855760e-11 	0.000000e+00 	0.000000e+00
50 	1.000000e+00 	1.094298e+05 	0.000000e+00 	3.855760e-11 	0.000000e+00 	0.000000e+00
51 	1.000000e+00 	1.094298e+05 	0.000000e+00 	3.855760e-11 	0.000000e+00 	0.000000e+00
52 	1.000000e+00 	1.094298e+05 	0.000000e+00 	3.855760e-11 	0.000000e+00 	0.000000e+00
53 	1.000000e+00 	1.094298e+05 	0.000000e+00 	3.855760e-11 	0.000000e+00 	0.000000e+00
54 	1.000000e+00 	1.094298e+05 	0.000000e+00 	3.855760e-11 	0.000000e+00 	0.000000e+00
55 	1.000000e+00 	1.094298e+05 	0.000000e+00 	3.855760e-11 	0.000000e+00 	0.000000e+00
56 	1.000000e+00 	1.094298e+05 	0.000000e+00 	3.855760e-11 	0.000000e+00 	0.000000e+00
57 	1.000000e+00 	1.094298e+05 	0.000000e+00 	3.855760e-11 	0.000000e+00 	0.000000e+00
58 	1.000000e+00 	1.094298e+05 	0.000000e+00 	3.855760e-11 	0.000000e+00 	0.000000e+00
59 	1.000000e+00 	1.094298e+05 	0.000000e+00 	3.855760e-11 	0.000000e+00 	0.000000e+00
60 	1.000000e+00 	1.094298e+05 	0.000000e+00 	3.855760e-11 	0.000000e+00 	0.000000e+00
61 	1.000000e+00 	1.094298e+05 	0.000000e+00 	3.855760e-11 	0.000000e+00 	0.000000e+00
62 	1.000000e+00 	1.094298e+05 	0.000000e+00 	3.855760e-11 	0.000000e+00 	0.000000e+00
63 	1.000000e+00 	1.094298e+05 	0.000000e+00 	3.855760e-11 	0.000000e+00 	0.000000e+00
64 	1.000000e+00 	1.094298e+05 	0.000000e+00 	3.855760e-11 	0.000000e+00 	0.000000e+00
65 	1.000000e+00 	1.094298e+05 	0.000000e+00 	3.855760e-11 	0.000000e+00 	0.000000e+00
66 	1.000000e+00 	1.094298e+05 	0.000000e+00 	3.855760e-11 	0.000000e+00 	0.000000e+00
67 	1.000000e+00 	1.094298e+05 	0.000000e+00 	3.855760e-11 	0.000000e+00 	0.000000e+00
68 	1.000000e+00 	1.094298e+05 	0.000000e+00 	3.855760e-11 	0.000000e+00 	0.000000e+00
69 	1.000000e+00 	1.094298e+05 	0.000000e+00 	3.855760e-11 	0.000000e+00 	0.000000e+00
70 	1.000000e+00 	1.094298e+05 	0.000000e+00 	3.855760e-11 	0.000000e+00 	0.000000e+00
71 	1.000000e+00 	1.094298e+05 	0.000000e+00 	3.855760e-11 	0.000000e+00 	0.000000e+00
72 	1.000000e+00 	1.094298e+05 	0.000000e+00 	3.855760e-11 	0.000000e+00 	0.000000e+00
73 	1.000000e+00 	1.094298e+05 	0.000000e+00 	3.855760e-11 	0.000000e+00 	0.000000e+00
74 	1.000000e+00 	1.094298e+05 	0.000000e+00 	3.855760e-11 	0.000000e+00 	0.000000e+00
75 	1.000000e+00 	1.094298e+05 	0.000000e+00 	3.855760e-11 	0.000000e+00 	0.000000e+00
76 	1.000000e+00 	1.094298e+05 	0.000000e+00 	3.855760e-11 	0.000000e+00 	0.000000e+00
77 	1.000000e+00 	1.094298e+05 	0.000000e+00 	3.855760e-11 	0.000000e+00 	0.000000e+00
78 	1.000000e+00 	1.094298e+05 	0.000000e+00 	3.855760e-11 	0.000000e+00 	0.000000e+00
79 	1.000000e+00 	1.094298e+05 	0.000000e+00 	3.855760e-11 	0.000000e+00 	0.000000e+00
80 	1.000000e+00 	1.094298e+05 	0.000000e+00 	3.855760e-11 	0.000000e+00 	0.000000e+00
81 	1.000000e+00 	1.094298e+05 	0.000000e+00 	3.855760e-11 	0.000000e+00 	0.000000e+00
82 	1.000000e+00 	1.094298e+05 	0.000000e+00 	3.855760e-11 	0.000000e+00 	0.000000e+00
83 	1.000000e+00 	1.094298e+05 	0.000000e+00 	3.855760e-11 	0.000000e+00 	0.000000e+00
84 	1.000000e+00 	1.094298e+05 	0.000000e+00 	3.855760e-11 	0.000000e+00 	0.000000e+00
85 	1.000000e+00 	1.094298e+05 	0.000000e+00 	3.855760e-11 	0.000000e+00 	0.000000e+00
86 	1.000000e+00 	1.094298e+05 	0.000000e+00 	3.855760e-11 	0.000000e+00 	0.000000e+00
87 	1.000000e+00 	1.094298e+05 	0.000000e+00 	3.855760e-11 	0.000000e+00 	0.000000e+00
88 	1.000000e+00 	1.094298e+05 	0.000000e+00 	3.855760e-11 	0.000000e+00 	0.000000e+00
89 	1.000000e+00 	1.094298e+05 	0.000000e+00 	3.855760e-11 	0.000000e+00 	0.000000e+00
90 	1.000000e+00 	1.094298e+05 	0.000000e+00 	3.855760e-11 	0.000000e+00 	0.000000e+00
91 	1.000000e+00 	1.094298e+05 	0.000000e+00 	3.855760e-11 	0.000000e+00 	0.000000e+00
92 	1.000000e+00 	1.094298e+05 	0.000000e+00 	3.855760e-11 	0.000000e+00 	0.000000e+00
93 	1.000000e+00 	1.094298e+05 	0.000000e+00 	3.855760e-11 	0.000000e+00 	0.000000e+00
94 	1.000000e+00 	1.094298e+05 	0.000000e+00 	3.855760e-11 	0.000000e+00 	0.000000e+00
95 	1.000000e+00 	1.094298e+05 	0.000000e+00 	3.855760e-11 	0.000000e+00 	0.000000e+00
96 	1.000000e+00 	1.094298e+05 	0.000000e+00 	3.855760e-11 	0.000000e+00 	0.000000e+00
97 	1.000000e+00 	1.094298e+05 	0.000000e+00 	3.855760e-11 	0.000000e+00 	0.000000e+00
98 	1.000000e+00 	1.094298e+05 	0.000000e+00 	3.855760e-11 	0.000000e+00 	0.000000e+00
99 	1.000000e+00 	1.094298e+05 	0.000000e+00 	3.855760e-11 	0.000000e+00 	0.000000e+00
100 	1.000000e+00 	1.094298e+05 	0.000000e+00 	3.855760e-11 	0.000000e+00 	0.000000e+00
101 	1.000000e+00 	1.094298e+05 	0.000000e+00 	3.855760e-11 	0.000000e+00 	0.000000e+00
102 	1.000000e+00 	1.094298e+05 	0.000000e+00 	3.855760e-11 	0.000000e+00 	0.000000e+00
103 	1.000000e+00 	1.094298e+05 	0.000000e+00 	3.855760e-11 	0.000000e+00 	0.000000e+00
104 	1.000000e+00 	1.094298e+05 	0.000000e+00 	3.855760e-11 	0.000000e+00 	0.000000e+00
105 	1.000000e+00 	1.094298e+05 	0.000000e+00 	3.855760e-11 	0.000000e+00 	0.000000e+00
106 	1.000000e+00 	1.094298e+05 	0.000000e+00 	3.855760e-11 	0.000000e+00 	0.000000e+00
107 	1.000000e+00 	1.094298e+05 	0.000000e+00 	3.855760e-11 	0.000000e+00 	0.000000e+00
108 	1.000000e+00 	1.094298e+05 	0.000000e+00 	3.855760e-11 	0.000000e+00 	0.000000e+00
109 	1.000000e+00 	1.094298e+05 	0.000000e+00 	3.855760e-11 	0.000000e+00 	0.000000e+00
110 	1.000000e+00 	1.094298e+05 	0.000000e+00 	3.855760e-11 	0.000000e+00 	0.000000e+00
111 	1.000000e+00 	1.094298e+05 	0.000000e+00 	3.855760e-11 	0.000000e+00 	0.000000e+00
112 	1.000000e+00 	1.094298e+05 	0.000000e+00 	3.855760e-11 	0.000000e+00 	0.000000e+00
113 	1.000000e+00 	1.094298e+05 	0.000000e+00 	3.855760e-11 	0.000000e+00 	0.000000e+00
114 	1.000000e+00 	1.094298e+05 	0.000000e+00 	3.855760e-11 	0.000000e+00 	0.000000e+00
115 	1.000000e+00 	1.094298e+05 	0.000000e+00 	3.855760e-11 	0.000000e+00 	0.000000e+00
116 	1.000000e+00 	1.094298e+05 	0.000000e+00 	3.855760e-11 	0.000000e+00 	0.000000e+00
117 	1.000000e+00 	1.094298e+05 	0.000000e+00 	3.855760e-11 	0.000000e+00 	0.000000e+00
118 	1.000000e+00 	1.094298e+05 	0.000000e+00 	3.855760e-11 	0.000000e+00 	0.000000e+00
119 	1.000000e+00 	1.094298e+05 	0.000000e+00 	3.855760e-11 	0.000000e+00 	0.000000e+00
120 	1.000000e+00 	1.094298e+05 	0.000000e+00 	3.855760e-11 	0.000000e+00 	0.000000e+00
121 	1.000000e+00 	1.094298e+05 	0.000000e+00 	3.855760e-11 	0.000000e+00 	0.000000e+00
122 	1.000000e+00 	1.094298e+05 	0.000000e+00 	3.855760e-11 	0.000000e+00 	0.000000e+00
123 	1.000000e+00 	1.094298e+05 	0.000000e+00 	3.855760e-11 	0.000000e+00 	0.000000e+00
124 	1.000000e+00 	1.094298e+05 	0.000000e+00 	3.855760e-11 	0.000000e+00 	0.000000e+00
125 	1.000000e+00 	1.094298e+05 	0.000000e+00 	3.855760e-11 	0.000000e+00 	0.000000e+00
126 	1.000000e+00 	1.094298e+05 	0.000000e+00 	3.855760e-11 	0.000000e+00 	0.000000e+00
127 	1.000000e+00 	1.094298e+05 	0.000000e+00 	3.855760e-11 	0.000000e+00 	0.000000e+00
128 	1.000000e+00 	1.094298e+05 	0.000000e+00 	3.855760e-11 	0.000000e+00 	0.000000e+00
129 	1.000000e+00 	1.094298e+05 	0.000000e+00 	3.855760e-11 	0.000000e+00 	0.000000e+00
130 	1.000000e+00 	1.094298e+05 	0.000000e+00 	3.855760e-11 	0.000000e+00 	0.000000e+00
131 	1.000000e+00 	1.094298e+05 	0.000000e+00 	3.855760e-11 	0.000000e+00 	0.000000e+00
132 	1.000000e+00 	1.094298e+05 	0.000000e+00 	3.855760e-11 	0.000000e+00 	0.000000e+00
133 	1.000000e+00 	1.094298e+05 	0.000000e+00 	3.855760e-11 	0.000000e+00 	0.000000e+00
134 	1.000000e+00 	1.094298e+05 	0.000000e+00 	3.855760e-11 	0.000000e+00 	0.000000e+00
135 	1.000000e+00 	1.094298e+05 	0.000000e+00 	3.855760e-11 	0.000000e+00 	0.000000e+00
136 	1.000000e+00 	1.094298e+05 	0.000000e+00 	3.855760e-11 	0.000000e+00 	0.000000e+00
137 	1.000000e+00 	1.094298e+05 	0.000000e+00 	3.855760e-11 	0.000000e+00 	0.000000e+00
138 	1.000000e+00 	1.094298e+05 	0.000000e+00 	3.855760e-11 	0.000000e+00 	0.000000e+00
139 	1.000000e+00 	1.094298e+05 	0.000000e+00 	3.855760e-11 	0.000000e+00 	0.000000e+00
140 	1.000000e+00 	1.094298e+05 	0.000000e+00 	3.855760e-11 	0.000000e+00 	0.000000e+00
141 	1.000000e+00 	1.094298e+05 	0.000000e+00 	3.855760e-11 	0.000000e+00 	0.000000e+00
142 	1.000000e+00 	1.094298e+05 	0.000000e+00 	3.855760e-11 	0.000000e+00 	0.000000e+00
143 	1.000000e+00 	1.094298e+05 	0.000000e+00 	3.855760e-11 	0.000000e+00 	0.000000e+00
144 	1.000000e+00 	1.094298e+05 	0.000000e+00 	3.855760e-11 	0.000000e+00 	0.000000e+00
145 	1.000000e+00 	1.094298e+05 	0.000000e+00 	3.855760e-11 	0.000000e+00 	0.000000e+00
146 	1.000000e+00 	1.094298e+05 	0.000000e+00 	3.855760e-11 	0.000000e+00 	0.000000e+00
147 	1.000000e+00 	1.094298e+05 	0.000000e+00 	3.855760e-11 	0.000000e+00 	0.000000e+00
148 	1.000000e+00 	1.094298e+05 	0.000000e+00 	3.855760e-11 	0.000000e+00 	0.000000e+00
149 	1.000000e+00 	1.094298e+05 	0.000000e+00 	3.855760e-11 	0.000000e+00 	0.000000e+00
150 	1.000000e+00 	1.094298e+05 	0.000000e+00 	3.855760e-11 	0.000000e+00 	0.000000e+00
151 	1.000000e+00 	1.094298e+05 	0.000000e+00 	3.855760e-11 	0.000000e+00 	0.000000e+00
152 	1.000000e+00 	1.094298e+05 	0.000000e+00 	3.855760e-11 	0.000000e+00 	0.000000e+00
153 	1.000000e+00 	1.094298e+05 	0.000000e+00 	3.855760e-11 	0.000000e+00 	0.000000e+00
154 	1.000000e+00 	1.094298e+05 	0.000000e+00 	3.855760e-11 	0.000000e+00 	0.000000e+00
155 	1.000000e+00 	1.094298e+05 	0.000000e+00 	3.855760e-11 	0.000000e+00 	0.000000e+00
156 	1.000000e+00 	1.094298e+05 	0.000000e+00 	3.855760e-11 	0.000000e+00 	0.000000e+00
157 	1.000000e+00 	1.094298e+05 	0.000000e+00 	3.855760e-11 	0.000000e+00 	0.000000e+00
158 	1.000000e+00 	1.094298e+05 	0.000000e+00 	3.855760e-11 	0.000000e+00 	0.000000e+00
159 	1.000000e+00 	1.094298e+05 	0.000000e+00 	3.855760e-11 	0.000000e+00 	0.000000e+00
160 	1.000000e+00 	1.094298e+05 	0.000000e+00 	3.855760e-11 	0.000000e+00 	0.000000e+00
161 	1.000000e+00 	1.094298e+05 	0.000000e+00 	3.855760e-11 	0.000000e+00 	0.000000e+00
162 	1.000000e+00 	1.094298e+05 	0.000000e+00 	3.855760e-11 	0.000000e+00 	0.000000e+00
163 	1.000000e+00 	1.094298e+05 	0.000000e+00 	3.855760e-11 	0.000000e+00 	0.000000e+00
164 	1.000000e+00 	1.094298e+05 	0.000000e+00 	3.855760e-11 	0.000000e+00 	0.000000e+00
165 	1.000000e+00 	1.094298e+05 	0.000000e+00 	3.855760e-11 	0.000000e+00 	0.000000e+00
166 	1.000000e+00 	1.094298e+05 	0.000000e+00 	3.855760e-11 	0.000000e+00 	0.000000e+00
167 	1.000000e+00 	1.094298e+05 	0.000000e+00 	3.855760e-11 	0.000000e+00 	0.000000e+00
168 	1.000000e+00 	1.094298e+05 	0.000000e+00 	3.855760e-11 	0.000000e+00 	0.000000e+00
169 	1.000000e+00 	1.094298e+05 	0.000000e+00 	3.855760e-11 	0.000000e+00 	0.000000e+00
170 	1.000000e+00 	1.094298e+05 	0.000000e+00 	3.855760e-11 	0.000000e+00 	0.000000e+00
171 	1.000000e+00 	1.094298e+05 	0.000000e+00 	3.855760e-11 	0.000000e+00 	0.000000e+00
172 	1.000000e+00 	1.094298e+05 	0.000000e+00 	3.855760e-11 	0.000000e+00 	0.000000e+00
173 	1.000000e+00 	1.094298e+05 	0.000000e+00 	3.855760e-11 	0.000000e+00 	0.000000e+00
174 	1.000000e+00 	1.094298e+05 	0.000000e+00 	3.855760e-11 	0.000000e+00 	0.000000e+00
175 	1.000000e+00 	1.094298e+05 	0.000000e+00 	3.855760e-11 	0.000000e+00 	0.000000e+00
176 	1.000000e+00 	1.094298e+05 	0.000000e+00 	3.855760e-11 	0.000000e+00 	0.000000e+00
177 	1.000000e+00 	1.094298e+05 	0.000000e+00 	3.855760e-11 	0.000000e+00 	0.000000e+00
178 	1.000000e+00 	1.094298e+05 	0.000000e+00 	3.855760e-11 	0.000000e+00 	0.000000e+00
179 	1.000000e+00 	1.094298e+05 	0.000000e+00 	3.855760e-11 	0.000000e+00 	0.000000e+00
180 	1.000000e+00 	1.094298e+05 	0.000000e+00 	3.855760e-11 	0.000000e+00 	0.000000e+00
181 	1.000000e+00 	1.094298e+05 	0.000000e+00 	3.855760e-11 	0.000000e+00 	0.000000e+00
182 	1.000000e+00 	1.094298e+05 	0.000000e+00 	3.855760e-11 	0.000000e+00 	0.000000e+00
183 	1.000000e+00 	1.094298e+05 	0.000000e+00 	3.855760e-11 	0.000000e+00 	0.000000e+00
184 	1.000000e+00 	1.094298e+05 	0.000000e+00 	3.855760e-11 	0.000000e+00 	0.000000e+00
185 	1.000000e+00 	1.094298e+05 	0.000000e+00 	3.855760e-11 	0.000000e+00 	0.000000e+00
186 	1.000000e+00 	1.094298e+05 	0.000000e+00 	3.855760e-11 	0.000000e+00 	0.000000e+00
187 	1.000000e+00 	1.094298e+05 	0.000000e+00 	3.855760e-11 	0.000000e+00 	0.000000e+00
188 	1.000000e+00 	1.094298e+05 	0.000000e+00 	3.855760e-11 	0.000000e+00 	0.000000e+00
189 	1.000000e+00 	1.094298e+05 	0.000000e+00 	3.855760e-11 	0.000000e+00 	0.000000e+00
190 	1.000000e+00 	1.094298e+05 	0.000000e+00 	3.855760e-11 	0.000000e+00 	0.000000e+00
191 	1.000000e+00 	1.094298e+05 	0.000000e+00 	3.855760e-11 	0.000000e+00 	0.000000e+00
192 	1.000000e+00 	1.094298e+05 	0.000000e+00 	3.855760e-11 	0.000000e+00 	0.000000e+00
193 	1.000000e+00 	1.094298e+05 	0.000000e+00 	3.855760e-11 	0.000000e+00 	0.000000e+00
194 	1.000000e+00 	1.094298e+05 	0.000000e+00 	3.855760e-11 	0.000000e+00 	0.000000e+00
195 	1.000000e+00 	1.094298e+05 	0.000000e+00 	3.855760e-11 	0.000000e+00 	0.000000e+00
196 	1.000000e+00 	1.094298e+05 	0.000000e+00 	3.855760e-11 	0.000000e+00 	0.000000e+00
197 	1.000000e+00 	1.094298e+05 	0.000000e+00 	3.855760e-11 	0.000000e+00 	0.000000e+00
198 	1.000000e+00 	1.094298e+05 	0.000000e+00 	3.855760e-11 	0.000000e+00 	0.000000e+00
199 	1.000000e+00 	1.094298e+05 	0.000000e+00 	3.855760e-11 	0.000000e+00 	0.000000e+00
200 	1.000000e+00 	1.094298e+05 	0.000000e+00 	3.855760e-11 	0.000000e+00 	0.000000e+00
201 	1.000000e+00 	1.094298e+05 	0.000000e+00 	3.855760e-11 	0.000000e+00 	0.000000e+00
202 	1.000000e+00 	1.094298e+05 	0.000000e+00 	3.855760e-11 	0.000000e+00 	0.000000e+00
203 	1.000000e+00 	1.094298e+05 	0.000000e+00 	3.855760e-11 	0.000000e+00 	0.000000e+00
204 	1.000000e+00 	1.094298e+05 	0.000000e+00 	3.855760e-11 	0.000000e+00 	0.000000e+00
205 	1.000000e+00 	1.094298e+05 	0.000000e+00 	3.855760e-11 	0.000000e+00 	0.000000e+00
206 	1.000000e+00 	1.094298e+05 	0.000000e+00 	3.855760e-11 	0.000000e+00 	0.000000e+00
207 	1.000000e+00 	1.094298e+05 	0.000000e+00 	3.855760e-11 	0.000000e+00 	0.000000e+00
208 	1.000000e+00 	1.094298e+05 	0.000000e+00 	3.855760e-11 	0.000000e+00 	0.000000e+00
209 	1.000000e+00 	1.094298e+05 	0.000000e+00 	3.855760e-11 	0.000000e+00 	0.000000e+00
210 	1.000000e+00 	1.094298e+05 	0.000000e+00 	3.855760e-11 	0.000000e+00 	0.000000e+00
211 	1.000000e+00 	1.094298e+05 	0.000000e+00 	3.855760e-11 	0.000000e+00 	0.000000e+00
212 	1.000000e+00 	1.094298e+05 	0.000000e+00 	3.855760e-11 	0.000000e+00 	0.000000e+00
213 	1.000000e+00 	1.094298e+05 	0.000000e+00 	3.855760e-11 	0.000000e+00 	0.000000e+00
214 	1.000000e+00 	1.094298e+05 	0.000000e+00 	3.855760e-11 	0.000000e+00 	0.000000e+00
215 	1.000000e+00 	1.094298e+05 	0.000000e+00 	3.855760e-11 	0.000000e+00 	0.000000e+00
216 	1.000000e+00 	1.094298e+05 	0.000000e+00 	3.855760e-11 	0.000000e+00 	0.000000e+00
217 	1.000000e+00 	1.094298e+05 	0.000000e+00 	3.855760e-11 	0.000000e+00 	0.000000e+00
218 	1.000000e+00 	1.094298e+05 	0.000000e+00 	3.855760e-11 	0.000000e+00 	0.000000e+00
219 	1.000000e+00 	1.094298e+05 	0.000000e+00 	3.855760e-11 	0.000000e+00 	0.000000e+00
220 	1.000000e+00 	1.094298e+05 	0.000000e+00 	3.855760e-11 	0.000000e+00 	0.000000e+00
221 	1.000000e+00 	1.094298e+05 	0.000000e+00 	3.855760e-11 	0.000000e+00 	0.000000e+00
222 	1.000000e+00 	1.094298e+05 	0.000000e+00 	3.855760e-11 	0.000000e+00 	0.000000e+00
223 	1.000000e+00 	1.094298e+05 	0.000000e+00 	3.855760e-11 	0.000000e+00 	0.000000e+00
224 	1.000000e+00 	1.094298e+05 	0.000000e+00 	3.855760e-11 	0.000000e+00 	0.000000e+00
225 	1.000000e+00 	1.094298e+05 	0.000000e+00 	3.855760e-11 	0.000000e+00 	0.000000e+00
226 	1.000000e+00 	1.094298e+05 	0.000000e+00 	3.855760e-11 	0.000000e+00 	0.000000e+00
227 	1.000000e+00 	1.094298e+05 	0.000000e+00 	3.855760e-11 	0.000000e+00 	0.000000e+00
228 	1.000000e+00 	1.094298e+05 	0.000000e+00 	3.855760e-11 	0.000000e+00 	0.000000e+00
229 	1.000000e+00 	1.094298e+05 	0.000000e+00 	3.855760e-11 	0.000000e+00 	0.000000e+00
230 	1.000000e+00 	1.094298e+05 	0.000000e+00 	3.855760e-11 	0.000000e+00 	0.000000e+00
231 	1.000000e+00 	1.094298e+05 	0.000000e+00 	3.855760e-11 	0.000000e+00 	0.000000e+00
232 	1.000000e+00 	1.094298e+05 	0.000000e+00 	3.855760e-11 	0.000000e+00 	0.000000e+00
233 	1.000000e+00 	1.094298e+05 	0.000000e+00 	3.855760e-11 	0.000000e+00 	0.000000e+00
234 	1.000000e+00 	1.094298e+05 	0.000000e+00 	3.855760e-11 	0.000000e+00 	0.000000e+00
235 	1.000000e+00 	1.094298e+05 	0.000000e+00 	3.855760e-11 	0.000000e+00 	0.000000e+00
236 	1.000000e+00 	1.094298e+05 	0.000000e+00 	3.855760e-11 	0.000000e+00 	0.000000e+00
237 	1.000000e+00 	1.094298e+05 	0.000000e+00 	3.855760e-11 	0.000000e+00 	0.000000e+00
238 	1.000000e+00 	1.094298e+05 	0.000000e+00 	3.855760e-11 	0.000000e+00 	0.000000e+00
239 	1.000000e+00 	1.094298e+05 	0.000000e+00 	3.855760e-11 	0.000000e+00 	0.000000e+00
240 	1.000000e+00 	1.094298e+05 	0.000000e+00 	3.855760e-11 	0.000000e+00 	0.000000e+00
241 	1.000000e+00 	1.094298e+05 	0.000000e+00 	3.855760e-11 	0.000000e+00 	0.000000e+00
242 	1.000000e+00 	1.094298e+05 	0.000000e+00 	3.855760e-11 	0.000000e+00 	0.000000e+00
243 	1.000000e+00 	1.094298e+05 	0.000000e+00 	3.855760e-11 	0.000000e+00 	0.000000e+00
244 	1.000000e+00 	1.094298e+05 	0.000000e+00 	3.855760e-11 	0.000000e+00 	0.000000e+00
245 	1.000000e+00 	1.094298e+05 	0.000000e+00 	3.855760e-11 	0.000000e+00 	0.000000e+00
246 	1.000000e+00 	1.094298e+05 	0.000000e+00 	3.855760e-11 	0.000000e+00 	0.000000e+00
247 	1.000000e+00 	1.094298e+05 	0.000000e+00 	3.855760e-11 	0.000000e+00 	0.000000e+00
248 	1.000000e+00 	1.094298e+05 	0.000000e+00 	3.855760e-11 	0.000000e+00 	0.000000e+00
249 	1.000000e+00 	1.094298e+05 	0.000000e+00 	3.855760e-11 	0.000000e+00 	0.000000e+00
250 	1.000000e+00 	1.094298e+05 	0.000000e+00 	3.855760e-11 	0.000000e+00 	0.000000e+00
251 	1.000000e+00 	1.094298e+05 	0.000000e+00 	3.855760e-11 	0.000000e+00 	0.000000e+00
252 	1.000000e+00 	1.094298e+05 	0.000000e+00 	3.855760e-11 	0.000000e+00 	0.000000e+00
253 	1.000000e+00 	1.094298e+05 	0.000000e+00 	3.855760e-11 	0.000000e+00 	0.000000e+00
254 	1.000000e+00 	1.094298e+05 	0.000000e+00 	3.855760e-11 	0.000000e+00 	0.000000e+00
255 	1.000000e+00 	1.094298e+05 	0.000000e+00 	3.855760e-11 	0.000000e+00 	0.000000e+00
256 	1.000000e+00 	1.094298e+05 	0.000000e+00 	3.855760e-11 	0.000000e+00 	0.000000e+00
257 	1.000000e+00 	1.094298e+05 	0.000000e+00 	3.855760e-11 	0.000000e+00 	0.000000e+00
258 	1.000000e+00 	1.094298e+05 	0.000000e+00 	3.855760e-11 	0.000000e+00 	0.000000e+00
259 	1.000000e+00 	1.094298e+05 	0.000000e+00 	3.855760e-11 	0.000000e+00 	0.000000e+00
260 	1.000000e+00 	1.094298e+05 	0.000000e+00 	3.855760e-11 	0.000000e+00 	0.000000e+00
261 	1.000000e+00 	1.094298e+05 	0.000000e+00 	3.855760e-11 	0.000000e+00 	0.000000e+00
262 	1.000000e+00 	1.094298e+05 	0.000000e+00 	3.855760e-11 	0.000000e+00 	0.000000e+00
263 	1.000000e+00 	1.094298e+05 	0.000000e+00 	3.855760e-11 	0.000000e+00 	0.000000e+00
264 	1.000000e+00 	1.094298e+05 	0.000000e+00 	3.855760e-11 	0.000000e+00 	0.000000e+00
265 	1.000000e+00 	1.094298e+05 	0.000000e+00 	3.855760e-11 	0.000000e+00 	0.000000e+00
266 	1.000000e+00 	1.094298e+05 	0.000000e+00 	3.855760e-11 	0.000000e+00 	0.000000e+00
267 	1.000000e+00 	1.094298e+05 	0.000000e+00 	3.855760e-11 	0.000000e+00 	0.000000e+00
268 	1.000000e+00 	1.094298e+05 	0.000000e+00 	3.855760e-11 	0.000000e+00 	0.000000e+00
269 	1.000000e+00 	1.094298e+05 	0.000000e+00 	3.855760e-11 	0.000000e+00 	0.000000e+00
270 	1.000000e+00 	1.094298e+05 	0.000000e+00 	3.855760e-11 	0.000000e+00 	0.000000e+00
271 	1.000000e+00 	1.094298e+05 	0.000000e+00 	3.855760e-11 	0.000000e+00 	0.000000e+00
272 	1.000000e+00 	1.094298e+05 	0.000000e+00 	3.855760e-11 	0.000000e+00 	0.000000e+00
273 	1.000000e+00 	1.094298e+05 	0.000000e+00 	3.855760e-11 	0.000000e+00 	0.000000e+00
274 	1.000000e+00 	1.094298e+05 	0.000000e+00 	3.855760e-11 	0.000000e+00 	0.000000e+00
275 	1.000000e+00 	1.094298e+05 	0.000000e+00 	3.855760e-11 	0.000000e+00 	0.000000e+00
276 	1.000000e+00 	1.094298e+05 	0.000000e+00 	3.855760e-11 	0.000000e+00 	0.000000e+00
277 	1.000000e+00 	1.094298e+05 	0.000000e+00 	3.855760e-11 	0.000000e+00 	0.000000e+00
278 	1.000000e+00 	1.094298e+05 	0.000000e+00 	3.855760e-11 	0.000000e+00 	0.000000e+00
279 	1.000000e+00 	1.094298e+05 	0.000000e+00 	3.855760e-11 	0.000000e+00 	0.000000e+00
280 	1.000000e+00 	1.094298e+05 	0.000000e+00 	3.855760e-11 	0.000000e+00 	0.000000e+00
281 	1.000000e+00 	1.094298e+05 	0.000000e+00 	3.855760e-11 	0.000000e+00 	0.000000e+00
282 	1.000000e+00 	1.094298e+05 	0.000000e+00 	3.855760e-11 	0.000000e+00 	0.000000e+00
283 	1.000000e+00 	1.094298e+05 	0.000000e+00 	3.855760e-11 	0.000000e+00 	0.000000e+00
284 	1.000000e+00 	1.094298e+05 	0.000000e+00 	3.855760e-11 	0.000000e+00 	0.000000e+00
285 	1.000000e+00 	1.094298e+05 	0.000000e+00 	3.855760e-11 	0.000000e+00 	0.000000e+00
286 	1.000000e+00 	1.094298e+05 	0.000000e+00 	3.855760e-11 	0.000000e+00 	0.000000e+00
287 	1.000000e+00 	1.094298e+05 	0.000000e+00 	3.855760e-11 	0.000000e+00 	0.000000e+00
288 	1.000000e+00 	1.094298e+05 	0.000000e+00 	3.855760e-11 	0.000000e+00 	0.000000e+00
289 	1.000000e+00 	1.094298e+05 	0.000000e+00 	3.855760e-11 	0.000000e+00 	0.000000e+00
290 	1.000000e+00 	1.094298e+05 	0.000000e+00 	3.855760e-11 	0.000000e+00 	0.000000e+00
291 	1.000000e+00 	1.094298e+05 	0.000000e+00 	3.855760e-11 	0.000000e+00 	0.000000e+00
292 	1.000000e+00 	1.094298e+05 	0.000000e+00 	3.855760e-11 	0.000000e+00 	0.000000e+00
293 	1.000000e+00 	1.094298e+05 	0.000000e+00 	3.855760e-11 	0.000000e+00 	0.000000e+00
294 	1.000000e+00 	1.094298e+05 	0.000000e+00 	3.855760e-11 	0.000000e+00 	0.000000e+00
295 	1.000000e+00 	1.094298e+05 	0.000000e+00 	3.855760e-11 	0.000000e+00 	0.000000e+00
296 	1.000000e+00 	1.094298e+05 	0.000000e+00 	3.855760e-11 	0.000000e+00 	0.000000e+00
297 	1.000000e+00 	1.094298e+05 	0.000000e+00 	3.855760e-11 	0.000000e+00 	0.000000e+00
298 	1.000000e+00 	1.094298e+05 	0.000000e+00 	3.855760e-11 	0.000000e+00 	0.000000e+00
299 	1.000000e+00 	1.094298e+05 	0.000000e+00 	3.855760e-11 	0.000000e+00 	0.000000e+00
300 	1.000000e+00 	1.094298e+05 	0.000000e+00 	3.855760e-11 	0.000000e+00 	0.000000e+00
301 	1.000000e+00 	1.094298e+05 	0.000000e+00 	3.855760e-11 	0.000000e+00 	0.000000e+00
302 	1.000000e+00 	1.094298e+05 	0.000000e+00 	3.855760e-11 	0.000000e+00 	0.000000e+00
303 	1.000000e+00 	1.094298e+05 	0.000000e+00 	3.855760e-11 	0.000000e+00 	0.000000e+00
304 	1.000000e+00 	1.094298e+05 	0.000000e+00 	3.855760e-11 	0.000000e+00 	0.000000e+00
305 	1.000000e+00 	1.094298e+05 	0.000000e+00 	3.855760e-11 	0.000000e+00 	0.000000e+00
306 	1.000000e+00 	1.094298e+05 	0.000000e+00 	3.855760e-11 	0.000000e+00 	0.000000e+00
307 	1.000000e+00 	1.094298e+05 	0.000000e+00 	3.855760e-11 	0.000000e+00 	0.000000e+00
308 	1.000000e+00 	1.094298e+05 	0.000000e+00 	3.855760e-11 	0.000000e+00 	0.000000e+00
309 	1.000000e+00 	1.094298e+05 	0.000000e+00 	3.855760e-11 	0.000000e+00 	0.000000e+00
310 	1.000000e+00 	1.094298e+05 	0.000000e+00 	3.855760e-11 	0.000000e+00 	0.000000e+00
311 	1.000000e+00 	1.094298e+05 	0.000000e+00 	3.855760e-11 	0.000000e+00 	0.000000e+00
312 	1.000000e+00 	1.094298e+05 	0.000000e+00 	3.855760e-11 	0.000000e+00 	0.000000e+00
313 	1.000000e+00 	1.094298e+05 	0.000000e+00 	3.855760e-11 	0.000000e+00 	0.000000e+00
314 	1.000000e+00 	1.094298e+05 	0.000000e+00 	3.855760e-11 	0.000000e+00 	0.000000e+00
315 	1.000000e+00 	1.094298e+05 	0.000000e+00 	3.855760e-11 	0.000000e+00 	0.000000e+00
316 	1.000000e+00 	1.094298e+05 	0.000000e+00 	3.855760e-11 	0.000000e+00 	0.000000e+00
317 	1.000000e+00 	1.094298e+05 	0.000000e+00 	3.855760e-11 	0.000000e+00 	0.000000e+00
318 	1.000000e+00 	1.094298e+05 	0.000000e+00 	3.855760e-11 	0.000000e+00 	0.000000e+00
319 	1.000000e+00 	1.094298e+05 	0.000000e+00 	3.855760e-11 	0.000000e+00 	0.000000e+00
320 	1.000000e+00 	1.094298e+05 	0.000000e+00 	3.855760e-11 	0.000000e+00 	0.000000e+00
321 	1.000000e+00 	1.094298e+05 	0.000000e+00 	3.855760e-11 	0.000000e+00 	0.000000e+00
322 	1.000000e+00 	1.094298e+05 	0.000000e+00 	3.855760e-11 	0.000000e+00 	0.000000e+00
323 	1.000000e+00 	1.094298e+05 	0.000000e+00 	3.855760e-11 	0.000000e+00 	0.000000e+00
324 	1.000000e+00 	1.094298e+05 	0.000000e+00 	3.855760e-11 	0.000000e+00 	0.000000e+00
325 	1.000000e+00 	1.094298e+05 	0.000000e+00 	3.855760e-11 	0.000000e+00 	0.000000e+00
326 	1.000000e+00 	1.094298e+05 	0.000000e+00 	3.855760e-11 	0.000000e+00 	0.000000e+00
327 	1.000000e+00 	1.094298e+05 	0.000000e+00 	3.855760e-11 	0.000000e+00 	0.000000e+00
328 	1.000000e+00 	1.094298e+05 	0.000000e+00 	3.855760e-11 	0.000000e+00 	0.000000e+00
329 	1.000000e+00 	1.094298e+05 	0.000000e+00 	3.855760e-11 	0.000000e+00 	0.000000e+00
330 	1.000000e+00 	1.094298e+05 	0.000000e+00 	3.855760e-11 	0.000000e+00 	0.000000e+00
331 	1.000000e+00 	1.094298e+05 	0.000000e+00 	3.855760e-11 	0.000000e+00 	0.000000e+00
332 	1.000000e+00 	1.094298e+05 	0.000000e+00 	3.855760e-11 	0.000000e+00 	0.000000e+00
333 	1.000000e+00 	1.094298e+05 	0.000000e+00 	3.855760e-11 	0.000000e+00 	0.000000e+00
334 	1.000000e+00 	1.094298e+05 	0.000000e+00 	3.855760e-11 	0.000000e+00 	0.000000e+00
335 	1.000000e+00 	1.094298e+05 	0.000000e+00 	3.855760e-11 	0.000000e+00 	0.000000e+00
336 	1.000000e+00 	1.094298e+05 	0.000000e+00 	3.855760e-11 	0.000000e+00 	0.000000e+00
337 	1.000000e+00 	1.094298e+05 	0.000000e+00 	3.855760e-11 	0.000000e+00 	0.000000e+00
338 	1.000000e+00 	1.094298e+05 	0.000000e+00 	3.855760e-11 	0.000000e+00 	0.000000e+00
339 	1.000000e+00 	1.094298e+05 	0.000000e+00 	3.855760e-11 	0.000000e+00 	0.000000e+00
340 	1.000000e+00 	1.094298e+05 	0.000000e+00 	3.855760e-11 	0.000000e+00 	0.000000e+00
341 	1.000000e+00 	1.094298e+05 	0.000000e+00 	3.855760e-11 	0.000000e+00 	0.000000e+00
342 	1.000000e+00 	1.094298e+05 	0.000000e+00 	3.855760e-11 	0.000000e+00 	0.000000e+00
343 	1.000000e+00 	1.094298e+05 	0.000000e+00 	3.855760e-11 	0.000000e+00 	0.000000e+00
344 	1.000000e+00 	1.094298e+05 	0.000000e+00 	3.855760e-11 	0.000000e+00 	0.000000e+00
345 	1.000000e+00 	1.094298e+05 	0.000000e+00 	3.855760e-11 	0.000000e+00 	0.000000e+00
346 	1.000000e+00 	1.094298e+05 	0.000000e+00 	3.855760e-11 	0.000000e+00 	0.000000e+00
347 	1.000000e+00 	1.094298e+05 	0.000000e+00 	3.855760e-11 	0.000000e+00 	0.000000e+00
348 	1.000000e+00 	1.094298e+05 	0.000000e+00 	3.855760e-11 	0.000000e+00 	0.000000e+00
349 	1.000000e+00 	1.094298e+05 	0.000000e+00 	3.855760e-11 	0.000000e+00 	0.000000e+00
350 	1.000000e+00 	1.094298e+05 	0.000000e+00 	3.855760e-11 	0.000000e+00 	0.000000e+00
351 	1.000000e+00 	1.094298e+05 	0.000000e+00 	3.855760e-11 	0.000000e+00 	0.000000e+00
352 	1.000000e+00 	1.094298e+05 	0.000000e+00 	3.855760e-11 	0.000000e+00 	0.000000e+00
353 	1.000000e+00 	1.094298e+05 	0.000000e+00 	3.855760e-11 	0.000000e+00 	0.000000e+00
354 	1.000000e+00 	1.094298e+05 	0.000000e+00 	3.855760e-11 	0.000000e+00 	0.000000e+00
355 	1.000000e+00 	1.094298e+05 	0.000000e+00 	3.855760e-11 	0.000000e+00 	0.000000e+00
356 	1.000000e+00 	1.094298e+05 	0.000000e+00 	3.855760e-11 	0.000000e+00 	0.000000e+00
357 	1.000000e+00 	1.094298e+05 	0.000000e+00 	3.855760e-11 	0.000000e+00 	0.000000e+00
358 	1.000000e+00 	1.094298e+05 	0.000000e+00 	3.855760e-11 	0.000000e+00 	0.000000e+00
359 	1.000000e+00 	1.094298e+05 	0.000000e+00 	3.855760e-11 	0.000000e+00 	0.000000e+00
360 	1.000000e+00 	1.094298e+05 	0.000000e+00 	3.855760e-11 	0.000000e+00 	0.000000e+00
361 	1.000000e+00 	1.094298e+05 	0.000000e+00 	3.855760e-11 	0.000000e+00 	0.000000e+00
362 	1.000000e+00 	1.094298e+05 	0.000000e+00 	3.855760e-11 	0.000000e+00 	0.000000e+00
363 	1.000000e+00 	1.094298e+05 	0.000000e+00 	3.855760e-11 	0.000000e+00 	0.000000e+00
364 	1.000000e+00 	1.094298e+05 	0.000000e+00 	3.855760e-11 	0.000000e+00 	0.000000e+00
365 	1.000000e+00 	1.094298e+05 	0.000000e+00 	3.855760e-11 	0.000000e+00 	0.000000e+00
366 	1.000000e+00 	1.094298e+05 	0.000000e+00 	3.855760e-11 	0.000000e+00 	0.000000e+00
367 	1.000000e+00 	1.094298e+05 	0.000000e+00 	3.855760e-11 	0.000000e+00 	0.000000e+00
368 	1.000000e+00 	1.094298e+05 	0.000000e+00 	3.855760e-11 	0.000000e+00 	0.000000e+00
369 	1.000000e+00 	1.094298e+05 	0.000000e+00 	3.855760e-11 	0.000000e+00 	0.000000e+00
370 	1.000000e+00 	1.094298e+05 	0.000000e+00 	3.855760e-11 	0.000000e+00 	0.000000e+00
371 	1.000000e+00 	1.094298e+05 	0.000000e+00 	3.855760e-11 	0.000000e+00 	0.000000e+00
372 	1.000000e+00 	1.094298e+05 	0.000000e+00 	3.855760e-11 	0.000000e+00 	0.000000e+00
373 	1.000000e+00 	1.094298e+05 	0.000000e+00 	3.855760e-11 	0.000000e+00 	0.000000e+00
374 	1.000000e+00 	1.094298e+05 	0.000000e+00 	3.855760e-11 	0.000000e+00 	0.000000e+00
375 	1.000000e+00 	1.094298e+05 	0.000000e+00 	3.855760e-11 	0.000000e+00 	0.000000e+00
376 	1.000000e+00 	1.094298e+05 	0.000000e+00 	3.855760e-11 	0.000000e+00 	0.000000e+00
377 	1.000000e+00 	1.094298e+05 	0.000000e+00 	3.855760e-11 	0.000000e+00 	0.000000e+00
378 	1.000000e+00 	1.094298e+05 	0.000000e+00 	3.855760e-11 	0.000000e+00 	0.000000e+00
379 	1.000000e+00 	1.094298e+05 	0.000000e+00 	3.855760e-11 	0.000000e+00 	0.000000e+00
380 	1.000000e+00 	1.094298e+05 	0.000000e+00 	3.855760e-11 	0.000000e+00 	0.000000e+00
381 	1.000000e+00 	1.094298e+05 	0.000000e+00 	3.855760e-11 	0.000000e+00 	0.000000e+00
382 	1.000000e+00 	1.094298e+05 	0.000000e+00 	3.855760e-11 	0.000000e+00 	0.000000e+00
383 	1.000000e+00 	1.094298e+05 	0.000000e+00 	3.855760e-11 	0.000000e+00 	0.000000e+00
384 	1.000000e+00 	1.094298e+05 	0.000000e+00 	3.855760e-11 	0.000000e+00 	0.000000e+00
385 	1.000000e+00 	1.094298e+05 	0.000000e+00 	3.855760e-11 	0.000000e+00 	0.000000e+00
386 	1.000000e+00 	1.094298e+05 	0.000000e+00 	3.855760e-11 	0.000000e+00 	0.000000e+00
387 	1.000000e+00 	1.094298e+05 	0.000000e+00 	3.855760e-11 	0.000000e+00 	0.000000e+00
388 	1.000000e+00 	1.094298e+05 	0.000000e+00 	3.855760e-11 	0.000000e+00 	0.000000e+00
389 	1.000000e+00 	1.094298e+05 	0.000000e+00 	3.855760e-11 	0.000000e+00 	0.000000e+00
390 	1.000000e+00 	1.094298e+05 	0.000000e+00 	3.855760e-11 	0.000000e+00 	0.000000e+00
391 	1.000000e+00 	1.094298e+05 	0.000000e+00 	3.855760e-11 	0.000000e+00 	0.000000e+00
392 	1.000000e+00 	1.094298e+05 	0.000000e+00 	3.855760e-11 	0.000000e+00 	0.000000e+00
393 	1.000000e+00 	1.094298e+05 	0.000000e+00 	3.855760e-11 	0.000000e+00 	0.000000e+00
394 	1.000000e+00 	1.094298e+05 	0.000000e+00 	3.855760e-11 	0.000000e+00 	0.000000e+00
395 	1.000000e+00 	1.094298e+05 	0.000000e+00 	3.855760e-11 	0.000000e+00 	0.000000e+00
396 	1.000000e+00 	1.094298e+05 	0.000000e+00 	3.855760e-11 	0.000000e+00 	0.000000e+00
397 	1.000000e+00 	1.094298e+05 	0.000000e+00 	3.855760e-11 	0.000000e+00 	0.000000e+00
398 	1.000000e+00 	1.094298e+05 	0.000000e+00 	3.855760e-11 	0.000000e+00 	0.000000e+00
399 	1.000000e+00 	1.094298e+05 	0.000000e+00 	3.855760e-11 	0.000000e+00 	0.000000e+00
400 	1.000000e+00 	1.094298e+05 	0.000000e+00 	3.855760e-11 	0.000000e+00 	0.000000e+00
401 	1.000000e+00 	1.094298e+05 	0.000000e+00 	3.855760e-11 	0.000000e+00 	0.000000e+00
402 	1.000000e+00 	1.094298e+05 	0.000000e+00 	3.855760e-11 	0.000000e+00 	0.000000e+00
403 	1.000000e+00 	1.094298e+05 	0.000000e+00 	3.855760e-11 	0.000000e+00 	0.000000e+00
404 	1.000000e+00 	1.094298e+05 	0.000000e+00 	3.855760e-11 	0.000000e+00 	0.000000e+00
405 	1.000000e+00 	1.094298e+05 	0.000000e+00 	3.855760e-11 	0.000000e+00 	0.000000e+00
406 	1.000000e+00 	1.094298e+05 	0.000000e+00 	3.855760e-11 	0.000000e+00 	0.000000e+00
407 	1.000000e+00 	1.094298e+05 	0.000000e+00 	3.855760e-11 	0.000000e+00 	0.000000e+00
408 	1.000000e+00 	1.094298e+05 	0.000000e+00 	3.855760e-11 	0.000000e+00 	0.000000e+00
409 	1.000000e+00 	1.094298e+05 	0.000000e+00 	3.855760e-11 	0.000000e+00 	0.000000e+00
410 	1.000000e+00 	1.094298e+05 	0.000000e+00 	3.855760e-11 	0.000000e+00 	0.000000e+00
411 	1.000000e+00 	1.094298e+05 	0.000000e+00 	3.855760e-11 	0.000000e+00 	0.000000e+00
412 	1.000000e+00 	1.094298e+05 	0.000000e+00 	3.855760e-11 	0.000000e+00 	0.000000e+00
413 	1.000000e+00 	1.094298e+05 	0.000000e+00 	3.855760e-11 	0.000000e+00 	0.000000e+00
414 	1.000000e+00 	1.094298e+05 	0.000000e+00 	3.855760e-11 	0.000000e+00 	0.000000e+00
415 	1.000000e+00 	1.094298e+05 	0.000000e+00 	3.855760e-11 	0.000000e+00 	0.000000e+00
416 	1.000000e+00 	1.094298e+05 	0.000000e+00 	3.855760e-11 	0.000000e+00 	0.000000e+00
417 	1.000000e+00 	1.094298e+05 	0.000000e+00 	3.855760e-11 	0.000000e+00 	0.000000e+00
418 	1.000000e+00 	1.094298e+05 	0.000000e+00 	3.855760e-11 	0.000000e+00 	0.000000e+00
419 	1.000000e+00 	1.094298e+05 	0.000000e+00 	3.855760e-11 	0.000000e+00 	0.000000e+00
420 	1.000000e+00 	1.094298e+05 	0.000000e+00 	3.855760e-11 	0.000000e+00 	0.000000e+00
421 	1.000000e+00 	1.094298e+05 	0.000000e+00 	3.855760e-11 	0.000000e+00 	0.000000e+00
422 	1.000000e+00 	1.094298e+05 	0.000000e+00 	3.855760e-11 	0.000000e+00 	0.000000e+00
423 	1.000000e+00 	1.094298e+05 	0.000000e+00 	3.855760e-11 	0.000000e+00 	0.000000e+00
424 	1.000000e+00 	1.094298e+05 	0.000000e+00 	3.855760e-11 	0.000000e+00 	0.000000e+00
425 	1.000000e+00 	1.094298e+05 	0.000000e+00 	3.855760e-11 	0.000000e+00 	0.000000e+00
426 	1.000000e+00 	1.094298e+05 	0.000000e+00 	3.855760e-11 	0.000000e+00 	0.000000e+00
427 	1.000000e+00 	1.094298e+05 	0.000000e+00 	3.855760e-11 	0.000000e+00 	0.000000e+00
428 	1.000000e+00 	1.094298e+05 	0.000000e+00 	3.855760e-11 	0.000000e+00 	0.000000e+00
429 	1.000000e+00 	1.094298e+05 	0.000000e+00 	3.855760e-11 	0.000000e+00 	0.000000e+00
430 	1.000000e+00 	1.094298e+05 	0.000000e+00 	3.855760e-11 	0.000000e+00 	0.000000e+00
431 	1.000000e+00 	1.094298e+05 	0.000000e+00 	3.855760e-11 	0.000000e+00 	0.000000e+00
432 	1.000000e+00 	1.094298e+05 	0.000000e+00 	3.855760e-11 	0.000000e+00 	0.000000e+00
433 	1.000000e+00 	1.094298e+05 	0.000000e+00 	3.855760e-11 	0.000000e+00 	0.000000e+00
434 	1.000000e+00 	1.094298e+05 	0.000000e+00 	3.855760e-11 	0.000000e+00 	0.000000e+00
435 	1.000000e+00 	1.094298e+05 	0.000000e+00 	3.855760e-11 	0.000000e+00 	0.000000e+00
436 	1.000000e+00 	1.094298e+05 	0.000000e+00 	3.855760e-11 	0.000000e+00 	0.000000e+00
437 	1.000000e+00 	1.094298e+05 	0.000000e+00 	3.855760e-11 	0.000000e+00 	0.000000e+00
438 	1.000000e+00 	1.094298e+05 	0.000000e+00 	3.855760e-11 	0.000000e+00 	0.000000e+00
439 	1.000000e+00 	1.094298e+05 	0.000000e+00 	3.855760e-11 	0.000000e+00 	0.000000e+00
440 	1.000000e+00 	1.094298e+05 	0.000000e+00 	3.855760e-11 	0.000000e+00 	0.000000e+00
441 	1.000000e+00 	1.094298e+05 	0.000000e+00 	3.855760e-11 	0.000000e+00 	0.000000e+00
442 	1.000000e+00 	1.094298e+05 	0.000000e+00 	3.855760e-11 	0.000000e+00 	0.000000e+00
443 	1.000000e+00 	1.094298e+05 	0.000000e+00 	3.855760e-11 	0.000000e+00 	0.000000e+00
444 	1.000000e+00 	1.094298e+05 	0.000000e+00 	3.855760e-11 	0.000000e+00 	0.000000e+00
445 	1.000000e+00 	1.094298e+05 	0.000000e+00 	3.855760e-11 	0.000000e+00 	0.000000e+00
446 	1.000000e+00 	1.094298e+05 	0.000000e+00 	3.855760e-11 	0.000000e+00 	0.000000e+00
447 	1.000000e+00 	1.094298e+05 	0.000000e+00 	3.855760e-11 	0.000000e+00 	0.000000e+00
448 	1.000000e+00 	1.094298e+05 	0.000000e+00 	3.855760e-11 	0.000000e+00 	0.000000e+00
449 	1.000000e+00 	1.094298e+05 	0.000000e+00 	3.855760e-11 	0.000000e+00 	0.000000e+00
450 	1.000000e+00 	1.094298e+05 	0.000000e+00 	3.855760e-11 	0.000000e+00 	0.000000e+00
451 	1.000000e+00 	1.094298e+05 	0.000000e+00 	3.855760e-11 	0.000000e+00 	0.000000e+00
452 	1.000000e+00 	1.094298e+05 	0.000000e+00 	3.855760e-11 	0.000000e+00 	0.000000e+00
453 	1.000000e+00 	1.094298e+05 	0.000000e+00 	3.855760e-11 	0.000000e+00 	0.000000e+00
454 	1.000000e+00 	1.094298e+05 	0.000000e+00 	3.855760e-11 	0.000000e+00 	0.000000e+00
455 	1.000000e+00 	1.094298e+05 	0.000000e+00 	3.855760e-11 	0.000000e+00 	0.000000e+00
456 	1.000000e+00 	1.094298e+05 	0.000000e+00 	3.855760e-11 	0.000000e+00 	0.000000e+00
457 	1.000000e+00 	1.094298e+05 	0.000000e+00 	3.855760e-11 	0.000000e+00 	0.000000e+00
458 	1.000000e+00 	1.094298e+05 	0.000000e+00 	3.855760e-11 	0.000000e+00 	0.000000e+00
459 	1.000000e+00 	1.094298e+05 	0.000000e+00 	3.855760e-11 	0.000000e+00 	0.000000e+00
460 	1.000000e+00 	1.094298e+05 	0.000000e+00 	3.855760e-11 	0.000000e+00 	0.000000e+00
461 	1.000000e+00 	1.094298e+05 	0.000000e+00 	3.855760e-11 	0.000000e+00 	0.000000e+00
462 	1.000000e+00 	1.094298e+05 	0.000000e+00 	3.855760e-11 	0.000000e+00 	0.000000e+00
463 	1.000000e+00 	1.094298e+05 	0.000000e+00 	3.855760e-11 	0.000000e+00 	0.000000e+00
464 	1.000000e+00 	1.094298e+05 	0.000000e+00 	3.855760e-11 	0.000000e+00 	0.000000e+00
465 	1.000000e+00 	1.094298e+05 	0.000000e+00 	3.855760e-11 	0.000000e+00 	0.000000e+00
466 	1.000000e+00 	1.094298e+05 	0.000000e+00 	3.855760e-11 	0.000000e+00 	0.000000e+00
467 	1.000000e+00 	1.094298e+05 	0.000000e+00 	3.855760e-11 	0.000000e+00 	0.000000e+00
468 	1.000000e+00 	1.094298e+05 	0.000000e+00 	3.855760e-11 	0.000000e+00 	0.000000e+00
469 	1.000000e+00 	1.094298e+05 	0.000000e+00 	3.855760e-11 	0.000000e+00 	0.000000e+00
470 	1.000000e+00 	1.094298e+05 	0.000000e+00 	3.855760e-11 	0.000000e+00 	0.000000e+00
471 	1.000000e+00 	1.094298e+05 	0.000000e+00 	3.855760e-11 	0.000000e+00 	0.000000e+00
472 	1.000000e+00 	1.094298e+05 	0.000000e+00 	3.855760e-11 	0.000000e+00 	0.000000e+00
473 	1.000000e+00 	1.094298e+05 	0.000000e+00 	3.855760e-11 	0.000000e+00 	0.000000e+00
474 	1.000000e+00 	1.094298e+05 	0.000000e+00 	3.855760e-11 	0.000000e+00 	0.000000e+00
475 	1.000000e+00 	1.094298e+05 	0.000000e+00 	3.855760e-11 	0.000000e+00 	0.000000e+00
476 	1.000000e+00 	1.094298e+05 	0.000000e+00 	3.855760e-11 	0.000000e+00 	0.000000e+00
477 	1.000000e+00 	1.094298e+05 	0.000000e+00 	3.855760e-11 	0.000000e+00 	0.000000e+00
478 	1.000000e+00 	1.094298e+05 	0.000000e+00 	3.855760e-11 	0.000000e+00 	0.000000e+00
479 	1.000000e+00 	1.094298e+05 	0.000000e+00 	3.855760e-11 	0.000000e+00 	0.000000e+00
480 	1.000000e+00 	1.094298e+05 	0.000000e+00 	3.855760e-11 	0.000000e+00 	0.000000e+00
481 	1.000000e+00 	1.094298e+05 	0.000000e+00 	3.855760e-11 	0.000000e+00 	0.000000e+00
482 	1.000000e+00 	1.094298e+05 	0.000000e+00 	3.855760e-11 	0.000000e+00 	0.000000e+00
483 	1.000000e+00 	1.094298e+05 	0.000000e+00 	3.855760e-11 	0.000000e+00 	0.000000e+00
484 	1.000000e+00 	1.094298e+05 	0.000000e+00 	3.855760e-11 	0.000000e+00 	0.000000e+00
485 	1.000000e+00 	1.094298e+05 	0.000000e+00 	3.855760e-11 	0.000000e+00 	0.000000e+00
486 	1.000000e+00 	1.094298e+05 	0.000000e+00 	3.855760e-11 	0.000000e+00 	0.000000e+00
487 	1.000000e+00 	1.094298e+05 	0.000000e+00 	3.855760e-11 	0.000000e+00 	0.000000e+00
488 	1.000000e+00 	1.094298e+05 	0.000000e+00 	3.855760e-11 	0.000000e+00 	0.000000e+00
489 	1.000000e+00 	1.094298e+05 	0.000000e+00 	3.855760e-11 	0.000000e+00 	0.000000e+00
490 	1.000000e+00 	1.094298e+05 	0.000000e+00 	3.855760e-11 	0.000000e+00 	0.000000e+00
491 	1.000000e+00 	1.094298e+05 	0.000000e+00 	3.855760e-11 	0.000000e+00 	0.000000e+00
492 	1.000000e+00 	1.094298e+05 	0.000000e+00 	3.855760e-11 	0.000000e+00 	0.000000e+00
493 	1.000000e+00 	1.094298e+05 	0.000000e+00 	3.855760e-11 	0.000000e+00 	0.000000e+00
494 	1.000000e+00 	1.094298e+05 	0.000000e+00 	3.855760e-11 	0.000000e+00 	0.000000e+00
495 	1.000000e+00 	1.094298e+05 	0.000000e+00 	3.855760e-11 	0.000000e+00 	0.000000e+00
496 	1.000000e+00 	1.094298e+05 	0.000000e+00 	3.855760e-11 	0.000000e+00 	0.000000e+00
497 	1.000000e+00 	1.094298e+05 	0.000000e+00 	3.855760e-11 	0.000000e+00 	0.000000e+00
498 	1.000000e+00 	1.094298e+05 	0.000000e+00 	3.855760e-11 	0.000000e+00 	0.000000e+00
499 	1.000000e+00 	1.094298e+05 	0.000000e+00 	3.855760e-11 	0.000000e+00 	0.000000e+00
500 	1.000000e+00 	1.094298e+05 	0.000000e+00 	3.855760e-11 	0.000000e+00 	0.000000e+00
501 	1.000000e+00 	1.094298e+05 	0.000000e+00 	3.855760e-11 	0.000000e+00 	0.000000e+00
502 	1.000000e+00 	1.094298e+05 	0.000000e+00 	3.855760e-11 	0.000000e+00 	0.000000e+00
503 	1.000000e+00 	1.094298e+05 	0.000000e+00 	3.855760e-11 	0.000000e+00 	0.000000e+00
504 	1.000000e+00 	1.094298e+05 	0.000000e+00 	3.855760e-11 	0.000000e+00 	0.000000e+00
505 	1.000000e+00 	1.094298e+05 	0.000000e+00 	3.855760e-11 	0.000000e+00 	0.000000e+00
506 	1.000000e+00 	1.094298e+05 	0.000000e+00 	3.855760e-11 	0.000000e+00 	0.000000e+00
507 	1.000000e+00 	1.094298e+05 	0.000000e+00 	3.855760e-11 	0.000000e+00 	0.000000e+00
508 	1.000000e+00 	1.094298e+05 	0.000000e+00 	3.855760e-11 	0.000000e+00 	0.000000e+00
509 	1.000000e+00 	1.094298e+05 	0.000000e+00 	3.855760e-11 	0.000000e+00 	0.000000e+00
510 	1.000000e+00 	1.094298e+05 	0.000000e+00 	3.855760e-11 	0.000000e+00 	0.000000e+00
511 	1.000000e+00 	1.094298e+05 	0.000000e+00 	3.855760e-11 	0.000000e+00 	0.000000e+00
512 	1.000000e+00 	1.094298e+05 	0.000000e+00 	3.855760e-11 	0.000000e+00 	0.000000e+00
513 	1.000000e+00 	1.094298e+05 	0.000000e+00 	3.855760e-11 	0.000000e+00 	0.000000e+00
514 	1.000000e+00 	1.094298e+05 	0.000000e+00 	3.855760e-11 	0.000000e+00 	0.000000e+00
515 	1.000000e+00 	1.094298e+05 	0.000000e+00 	3.855760e-11 	0.000000e+00 	0.000000e+00
516 	1.000000e+00 	1.094298e+05 	0.000000e+00 	3.855760e-11 	0.000000e+00 	0.000000e+00
517 	1.000000e+00 	1.094298e+05 	0.000000e+00 	3.855760e-11 	0.000000e+00 	0.000000e+00
518 	1.000000e+00 	1.094298e+05 	0.000000e+00 	3.855760e-11 	0.000000e+00 	0.000000e+00
519 	1.000000e+00 	1.094298e+05 	0.000000e+00 	3.855760e-11 	0.000000e+00 	0.000000e+00
520 	1.000000e+00 	1.094298e+05 	0.000000e+00 	3.855760e-11 	0.000000e+00 	0.000000e+00
521 	1.000000e+00 	1.094298e+05 	0.000000e+00 	3.855760e-11 	0.000000e+00 	0.000000e+00
522 	1.000000e+00 	1.094298e+05 	0.000000e+00 	3.855760e-11 	0.000000e+00 	0.000000e+00
523 	1.000000e+00 	1.094298e+05 	0.000000e+00 	3.855760e-11 	0.000000e+00 	0.000000e+00
524 	1.000000e+00 	1.094298e+05 	0.000000e+00 	3.855760e-11 	0.000000e+00 	0.000000e+00
525 	1.000000e+00 	1.094298e+05 	0.000000e+00 	3.855760e-11 	0.000000e+00 	0.000000e+00
526 	1.000000e+00 	1.094298e+05 	0.000000e+00 	3.855760e-11 	0.000000e+00 	0.000000e+00
527 	1.000000e+00 	1.094298e+05 	0.000000e+00 	3.855760e-11 	0.000000e+00 	0.000000e+00
528 	1.000000e+00 	1.094298e+05 	0.000000e+00 	3.855760e-11 	0.000000e+00 	0.000000e+00
529 	1.000000e+00 	1.094298e+05 	0.000000e+00 	3.855760e-11 	0.000000e+00 	0.000000e+00
530 	1.000000e+00 	1.094298e+05 	0.000000e+00 	3.855760e-11 	0.000000e+00 	0.000000e+00
531 	1.000000e+00 	1.094298e+05 	0.000000e+00 	3.855760e-11 	0.000000e+00 	0.000000e+00
532 	1.000000e+00 	1.094298e+05 	0.000000e+00 	3.855760e-11 	0.000000e+00 	0.000000e+00
533 	1.000000e+00 	1.094298e+05 	0.000000e+00 	3.855760e-11 	0.000000e+00 	0.000000e+00
534 	1.000000e+00 	1.094298e+05 	0.000000e+00 	3.855760e-11 	0.000000e+00 	0.000000e+00
535 	1.000000e+00 	1.094298e+05 	0.000000e+00 	3.855760e-11 	0.000000e+00 	0.000000e+00
536 	1.000000e+00 	1.094298e+05 	0.000000e+00 	3.855760e-11 	0.000000e+00 	0.000000e+00
537 	1.000000e+00 	1.094298e+05 	0.000000e+00 	3.855760e-11 	0.000000e+00 	0.000000e+00
538 	1.000000e+00 	1.094298e+05 	0.000000e+00 	3.855760e-11 	0.000000e+00 	0.000000e+00
539 	1.000000e+00 	1.094298e+05 	0.000000e+00 	3.855760e-11 	0.000000e+00 	0.000000e+00
540 	1.000000e+00 	1.094298e+05 	0.000000e+00 	3.855760e-11 	0.000000e+00 	0.000000e+00
541 	1.000000e+00 	1.094298e+05 	0.000000e+00 	3.855760e-11 	0.000000e+00 	0.000000e+00
542 	1.000000e+00 	1.094298e+05 	0.000000e+00 	3.855760e-11 	0.000000e+00 	0.000000e+00
543 	1.000000e+00 	1.094298e+05 	0.000000e+00 	3.855760e-11 	0.000000e+00 	0.000000e+00
544 	1.000000e+00 	1.094298e+05 	0.000000e+00 	3.855760e-11 	0.000000e+00 	0.000000e+00
545 	1.000000e+00 	1.094298e+05 	0.000000e+00 	3.855760e-11 	0.000000e+00 	0.000000e+00
546 	1.000000e+00 	1.094298e+05 	0.000000e+00 	3.855760e-11 	0.000000e+00 	0.000000e+00
547 	1.000000e+00 	1.094298e+05 	0.000000e+00 	3.855760e-11 	0.000000e+00 	0.000000e+00
548 	1.000000e+00 	1.094298e+05 	0.000000e+00 	3.855760e-11 	0.000000e+00 	0.000000e+00
549 	1.000000e+00 	1.094298e+05 	0.000000e+00 	3.855760e-11 	0.000000e+00 	0.000000e+00
550 	1.000000e+00 	1.094298e+05 	0.000000e+00 	3.855760e-11 	0.000000e+00 	0.000000e+00
551 	1.000000e+00 	1.094298e+05 	0.000000e+00 	3.855760e-11 	0.000000e+00 	0.000000e+00
552 	1.000000e+00 	1.094298e+05 	0.000000e+00 	3.855760e-11 	0.000000e+00 	0.000000e+00
553 	1.000000e+00 	1.094298e+05 	0.000000e+00 	3.855760e-11 	0.000000e+00 	0.000000e+00
554 	1.000000e+00 	1.094298e+05 	0.000000e+00 	3.855760e-11 	0.000000e+00 	0.000000e+00
555 	1.000000e+00 	1.094298e+05 	0.000000e+00 	3.855760e-11 	0.000000e+00 	0.000000e+00
556 	1.000000e+00 	1.094298e+05 	0.000000e+00 	3.855760e-11 	0.000000e+00 	0.000000e+00
557 	1.000000e+00 	1.094298e+05 	0.000000e+00 	3.855760e-11 	0.000000e+00 	0.000000e+00
558 	1.000000e+00 	1.094298e+05 	0.000000e+00 	3.855760e-11 	0.000000e+00 	0.000000e+00
559 	1.000000e+00 	1.094298e+05 	0.000000e+00 	3.855760e-11 	0.000000e+00 	0.000000e+00
560 	1.000000e+00 	1.094298e+05 	0.000000e+00 	3.855760e-11 	0.000000e+00 	0.000000e+00
561 	1.000000e+00 	1.094298e+05 	0.000000e+00 	3.855760e-11 	0.000000e+00 	0.000000e+00
562 	1.000000e+00 	1.094298e+05 	0.000000e+00 	3.855760e-11 	0.000000e+00 	0.000000e+00
563 	1.000000e+00 	1.094298e+05 	0.000000e+00 	3.855760e-11 	0.000000e+00 	0.000000e+00
564 	1.000000e+00 	1.094298e+05 	0.000000e+00 	3.855760e-11 	0.000000e+00 	0.000000e+00
565 	1.000000e+00 	1.094298e+05 	0.000000e+00 	3.855760e-11 	0.000000e+00 	0.000000e+00
566 	1.000000e+00 	1.094298e+05 	0.000000e+00 	3.855760e-11 	0.000000e+00 	0.000000e+00
567 	1.000000e+00 	1.094298e+05 	0.000000e+00 	3.855760e-11 	0.000000e+00 	0.000000e+00
568 	1.000000e+00 	1.094298e+05 	0.000000e+00 	3.855760e-11 	0.000000e+00 	0.000000e+00
569 	1.000000e+00 	1.094298e+05 	0.000000e+00 	3.855760e-11 	0.000000e+00 	0.000000e+00
570 	1.000000e+00 	1.094298e+05 	0.000000e+00 	3.855760e-11 	0.000000e+00 	0.000000e+00
571 	1.000000e+00 	1.094298e+05 	0.000000e+00 	3.855760e-11 	0.000000e+00 	0.000000e+00
572 	1.000000e+00 	1.094298e+05 	0.000000e+00 	3.855760e-11 	0.000000e+00 	0.000000e+00
573 	1.000000e+00 	1.094298e+05 	0.000000e+00 	3.855760e-11 	0.000000e+00 	0.000000e+00
574 	1.000000e+00 	1.094298e+05 	0.000000e+00 	3.855760e-11 	0.000000e+00 	0.000000e+00
575 	1.000000e+00 	1.094298e+05 	0.000000e+00 	3.855760e-11 	0.000000e+00 	0.000000e+00
576 	1.000000e+00 	1.094298e+05 	0.000000e+00 	3.855760e-11 	0.000000e+00 	0.000000e+00
577 	1.000000e+00 	1.094298e+05 	0.000000e+00 	3.855760e-11 	0.000000e+00 	0.000000e+00
578 	1.000000e+00 	1.094298e+05 	0.000000e+00 	3.855760e-11 	0.000000e+00 	0.000000e+00
579 	1.000000e+00 	1.094298e+05 	0.000000e+00 	3.855760e-11 	0.000000e+00 	0.000000e+00
580 	1.000000e+00 	1.094298e+05 	0.000000e+00 	3.855760e-11 	0.000000e+00 	0.000000e+00
581 	1.000000e+00 	1.094298e+05 	0.000000e+00 	3.855760e-11 	0.000000e+00 	0.000000e+00
582 	1.000000e+00 	1.094298e+05 	0.000000e+00 	3.855760e-11 	0.000000e+00 	0.000000e+00
583 	1.000000e+00 	1.094298e+05 	0.000000e+00 	3.855760e-11 	0.000000e+00 	0.000000e+00
584 	1.000000e+00 	1.094298e+05 	0.000000e+00 	3.855760e-11 	0.000000e+00 	0.000000e+00
585 	1.000000e+00 	1.094298e+05 	0.000000e+00 	3.855760e-11 	0.000000e+00 	0.000000e+00
586 	1.000000e+00 	1.094298e+05 	0.000000e+00 	3.855760e-11 	0.000000e+00 	0.000000e+00
587 	1.000000e+00 	1.094298e+05 	0.000000e+00 	3.855760e-11 	0.000000e+00 	0.000000e+00
588 	1.000000e+00 	1.094298e+05 	0.000000e+00 	3.855760e-11 	0.000000e+00 	0.000000e+00
589 	1.000000e+00 	1.094298e+05 	0.000000e+00 	3.855760e-11 	0.000000e+00 	0.000000e+00
590 	1.000000e+00 	1.094298e+05 	0.000000e+00 	3.855760e-11 	0.000000e+00 	0.000000e+00
591 	1.000000e+00 	1.094298e+05 	0.000000e+00 	3.855760e-11 	0.000000e+00 	0.000000e+00
592 	1.000000e+00 	1.094298e+05 	0.000000e+00 	3.855760e-11 	0.000000e+00 	0.000000e+00
593 	1.000000e+00 	1.094298e+05 	0.000000e+00 	3.855760e-11 	0.000000e+00 	0.000000e+00
594 	1.000000e+00 	1.094298e+05 	0.000000e+00 	3.855760e-11 	0.000000e+00 	0.000000e+00
595 	1.000000e+00 	1.094298e+05 	0.000000e+00 	3.855760e-11 	0.000000e+00 	0.000000e+00
596 	1.000000e+00 	1.094298e+05 	0.000000e+00 	3.855760e-11 	0.000000e+00 	0.000000e+00
597 	1.000000e+00 	1.094298e+05 	0.000000e+00 	3.855760e-11 	0.000000e+00 	0.000000e+00
598 	1.000000e+00 	1.094298e+05 	0.000000e+00 	3.855760e-11 	0.000000e+00 	0.000000e+00
599 	1.000000e+00 	1.094298e+05 	0.000000e+00 	3.855760e-11 	0.000000e+00 	0.000000e+00
600 	1.000000e+00 	1.094298e+05 	0.000000e+00 	3.855760e-11 	0.000000e+00 	0.000000e+00
601 	1.000000e+00 	1.094298e+05 	0.000000e+00 	3.855760e-11 	0.000000e+00 	0.000000e+00
602 	1.000000e+00 	1.094298e+05 	0.000000e+00 	3.855760e-11 	0.000000e+00 	0.000000e+00
603 	1.000000e+00 	1.094298e+05 	0.000000e+00 	3.855760e-11 	0.000000e+00 	0.000000e+00
604 	1.000000e+00 	1.094298e+05 	0.000000e+00 	3.855760e-11 	0.000000e+00 	0.000000e+00
605 	1.000000e+00 	1.094298e+05 	0.000000e+00 	3.855760e-11 	0.000000e+00 	0.000000e+00
606 	1.000000e+00 	1.094298e+05 	0.000000e+00 	3.855760e-11 	0.000000e+00 	0.000000e+00
607 	1.000000e+00 	1.094298e+05 	0.000000e+00 	3.855760e-11 	0.000000e+00 	0.000000e+00
608 	1.000000e+00 	1.094298e+05 	0.000000e+00 	3.855760e-11 	0.000000e+00 	0.000000e+00
609 	1.000000e+00 	1.094298e+05 	0.000000e+00 	3.855760e-11 	0.000000e+00 	0.000000e+00
610 	1.000000e+00 	1.094298e+05 	0.000000e+00 	3.855760e-11 	0.000000e+00 	0.000000e+00
611 	1.000000e+00 	1.094298e+05 	0.000000e+00 	3.855760e-11 	0.000000e+00 	0.000000e+00
612 	1.000000e+00 	1.094298e+05 	0.000000e+00 	3.855760e-11 	0.000000e+00 	0.000000e+00
613 	1.000000e+00 	1.094298e+05 	0.000000e+00 	3.855760e-11 	0.000000e+00 	0.000000e+00
614 	1.000000e+00 	1.094298e+05 	0.000000e+00 	3.855760e-11 	0.000000e+00 	0.000000e+00
615 	1.000000e+00 	1.094298e+05 	0.000000e+00 	3.855760e-11 	0.000000e+00 	0.000000e+00
616 	1.000000e+00 	1.094298e+05 	0.000000e+00 	3.855760e-11 	0.000000e+00 	0.000000e+00
617 	1.000000e+00 	1.094298e+05 	0.000000e+00 	3.855760e-11 	0.000000e+00 	0.000000e+00
618 	1.000000e+00 	1.094298e+05 	0.000000e+00 	3.855760e-11 	0.000000e+00 	0.000000e+00
619 	1.000000e+00 	1.094298e+05 	0.000000e+00 	3.855760e-11 	0.000000e+00 	0.000000e+00
620 	1.000000e+00 	1.094298e+05 	0.000000e+00 	3.855760e-11 	0.000000e+00 	0.000000e+00
621 	1.000000e+00 	1.094298e+05 	0.000000e+00 	3.855760e-11 	0.000000e+00 	0.000000e+00
622 	1.000000e+00 	1.094298e+05 	0.000000e+00 	3.855760e-11 	0.000000e+00 	0.000000e+00
623 	1.000000e+00 	1.094298e+05 	0.000000e+00 	3.855760e-11 	0.000000e+00 	0.000000e+00
624 	1.000000e+00 	1.094298e+05 	0.000000e+00 	3.855760e-11 	0.000000e+00 	0.000000e+00
625 	1.000000e+00 	1.094298e+05 	0.000000e+00 	3.855760e-11 	0.000000e+00 	0.000000e+00
626 	1.000000e+00 	1.094298e+05 	0.000000e+00 	3.855760e-11 	0.000000e+00 	0.000000e+00
627 	1.000000e+00 	1.094298e+05 	0.000000e+00 	3.855760e-11 	0.000000e+00 	0.000000e+00
628 	1.000000e+00 	1.094298e+05 	0.000000e+00 	3.855760e-11 	0.000000e+00 	0.000000e+00
629 	1.000000e+00 	1.094298e+05 	0.000000e+00 	3.855760e-11 	0.000000e+00 	0.000000e+00
630 	1.000000e+00 	1.094298e+05 	0.000000e+00 	3.855760e-11 	0.000000e+00 	0.000000e+00
631 	1.000000e+00 	1.094298e+05 	0.000000e+00 	3.855760e-11 	0.000000e+00 	0.000000e+00
632 	1.000000e+00 	1.094298e+05 	0.000000e+00 	3.855760e-11 	0.000000e+00 	0.000000e+00
633 	1.000000e+00 	1.094298e+05 	0.000000e+00 	3.855760e-11 	0.000000e+00 	0.000000e+00
634 	1.000000e+00 	1.094298e+05 	0.000000e+00 	3.855760e-11 	0.000000e+00 	0.000000e+00
635 	1.000000e+00 	1.094298e+05 	0.000000e+00 	3.855760e-11 	0.000000e+00 	0.000000e+00
636 	1.000000e+00 	1.094298e+05 	0.000000e+00 	3.855760e-11 	0.000000e+00 	0.000000e+00
637 	1.000000e+00 	1.094298e+05 	0.000000e+00 	3.855760e-11 	0.000000e+00 	0.000000e+00
638 	1.000000e+00 	1.094298e+05 	0.000000e+00 	3.855760e-11 	0.000000e+00 	0.000000e+00
639 	1.000000e+00 	1.094298e+05 	0.000000e+00 	3.855760e-11 	0.000000e+00 	0.000000e+00
640 	1.000000e+00 	1.094298e+05 	0.000000e+00 	3.855760e-11 	0.000000e+00 	0.000000e+00
641 	1.000000e+00 	1.094298e+05 	0.000000e+00 	3.855760e-11 	0.000000e+00 	0.000000e+00
642 	1.000000e+00 	1.094298e+05 	0.000000e+00 	3.855760e-11 	0.000000e+00 	0.000000e+00
643 	1.000000e+00 	1.094298e+05 	0.000000e+00 	3.855760e-11 	0.000000e+00 	0.000000e+00
644 	1.000000e+00 	1.094298e+05 	0.000000e+00 	3.855760e-11 	0.000000e+00 	0.000000e+00
645 	1.000000e+00 	1.094298e+05 	0.000000e+00 	3.855760e-11 	0.000000e+00 	0.000000e+00
646 	1.000000e+00 	1.094298e+05 	0.000000e+00 	3.855760e-11 	0.000000e+00 	0.000000e+00
647 	1.000000e+00 	1.094298e+05 	0.000000e+00 	3.855760e-11 	0.000000e+00 	0.000000e+00
648 	1.000000e+00 	1.094298e+05 	0.000000e+00 	3.855760e-11 	0.000000e+00 	0.000000e+00
649 	1.000000e+00 	1.094298e+05 	0.000000e+00 	3.855760e-11 	0.000000e+00 	0.000000e+00
650 	1.000000e+00 	1.094298e+05 	0.000000e+00 	3.855760e-11 	0.000000e+00 	0.000000e+00
651 	1.000000e+00 	1.094298e+05 	0.000000e+00 	3.855760e-11 	0.000000e+00 	0.000000e+00
652 	1.000000e+00 	1.094298e+05 	0.000000e+00 	3.855760e-11 	0.000000e+00 	0.000000e+00
653 	1.000000e+00 	1.094298e+05 	0.000000e+00 	3.855760e-11 	0.000000e+00 	0.000000e+00
654 	1.000000e+00 	1.094298e+05 	0.000000e+00 	3.855760e-11 	0.000000e+00 	0.000000e+00
655 	1.000000e+00 	1.094298e+05 	0.000000e+00 	3.855760e-11 	0.000000e+00 	0.000000e+00
656 	1.000000e+00 	1.094298e+05 	0.000000e+00 	3.855760e-11 	0.000000e+00 	0.000000e+00
657 	1.000000e+00 	1.094298e+05 	0.000000e+00 	3.855760e-11 	0.000000e+00 	0.000000e+00
658 	1.000000e+00 	1.094298e+05 	0.000000e+00 	3.855760e-11 	0.000000e+00 	0.000000e+00
659 	1.000000e+00 	1.094298e+05 	0.000000e+00 	3.855760e-11 	0.000000e+00 	0.000000e+00
660 	1.000000e+00 	1.094298e+05 	0.000000e+00 	3.855760e-11 	0.000000e+00 	0.000000e+00
661 	1.000000e+00 	1.094298e+05 	0.000000e+00 	3.855760e-11 	0.000000e+00 	0.000000e+00
662 	1.000000e+00 	1.094298e+05 	0.000000e+00 	3.855760e-11 	0.000000e+00 	0.000000e+00
663 	1.000000e+00 	1.094298e+05 	0.000000e+00 	3.855760e-11 	0.000000e+00 	0.000000e+00
664 	1.000000e+00 	1.094298e+05 	0.000000e+00 	3.855760e-11 	0.000000e+00 	0.000000e+00
665 	1.000000e+00 	1.094298e+05 	0.000000e+00 	3.855760e-11 	0.000000e+00 	0.000000e+00
666 	1.000000e+00 	1.094298e+05 	0.000000e+00 	3.855760e-11 	0.000000e+00 	0.000000e+00
667 	1.000000e+00 	1.094298e+05 	0.000000e+00 	3.855760e-11 	0.000000e+00 	0.000000e+00
668 	1.000000e+00 	1.094298e+05 	0.000000e+00 	3.855760e-11 	0.000000e+00 	0.000000e+00
669 	1.000000e+00 	1.094298e+05 	0.000000e+00 	3.855760e-11 	0.000000e+00 	0.000000e+00
670 	1.000000e+00 	1.094298e+05 	0.000000e+00 	3.855760e-11 	0.000000e+00 	0.000000e+00
671 	1.000000e+00 	1.094298e+05 	0.000000e+00 	3.855760e-11 	0.000000e+00 	0.000000e+00
672 	1.000000e+00 	1.094298e+05 	0.000000e+00 	3.855760e-11 	0.000000e+00 	0.000000e+00
673 	1.000000e+00 	1.094298e+05 	0.000000e+00 	3.855760e-11 	0.000000e+00 	0.000000e+00
674 	1.000000e+00 	1.094298e+05 	0.000000e+00 	3.855760e-11 	0.000000e+00 	0.000000e+00
675 	1.000000e+00 	1.094298e+05 	0.000000e+00 	3.855760e-11 	0.000000e+00 	0.000000e+00
676 	1.000000e+00 	1.094298e+05 	0.000000e+00 	3.855760e-11 	0.000000e+00 	0.000000e+00
677 	1.000000e+00 	1.094298e+05 	0.000000e+00 	3.855760e-11 	0.000000e+00 	0.000000e+00
678 	1.000000e+00 	1.094298e+05 	0.000000e+00 	3.855760e-11 	0.000000e+00 	0.000000e+00
679 	1.000000e+00 	1.094298e+05 	0.000000e+00 	3.855760e-11 	0.000000e+00 	0.000000e+00
680 	1.000000e+00 	1.094298e+05 	0.000000e+00 	3.855760e-11 	0.000000e+00 	0.000000e+00
681 	1.000000e+00 	1.094298e+05 	0.000000e+00 	3.855760e-11 	0.000000e+00 	0.000000e+00
682 	1.000000e+00 	1.094298e+05 	0.000000e+00 	3.855760e-11 	0.000000e+00 	0.000000e+00
683 	1.000000e+00 	1.094298e+05 	0.000000e+00 	3.855760e-11 	0.000000e+00 	0.000000e+00
684 	1.000000e+00 	1.094298e+05 	0.000000e+00 	3.855760e-11 	0.000000e+00 	0.000000e+00
685 	1.000000e+00 	1.094298e+05 	0.000000e+00 	3.855760e-11 	0.000000e+00 	0.000000e+00
686 	1.000000e+00 	1.094298e+05 	0.000000e+00 	3.855760e-11 	0.000000e+00 	0.000000e+00
687 	1.000000e+00 	1.094298e+05 	0.000000e+00 	3.855760e-11 	0.000000e+00 	0.000000e+00
688 	1.000000e+00 	1.094298e+05 	0.000000e+00 	3.855760e-11 	0.000000e+00 	0.000000e+00
689 	1.000000e+00 	1.094298e+05 	0.000000e+00 	3.855760e-11 	0.000000e+00 	0.000000e+00
690 	1.000000e+00 	1.094298e+05 	0.000000e+00 	3.855760e-11 	0.000000e+00 	0.000000e+00
691 	1.000000e+00 	1.094298e+05 	0.000000e+00 	3.855760e-11 	0.000000e+00 	0.000000e+00
692 	1.000000e+00 	1.094298e+05 	0.000000e+00 	3.855760e-11 	0.000000e+00 	0.000000e+00
693 	1.000000e+00 	1.094298e+05 	0.000000e+00 	3.855760e-11 	0.000000e+00 	0.000000e+00
694 	1.000000e+00 	1.094298e+05 	0.000000e+00 	3.855760e-11 	0.000000e+00 	0.000000e+00
695 	1.000000e+00 	1.094298e+05 	0.000000e+00 	3.855760e-11 	0.000000e+00 	0.000000e+00
696 	1.000000e+00 	1.094298e+05 	0.000000e+00 	3.855760e-11 	0.000000e+00 	0.000000e+00
697 	1.000000e+00 	1.094298e+05 	0.000000e+00 	3.855760e-11 	0.000000e+00 	0.000000e+00
698 	1.000000e+00 	1.094298e+05 	0.000000e+00 	3.855760e-11 	0.000000e+00 	0.000000e+00
699 	1.000000e+00 	1.094298e+05 	0.000000e+00 	3.855760e-11 	0.000000e+00 	0.000000e+00
700 	1.000000e+00 	1.094298e+05 	0.000000e+00 	3.855760e-11 	0.000000e+00 	0.000000e+00
701 	1.000000e+00 	1.094298e+05 	0.000000e+00 	3.855760e-11 	0.000000e+00 	0.000000e+00
702 	1.000000e+00 	1.094298e+05 	0.000000e+00 	3.855760e-11 	0.000000e+00 	0.000000e+00
703 	1.000000e+00 	1.094298e+05 	0.000000e+00 	3.855760e-11 	0.000000e+00 	0.000000e+00
704 	1.000000e+00 	1.094298e+05 	0.000000e+00 	3.855760e-11 	0.000000e+00 	0.000000e+00
705 	1.000000e+00 	1.094298e+05 	0.000000e+00 	3.855760e-11 	0.000000e+00 	0.000000e+00
706 	1.000000e+00 	1.094298e+05 	0.000000e+00 	3.855760e-11 	0.000000e+00 	0.000000e+00
707 	1.000000e+00 	1.094298e+05 	0.000000e+00 	3.855760e-11 	0.000000e+00 	0.000000e+00
708 	1.000000e+00 	1.094298e+05 	0.000000e+00 	3.855760e-11 	0.000000e+00 	0.000000e+00
709 	1.000000e+00 	1.094298e+05 	0.000000e+00 	3.855760e-11 	0.000000e+00 	0.000000e+00
710 	1.000000e+00 	1.094298e+05 	0.000000e+00 	3.855760e-11 	0.000000e+00 	0.000000e+00
711 	1.000000e+00 	1.094298e+05 	0.000000e+00 	3.855760e-11 	0.000000e+00 	0.000000e+00
712 	1.000000e+00 	1.094298e+05 	0.000000e+00 	3.855760e-11 	0.000000e+00 	0.000000e+00
713 	1.000000e+00 	1.094298e+05 	0.000000e+00 	3.855760e-11 	0.000000e+00 	0.000000e+00
714 	1.000000e+00 	1.094298e+05 	0.000000e+00 	3.855760e-11 	0.000000e+00 	0.000000e+00
715 	1.000000e+00 	1.094298e+05 	0.000000e+00 	3.855760e-11 	0.000000e+00 	0.000000e+00
716 	1.000000e+00 	1.094298e+05 	0.000000e+00 	3.855760e-11 	0.000000e+00 	0.000000e+00
717 	1.000000e+00 	1.094298e+05 	0.000000e+00 	3.855760e-11 	0.000000e+00 	0.000000e+00
718 	1.000000e+00 	1.094298e+05 	0.000000e+00 	3.855760e-11 	0.000000e+00 	0.000000e+00
719 	1.000000e+00 	1.094298e+05 	0.000000e+00 	3.855760e-11 	0.000000e+00 	0.000000e+00
720 	1.000000e+00 	1.094298e+05 	0.000000e+00 	3.855760e-11 	0.000000e+00 	0.000000e+00
721 	1.000000e+00 	1.094298e+05 	0.000000e+00 	3.855760e-11 	0.000000e+00 	0.000000e+00
722 	1.000000e+00 	1.094298e+05 	0.000000e+00 	3.855760e-11 	0.000000e+00 	0.000000e+00
723 	1.000000e+00 	1.094298e+05 	0.000000e+00 	3.855760e-11 	0.000000e+00 	0.000000e+00
724 	1.000000e+00 	1.094298e+05 	0.000000e+00 	3.855760e-11 	0.000000e+00 	0.000000e+00
725 	1.000000e+00 	1.094298e+05 	0.000000e+00 	3.855760e-11 	0.000000e+00 	0.000000e+00
726 	1.000000e+00 	1.094298e+05 	0.000000e+00 	3.855760e-11 	0.000000e+00 	0.000000e+00
727 	1.000000e+00 	1.094298e+05 	0.000000e+00 	3.855760e-11 	0.000000e+00 	0.000000e+00
728 	1.000000e+00 	1.094298e+05 	0.000000e+00 	3.855760e-11 	0.000000e+00 	0.000000e+00
729 	1.000000e+00 	1.094298e+05 	0.000000e+00 	3.855760e-11 	0.000000e+00 	0.000000e+00
730 	1.000000e+00 	1.094298e+05 	0.000000e+00 	3.855760e-11 	0.000000e+00 	0.000000e+00
731 	1.000000e+00 	1.094298e+05 	0.000000e+00 	3.855760e-11 	0.000000e+00 	0.000000e+00
732 	1.000000e+00 	1.094298e+05 	0.000000e+00 	3.855760e-11 	0.000000e+00 	0.000000e+00
733 	1.000000e+00 	1.094298e+05 	0.000000e+00 	3.855760e-11 	0.000000e+00 	0.000000e+00
734 	1.000000e+00 	1.094298e+05 	0.000000e+00 	3.855760e-11 	0.000000e+00 	0.000000e+00
735 	1.000000e+00 	1.094298e+05 	0.000000e+00 	3.855760e-11 	0.000000e+00 	0.000000e+00
736 	1.000000e+00 	1.094298e+05 	0.000000e+00 	3.855760e-11 	0.000000e+00 	0.000000e+00
737 	1.000000e+00 	1.094298e+05 	0.000000e+00 	3.855760e-11 	0.000000e+00 	0.000000e+00
738 	1.000000e+00 	1.094298e+05 	0.000000e+00 	3.855760e-11 	0.000000e+00 	0.000000e+00
739 	1.000000e+00 	1.094298e+05 	0.000000e+00 	3.855760e-11 	0.000000e+00 	0.000000e+00
740 	1.000000e+00 	1.094298e+05 	0.000000e+00 	3.855760e-11 	0.000000e+00 	0.000000e+00
741 	1.000000e+00 	1.094298e+05 	0.000000e+00 	3.855760e-11 	0.000000e+00 	0.000000e+00
742 	1.000000e+00 	1.094298e+05 	0.000000e+00 	3.855760e-11 	0.000000e+00 	0.000000e+00
743 	1.000000e+00 	1.094298e+05 	0.000000e+00 	3.855760e-11 	0.000000e+00 	0.000000e+00
744 	1.000000e+00 	1.094298e+05 	0.000000e+00 	3.855760e-11 	0.000000e+00 	0.000000e+00
745 	1.000000e+00 	1.094298e+05 	0.000000e+00 	3.855760e-11 	0.000000e+00 	0.000000e+00
746 	1.000000e+00 	1.094298e+05 	0.000000e+00 	3.855760e-11 	0.000000e+00 	0.000000e+00
747 	1.000000e+00 	1.094298e+05 	0.000000e+00 	3.855760e-11 	0.000000e+00 	0.000000e+00
748 	1.000000e+00 	1.094298e+05 	0.000000e+00 	3.855760e-11 	0.000000e+00 	0.000000e+00
749 	1.000000e+00 	1.094298e+05 	0.000000e+00 	3.855760e-11 	0.000000e+00 	0.000000e+00
750 	1.000000e+00 	1.094298e+05 	0.000000e+00 	3.855760e-11 	0.000000e+00 	0.000000e+00
751 	1.000000e+00 	1.094298e+05 	0.000000e+00 	3.855760e-11 	0.000000e+00 	0.000000e+00
752 	1.000000e+00 	1.094298e+05 	0.000000e+00 	3.855760e-11 	0.000000e+00 	0.000000e+00
753 	1.000000e+00 	1.094298e+05 	0.000000e+00 	3.855760e-11 	0.000000e+00 	0.000000e+00
754 	1.000000e+00 	1.094298e+05 	0.000000e+00 	3.855760e-11 	0.000000e+00 	0.000000e+00
755 	1.000000e+00 	1.094298e+05 	0.000000e+00 	3.855760e-11 	0.000000e+00 	0.000000e+00
756 	1.000000e+00 	1.094298e+05 	0.000000e+00 	3.855760e-11 	0.000000e+00 	0.000000e+00
757 	1.000000e+00 	1.094298e+05 	0.000000e+00 	3.855760e-11 	0.000000e+00 	0.000000e+00
758 	1.000000e+00 	1.094298e+05 	0.000000e+00 	3.855760e-11 	0.000000e+00 	0.000000e+00
759 	1.000000e+00 	1.094298e+05 	0.000000e+00 	3.855760e-11 	0.000000e+00 	0.000000e+00
760 	1.000000e+00 	1.094298e+05 	0.000000e+00 	3.855760e-11 	0.000000e+00 	0.000000e+00
761 	1.000000e+00 	1.094298e+05 	0.000000e+00 	3.855760e-11 	0.000000e+00 	0.000000e+00
762 	1.000000e+00 	1.094298e+05 	0.000000e+00 	3.855760e-11 	0.000000e+00 	0.000000e+00
763 	1.000000e+00 	1.094298e+05 	0.000000e+00 	3.855760e-11 	0.000000e+00 	0.000000e+00
764 	1.000000e+00 	1.094298e+05 	0.000000e+00 	3.855760e-11 	0.000000e+00 	0.000000e+00
765 	1.000000e+00 	1.094298e+05 	0.000000e+00 	3.855760e-11 	0.000000e+00 	0.000000e+00
766 	1.000000e+00 	1.094298e+05 	0.000000e+00 	3.855760e-11 	0.000000e+00 	0.000000e+00
767 	1.000000e+00 	1.094298e+05 	0.000000e+00 	3.855760e-11 	0.000000e+00 	0.000000e+00
768 	1.000000e+00 	1.094298e+05 	0.000000e+00 	3.855760e-11 	0.000000e+00 	0.000000e+00
769 	1.000000e+00 	1.094298e+05 	0.000000e+00 	3.855760e-11 	0.000000e+00 	0.000000e+00
770 	1.000000e+00 	1.094298e+05 	0.000000e+00 	3.855760e-11 	0.000000e+00 	0.000000e+00
771 	1.000000e+00 	1.094298e+05 	0.000000e+00 	3.855760e-11 	0.000000e+00 	0.000000e+00
772 	1.000000e+00 	1.094298e+05 	0.000000e+00 	3.855760e-11 	0.000000e+00 	0.000000e+00
773 	1.000000e+00 	1.094298e+05 	0.000000e+00 	3.855760e-11 	0.000000e+00 	0.000000e+00
774 	1.000000e+00 	1.094298e+05 	0.000000e+00 	3.855760e-11 	0.000000e+00 	0.000000e+00
775 	1.000000e+00 	1.094298e+05 	0.000000e+00 	3.855760e-11 	0.000000e+00 	0.000000e+00
776 	1.000000e+00 	1.094298e+05 	0.000000e+00 	3.855760e-11 	0.000000e+00 	0.000000e+00
777 	1.000000e+00 	1.094298e+05 	0.000000e+00 	3.855760e-11 	0.000000e+00 	0.000000e+00
778 	1.000000e+00 	1.094298e+05 	0.000000e+00 	3.855760e-11 	0.000000e+00 	0.000000e+00
779 	1.000000e+00 	1.094298e+05 	0.000000e+00 	3.855760e-11 	0.000000e+00 	0.000000e+00
780 	1.000000e+00 	1.094298e+05 	0.000000e+00 	3.855760e-11 	0.000000e+00 	0.000000e+00
781 	1.000000e+00 	1.094298e+05 	0.000000e+00 	3.855760e-11 	0.000000e+00 	0.000000e+00
782 	1.000000e+00 	1.094298e+05 	0.000000e+00 	3.855760e-11 	0.000000e+00 	0.000000e+00
783 	1.000000e+00 	1.094298e+05 	0.000000e+00 	3.855760e-11 	0.000000e+00 	0.000000e+00
784 	1.000000e+00 	1.094298e+05 	0.000000e+00 	3.855760e-11 	0.000000e+00 	0.000000e+00
785 	1.000000e+00 	1.094298e+05 	0.000000e+00 	3.855760e-11 	0.000000e+00 	0.000000e+00
786 	1.000000e+00 	1.094298e+05 	0.000000e+00 	3.855760e-11 	0.000000e+00 	0.000000e+00
787 	1.000000e+00 	1.094298e+05 	0.000000e+00 	3.855760e-11 	0.000000e+00 	0.000000e+00
788 	1.000000e+00 	1.094298e+05 	0.000000e+00 	3.855760e-11 	0.000000e+00 	0.000000e+00
789 	1.000000e+00 	1.094298e+05 	0.000000e+00 	3.855760e-11 	0.000000e+00 	0.000000e+00
790 	1.000000e+00 	1.094298e+05 	0.000000e+00 	3.855760e-11 	0.000000e+00 	0.000000e+00
791 	1.000000e+00 	1.094298e+05 	0.000000e+00 	3.855760e-11 	0.000000e+00 	0.000000e+00
792 	1.000000e+00 	1.094298e+05 	0.000000e+00 	3.855760e-11 	0.000000e+00 	0.000000e+00
793 	1.000000e+00 	1.094298e+05 	0.000000e+00 	3.855760e-11 	0.000000e+00 	0.000000e+00
794 	1.000000e+00 	1.094298e+05 	0.000000e+00 	3.855760e-11 	0.000000e+00 	0.000000e+00
795 	1.000000e+00 	1.094298e+05 	0.000000e+00 	3.855760e-11 	0.000000e+00 	0.000000e+00
796 	1.000000e+00 	1.094298e+05 	0.000000e+00 	3.855760e-11 	0.000000e+00 	0.000000e+00
797 	1.000000e+00 	1.094298e+05 	0.000000e+00 	3.855760e-11 	0.000000e+00 	0.000000e+00
798 	1.000000e+00 	1.094298e+05 	0.000000e+00 	3.855760e-11 	0.000000e+00 	0.000000e+00
799 	1.000000e+00 	1.094298e+05 	0.000000e+00 	3.855760e-11 	0.000000e+00 	0.000000e+00
800 	1.000000e+00 	1.094298e+05 	0.000000e+00 	3.855760e-11 	0.000000e+00 	0.000000e+00
801 	1.000000e+00 	1.094298e+05 	0.000000e+00 	3.855760e-11 	0.000000e+00 	0.000000e+00
802 	1.000000e+00 	1.094298e+05 	0.000000e+00 	3.855760e-11 	0.000000e+00 	0.000000e+00
803 	1.000000e+00 	1.094298e+05 	0.000000e+00 	3.855760e-11 	0.000000e+00 	0.000000e+00
804 	1.000000e+00 	1.094298e+05 	0.000000e+00 	3.855760e-11 	0.000000e+00 	0.000000e+00
805 	1.000000e+00 	1.094298e+05 	0.000000e+00 	3.855760e-11 	0.000000e+00 	0.000000e+00
806 	1.000000e+00 	1.094298e+05 	0.000000e+00 	3.855760e-11 	0.000000e+00 	0.000000e+00
807 	1.000000e+00 	1.094298e+05 	0.000000e+00 	3.855760e-11 	0.000000e+00 	0.000000e+00
808 	1.000000e+00 	1.094298e+05 	0.000000e+00 	3.855760e-11 	0.000000e+00 	0.000000e+00
809 	1.000000e+00 	1.094298e+05 	0.000000e+00 	3.855760e-11 	0.000000e+00 	0.000000e+00
810 	1.000000e+00 	1.094298e+05 	0.000000e+00 	3.855760e-11 	0.000000e+00 	0.000000e+00
811 	1.000000e+00 	1.094298e+05 	0.000000e+00 	3.855760e-11 	0.000000e+00 	0.000000e+00
812 	1.000000e+00 	1.094298e+05 	0.000000e+00 	3.855760e-11 	0.000000e+00 	0.000000e+00
813 	1.000000e+00 	1.094298e+05 	0.000000e+00 	3.855760e-11 	0.000000e+00 	0.000000e+00
814 	1.000000e+00 	1.094298e+05 	0.000000e+00 	3.855760e-11 	0.000000e+00 	0.000000e+00
815 	1.000000e+00 	1.094298e+05 	0.000000e+00 	3.855760e-11 	0.000000e+00 	0.000000e+00
816 	1.000000e+00 	1.094298e+05 	0.000000e+00 	3.855760e-11 	0.000000e+00 	0.000000e+00
817 	1.000000e+00 	1.094298e+05 	0.000000e+00 	3.855760e-11 	0.000000e+00 	0.000000e+00
818 	1.000000e+00 	1.094298e+05 	0.000000e+00 	3.855760e-11 	0.000000e+00 	0.000000e+00
819 	1.000000e+00 	1.094298e+05 	0.000000e+00 	3.855760e-11 	0.000000e+00 	0.000000e+00
820 	1.000000e+00 	1.094298e+05 	0.000000e+00 	3.855760e-11 	0.000000e+00 	0.000000e+00
821 	1.000000e+00 	1.094298e+05 	0.000000e+00 	3.855760e-11 	0.000000e+00 	0.000000e+00
822 	1.000000e+00 	1.094298e+05 	0.000000e+00 	3.855760e-11 	0.000000e+00 	0.000000e+00
823 	1.000000e+00 	1.094298e+05 	0.000000e+00 	3.855760e-11 	0.000000e+00 	0.000000e+00
824 	1.000000e+00 	1.094298e+05 	0.000000e+00 	3.855760e-11 	0.000000e+00 	0.000000e+00
825 	1.000000e+00 	1.094298e+05 	0.000000e+00 	3.855760e-11 	0.000000e+00 	0.000000e+00
826 	1.000000e+00 	1.094298e+05 	0.000000e+00 	3.855760e-11 	0.000000e+00 	0.000000e+00
827 	1.000000e+00 	1.094298e+05 	0.000000e+00 	3.855760e-11 	0.000000e+00 	0.000000e+00
828 	1.000000e+00 	1.094298e+05 	0.000000e+00 	3.855760e-11 	0.000000e+00 	0.000000e+00
829 	1.000000e+00 	1.094298e+05 	0.000000e+00 	3.855760e-11 	0.000000e+00 	0.000000e+00
830 	1.000000e+00 	1.094298e+05 	0.000000e+00 	3.855760e-11 	0.000000e+00 	0.000000e+00
831 	1.000000e+00 	1.094298e+05 	0.000000e+00 	3.855760e-11 	0.000000e+00 	0.000000e+00
832 	1.000000e+00 	1.094298e+05 	0.000000e+00 	3.855760e-11 	0.000000e+00 	0.000000e+00
833 	1.000000e+00 	1.094298e+05 	0.000000e+00 	3.855760e-11 	0.000000e+00 	0.000000e+00
834 	1.000000e+00 	1.094298e+05 	0.000000e+00 	3.855760e-11 	0.000000e+00 	0.000000e+00
835 	1.000000e+00 	1.094298e+05 	0.000000e+00 	3.855760e-11 	0.000000e+00 	0.000000e+00
836 	1.000000e+00 	1.094298e+05 	0.000000e+00 	3.855760e-11 	0.000000e+00 	0.000000e+00
837 	1.000000e+00 	1.094298e+05 	0.000000e+00 	3.855760e-11 	0.000000e+00 	0.000000e+00
838 	1.000000e+00 	1.094298e+05 	0.000000e+00 	3.855760e-11 	0.000000e+00 	0.000000e+00
839 	1.000000e+00 	1.094298e+05 	0.000000e+00 	3.855760e-11 	0.000000e+00 	0.000000e+00
840 	1.000000e+00 	1.094298e+05 	0.000000e+00 	3.855760e-11 	0.000000e+00 	0.000000e+00
841 	1.000000e+00 	1.094298e+05 	0.000000e+00 	3.855760e-11 	0.000000e+00 	0.000000e+00
842 	1.000000e+00 	1.094298e+05 	0.000000e+00 	3.855760e-11 	0.000000e+00 	0.000000e+00
843 	1.000000e+00 	1.094298e+05 	0.000000e+00 	3.855760e-11 	0.000000e+00 	0.000000e+00
844 	1.000000e+00 	1.094298e+05 	0.000000e+00 	3.855760e-11 	0.000000e+00 	0.000000e+00
845 	1.000000e+00 	1.094298e+05 	0.000000e+00 	3.855760e-11 	0.000000e+00 	0.000000e+00
846 	1.000000e+00 	1.094298e+05 	0.000000e+00 	3.855760e-11 	0.000000e+00 	0.000000e+00
847 	1.000000e+00 	1.094298e+05 	0.000000e+00 	3.855760e-11 	0.000000e+00 	0.000000e+00
848 	1.000000e+00 	1.094298e+05 	0.000000e+00 	3.855760e-11 	0.000000e+00 	0.000000e+00
849 	1.000000e+00 	1.094298e+05 	0.000000e+00 	3.855760e-11 	0.000000e+00 	0.000000e+00
850 	1.000000e+00 	1.094298e+05 	0.000000e+00 	3.855760e-11 	0.000000e+00 	0.000000e+00
851 	1.000000e+00 	1.094298e+05 	0.000000e+00 	3.855760e-11 	0.000000e+00 	0.000000e+00
852 	1.000000e+00 	1.094298e+05 	0.000000e+00 	3.855760e-11 	0.000000e+00 	0.000000e+00
853 	1.000000e+00 	1.094298e+05 	0.000000e+00 	3.855760e-11 	0.000000e+00 	0.000000e+00
854 	1.000000e+00 	1.094298e+05 	0.000000e+00 	3.855760e-11 	0.000000e+00 	0.000000e+00
855 	1.000000e+00 	1.094298e+05 	0.000000e+00 	3.855760e-11 	0.000000e+00 	0.000000e+00
856 	1.000000e+00 	1.094298e+05 	0.000000e+00 	3.855760e-11 	0.000000e+00 	0.000000e+00
857 	1.000000e+00 	1.094298e+05 	0.000000e+00 	3.855760e-11 	0.000000e+00 	0.000000e+00
858 	1.000000e+00 	1.094298e+05 	0.000000e+00 	3.855760e-11 	0.000000e+00 	0.000000e+00
859 	1.000000e+00 	1.094298e+05 	0.000000e+00 	3.855760e-11 	0.000000e+00 	0.000000e+00
860 	1.000000e+00 	1.094298e+05 	0.000000e+00 	3.855760e-11 	0.000000e+00 	0.000000e+00
861 	1.000000e+00 	1.094298e+05 	0.000000e+00 	3.855760e-11 	0.000000e+00 	0.000000e+00
862 	1.000000e+00 	1.094298e+05 	0.000000e+00 	3.855760e-11 	0.000000e+00 	0.000000e+00
863 	1.000000e+00 	1.094298e+05 	0.000000e+00 	3.855760e-11 	0.000000e+00 	0.000000e+00
864 	1.000000e+00 	1.094298e+05 	0.000000e+00 	3.855760e-11 	0.000000e+00 	0.000000e+00
865 	1.000000e+00 	1.094298e+05 	0.000000e+00 	3.855760e-11 	0.000000e+00 	0.000000e+00
866 	1.000000e+00 	1.094298e+05 	0.000000e+00 	3.855760e-11 	0.000000e+00 	0.000000e+00
867 	1.000000e+00 	1.094298e+05 	0.000000e+00 	3.855760e-11 	0.000000e+00 	0.000000e+00
868 	1.000000e+00 	1.094298e+05 	0.000000e+00 	3.855760e-11 	0.000000e+00 	0.000000e+00
869 	1.000000e+00 	1.094298e+05 	0.000000e+00 	3.855760e-11 	0.000000e+00 	0.000000e+00
870 	1.000000e+00 	1.094298e+05 	0.000000e+00 	3.855760e-11 	0.000000e+00 	0.000000e+00
871 	1.000000e+00 	1.094298e+05 	0.000000e+00 	3.855760e-11 	0.000000e+00 	0.000000e+00
872 	1.000000e+00 	1.094298e+05 	0.000000e+00 	3.855760e-11 	0.000000e+00 	0.000000e+00
873 	1.000000e+00 	1.094298e+05 	0.000000e+00 	3.855760e-11 	0.000000e+00 	0.000000e+00
874 	1.000000e+00 	1.094298e+05 	0.000000e+00 	3.855760e-11 	0.000000e+00 	0.000000e+00
875 	1.000000e+00 	1.094298e+05 	0.000000e+00 	3.855760e-11 	0.000000e+00 	0.000000e+00
876 	1.000000e+00 	1.094298e+05 	0.000000e+00 	3.855760e-11 	0.000000e+00 	0.000000e+00
877 	1.000000e+00 	1.094298e+05 	0.000000e+00 	3.855760e-11 	0.000000e+00 	0.000000e+00
878 	1.000000e+00 	1.094298e+05 	0.000000e+00 	3.855760e-11 	0.000000e+00 	0.000000e+00
879 	1.000000e+00 	1.094298e+05 	0.000000e+00 	3.855760e-11 	0.000000e+00 	0.000000e+00
880 	1.000000e+00 	1.094298e+05 	0.000000e+00 	3.855760e-11 	0.000000e+00 	0.000000e+00
881 	1.000000e+00 	1.094298e+05 	0.000000e+00 	3.855760e-11 	0.000000e+00 	0.000000e+00
882 	1.000000e+00 	1.094298e+05 	0.000000e+00 	3.855760e-11 	0.000000e+00 	0.000000e+00
883 	1.000000e+00 	1.094298e+05 	0.000000e+00 	3.855760e-11 	0.000000e+00 	0.000000e+00
884 	1.000000e+00 	1.094298e+05 	0.000000e+00 	3.855760e-11 	0.000000e+00 	0.000000e+00
885 	1.000000e+00 	1.094298e+05 	0.000000e+00 	3.855760e-11 	0.000000e+00 	0.000000e+00
886 	1.000000e+00 	1.094298e+05 	0.000000e+00 	3.855760e-11 	0.000000e+00 	0.000000e+00
887 	1.000000e+00 	1.094298e+05 	0.000000e+00 	3.855760e-11 	0.000000e+00 	0.000000e+00
888 	1.000000e+00 	1.094298e+05 	0.000000e+00 	3.855760e-11 	0.000000e+00 	0.000000e+00
889 	1.000000e+00 	1.094298e+05 	0.000000e+00 	3.855760e-11 	0.000000e+00 	0.000000e+00
890 	1.000000e+00 	1.094298e+05 	0.000000e+00 	3.855760e-11 	0.000000e+00 	0.000000e+00
891 	1.000000e+00 	1.094298e+05 	0.000000e+00 	3.855760e-11 	0.000000e+00 	0.000000e+00
892 	1.000000e+00 	1.094298e+05 	0.000000e+00 	3.855760e-11 	0.000000e+00 	0.000000e+00
893 	1.000000e+00 	1.094298e+05 	0.000000e+00 	3.855760e-11 	0.000000e+00 	0.000000e+00
894 	1.000000e+00 	1.094298e+05 	0.000000e+00 	3.855760e-11 	0.000000e+00 	0.000000e+00
895 	1.000000e+00 	1.094298e+05 	0.000000e+00 	3.855760e-11 	0.000000e+00 	0.000000e+00
896 	1.000000e+00 	1.094298e+05 	0.000000e+00 	3.855760e-11 	0.000000e+00 	0.000000e+00
897 	1.000000e+00 	1.094298e+05 	0.000000e+00 	3.855760e-11 	0.000000e+00 	0.000000e+00
898 	1.000000e+00 	1.094298e+05 	0.000000e+00 	3.855760e-11 	0.000000e+00 	0.000000e+00
899 	1.000000e+00 	1.094298e+05 	0.000000e+00 	3.855760e-11 	0.000000e+00 	0.000000e+00
900 	1.000000e+00 	1.094298e+05 	0.000000e+00 	3.855760e-11 	0.000000e+00 	0.000000e+00
901 	1.000000e+00 	1.094298e+05 	0.000000e+00 	3.855760e-11 	0.000000e+00 	0.000000e+00
902 	1.000000e+00 	1.094298e+05 	0.000000e+00 	3.855760e-11 	0.000000e+00 	0.000000e+00
903 	1.000000e+00 	1.094298e+05 	0.000000e+00 	3.855760e-11 	0.000000e+00 	0.000000e+00
904 	1.000000e+00 	1.094298e+05 	0.000000e+00 	3.855760e-11 	0.000000e+00 	0.000000e+00
905 	1.000000e+00 	1.094298e+05 	0.000000e+00 	3.855760e-11 	0.000000e+00 	0.000000e+00
906 	1.000000e+00 	1.094298e+05 	0.000000e+00 	3.855760e-11 	0.000000e+00 	0.000000e+00
907 	1.000000e+00 	1.094298e+05 	0.000000e+00 	3.855760e-11 	0.000000e+00 	0.000000e+00
908 	1.000000e+00 	1.094298e+05 	0.000000e+00 	3.855760e-11 	0.000000e+00 	0.000000e+00
909 	1.000000e+00 	1.094298e+05 	0.000000e+00 	3.855760e-11 	0.000000e+00 	0.000000e+00
910 	1.000000e+00 	1.094298e+05 	0.000000e+00 	3.855760e-11 	0.000000e+00 	0.000000e+00
911 	1.000000e+00 	1.094298e+05 	0.000000e+00 	3.855760e-11 	0.000000e+00 	0.000000e+00
912 	1.000000e+00 	1.094298e+05 	0.000000e+00 	3.855760e-11 	0.000000e+00 	0.000000e+00
913 	1.000000e+00 	1.094298e+05 	0.000000e+00 	3.855760e-11 	0.000000e+00 	0.000000e+00
914 	1.000000e+00 	1.094298e+05 	0.000000e+00 	3.855760e-11 	0.000000e+00 	0.000000e+00
915 	1.000000e+00 	1.094298e+05 	0.000000e+00 	3.855760e-11 	0.000000e+00 	0.000000e+00
916 	1.000000e+00 	1.094298e+05 	0.000000e+00 	3.855760e-11 	0.000000e+00 	0.000000e+00
917 	1.000000e+00 	1.094298e+05 	0.000000e+00 	3.855760e-11 	0.000000e+00 	0.000000e+00
918 	1.000000e+00 	1.094298e+05 	0.000000e+00 	3.855760e-11 	0.000000e+00 	0.000000e+00
919 	1.000000e+00 	1.094298e+05 	0.000000e+00 	3.855760e-11 	0.000000e+00 	0.000000e+00
920 	1.000000e+00 	1.094298e+05 	0.000000e+00 	3.855760e-11 	0.000000e+00 	0.000000e+00
921 	1.000000e+00 	1.094298e+05 	0.000000e+00 	3.855760e-11 	0.000000e+00 	0.000000e+00
922 	1.000000e+00 	1.094298e+05 	0.000000e+00 	3.855760e-11 	0.000000e+00 	0.000000e+00
923 	1.000000e+00 	1.094298e+05 	0.000000e+00 	3.855760e-11 	0.000000e+00 	0.000000e+00
924 	1.000000e+00 	1.094298e+05 	0.000000e+00 	3.855760e-11 	0.000000e+00 	0.000000e+00
925 	1.000000e+00 	1.094298e+05 	0.000000e+00 	3.855760e-11 	0.000000e+00 	0.000000e+00
926 	1.000000e+00 	1.094298e+05 	0.000000e+00 	3.855760e-11 	0.000000e+00 	0.000000e+00
927 	1.000000e+00 	1.094298e+05 	0.000000e+00 	3.855760e-11 	0.000000e+00 	0.000000e+00
928 	1.000000e+00 	1.094298e+05 	0.000000e+00 	3.855760e-11 	0.000000e+00 	0.000000e+00
929 	1.000000e+00 	1.094298e+05 	0.000000e+00 	3.855760e-11 	0.000000e+00 	0.000000e+00
930 	1.000000e+00 	1.094298e+05 	0.000000e+00 	3.855760e-11 	0.000000e+00 	0.000000e+00
931 	1.000000e+00 	1.094298e+05 	0.000000e+00 	3.855760e-11 	0.000000e+00 	0.000000e+00
932 	1.000000e+00 	1.094298e+05 	0.000000e+00 	3.855760e-11 	0.000000e+00 	0.000000e+00
933 	1.000000e+00 	1.094298e+05 	0.000000e+00 	3.855760e-11 	0.000000e+00 	0.000000e+00
934 	1.000000e+00 	1.094298e+05 	0.000000e+00 	3.855760e-11 	0.000000e+00 	0.000000e+00
935 	1.000000e+00 	1.094298e+05 	0.000000e+00 	3.855760e-11 	0.000000e+00 	0.000000e+00
936 	1.000000e+00 	1.094298e+05 	0.000000e+00 	3.855760e-11 	0.000000e+00 	0.000000e+00
937 	1.000000e+00 	1.094298e+05 	0.000000e+00 	3.855760e-11 	0.000000e+00 	0.000000e+00
938 	1.000000e+00 	1.094298e+05 	0.000000e+00 	3.855760e-11 	0.000000e+00 	0.000000e+00
939 	1.000000e+00 	1.094298e+05 	0.000000e+00 	3.855760e-11 	0.000000e+00 	0.000000e+00
940 	1.000000e+00 	1.094298e+05 	0.000000e+00 	3.855760e-11 	0.000000e+00 	0.000000e+00
941 	1.000000e+00 	1.094298e+05 	0.000000e+00 	3.855760e-11 	0.000000e+00 	0.000000e+00
942 	1.000000e+00 	1.094298e+05 	0.000000e+00 	3.855760e-11 	0.000000e+00 	0.000000e+00
943 	1.000000e+00 	1.094298e+05 	0.000000e+00 	3.855760e-11 	0.000000e+00 	0.000000e+00
944 	1.000000e+00 	1.094298e+05 	0.000000e+00 	3.855760e-11 	0.000000e+00 	0.000000e+00
945 	1.000000e+00 	1.094298e+05 	0.000000e+00 	3.855760e-11 	0.000000e+00 	0.000000e+00
946 	1.000000e+00 	1.094298e+05 	0.000000e+00 	3.855760e-11 	0.000000e+00 	0.000000e+00
947 	1.000000e+00 	1.094298e+05 	0.000000e+00 	3.855760e-11 	0.000000e+00 	0.000000e+00
948 	1.000000e+00 	1.094298e+05 	0.000000e+00 	3.855760e-11 	0.000000e+00 	0.000000e+00
949 	1.000000e+00 	1.094298e+05 	0.000000e+00 	3.855760e-11 	0.000000e+00 	0.000000e+00
950 	1.000000e+00 	1.094298e+05 	0.000000e+00 	3.855760e-11 	0.000000e+00 	0.000000e+00
951 	1.000000e+00 	1.094298e+05 	0.000000e+00 	3.855760e-11 	0.000000e+00 	0.000000e+00
952 	1.000000e+00 	1.094298e+05 	0.000000e+00 	3.855760e-11 	0.000000e+00 	0.000000e+00
953 	1.000000e+00 	1.094298e+05 	0.000000e+00 	3.855760e-11 	0.000000e+00 	0.000000e+00
954 	1.000000e+00 	1.094298e+05 	0.000000e+00 	3.855760e-11 	0.000000e+00 	0.000000e+00
955 	1.000000e+00 	1.094298e+05 	0.000000e+00 	3.855760e-11 	0.000000e+00 	0.000000e+00
956 	1.000000e+00 	1.094298e+05 	0.000000e+00 	3.855760e-11 	0.000000e+00 	0.000000e+00
957 	1.000000e+00 	1.094298e+05 	0.000000e+00 	3.855760e-11 	0.000000e+00 	0.000000e+00
958 	1.000000e+00 	1.094298e+05 	0.000000e+00 	3.855760e-11 	0.000000e+00 	0.000000e+00
959 	1.000000e+00 	1.094298e+05 	0.000000e+00 	3.855760e-11 	0.000000e+00 	0.000000e+00
960 	1.000000e+00 	1.094298e+05 	0.000000e+00 	3.855760e-11 	0.000000e+00 	0.000000e+00
961 	1.000000e+00 	1.094298e+05 	0.000000e+00 	3.855760e-11 	0.000000e+00 	0.000000e+00
962 	1.000000e+00 	1.094298e+05 	0.000000e+00 	3.855760e-11 	0.000000e+00 	0.000000e+00
963 	1.000000e+00 	1.094298e+05 	0.000000e+00 	3.855760e-11 	0.000000e+00 	0.000000e+00
964 	1.000000e+00 	1.094298e+05 	0.000000e+00 	3.855760e-11 	0.000000e+00 	0.000000e+00
965 	1.000000e+00 	1.094298e+05 	0.000000e+00 	3.855760e-11 	0.000000e+00 	0.000000e+00
966 	1.000000e+00 	1.094298e+05 	0.000000e+00 	3.855760e-11 	0.000000e+00 	0.000000e+00
967 	1.000000e+00 	1.094298e+05 	0.000000e+00 	3.855760e-11 	0.000000e+00 	0.000000e+00
968 	1.000000e+00 	1.094298e+05 	0.000000e+00 	3.855760e-11 	0.000000e+00 	0.000000e+00
969 	1.000000e+00 	1.094298e+05 	0.000000e+00 	3.855760e-11 	0.000000e+00 	0.000000e+00
970 	1.000000e+00 	1.094298e+05 	0.000000e+00 	3.855760e-11 	0.000000e+00 	0.000000e+00
971 	1.000000e+00 	1.094298e+05 	0.000000e+00 	3.855760e-11 	0.000000e+00 	0.000000e+00
972 	1.000000e+00 	1.094298e+05 	0.000000e+00 	3.855760e-11 	0.000000e+00 	0.000000e+00
973 	1.000000e+00 	1.094298e+05 	0.000000e+00 	3.855760e-11 	0.000000e+00 	0.000000e+00
974 	1.000000e+00 	1.094298e+05 	0.000000e+00 	3.855760e-11 	0.000000e+00 	0.000000e+00
975 	1.000000e+00 	1.094298e+05 	0.000000e+00 	3.855760e-11 	0.000000e+00 	0.000000e+00
976 	1.000000e+00 	1.094298e+05 	0.000000e+00 	3.855760e-11 	0.000000e+00 	0.000000e+00
977 	1.000000e+00 	1.094298e+05 	0.000000e+00 	3.855760e-11 	0.000000e+00 	0.000000e+00
978 	1.000000e+00 	1.094298e+05 	0.000000e+00 	3.855760e-11 	0.000000e+00 	0.000000e+00
979 	1.000000e+00 	1.094298e+05 	0.000000e+00 	3.855760e-11 	0.000000e+00 	0.000000e+00
980 	1.000000e+00 	1.094298e+05 	0.000000e+00 	3.855760e-11 	0.000000e+00 	0.000000e+00
981 	1.000000e+00 	1.094298e+05 	0.000000e+00 	3.855760e-11 	0.000000e+00 	0.000000e+00
982 	1.000000e+00 	1.094298e+05 	0.000000e+00 	3.855760e-11 	0.000000e+00 	0.000000e+00
983 	1.000000e+00 	1.094298e+05 	0.000000e+00 	3.855760e-11 	0.000000e+00 	0.000000e+00
984 	1.000000e+00 	1.094298e+05 	0.000000e+00 	3.855760e-11 	0.000000e+00 	0.000000e+00
985 	1.000000e+00 	1.094298e+05 	0.000000e+00 	3.855760e-11 	0.000000e+00 	0.000000e+00
986 	1.000000e+00 	1.094298e+05 	0.000000e+00 	3.855760e-11 	0.000000e+00 	0.000000e+00
987 	1.000000e+00 	1.094298e+05 	0.000000e+00 	3.855760e-11 	0.000000e+00 	0.000000e+00
988 	1.000000e+00 	1.094298e+05 	0.000000e+00 	3.855760e-11 	0.000000e+00 	0.000000e+00
989 	1.000000e+00 	1.094298e+05 	0.000000e+00 	3.855760e-11 	0.000000e+00 	0.000000e+00
990 	1.000000e+00 	1.094298e+05 	0.000000e+00 	3.855760e-11 	0.000000e+00 	0.000000e+00
991 	1.000000e+00 	1.094298e+05 	0.000000e+00 	3.855760e-11 	0.000000e+00 	0.000000e+00
992 	1.000000e+00 	1.094298e+05 	0.000000e+00 	3.855760e-11 	0.000000e+00 	0.000000e+00
993 	1.000000e+00 	1.094298e+05 	0.000000e+00 	3.855760e-11 	0.000000e+00 	0.000000e+00
994 	1.000000e+00 	1.094298e+05 	0.000000e+00 	3.855760e-11 	0.000000e+00 	0.000000e+00
995 	1.000000e+00 	1.094298e+05 	0.000000e+00 	3.855760e-11 	0.000000e+00 	0.000000e+00
996 	1.000000e+00 	1.094298e+05 	0.000000e+00 	3.855760e-11 	0.000000e+00 	0.000000e+00
997 	1.000000e+00 	1.094298e+05 	0.000000e+00 	3.855760e-11 	0.000000e+00 	0.000000e+00
998 	1.000000e+00 	1.094298e+05 	0.000000e+00 	3.855760e-11 	0.000000e+00 	0.000000e+00
999 	1.000000e+00 	1.094298e+05 	0.000000e+00 	3.855760e-11 	0.000000e+00 	0.000000e+00
1000 	1.000000e+00 	1.094298e+05 	0.000000e+00 	3.855760e-11 	0.000000e+00 	0.000000e+00
1001 	9.980000e-01 	1.094298e+05 	0.000000e+00 	3.855760e-11 	0.000000e+00 	0.000000e+00
1002 	9.960040e-01 	1.094298e+05 	0.000000e+00 	3.855760e-11 	0.000000e+00 	0.000000e+00
1003 	9.940120e-01 	1.094298e+05 	0.000000e+00 	3.855760e-11 	0.000000e+00 	0.000000e+00
1004 	9.920240e-01 	1.094298e+05 	0.000000e+00 	3.855760e-11 	0.000000e+00 	0.000000e+00
1005 	9.900399e-01 	1.094298e+05 	0.000000e+00 	3.855760e-11 	0.000000e+00 	0.000000e+00
1006 	9.880598e-01 	1.094298e+05 	0.000000e+00 	3.855760e-11 	0.000000e+00 	0.000000e+00
1007 	9.860837e-01 	1.094298e+05 	0.000000e+00 	3.855760e-11 	0.000000e+00 	0.000000e+00
1008 	9.841116e-01 	1.094298e+05 	0.000000e+00 	3.855760e-11 	0.000000e+00 	0.000000e+00
1009 	9.821433e-01 	1.094298e+05 	0.000000e+00 	3.855760e-11 	0.000000e+00 	0.000000e+00
1010 	9.801790e-01 	1.094298e+05 	0.000000e+00 	3.855760e-11 	0.000000e+00 	0.000000e+00
1011 	9.782187e-01 	1.094298e+05 	0.000000e+00 	3.855760e-11 	0.000000e+00 	0.000000e+00
1012 	9.762622e-01 	1.094298e+05 	0.000000e+00 	3.855760e-11 	0.000000e+00 	0.000000e+00
1013 	9.743097e-01 	1.094298e+05 	0.000000e+00 	3.855760e-11 	0.000000e+00 	0.000000e+00
1014 	9.723611e-01 	1.094298e+05 	0.000000e+00 	3.855760e-11 	0.000000e+00 	0.000000e+00
1015 	9.704164e-01 	1.094298e+05 	0.000000e+00 	3.855760e-11 	0.000000e+00 	0.000000e+00
1016 	9.684755e-01 	1.094298e+05 	0.000000e+00 	3.855760e-11 	0.000000e+00 	0.000000e+00
1017 	9.665386e-01 	1.094298e+05 	0.000000e+00 	3.855760e-11 	0.000000e+00 	0.000000e+00
1018 	9.646055e-01 	1.094298e+05 	0.000000e+00 	3.855760e-11 	0.000000e+00 	0.000000e+00
1019 	9.626763e-01 	1.094298e+05 	0.000000e+00 	3.855760e-11 	0.000000e+00 	0.000000e+00
1020 	9.607510e-01 	1.094298e+05 	0.000000e+00 	3.855760e-11 	0.000000e+00 	0.000000e+00
1021 	9.588295e-01 	1.094298e+05 	0.000000e+00 	3.855760e-11 	0.000000e+00 	0.000000e+00
1022 	9.569118e-01 	1.094298e+05 	0.000000e+00 	3.855760e-11 	0.000000e+00 	0.000000e+00
1023 	9.549980e-01 	1.094298e+05 	0.000000e+00 	3.855760e-11 	0.000000e+00 	0.000000e+00
1024 	9.530880e-01 	1.094298e+05 	0.000000e+00 	3.855760e-11 	0.000000e+00 	0.000000e+00
1025 	9.511818e-01 	1.094298e+05 	0.000000e+00 	3.855760e-11 	0.000000e+00 	0.000000e+00
1026 	9.492794e-01 	1.094298e+05 	0.000000e+00 	3.855760e-11 	0.000000e+00 	0.000000e+00
1027 	9.473809e-01 	1.094298e+05 	0.000000e+00 	3.855760e-11 	0.000000e+00 	0.000000e+00
1028 	9.454861e-01 	1.094298e+05 	0.000000e+00 	3.855760e-11 	0.000000e+00 	0.000000e+00
1029 	9.435951e-01 	1.094298e+05 	0.000000e+00 	3.855760e-11 	0.000000e+00 	0.000000e+00
1030 	9.417080e-01 	1.094298e+05 	0.000000e+00 	3.855760e-11 	0.000000e+00 	0.000000e+00
1031 	9.398245e-01 	1.094298e+05 	0.000000e+00 	3.855760e-11 	0.000000e+00 	0.000000e+00
1032 	9.379449e-01 	1.094298e+05 	0.000000e+00 	3.855760e-11 	0.000000e+00 	0.000000e+00
1033 	9.360690e-01 	1.094298e+05 	0.000000e+00 	3.855760e-11 	0.000000e+00 	0.000000e+00
1034 	9.341969e-01 	1.094298e+05 	0.000000e+00 	3.855760e-11 	0.000000e+00 	0.000000e+00
1035 	9.323285e-01 	1.094298e+05 	0.000000e+00 	3.855760e-11 	0.000000e+00 	0.000000e+00
1036 	9.304638e-01 	1.094298e+05 	0.000000e+00 	3.855760e-11 	0.000000e+00 	0.000000e+00
1037 	9.286029e-01 	1.094298e+05 	0.000000e+00 	3.855760e-11 	0.000000e+00 	0.000000e+00
1038 	9.267457e-01 	1.094298e+05 	0.000000e+00 	3.855760e-11 	0.000000e+00 	0.000000e+00
1039 	9.248922e-01 	1.094298e+05 	0.000000e+00 	3.855760e-11 	0.000000e+00 	0.000000e+00
1040 	9.230424e-01 	1.094298e+05 	0.000000e+00 	3.855760e-11 	0.000000e+00 	0.000000e+00
1041 	9.211963e-01 	1.094298e+05 	0.000000e+00 	3.855760e-11 	0.000000e+00 	0.000000e+00
1042 	9.193539e-01 	1.094298e+05 	0.000000e+00 	3.855760e-11 	0.000000e+00 	0.000000e+00
1043 	9.175152e-01 	1.094298e+05 	0.000000e+00 	3.855760e-11 	0.000000e+00 	0.000000e+00
1044 	9.156802e-01 	1.094298e+05 	0.000000e+00 	3.855760e-11 	0.000000e+00 	0.000000e+00
1045 	9.138488e-01 	1.094298e+05 	0.000000e+00 	3.855760e-11 	0.000000e+00 	0.000000e+00
1046 	9.120211e-01 	1.094298e+05 	0.000000e+00 	3.855760e-11 	0.000000e+00 	0.000000e+00
1047 	9.101971e-01 	1.094298e+05 	0.000000e+00 	3.855760e-11 	0.000000e+00 	0.000000e+00
1048 	9.083767e-01 	1.094298e+05 	0.000000e+00 	3.855760e-11 	0.000000e+00 	0.000000e+00
1049 	9.065599e-01 	1.094298e+05 	0.000000e+00 	3.855760e-11 	0.000000e+00 	0.000000e+00
1050 	9.047468e-01 	1.094298e+05 	0.000000e+00 	3.855760e-11 	0.000000e+00 	0.000000e+00
1051 	9.029373e-01 	1.094298e+05 	0.000000e+00 	3.855760e-11 	0.000000e+00 	0.000000e+00
1052 	9.011314e-01 	1.094298e+05 	0.000000e+00 	3.855760e-11 	0.000000e+00 	0.000000e+00
1053 	8.993292e-01 	1.094298e+05 	0.000000e+00 	3.855760e-11 	0.000000e+00 	0.000000e+00
1054 	8.975305e-01 	1.094298e+05 	0.000000e+00 	3.855760e-11 	0.000000e+00 	0.000000e+00
1055 	8.957355e-01 	1.094298e+05 	0.000000e+00 	3.855760e-11 	0.000000e+00 	0.000000e+00
1056 	8.939440e-01 	1.094298e+05 	0.000000e+00 	3.855760e-11 	0.000000e+00 	0.000000e+00
1057 	8.921561e-01 	1.094298e+05 	0.000000e+00 	3.855760e-11 	0.000000e+00 	0.000000e+00
1058 	8.903718e-01 	1.094298e+05 	0.000000e+00 	3.855760e-11 	0.000000e+00 	0.000000e+00
1059 	8.885911e-01 	1.094298e+05 	0.000000e+00 	3.855760e-11 	0.000000e+00 	0.000000e+00
1060 	8.868139e-01 	1.094298e+05 	0.000000e+00 	3.855760e-11 	0.000000e+00 	0.000000e+00
1061 	8.850402e-01 	1.094298e+05 	0.000000e+00 	3.855760e-11 	0.000000e+00 	0.000000e+00
1062 	8.832702e-01 	1.094298e+05 	0.000000e+00 	3.855760e-11 	0.000000e+00 	0.000000e+00
1063 	8.815036e-01 	1.094298e+05 	0.000000e+00 	3.855760e-11 	0.000000e+00 	0.000000e+00
1064 	8.797406e-01 	1.094298e+05 	0.000000e+00 	3.855760e-11 	0.000000e+00 	0.000000e+00
1065 	8.779811e-01 	1.094298e+05 	0.000000e+00 	3.855760e-11 	0.000000e+00 	0.000000e+00
1066 	8.762252e-01 	1.094298e+05 	0.000000e+00 	3.855760e-11 	0.000000e+00 	0.000000e+00
1067 	8.744727e-01 	1.094298e+05 	0.000000e+00 	3.855760e-11 	0.000000e+00 	0.000000e+00
1068 	8.727238e-01 	1.094298e+05 	0.000000e+00 	3.855760e-11 	0.000000e+00 	0.000000e+00
1069 	8.709783e-01 	1.094298e+05 	0.000000e+00 	3.855760e-11 	0.000000e+00 	0.000000e+00
1070 	8.692364e-01 	1.094298e+05 	0.000000e+00 	3.855760e-11 	0.000000e+00 	0.000000e+00
1071 	8.674979e-01 	1.094298e+05 	0.000000e+00 	3.855760e-11 	0.000000e+00 	0.000000e+00
1072 	8.657629e-01 	1.094298e+05 	0.000000e+00 	3.855760e-11 	0.000000e+00 	0.000000e+00
1073 	8.640314e-01 	1.094298e+05 	0.000000e+00 	3.855760e-11 	0.000000e+00 	0.000000e+00
1074 	8.623033e-01 	1.094298e+05 	0.000000e+00 	3.855760e-11 	0.000000e+00 	0.000000e+00
1075 	8.605787e-01 	1.094298e+05 	0.000000e+00 	3.855760e-11 	0.000000e+00 	0.000000e+00
1076 	8.588576e-01 	1.094298e+05 	0.000000e+00 	3.855760e-11 	0.000000e+00 	0.000000e+00
1077 	8.571398e-01 	1.094298e+05 	0.000000e+00 	3.855760e-11 	0.000000e+00 	0.000000e+00
1078 	8.554256e-01 	1.094298e+05 	0.000000e+00 	3.855760e-11 	0.000000e+00 	0.000000e+00
1079 	8.537147e-01 	1.094298e+05 	0.000000e+00 	3.855760e-11 	0.000000e+00 	0.000000e+00
1080 	8.520073e-01 	1.094298e+05 	0.000000e+00 	3.855760e-11 	0.000000e+00 	0.000000e+00
1081 	8.503033e-01 	1.094298e+05 	0.000000e+00 	3.855760e-11 	0.000000e+00 	0.000000e+00
1082 	8.486027e-01 	1.094298e+05 	0.000000e+00 	3.855760e-11 	0.000000e+00 	0.000000e+00
1083 	8.469054e-01 	1.094298e+05 	0.000000e+00 	3.855760e-11 	0.000000e+00 	0.000000e+00
1084 	8.452116e-01 	1.094298e+05 	0.000000e+00 	3.855760e-11 	0.000000e+00 	0.000000e+00
1085 	8.435212e-01 	1.094298e+05 	0.000000e+00 	3.855760e-11 	0.000000e+00 	0.000000e+00
1086 	8.418342e-01 	1.094298e+05 	0.000000e+00 	3.855760e-11 	0.000000e+00 	0.000000e+00
1087 	8.401505e-01 	1.094298e+05 	0.000000e+00 	3.855760e-11 	0.000000e+00 	0.000000e+00
1088 	8.384702e-01 	1.094298e+05 	0.000000e+00 	3.855760e-11 	0.000000e+00 	0.000000e+00
1089 	8.367933e-01 	1.094298e+05 	0.000000e+00 	3.855760e-11 	0.000000e+00 	0.000000e+00
1090 	8.351197e-01 	1.094298e+05 	0.000000e+00 	3.855760e-11 	0.000000e+00 	0.000000e+00
1091 	8.334494e-01 	1.094298e+05 	0.000000e+00 	3.855760e-11 	0.000000e+00 	0.000000e+00
1092 	8.317825e-01 	1.094298e+05 	0.000000e+00 	3.855760e-11 	0.000000e+00 	0.000000e+00
1093 	8.301190e-01 	1.094298e+05 	0.000000e+00 	3.855760e-11 	0.000000e+00 	0.000000e+00
1094 	8.284587e-01 	1.094298e+05 	0.000000e+00 	3.855760e-11 	0.000000e+00 	0.000000e+00
1095 	8.268018e-01 	1.094298e+05 	0.000000e+00 	3.855760e-11 	0.000000e+00 	0.000000e+00
1096 	8.251482e-01 	1.094298e+05 	0.000000e+00 	3.855760e-11 	0.000000e+00 	0.000000e+00
1097 	8.234979e-01 	1.094298e+05 	0.000000e+00 	3.855760e-11 	0.000000e+00 	0.000000e+00
1098 	8.218509e-01 	1.094298e+05 	0.000000e+00 	3.855760e-11 	0.000000e+00 	0.000000e+00
1099 	8.202072e-01 	1.094298e+05 	0.000000e+00 	3.855760e-11 	0.000000e+00 	0.000000e+00
1100 	8.185668e-01 	1.094298e+05 	0.000000e+00 	3.855760e-11 	0.000000e+00 	0.000000e+00
1101 	8.169297e-01 	1.094298e+05 	0.000000e+00 	3.855760e-11 	0.000000e+00 	0.000000e+00
1102 	8.152958e-01 	1.094298e+05 	0.000000e+00 	3.855760e-11 	0.000000e+00 	0.000000e+00
1103 	8.136652e-01 	1.094298e+05 	0.000000e+00 	3.855760e-11 	0.000000e+00 	0.000000e+00
1104 	8.120379e-01 	1.094298e+05 	0.000000e+00 	3.855760e-11 	0.000000e+00 	0.000000e+00
1105 	8.104138e-01 	1.094298e+05 	0.000000e+00 	3.855760e-11 	0.000000e+00 	0.000000e+00
1106 	8.087930e-01 	1.094298e+05 	0.000000e+00 	3.855760e-11 	0.000000e+00 	0.000000e+00
1107 	8.071754e-01 	1.094298e+05 	0.000000e+00 	3.855760e-11 	0.000000e+00 	0.000000e+00
1108 	8.055610e-01 	1.094298e+05 	0.000000e+00 	3.855760e-11 	0.000000e+00 	0.000000e+00
1109 	8.039499e-01 	1.094298e+05 	0.000000e+00 	3.855760e-11 	0.000000e+00 	0.000000e+00
1110 	8.023420e-01 	1.094298e+05 	0.000000e+00 	3.855760e-11 	0.000000e+00 	0.000000e+00
1111 	8.007373e-01 	1.094298e+05 	0.000000e+00 	3.855760e-11 	0.000000e+00 	0.000000e+00
1112 	7.991359e-01 	1.094298e+05 	0.000000e+00 	3.855760e-11 	0.000000e+00 	0.000000e+00
1113 	7.975376e-01 	1.094298e+05 	0.000000e+00 	3.855760e-11 	0.000000e+00 	0.000000e+00
1114 	7.959425e-01 	1.094298e+05 	0.000000e+00 	3.855760e-11 	0.000000e+00 	0.000000e+00
1115 	7.943506e-01 	1.094298e+05 	0.000000e+00 	3.855760e-11 	0.000000e+00 	0.000000e+00
1116 	7.927619e-01 	1.094298e+05 	0.000000e+00 	3.855760e-11 	0.000000e+00 	0.000000e+00
1117 	7.911764e-01 	1.094298e+05 	0.000000e+00 	3.855760e-11 	0.000000e+00 	0.000000e+00
1118 	7.895941e-01 	1.094298e+05 	0.000000e+00 	3.855760e-11 	0.000000e+00 	0.000000e+00
1119 	7.880149e-01 	1.094298e+05 	0.000000e+00 	3.855760e-11 	0.000000e+00 	0.000000e+00
1120 	7.864388e-01 	1.094298e+05 	0.000000e+00 	3.855760e-11 	0.000000e+00 	0.000000e+00
1121 	7.848660e-01 	1.094298e+05 	0.000000e+00 	3.855760e-11 	0.000000e+00 	0.000000e+00
1122 	7.832962e-01 	1.094298e+05 	0.000000e+00 	3.855760e-11 	0.000000e+00 	0.000000e+00
1123 	7.817296e-01 	1.094298e+05 	0.000000e+00 	3.855760e-11 	0.000000e+00 	0.000000e+00
1124 	7.801662e-01 	1.094298e+05 	0.000000e+00 	3.855760e-11 	0.000000e+00 	0.000000e+00
1125 	7.786058e-01 	1.094298e+05 	0.000000e+00 	3.855760e-11 	0.000000e+00 	0.000000e+00
1126 	7.770486e-01 	1.094298e+05 	0.000000e+00 	3.855760e-11 	0.000000e+00 	0.000000e+00
1127 	7.754945e-01 	1.094298e+05 	0.000000e+00 	3.855760e-11 	0.000000e+00 	0.000000e+00
1128 	7.739435e-01 	1.094298e+05 	0.000000e+00 	3.855760e-11 	0.000000e+00 	0.000000e+00
1129 	7.723957e-01 	1.094298e+05 	0.000000e+00 	3.855760e-11 	0.000000e+00 	0.000000e+00
1130 	7.708509e-01 	1.094298e+05 	0.000000e+00 	3.855760e-11 	0.000000e+00 	0.000000e+00
1131 	7.693092e-01 	1.094298e+05 	0.000000e+00 	3.855760e-11 	0.000000e+00 	0.000000e+00
1132 	7.677706e-01 	1.094298e+05 	0.000000e+00 	3.855760e-11 	0.000000e+00 	0.000000e+00
1133 	7.662350e-01 	1.094298e+05 	0.000000e+00 	3.855760e-11 	0.000000e+00 	0.000000e+00
1134 	7.647025e-01 	1.094298e+05 	0.000000e+00 	3.855760e-11 	0.000000e+00 	0.000000e+00
1135 	7.631731e-01 	1.094298e+05 	0.000000e+00 	3.855760e-11 	0.000000e+00 	0.000000e+00
1136 	7.616468e-01 	1.094298e+05 	0.000000e+00 	3.855760e-11 	0.000000e+00 	0.000000e+00
1137 	7.601235e-01 	1.094298e+05 	0.000000e+00 	3.855760e-11 	0.000000e+00 	0.000000e+00
1138 	7.586032e-01 	1.094298e+05 	0.000000e+00 	3.855760e-11 	0.000000e+00 	0.000000e+00
1139 	7.570860e-01 	1.094298e+05 	0.000000e+00 	3.855760e-11 	0.000000e+00 	0.000000e+00
1140 	7.555719e-01 	1.094298e+05 	0.000000e+00 	3.855760e-11 	0.000000e+00 	0.000000e+00
1141 	7.540607e-01 	1.094298e+05 	0.000000e+00 	3.855760e-11 	0.000000e+00 	0.000000e+00
1142 	7.525526e-01 	1.094298e+05 	0.000000e+00 	3.855760e-11 	0.000000e+00 	0.000000e+00
1143 	7.510475e-01 	1.094298e+05 	0.000000e+00 	3.855760e-11 	0.000000e+00 	0.000000e+00
1144 	7.495454e-01 	1.094298e+05 	0.000000e+00 	3.855760e-11 	0.000000e+00 	0.000000e+00
1145 	7.480463e-01 	1.094298e+05 	0.000000e+00 	3.855760e-11 	0.000000e+00 	0.000000e+00
1146 	7.465502e-01 	1.094298e+05 	0.000000e+00 	3.855760e-11 	0.000000e+00 	0.000000e+00
1147 	7.450571e-01 	1.094298e+05 	0.000000e+00 	3.855760e-11 	0.000000e+00 	0.000000e+00
1148 	7.435670e-01 	1.094298e+05 	0.000000e+00 	3.855760e-11 	0.000000e+00 	0.000000e+00
1149 	7.420799e-01 	1.094298e+05 	0.000000e+00 	3.855760e-11 	0.000000e+00 	0.000000e+00
1150 	7.405957e-01 	1.094298e+05 	0.000000e+00 	3.855760e-11 	0.000000e+00 	0.000000e+00
1151 	7.391145e-01 	1.094298e+05 	0.000000e+00 	3.855760e-11 	0.000000e+00 	0.000000e+00
1152 	7.376363e-01 	1.094298e+05 	0.000000e+00 	3.855760e-11 	0.000000e+00 	0.000000e+00
1153 	7.361610e-01 	1.094298e+05 	0.000000e+00 	3.855760e-11 	0.000000e+00 	0.000000e+00
1154 	7.346887e-01 	1.094298e+05 	0.000000e+00 	3.855760e-11 	0.000000e+00 	0.000000e+00
1155 	7.332193e-01 	1.094298e+05 	0.000000e+00 	3.855760e-11 	0.000000e+00 	0.000000e+00
1156 	7.317529e-01 	1.094298e+05 	0.000000e+00 	3.855760e-11 	0.000000e+00 	0.000000e+00
1157 	7.302894e-01 	1.094298e+05 	0.000000e+00 	3.855760e-11 	0.000000e+00 	0.000000e+00
1158 	7.288288e-01 	1.094298e+05 	0.000000e+00 	3.855760e-11 	0.000000e+00 	0.000000e+00
1159 	7.273711e-01 	1.094298e+05 	0.000000e+00 	3.855760e-11 	0.000000e+00 	0.000000e+00
1160 	7.259164e-01 	1.094298e+05 	0.000000e+00 	3.855760e-11 	0.000000e+00 	0.000000e+00
1161 	7.244646e-01 	1.094298e+05 	0.000000e+00 	3.855760e-11 	0.000000e+00 	0.000000e+00
1162 	7.230156e-01 	1.094298e+05 	0.000000e+00 	3.855760e-11 	0.000000e+00 	0.000000e+00
1163 	7.215696e-01 	1.094298e+05 	0.000000e+00 	3.855760e-11 	0.000000e+00 	0.000000e+00
1164 	7.201265e-01 	1.094298e+05 	0.000000e+00 	3.855760e-11 	0.000000e+00 	0.000000e+00
1165 	7.186862e-01 	1.094298e+05 	0.000000e+00 	3.855760e-11 	0.000000e+00 	0.000000e+00
1166 	7.172488e-01 	1.094298e+05 	0.000000e+00 	3.855760e-11 	0.000000e+00 	0.000000e+00
1167 	7.158143e-01 	1.094298e+05 	0.000000e+00 	3.855760e-11 	0.000000e+00 	0.000000e+00
1168 	7.143827e-01 	1.094298e+05 	0.000000e+00 	3.855760e-11 	0.000000e+00 	0.000000e+00
1169 	7.129539e-01 	1.094298e+05 	0.000000e+00 	3.855760e-11 	0.000000e+00 	0.000000e+00
1170 	7.115280e-01 	1.094298e+05 	0.000000e+00 	3.855760e-11 	0.000000e+00 	0.000000e+00
1171 	7.101050e-01 	1.094298e+05 	0.000000e+00 	3.855760e-11 	0.000000e+00 	0.000000e+00
1172 	7.086848e-01 	1.094298e+05 	0.000000e+00 	3.855760e-11 	0.000000e+00 	0.000000e+00
1173 	7.072674e-01 	1.094298e+05 	0.000000e+00 	3.855760e-11 	0.000000e+00 	0.000000e+00
1174 	7.058529e-01 	1.094298e+05 	0.000000e+00 	3.855760e-11 	0.000000e+00 	0.000000e+00
1175 	7.044412e-01 	1.094298e+05 	0.000000e+00 	3.855760e-11 	0.000000e+00 	0.000000e+00
1176 	7.030323e-01 	1.094298e+05 	0.000000e+00 	3.855760e-11 	0.000000e+00 	0.000000e+00
1177 	7.016262e-01 	1.094298e+05 	0.000000e+00 	3.855760e-11 	0.000000e+00 	0.000000e+00
1178 	7.002230e-01 	1.094298e+05 	0.000000e+00 	3.855760e-11 	0.000000e+00 	0.000000e+00
1179 	6.988225e-01 	1.094298e+05 	0.000000e+00 	3.855760e-11 	0.000000e+00 	0.000000e+00
1180 	6.974249e-01 	1.094298e+05 	0.000000e+00 	3.855760e-11 	0.000000e+00 	0.000000e+00
1181 	6.960300e-01 	1.094298e+05 	0.000000e+00 	3.855760e-11 	0.000000e+00 	0.000000e+00
1182 	6.946380e-01 	1.094298e+05 	0.000000e+00 	3.855760e-11 	0.000000e+00 	0.000000e+00
1183 	6.932487e-01 	1.094298e+05 	0.000000e+00 	3.855760e-11 	0.000000e+00 	0.000000e+00
1184 	6.918622e-01 	1.094298e+05 	0.000000e+00 	3.855760e-11 	0.000000e+00 	0.000000e+00
1185 	6.904785e-01 	1.094298e+05 	0.000000e+00 	3.855760e-11 	0.000000e+00 	0.000000e+00
1186 	6.890975e-01 	1.094298e+05 	0.000000e+00 	3.855760e-11 	0.000000e+00 	0.000000e+00
1187 	6.877193e-01 	1.094298e+05 	0.000000e+00 	3.855760e-11 	0.000000e+00 	0.000000e+00
1188 	6.863439e-01 	1.094298e+05 	0.000000e+00 	3.855760e-11 	0.000000e+00 	0.000000e+00
1189 	6.849712e-01 	1.094298e+05 	0.000000e+00 	3.855760e-11 	0.000000e+00 	0.000000e+00
1190 	6.836012e-01 	1.094298e+05 	0.000000e+00 	3.855760e-11 	0.000000e+00 	0.000000e+00
1191 	6.822340e-01 	1.094298e+05 	0.000000e+00 	3.855760e-11 	0.000000e+00 	0.000000e+00
1192 	6.808696e-01 	1.094298e+05 	0.000000e+00 	3.855760e-11 	0.000000e+00 	0.000000e+00
1193 	6.795078e-01 	1.094298e+05 	0.000000e+00 	3.855760e-11 	0.000000e+00 	0.000000e+00
1194 	6.781488e-01 	1.094298e+05 	0.000000e+00 	3.855760e-11 	0.000000e+00 	0.000000e+00
1195 	6.767925e-01 	1.094298e+05 	0.000000e+00 	3.855760e-11 	0.000000e+00 	0.000000e+00
1196 	6.754389e-01 	1.094298e+05 	0.000000e+00 	3.855760e-11 	0.000000e+00 	0.000000e+00
1197 	6.740881e-01 	1.094298e+05 	0.000000e+00 	3.855760e-11 	0.000000e+00 	0.000000e+00
1198 	6.727399e-01 	1.094298e+05 	0.000000e+00 	3.855760e-11 	0.000000e+00 	0.000000e+00
1199 	6.713944e-01 	1.094298e+05 	0.000000e+00 	3.855760e-11 	0.000000e+00 	0.000000e+00
1200 	6.700516e-01 	1.094298e+05 	0.000000e+00 	3.855760e-11 	0.000000e+00 	0.000000e+00
1201 	6.687115e-01 	1.094298e+05 	0.000000e+00 	3.855760e-11 	0.000000e+00 	0.000000e+00
1202 	6.673741e-01 	1.094298e+05 	0.000000e+00 	3.855760e-11 	0.000000e+00 	0.000000e+00
1203 	6.660393e-01 	1.094298e+05 	0.000000e+00 	3.855760e-11 	0.000000e+00 	0.000000e+00
1204 	6.647073e-01 	1.094298e+05 	0.000000e+00 	3.855760e-11 	0.000000e+00 	0.000000e+00
1205 	6.633778e-01 	1.094298e+05 	0.000000e+00 	3.855760e-11 	0.000000e+00 	0.000000e+00
1206 	6.620511e-01 	1.094298e+05 	0.000000e+00 	3.855760e-11 	0.000000e+00 	0.000000e+00
1207 	6.607270e-01 	1.094298e+05 	0.000000e+00 	3.855760e-11 	0.000000e+00 	0.000000e+00
1208 	6.594055e-01 	1.094298e+05 	0.000000e+00 	3.855760e-11 	0.000000e+00 	0.000000e+00
1209 	6.580867e-01 	1.094298e+05 	0.000000e+00 	3.855760e-11 	0.000000e+00 	0.000000e+00
1210 	6.567705e-01 	1.094298e+05 	0.000000e+00 	3.855760e-11 	0.000000e+00 	0.000000e+00
1211 	6.554570e-01 	1.094298e+05 	0.000000e+00 	3.855760e-11 	0.000000e+00 	0.000000e+00
1212 	6.541461e-01 	1.094298e+05 	0.000000e+00 	3.855760e-11 	0.000000e+00 	0.000000e+00
1213 	6.528378e-01 	1.094298e+05 	0.000000e+00 	3.855760e-11 	0.000000e+00 	0.000000e+00
1214 	6.515321e-01 	1.094298e+05 	0.000000e+00 	3.855760e-11 	0.000000e+00 	0.000000e+00
1215 	6.502291e-01 	1.094298e+05 	0.000000e+00 	3.855760e-11 	0.000000e+00 	0.000000e+00
1216 	6.489286e-01 	1.094298e+05 	0.000000e+00 	3.855760e-11 	0.000000e+00 	0.000000e+00
1217 	6.476307e-01 	1.094298e+05 	0.000000e+00 	3.855760e-11 	0.000000e+00 	0.000000e+00
1218 	6.463355e-01 	1.094298e+05 	0.000000e+00 	3.855760e-11 	0.000000e+00 	0.000000e+00
1219 	6.450428e-01 	1.094298e+05 	0.000000e+00 	3.855760e-11 	0.000000e+00 	0.000000e+00
1220 	6.437527e-01 	1.094298e+05 	0.000000e+00 	3.855760e-11 	0.000000e+00 	0.000000e+00
1221 	6.424652e-01 	1.094298e+05 	0.000000e+00 	3.855760e-11 	0.000000e+00 	0.000000e+00
1222 	6.411803e-01 	1.094298e+05 	0.000000e+00 	3.855760e-11 	0.000000e+00 	0.000000e+00
1223 	6.398979e-01 	1.094298e+05 	0.000000e+00 	3.855760e-11 	0.000000e+00 	0.000000e+00
1224 	6.386181e-01 	1.094298e+05 	0.000000e+00 	3.855760e-11 	0.000000e+00 	0.000000e+00
1225 	6.373409e-01 	1.094298e+05 	0.000000e+00 	3.855760e-11 	0.000000e+00 	0.000000e+00
1226 	6.360662e-01 	1.094298e+05 	0.000000e+00 	3.855760e-11 	0.000000e+00 	0.000000e+00
1227 	6.347941e-01 	1.094298e+05 	0.000000e+00 	3.855760e-11 	0.000000e+00 	0.000000e+00
1228 	6.335245e-01 	1.094298e+05 	0.000000e+00 	3.855760e-11 	0.000000e+00 	0.000000e+00
1229 	6.322574e-01 	1.094298e+05 	0.000000e+00 	3.855760e-11 	0.000000e+00 	0.000000e+00
1230 	6.309929e-01 	1.094298e+05 	0.000000e+00 	3.855760e-11 	0.000000e+00 	0.000000e+00
1231 	6.297309e-01 	1.094298e+05 	0.000000e+00 	3.855760e-11 	0.000000e+00 	0.000000e+00
1232 	6.284715e-01 	1.094298e+05 	0.000000e+00 	3.855760e-11 	0.000000e+00 	0.000000e+00
1233 	6.272145e-01 	1.094298e+05 	0.000000e+00 	3.855760e-11 	0.000000e+00 	0.000000e+00
1234 	6.259601e-01 	1.094298e+05 	0.000000e+00 	3.855760e-11 	0.000000e+00 	0.000000e+00
1235 	6.247082e-01 	1.094298e+05 	0.000000e+00 	3.855760e-11 	0.000000e+00 	0.000000e+00
1236 	6.234588e-01 	1.094298e+05 	0.000000e+00 	3.855760e-11 	0.000000e+00 	0.000000e+00
1237 	6.222119e-01 	1.094298e+05 	0.000000e+00 	3.855760e-11 	0.000000e+00 	0.000000e+00
1238 	6.209674e-01 	1.094298e+05 	0.000000e+00 	3.855760e-11 	0.000000e+00 	0.000000e+00
1239 	6.197255e-01 	1.094298e+05 	0.000000e+00 	3.855760e-11 	0.000000e+00 	0.000000e+00
1240 	6.184861e-01 	1.094298e+05 	0.000000e+00 	3.855760e-11 	0.000000e+00 	0.000000e+00
1241 	6.172491e-01 	1.094298e+05 	0.000000e+00 	3.855760e-11 	0.000000e+00 	0.000000e+00
1242 	6.160146e-01 	1.094298e+05 	0.000000e+00 	3.855760e-11 	0.000000e+00 	0.000000e+00
1243 	6.147826e-01 	1.094298e+05 	0.000000e+00 	3.855760e-11 	0.000000e+00 	0.000000e+00
1244 	6.135530e-01 	1.094298e+05 	0.000000e+00 	3.855760e-11 	0.000000e+00 	0.000000e+00
1245 	6.123259e-01 	1.094298e+05 	0.000000e+00 	3.855760e-11 	0.000000e+00 	0.000000e+00
1246 	6.111012e-01 	1.094298e+05 	0.000000e+00 	3.855760e-11 	0.000000e+00 	0.000000e+00
1247 	6.098790e-01 	1.094298e+05 	0.000000e+00 	3.855760e-11 	0.000000e+00 	0.000000e+00
1248 	6.086593e-01 	1.094298e+05 	0.000000e+00 	3.855760e-11 	0.000000e+00 	0.000000e+00
1249 	6.074419e-01 	1.094298e+05 	0.000000e+00 	3.855760e-11 	0.000000e+00 	0.000000e+00
1250 	6.062271e-01 	1.094298e+05 	0.000000e+00 	3.855760e-11 	0.000000e+00 	0.000000e+00
1251 	6.050146e-01 	1.094298e+05 	0.000000e+00 	3.855760e-11 	0.000000e+00 	0.000000e+00
1252 	6.038046e-01 	1.094298e+05 	0.000000e+00 	3.855760e-11 	0.000000e+00 	0.000000e+00
1253 	6.025970e-01 	1.094298e+05 	0.000000e+00 	3.855760e-11 	0.000000e+00 	0.000000e+00
1254 	6.013918e-01 	1.094298e+05 	0.000000e+00 	3.855760e-11 	0.000000e+00 	0.000000e+00
1255 	6.001890e-01 	1.094298e+05 	0.000000e+00 	3.855760e-11 	0.000000e+00 	0.000000e+00
1256 	5.989886e-01 	1.094298e+05 	0.000000e+00 	3.855760e-11 	0.000000e+00 	0.000000e+00
1257 	5.977906e-01 	1.094298e+05 	0.000000e+00 	3.855760e-11 	0.000000e+00 	0.000000e+00
1258 	5.965951e-01 	1.094298e+05 	0.000000e+00 	3.855760e-11 	0.000000e+00 	0.000000e+00
1259 	5.954019e-01 	1.094298e+05 	0.000000e+00 	3.855760e-11 	0.000000e+00 	0.000000e+00
1260 	5.942111e-01 	1.094298e+05 	0.000000e+00 	3.855760e-11 	0.000000e+00 	0.000000e+00
1261 	5.930226e-01 	1.094298e+05 	0.000000e+00 	3.855760e-11 	0.000000e+00 	0.000000e+00
1262 	5.918366e-01 	1.094298e+05 	0.000000e+00 	3.855760e-11 	0.000000e+00 	0.000000e+00
1263 	5.906529e-01 	1.094298e+05 	0.000000e+00 	3.855760e-11 	0.000000e+00 	0.000000e+00
1264 	5.894716e-01 	1.094298e+05 	0.000000e+00 	3.855760e-11 	0.000000e+00 	0.000000e+00
1265 	5.882927e-01 	1.094298e+05 	0.000000e+00 	3.855760e-11 	0.000000e+00 	0.000000e+00
1266 	5.871161e-01 	1.094298e+05 	0.000000e+00 	3.855760e-11 	0.000000e+00 	0.000000e+00
1267 	5.859419e-01 	1.094298e+05 	0.000000e+00 	3.855760e-11 	0.000000e+00 	0.000000e+00
1268 	5.847700e-01 	1.094298e+05 	0.000000e+00 	3.855760e-11 	0.000000e+00 	0.000000e+00
1269 	5.836004e-01 	1.094298e+05 	0.000000e+00 	3.855760e-11 	0.000000e+00 	0.000000e+00
1270 	5.824332e-01 	1.094298e+05 	0.000000e+00 	3.855760e-11 	0.000000e+00 	0.000000e+00
1271 	5.812684e-01 	1.094298e+05 	0.000000e+00 	3.855760e-11 	0.000000e+00 	0.000000e+00
1272 	5.801058e-01 	1.094298e+05 	0.000000e+00 	3.855760e-11 	0.000000e+00 	0.000000e+00
1273 	5.789456e-01 	1.094298e+05 	0.000000e+00 	3.855760e-11 	0.000000e+00 	0.000000e+00
1274 	5.777877e-01 	1.094298e+05 	0.000000e+00 	3.855760e-11 	0.000000e+00 	0.000000e+00
1275 	5.766322e-01 	1.094298e+05 	0.000000e+00 	3.855760e-11 	0.000000e+00 	0.000000e+00
1276 	5.754789e-01 	1.094298e+05 	0.000000e+00 	3.855760e-11 	0.000000e+00 	0.000000e+00
1277 	5.743279e-01 	1.094298e+05 	0.000000e+00 	3.855760e-11 	0.000000e+00 	0.000000e+00
1278 	5.731793e-01 	1.094298e+05 	0.000000e+00 	3.855760e-11 	0.000000e+00 	0.000000e+00
1279 	5.720329e-01 	1.094298e+05 	0.000000e+00 	3.855760e-11 	0.000000e+00 	0.000000e+00
1280 	5.708888e-01 	1.094298e+05 	0.000000e+00 	3.855760e-11 	0.000000e+00 	0.000000e+00
1281 	5.697471e-01 	1.094298e+05 	0.000000e+00 	3.855760e-11 	0.000000e+00 	0.000000e+00
1282 	5.686076e-01 	1.094298e+05 	0.000000e+00 	3.855760e-11 	0.000000e+00 	0.000000e+00
1283 	5.674704e-01 	1.094298e+05 	0.000000e+00 	3.855760e-11 	0.000000e+00 	0.000000e+00
1284 	5.663354e-01 	1.094298e+05 	0.000000e+00 	3.855760e-11 	0.000000e+00 	0.000000e+00
1285 	5.652028e-01 	1.094298e+05 	0.000000e+00 	3.855760e-11 	0.000000e+00 	0.000000e+00
1286 	5.640723e-01 	1.094298e+05 	0.000000e+00 	3.855760e-11 	0.000000e+00 	0.000000e+00
1287 	5.629442e-01 	1.094298e+05 	0.000000e+00 	3.855760e-11 	0.000000e+00 	0.000000e+00
1288 	5.618183e-01 	1.094298e+05 	0.000000e+00 	3.855760e-11 	0.000000e+00 	0.000000e+00
1289 	5.606947e-01 	1.094298e+05 	0.000000e+00 	3.855760e-11 	0.000000e+00 	0.000000e+00
1290 	5.595733e-01 	1.094298e+05 	0.000000e+00 	3.855760e-11 	0.000000e+00 	0.000000e+00
1291 	5.584541e-01 	1.094298e+05 	0.000000e+00 	3.855760e-11 	0.000000e+00 	0.000000e+00
1292 	5.573372e-01 	1.094298e+05 	0.000000e+00 	3.855760e-11 	0.000000e+00 	0.000000e+00
1293 	5.562226e-01 	1.094298e+05 	0.000000e+00 	3.855760e-11 	0.000000e+00 	0.000000e+00
1294 	5.551101e-01 	1.094298e+05 	0.000000e+00 	3.855760e-11 	0.000000e+00 	0.000000e+00
1295 	5.539999e-01 	1.094298e+05 	0.000000e+00 	3.855760e-11 	0.000000e+00 	0.000000e+00
1296 	5.528919e-01 	1.094298e+05 	0.000000e+00 	3.855760e-11 	0.000000e+00 	0.000000e+00
1297 	5.517861e-01 	1.094298e+05 	0.000000e+00 	3.855760e-11 	0.000000e+00 	0.000000e+00
1298 	5.506825e-01 	1.094298e+05 	0.000000e+00 	3.855760e-11 	0.000000e+00 	0.000000e+00
1299 	5.495812e-01 	1.094298e+05 	0.000000e+00 	3.855760e-11 	0.000000e+00 	0.000000e+00
1300 	5.484820e-01 	1.094298e+05 	0.000000e+00 	3.855760e-11 	0.000000e+00 	0.000000e+00
1301 	5.473850e-01 	1.094298e+05 	0.000000e+00 	3.855760e-11 	0.000000e+00 	0.000000e+00
1302 	5.462903e-01 	1.094298e+05 	0.000000e+00 	3.855760e-11 	0.000000e+00 	0.000000e+00
1303 	5.451977e-01 	1.094298e+05 	0.000000e+00 	3.855760e-11 	0.000000e+00 	0.000000e+00
1304 	5.441073e-01 	1.094298e+05 	0.000000e+00 	3.855760e-11 	0.000000e+00 	0.000000e+00
1305 	5.430191e-01 	1.094298e+05 	0.000000e+00 	3.855760e-11 	0.000000e+00 	0.000000e+00
1306 	5.419330e-01 	1.094298e+05 	0.000000e+00 	3.855760e-11 	0.000000e+00 	0.000000e+00
1307 	5.408492e-01 	1.094298e+05 	0.000000e+00 	3.855760e-11 	0.000000e+00 	0.000000e+00
1308 	5.397675e-01 	1.094298e+05 	0.000000e+00 	3.855760e-11 	0.000000e+00 	0.000000e+00
1309 	5.386879e-01 	1.094298e+05 	0.000000e+00 	3.855760e-11 	0.000000e+00 	0.000000e+00
1310 	5.376106e-01 	1.094298e+05 	0.000000e+00 	3.855760e-11 	0.000000e+00 	0.000000e+00
1311 	5.365353e-01 	1.094298e+05 	0.000000e+00 	3.855760e-11 	0.000000e+00 	0.000000e+00
1312 	5.354623e-01 	1.094298e+05 	0.000000e+00 	3.855760e-11 	0.000000e+00 	0.000000e+00
1313 	5.343914e-01 	1.094298e+05 	0.000000e+00 	3.855760e-11 	0.000000e+00 	0.000000e+00
1314 	5.333226e-01 	1.094298e+05 	0.000000e+00 	3.855760e-11 	0.000000e+00 	0.000000e+00
1315 	5.322559e-01 	1.094298e+05 	0.000000e+00 	3.855760e-11 	0.000000e+00 	0.000000e+00
1316 	5.311914e-01 	1.094298e+05 	0.000000e+00 	3.855760e-11 	0.000000e+00 	0.000000e+00
1317 	5.301290e-01 	1.094298e+05 	0.000000e+00 	3.855760e-11 	0.000000e+00 	0.000000e+00
1318 	5.290688e-01 	1.094298e+05 	0.000000e+00 	3.855760e-11 	0.000000e+00 	0.000000e+00
1319 	5.280106e-01 	1.094298e+05 	0.000000e+00 	3.855760e-11 	0.000000e+00 	0.000000e+00
1320 	5.269546e-01 	1.094298e+05 	0.000000e+00 	3.855760e-11 	0.000000e+00 	0.000000e+00
1321 	5.259007e-01 	1.094298e+05 	0.000000e+00 	3.855760e-11 	0.000000e+00 	0.000000e+00
1322 	5.248489e-01 	1.094298e+05 	0.000000e+00 	3.855760e-11 	0.000000e+00 	0.000000e+00
1323 	5.237992e-01 	1.094298e+05 	0.000000e+00 	3.855760e-11 	0.000000e+00 	0.000000e+00
1324 	5.227516e-01 	1.094298e+05 	0.000000e+00 	3.855760e-11 	0.000000e+00 	0.000000e+00
1325 	5.217061e-01 	1.094298e+05 	0.000000e+00 	3.855760e-11 	0.000000e+00 	0.000000e+00
1326 	5.206627e-01 	1.094298e+05 	0.000000e+00 	3.855760e-11 	0.000000e+00 	0.000000e+00
1327 	5.196214e-01 	1.094298e+05 	0.000000e+00 	3.855760e-11 	0.000000e+00 	0.000000e+00
1328 	5.185821e-01 	1.094298e+05 	0.000000e+00 	3.855760e-11 	0.000000e+00 	0.000000e+00
1329 	5.175450e-01 	1.094298e+05 	0.000000e+00 	3.855760e-11 	0.000000e+00 	0.000000e+00
1330 	5.165099e-01 	1.094298e+05 	0.000000e+00 	3.855760e-11 	0.000000e+00 	0.000000e+00
1331 	5.154769e-01 	1.094298e+05 	0.000000e+00 	3.855760e-11 	0.000000e+00 	0.000000e+00
1332 	5.144459e-01 	1.094298e+05 	0.000000e+00 	3.855760e-11 	0.000000e+00 	0.000000e+00
1333 	5.134170e-01 	1.094298e+05 	0.000000e+00 	3.855760e-11 	0.000000e+00 	0.000000e+00
1334 	5.123902e-01 	1.094298e+05 	0.000000e+00 	3.855760e-11 	0.000000e+00 	0.000000e+00
1335 	5.113654e-01 	1.094298e+05 	0.000000e+00 	3.855760e-11 	0.000000e+00 	0.000000e+00
1336 	5.103427e-01 	1.094298e+05 	0.000000e+00 	3.855760e-11 	0.000000e+00 	0.000000e+00
1337 	5.093220e-01 	1.094298e+05 	0.000000e+00 	3.855760e-11 	0.000000e+00 	0.000000e+00
1338 	5.083033e-01 	1.094298e+05 	0.000000e+00 	3.855760e-11 	0.000000e+00 	0.000000e+00
1339 	5.072867e-01 	1.094298e+05 	0.000000e+00 	3.855760e-11 	0.000000e+00 	0.000000e+00
1340 	5.062722e-01 	1.094298e+05 	0.000000e+00 	3.855760e-11 	0.000000e+00 	0.000000e+00
1341 	5.052596e-01 	1.094298e+05 	0.000000e+00 	3.855760e-11 	0.000000e+00 	0.000000e+00
1342 	5.042491e-01 	1.094298e+05 	0.000000e+00 	3.855760e-11 	0.000000e+00 	0.000000e+00
1343 	5.032406e-01 	1.094298e+05 	0.000000e+00 	3.855760e-11 	0.000000e+00 	0.000000e+00
1344 	5.022341e-01 	1.094298e+05 	0.000000e+00 	3.855760e-11 	0.000000e+00 	0.000000e+00
1345 	5.012296e-01 	1.094298e+05 	0.000000e+00 	3.855760e-11 	0.000000e+00 	0.000000e+00
1346 	5.002272e-01 	1.094298e+05 	0.000000e+00 	3.855760e-11 	0.000000e+00 	0.000000e+00
1347 	4.992267e-01 	1.094298e+05 	0.000000e+00 	3.855760e-11 	0.000000e+00 	0.000000e+00
1348 	4.982283e-01 	1.094298e+05 	0.000000e+00 	3.855760e-11 	0.000000e+00 	0.000000e+00
1349 	4.972318e-01 	1.094298e+05 	1.627381e-26 	3.855760e-11 	1.776357e-15 	0.000000e+00
1350 	4.962374e-01 	1.094298e+05 	1.873919e-28 	3.855760e-11 	1.776357e-15 	0.000000e+00
1351 	4.952449e-01 	1.094298e+05 	2.563402e-30 	3.855760e-11 	1.776357e-15 	0.000000e+00
1352 	4.942544e-01 	1.094298e+05 	6.252743e-26 	3.855760e-11 	1.776357e-15 	0.000000e+00
1353 	4.932659e-01 	1.094298e+05 	6.252747e-26 	3.855760e-11 	1.776357e-15 	0.000000e+00
1354 	4.922793e-01 	1.094298e+05 	6.252747e-26 	3.855760e-11 	1.776357e-15 	0.000000e+00
1355 	4.912948e-01 	1.094298e+05 	4.790616e-26 	3.855760e-11 	1.776357e-15 	0.000000e+00
1356 	4.903122e-01 	1.094298e+05 	2.510633e-26 	3.855760e-11 	1.776357e-15 	0.000000e+00
1357 	4.893316e-01 	1.094298e+05 	1.490438e-26 	3.855760e-11 	1.776357e-15 	0.000000e+00
1358 	4.883529e-01 	1.094298e+05 	1.446246e-26 	3.855760e-11 	1.776357e-15 	0.000000e+00
1359 	4.873762e-01 	1.094298e+05 	5.220591e-26 	3.855760e-11 	1.776357e-15 	0.000000e+00
1360 	4.864015e-01 	1.094298e+05 	2.806103e-26 	3.855760e-11 	1.776357e-15 	0.000000e+00
1361 	4.854286e-01 	1.094298e+05 	1.779577e-26 	3.855760e-11 	1.776357e-15 	0.000000e+00
1362 	4.844578e-01 	1.094298e+05 	1.711751e-26 	3.855760e-11 	1.776357e-15 	0.000000e+00
1363 	4.834889e-01 	1.094298e+05 	1.624757e-27 	3.855760e-11 	1.776357e-15 	0.000000e+00
1364 	4.825219e-01 	1.094298e+05 	1.130643e-27 	3.855760e-11 	1.776357e-15 	0.000000e+00
1365 	4.815569e-01 	1.094298e+05 	2.515610e-26 	3.855760e-11 	1.776357e-15 	0.000000e+00
1366 	4.805937e-01 	1.094298e+05 	1.448038e-26 	3.855760e-11 	1.776357e-15 	0.000000e+00
1367 	4.796326e-01 	1.094298e+05 	1.447807e-26 	3.855760e-11 	1.776357e-15 	0.000000e+00
1368 	4.786733e-01 	1.094298e+05 	1.447745e-26 	3.855760e-11 	1.776357e-15 	0.000000e+00
1369 	4.777159e-01 	1.094298e+05 	2.052906e-29 	3.855760e-11 	1.776357e-15 	0.000000e+00
1370 	4.767605e-01 	1.094298e+05 	2.052902e-29 	3.855760e-11 	1.776357e-15 	0.000000e+00
1371 	4.758070e-01 	1.094298e+05 	2.052902e-29 	3.855760e-11 	1.776357e-15 	0.000000e+00
1372 	4.748554e-01 	1.094298e+05 	2.052902e-29 	3.855760e-11 	1.776357e-15 	0.000000e+00
1373 	4.739057e-01 	1.094298e+05 	2.052902e-29 	3.855760e-11 	1.776357e-15 	0.000000e+00
1374 	4.729579e-01 	1.094298e+05 	2.052902e-29 	3.855760e-11 	1.776357e-15 	0.000000e+00
1375 	4.720119e-01 	1.094298e+05 	2.052902e-29 	3.855760e-11 	1.776357e-15 	0.000000e+00
1376 	4.710679e-01 	1.094298e+05 	2.052902e-29 	3.855760e-11 	1.776357e-15 	0.000000e+00
1377 	4.701258e-01 	1.094298e+05 	0.000000e+00 	3.855760e-11 	0.000000e+00 	0.000000e+00
1378 	4.691855e-01 	1.094298e+05 	0.000000e+00 	3.855760e-11 	0.000000e+00 	0.000000e+00
1379 	4.682472e-01 	1.094298e+05 	3.771990e-26 	3.855760e-11 	1.776357e-15 	0.000000e+00
1380 	4.673107e-01 	1.094298e+05 	4.043608e-26 	3.855760e-11 	1.776357e-15 	0.000000e+00
1381 	4.663760e-01 	1.094298e+05 	1.583516e-26 	3.855760e-11 	1.776357e-15 	0.000000e+00
1382 	4.654433e-01 	1.094298e+05 	1.581189e-26 	3.855760e-11 	1.776357e-15 	0.000000e+00
1383 	4.645124e-01 	1.094298e+05 	3.783024e-26 	3.855760e-11 	1.776357e-15 	0.000000e+00
1384 	4.635834e-01 	1.094298e+05 	3.771047e-26 	3.855760e-11 	1.776357e-15 	0.000000e+00
1385 	4.626562e-01 	1.094298e+05 	1.517871e-26 	3.855760e-11 	1.776357e-15 	0.000000e+00
1386 	4.617309e-01 	1.094298e+05 	1.489621e-26 	3.855760e-11 	1.776357e-15 	0.000000e+00
1387 	4.608074e-01 	1.094298e+05 	1.489524e-26 	3.855760e-11 	1.776357e-15 	0.000000e+00
1388 	4.598858e-01 	1.094298e+05 	1.489524e-26 	3.855760e-11 	1.776357e-15 	0.000000e+00
1389 	4.589660e-01 	1.094298e+05 	4.383262e-28 	3.855760e-11 	1.776357e-15 	0.000000e+00
1390 	4.580481e-01 	1.094298e+05 	6.184788e-26 	3.855760e-11 	1.776357e-15 	0.000000e+00
1391 	4.571320e-01 	1.094298e+05 	3.812216e-26 	3.855760e-11 	1.776357e-15 	0.000000e+00
1392 	4.562178e-01 	1.094298e+05 	2.581787e-26 	3.855760e-11 	1.776357e-15 	0.000000e+00
1393 	4.553053e-01 	1.094298e+05 	2.916120e-28 	3.855760e-11 	1.776357e-15 	0.000000e+00
1394 	4.543947e-01 	1.094298e+05 	3.740876e-26 	3.855760e-11 	1.776357e-15 	0.000000e+00
1395 	4.534859e-01 	1.094298e+05 	3.172551e-26 	3.855760e-11 	1.776357e-15 	0.000000e+00
1396 	4.525789e-01 	1.094298e+05 	8.697634e-27 	3.855760e-11 	1.776357e-15 	0.000000e+00
1397 	4.516738e-01 	1.094298e+05 	4.199230e-26 	3.855760e-11 	1.776357e-15 	0.000000e+00
1398 	4.507704e-01 	1.094298e+05 	3.199228e-26 	3.855760e-11 	1.776357e-15 	0.000000e+00
1399 	4.498689e-01 	1.094298e+05 	2.265395e-26 	3.855760e-11 	1.776357e-15 	0.000000e+00
1400 	4.489692e-01 	1.094298e+05 	2.236985e-26 	3.855760e-11 	1.776357e-15 	0.000000e+00
1401 	4.480712e-01 	1.094298e+05 	2.390112e-26 	3.855760e-11 	1.776357e-15 	0.000000e+00
1402 	4.471751e-01 	1.094298e+05 	1.595934e-26 	3.855760e-11 	1.776357e-15 	0.000000e+00
1403 	4.462807e-01 	1.094298e+05 	3.328807e-28 	3.855760e-11 	1.776357e-15 	0.000000e+00
1404 	4.453882e-01 	1.094298e+05 	2.836249e-28 	3.855760e-11 	1.776357e-15 	0.000000e+00
1405 	4.444974e-01 	1.094298e+05 	2.836228e-28 	3.855760e-11 	1.776357e-15 	0.000000e+00
1406 	4.436084e-01 	1.094298e+05 	2.836228e-28 	3.855760e-11 	1.776357e-15 	0.000000e+00
1407 	4.427212e-01 	1.094298e+05 	2.836228e-28 	3.855760e-11 	1.776357e-15 	0.000000e+00
1408 	4.418357e-01 	1.094298e+05 	2.836228e-28 	3.855760e-11 	1.776357e-15 	0.000000e+00
1409 	4.409521e-01 	1.094298e+05 	1.024569e-26 	3.855760e-11 	1.776357e-15 	0.000000e+00
1410 	4.400702e-01 	1.094298e+05 	1.024199e-26 	3.855760e-11 	1.776357e-15 	0.000000e+00
1411 	4.391900e-01 	1.094298e+05 	8.435976e-27 	3.855760e-11 	1.776357e-15 	0.000000e+00
1412 	4.383116e-01 	1.094298e+05 	4.163585e-29 	3.855760e-11 	1.776357e-15 	0.000000e+00
1413 	4.374350e-01 	1.094298e+05 	1.507005e-26 	3.855760e-11 	1.776357e-15 	0.000000e+00
1414 	4.365602e-01 	1.094298e+05 	2.190618e-26 	3.855760e-11 	1.776357e-15 	0.000000e+00
1415 	4.356870e-01 	1.094298e+05 	1.782632e-26 	3.855760e-11 	1.776357e-15 	0.000000e+00
1416 	4.348157e-01 	1.094298e+05 	2.347776e-26 	3.855760e-11 	1.776357e-15 	0.000000e+00
1417 	4.339460e-01 	1.094298e+05 	9.587991e-27 	3.855760e-11 	1.776357e-15 	0.000000e+00
1418 	4.330781e-01 	1.094298e+05 	7.266524e-28 	3.855760e-11 	1.776357e-15 	0.000000e+00
1419 	4.322120e-01 	1.094298e+05 	3.110615e-26 	3.855760e-11 	1.776357e-15 	0.000000e+00
1420 	4.313476e-01 	1.094298e+05 	3.074742e-26 	3.855760e-11 	1.776357e-15 	0.000000e+00
1421 	4.304849e-01 	1.094298e+05 	3.173822e-26 	3.855760e-11 	1.776357e-15 	0.000000e+00
1422 	4.296239e-01 	1.094298e+05 	2.092597e-27 	3.855760e-11 	1.776357e-15 	0.000000e+00
1423 	4.287646e-01 	1.094298e+05 	2.851097e-28 	3.855760e-11 	1.776357e-15 	0.000000e+00
1424 	4.279071e-01 	1.094298e+05 	2.849820e-28 	3.855760e-11 	1.776357e-15 	0.000000e+00
1425 	4.270513e-01 	1.094298e+05 	2.849820e-28 	3.855760e-11 	1.776357e-15 	0.000000e+00
1426 	4.261972e-01 	1.094298e+05 	4.343700e-26 	3.855760e-11 	1.776357e-15 	0.000000e+00
1427 	4.253448e-01 	1.094298e+05 	2.484681e-27 	3.855760e-11 	1.776357e-15 	0.000000e+00
1428 	4.244941e-01 	1.094298e+05 	1.146478e-26 	3.855760e-11 	1.776357e-15 	0.000000e+00
1429 	4.236451e-01 	1.094298e+05 	9.820802e-27 	3.855760e-11 	1.776357e-15 	0.000000e+00
1430 	4.227978e-01 	1.094298e+05 	2.915729e-26 	3.855760e-11 	1.776357e-15 	0.000000e+00
1431 	4.219522e-01 	1.094298e+05 	5.581762e-26 	3.855760e-11 	1.776357e-15 	0.000000e+00
1432 	4.211083e-01 	1.094298e+05 	4.237916e-26 	3.855760e-11 	1.776357e-15 	0.000000e+00
1433 	4.202661e-01 	1.094298e+05 	1.990639e-26 	3.855760e-11 	1.776357e-15 	0.000000e+00
1434 	4.194256e-01 	1.094298e+05 	3.313921e-26 	3.855760e-11 	1.776357e-15 	0.000000e+00
1435 	4.185867e-01 	1.094298e+05 	1.836343e-26 	3.855760e-11 	1.776357e-15 	0.000000e+00
1436 	4.177496e-01 	1.094298e+05 	6.511567e-27 	3.855760e-11 	1.776357e-15 	0.000000e+00
1437 	4.169141e-01 	1.094298e+05 	3.199864e-26 	3.855760e-11 	1.776357e-15 	0.000000e+00
1438 	4.160802e-01 	1.094298e+05 	5.447333e-26 	3.855760e-11 	1.776357e-15 	0.000000e+00
1439 	4.152481e-01 	1.094298e+05 	1.840026e-27 	3.855760e-11 	1.776357e-15 	0.000000e+00
1440 	4.144176e-01 	1.094298e+05 	1.840026e-27 	3.855760e-11 	1.776357e-15 	0.000000e+00
1441 	4.135887e-01 	1.094298e+05 	1.868195e-26 	3.855760e-11 	1.776357e-15 	0.000000e+00
1442 	4.127616e-01 	1.094298e+05 	3.766631e-27 	3.855760e-11 	1.776357e-15 	0.000000e+00
1443 	4.119360e-01 	1.094298e+05 	1.963995e-27 	3.855760e-11 	1.776357e-15 	0.000000e+00
1444 	4.111122e-01 	1.094298e+05 	2.958246e-28 	3.855760e-11 	1.776357e-15 	0.000000e+00
1445 	4.102899e-01 	1.094298e+05 	3.335504e-26 	3.855760e-11 	1.776357e-15 	0.000000e+00
1446 	4.094694e-01 	1.094298e+05 	3.173177e-26 	3.855760e-11 	1.776357e-15 	0.000000e+00
1447 	4.086504e-01 	1.094298e+05 	6.512869e-30 	3.855760e-11 	1.776357e-15 	0.000000e+00
1448 	4.078331e-01 	1.094298e+05 	1.631487e-26 	3.855760e-11 	1.776357e-15 	0.000000e+00
1449 	4.070175e-01 	1.094298e+05 	1.352812e-26 	3.855760e-11 	1.776357e-15 	0.000000e+00
1450 	4.062034e-01 	1.094298e+05 	1.472390e-26 	3.855760e-11 	1.776357e-15 	0.000000e+00
1451 	4.053910e-01 	1.094298e+05 	3.753473e-26 	3.855760e-11 	1.776357e-15 	0.000000e+00
1452 	4.045802e-01 	1.094298e+05 	4.604751e-26 	3.855760e-11 	1.776357e-15 	0.000000e+00
1453 	4.037711e-01 	1.094298e+05 	1.729763e-27 	3.855760e-11 	1.776357e-15 	0.000000e+00
1454 	4.029635e-01 	1.094298e+05 	6.782285e-28 	3.855760e-11 	1.776357e-15 	0.000000e+00
1455 	4.021576e-01 	1.094298e+05 	8.143625e-37 	3.855760e-11 	1.776357e-15 	0.000000e+00
1456 	4.013533e-01 	1.094298e+05 	8.143625e-37 	3.855760e-11 	1.776357e-15 	0.000000e+00
1457 	4.005506e-01 	1.094298e+05 	8.143619e-37 	3.855760e-11 	1.776357e-15 	0.000000e+00
1458 	3.997495e-01 	1.094298e+05 	8.143580e-37 	3.855760e-11 	1.776357e-15 	0.000000e+00
1459 	3.989500e-01 	1.094298e+05 	8.143580e-37 	3.855760e-11 	1.776357e-15 	0.000000e+00
1460 	3.981521e-01 	1.094298e+05 	5.376460e-26 	3.855760e-11 	1.776357e-15 	0.000000e+00
1461 	3.973558e-01 	1.094298e+05 	4.130068e-26 	3.855760e-11 	1.776357e-15 	0.000000e+00
1462 	3.965611e-01 	1.094298e+05 	5.445513e-27 	3.855760e-11 	1.776357e-15 	0.000000e+00
1463 	3.957679e-01 	1.094298e+05 	3.020108e-26 	3.855760e-11 	1.776357e-15 	0.000000e+00
1464 	3.949764e-01 	1.094298e+05 	1.752012e-27 	3.855760e-11 	1.776357e-15 	0.000000e+00
1465 	3.941865e-01 	1.094298e+05 	2.893841e-26 	3.855760e-11 	1.776357e-15 	0.000000e+00
1466 	3.933981e-01 	1.094298e+05 	2.893835e-26 	3.855760e-11 	1.776357e-15 	0.000000e+00
1467 	3.926113e-01 	1.094298e+05 	3.296317e-26 	3.855760e-11 	1.776357e-15 	0.000000e+00
1468 	3.918261e-01 	1.094298e+05 	5.639081e-27 	3.855760e-11 	1.776357e-15 	0.000000e+00
1469 	3.910424e-01 	1.094298e+05 	2.520125e-26 	3.855760e-11 	1.776357e-15 	0.000000e+00
1470 	3.902603e-01 	1.094298e+05 	3.280561e-26 	3.855760e-11 	1.776357e-15 	0.000000e+00
1471 	3.894798e-01 	1.094298e+05 	6.178918e-26 	3.855760e-11 	1.776357e-15 	0.000000e+00
1472 	3.887008e-01 	1.094298e+05 	6.182301e-26 	3.855760e-11 	1.776357e-15 	0.000000e+00
1473 	3.879234e-01 	1.094298e+05 	1.549782e-32 	3.855760e-11 	1.776357e-15 	0.000000e+00
1474 	3.871476e-01 	1.094298e+05 	1.205689e-26 	3.855760e-11 	1.776357e-15 	0.000000e+00
1475 	3.863733e-01 	1.094298e+05 	1.200536e-26 	3.855760e-11 	1.776357e-15 	0.000000e+00
1476 	3.856006e-01 	1.094298e+05 	3.830483e-26 	3.855760e-11 	1.776357e-15 	0.000000e+00
1477 	3.848294e-01 	1.094298e+05 	2.316414e-26 	3.855760e-11 	1.776357e-15 	0.000000e+00
1478 	3.840597e-01 	1.094298e+05 	6.171736e-27 	3.855760e-11 	1.776357e-15 	0.000000e+00
1479 	3.832916e-01 	1.094298e+05 	2.319873e-26 	3.855760e-11 	1.776357e-15 	0.000000e+00
1480 	3.825250e-01 	1.094298e+05 	3.484759e-26 	3.855760e-11 	1.776357e-15 	0.000000e+00
1481 	3.817599e-01 	1.094298e+05 	1.777891e-26 	3.855760e-11 	1.776357e-15 	0.000000e+00
1482 	3.809964e-01 	1.094298e+05 	1.748262e-26 	3.855760e-11 	1.776357e-15 	0.000000e+00
1483 	3.802344e-01 	1.094298e+05 	2.171409e-26 	3.855760e-11 	1.776357e-15 	0.000000e+00
1484 	3.794740e-01 	1.094298e+05 	3.205630e-26 	3.855760e-11 	1.776357e-15 	0.000000e+00
1485 	3.787150e-01 	1.094298e+05 	4.925578e-29 	3.855760e-11 	1.776357e-15 	0.000000e+00
1486 	3.779576e-01 	1.094298e+05 	5.271972e-28 	3.855760e-11 	1.776357e-15 	0.000000e+00
1487 	3.772017e-01 	1.094298e+05 	2.240029e-26 	3.855760e-11 	1.776357e-15 	0.000000e+00
1488 	3.764473e-01 	1.094298e+05 	1.166077e-26 	3.855760e-11 	1.776357e-15 	0.000000e+00
1489 	3.756944e-01 	1.094298e+05 	1.384233e-26 	3.855760e-11 	1.776357e-15 	0.000000e+00
1490 	3.749430e-01 	1.094298e+05 	2.242448e-26 	3.855760e-11 	1.776357e-15 	0.000000e+00
1491 	3.741931e-01 	1.094298e+05 	3.914678e-26 	3.855760e-11 	1.776357e-15 	0.000000e+00
1492 	3.734447e-01 	1.094298e+05 	6.178167e-26 	3.855760e-11 	1.776357e-15 	0.000000e+00
1493 	3.726978e-01 	1.094298e+05 	5.711363e-26 	3.855760e-11 	1.776357e-15 	0.000000e+00
1494 	3.719524e-01 	1.094298e+05 	4.520147e-32 	3.855760e-11 	1.776357e-15 	0.000000e+00
1495 	3.712085e-01 	1.094298e+05 	4.520147e-32 	3.855760e-11 	1.776357e-15 	0.000000e+00
1496 	3.704661e-01 	1.094298e+05 	4.515957e-32 	3.855760e-11 	1.776357e-15 	0.000000e+00
1497 	3.697252e-01 	1.094298e+05 	5.397908e-37 	3.855760e-11 	1.776357e-15 	0.000000e+00
1498 	3.689857e-01 	1.094298e+05 	5.294645e-37 	3.855760e-11 	1.776357e-15 	0.000000e+00
1499 	3.682478e-01 	1.094298e+05 	4.133930e-27 	3.855760e-11 	1.776357e-15 	0.000000e+00
1500 	3.675113e-01 	1.094298e+05 	2.510645e-27 	3.855760e-11 	1.776357e-15 	0.000000e+00
1501 	3.667762e-01 	1.094298e+05 	4.049738e-31 	3.855760e-11 	1.776357e-15 	0.000000e+00
1502 	3.660427e-01 	1.094298e+05 	3.468215e-26 	3.855760e-11 	1.776357e-15 	0.000000e+00
1503 	3.653106e-01 	1.094298e+05 	8.764474e-28 	3.855760e-11 	1.776357e-15 	0.000000e+00
1504 	3.645800e-01 	1.094298e+05 	8.763585e-28 	3.855760e-11 	1.776357e-15 	0.000000e+00
1505 	3.638508e-01 	1.094298e+05 	8.630812e-28 	3.855760e-11 	1.776357e-15 	0.000000e+00
1506 	3.631231e-01 	1.094298e+05 	8.630812e-28 	3.855760e-11 	1.776357e-15 	0.000000e+00
1507 	3.623969e-01 	1.094298e+05 	2.788529e-26 	3.855760e-11 	1.776357e-15 	0.000000e+00
1508 	3.616721e-01 	1.094298e+05 	2.780430e-26 	3.855760e-11 	1.776357e-15 	0.000000e+00
1509 	3.609487e-01 	1.094298e+05 	2.390308e-26 	3.855760e-11 	1.776357e-15 	0.000000e+00
1510 	3.602268e-01 	1.094298e+05 	2.816584e-26 	3.855760e-11 	1.776357e-15 	0.000000e+00
1511 	3.595064e-01 	1.094298e+05 	2.291023e-26 	3.855760e-11 	1.776357e-15 	0.000000e+00
1512 	3.587874e-01 	1.094298e+05 	2.417816e-26 	3.855760e-11 	1.776357e-15 	0.000000e+00
1513 	3.580698e-01 	1.094298e+05 	2.416976e-26 	3.855760e-11 	1.776357e-15 	0.000000e+00
1514 	3.573536e-01 	1.094298e+05 	2.405148e-26 	3.855760e-11 	1.776357e-15 	0.000000e+00
1515 	3.566389e-01 	1.094298e+05 	1.264128e-27 	3.855760e-11 	1.776357e-15 	0.000000e+00
1516 	3.559257e-01 	1.094298e+05 	1.264128e-27 	3.855760e-11 	1.776357e-15 	0.000000e+00
1517 	3.552138e-01 	1.094298e+05 	2.489601e-26 	3.855760e-11 	1.776357e-15 	0.000000e+00
1518 	3.545034e-01 	1.094298e+05 	2.384445e-26 	3.855760e-11 	1.776357e-15 	0.000000e+00
1519 	3.537944e-01 	1.094298e+05 	3.841859e-26 	3.855760e-11 	1.776357e-15 	0.000000e+00
1520 	3.530868e-01 	1.094298e+05 	3.997185e-26 	3.855760e-11 	1.776357e-15 	0.000000e+00
1521 	3.523806e-01 	1.094298e+05 	1.399976e-31 	3.855760e-11 	1.776357e-15 	0.000000e+00
1522 	3.516759e-01 	1.094298e+05 	1.107810e-31 	3.855760e-11 	1.776357e-15 	0.000000e+00
1523 	3.509725e-01 	1.094298e+05 	2.125654e-33 	3.855760e-11 	1.776357e-15 	0.000000e+00
1524 	3.502706e-01 	1.094298e+05 	2.125654e-33 	3.855760e-11 	1.776357e-15 	0.000000e+00
1525 	3.495700e-01 	1.094298e+05 	2.990265e-26 	3.855760e-11 	1.776357e-15 	0.000000e+00
1526 	3.488709e-01 	1.094298e+05 	3.952073e-27 	3.855760e-11 	1.776357e-15 	0.000000e+00
1527 	3.481731e-01 	1.094298e+05 	3.951965e-27 	3.855760e-11 	1.776357e-15 	0.000000e+00
1528 	3.474768e-01 	1.094298e+05 	1.600639e-26 	3.855760e-11 	1.776357e-15 	0.000000e+00
1529 	3.467818e-01 	1.094298e+05 	1.585697e-26 	3.855760e-11 	1.776357e-15 	0.000000e+00
1530 	3.460883e-01 	1.094298e+05 	1.178817e-26 	3.855760e-11 	1.776357e-15 	0.000000e+00
1531 	3.453961e-01 	1.094298e+05 	5.642901e-27 	3.855760e-11 	1.776357e-15 	0.000000e+00
1532 	3.447053e-01 	1.094298e+05 	4.262900e-27 	3.855760e-11 	1.776357e-15 	0.000000e+00
1533 	3.440159e-01 	1.094298e+05 	5.371836e-26 	3.855760e-11 	1.776357e-15 	0.000000e+00
1534 	3.433279e-01 	1.094298e+05 	1.775896e-27 	3.855760e-11 	1.776357e-15 	0.000000e+00
1535 	3.426412e-01 	1.094298e+05 	2.634423e-26 	3.855760e-11 	1.776357e-15 	0.000000e+00
1536 	3.419559e-01 	1.094298e+05 	4.349425e-26 	3.855760e-11 	1.776357e-15 	0.000000e+00
1537 	3.412720e-01 	1.094298e+05 	2.887154e-26 	3.855760e-11 	1.776357e-15 	0.000000e+00
1538 	3.405895e-01 	1.094298e+05 	8.800240e-27 	3.855760e-11 	1.776357e-15 	0.000000e+00
1539 	3.399083e-01 	1.094298e+05 	1.690646e-26 	3.855760e-11 	1.776357e-15 	0.000000e+00
1540 	3.392285e-01 	1.094298e+05 	2.709749e-27 	3.855760e-11 	1.776357e-15 	0.000000e+00
1541 	3.385500e-01 	1.094298e+05 	2.468969e-26 	3.855760e-11 	1.776357e-15 	0.000000e+00
1542 	3.378729e-01 	1.094298e+05 	6.331560e-27 	3.855760e-11 	1.776357e-15 	0.000000e+00
1543 	3.371972e-01 	1.094298e+05 	6.331560e-27 	3.855760e-11 	1.776357e-15 	0.000000e+00
1544 	3.365228e-01 	1.094298e+05 	1.645764e-26 	3.855760e-11 	1.776357e-15 	0.000000e+00
1545 	3.358497e-01 	1.094298e+05 	2.503027e-26 	3.855760e-11 	1.776357e-15 	0.000000e+00
1546 	3.351780e-01 	1.094298e+05 	2.250306e-26 	3.855760e-11 	1.776357e-15 	0.000000e+00
1547 	3.345077e-01 	1.094298e+05 	2.250306e-26 	3.855760e-11 	1.776357e-15 	0.000000e+00
1548 	3.338387e-01 	1.094298e+05 	2.250303e-26 	3.855760e-11 	1.776357e-15 	0.000000e+00
1549 	3.331710e-01 	1.094298e+05 	1.533809e-28 	3.855760e-11 	1.776357e-15 	0.000000e+00
1550 	3.325046e-01 	1.094298e+05 	1.179893e-28 	3.855760e-11 	1.776357e-15 	0.000000e+00
1551 	3.318396e-01 	1.094298e+05 	1.179893e-28 	3.855760e-11 	1.776357e-15 	0.000000e+00
1552 	3.311759e-01 	1.094298e+05 	1.591078e-26 	3.855760e-11 	1.776357e-15 	0.000000e+00
1553 	3.305136e-01 	1.094298e+05 	1.662827e-26 	3.855760e-11 	1.776357e-15 	0.000000e+00
1554 	3.298526e-01 	1.094298e+05 	3.300787e-26 	3.855760e-11 	1.776357e-15 	0.000000e+00
1555 	3.291929e-01 	1.094298e+05 	3.300787e-26 	3.855760e-11 	1.776357e-15 	0.000000e+00
1556 	3.285345e-01 	1.094298e+05 	3.300787e-26 	3.855760e-11 	1.776357e-15 	0.000000e+00
1557 	3.278774e-01 	1.094298e+05 	1.065884e-26 	3.855760e-11 	1.776357e-15 	0.000000e+00
1558 	3.272217e-01 	1.094298e+05 	7.654417e-27 	3.855760e-11 	1.776357e-15 	0.000000e+00
1559 	3.265672e-01 	1.094298e+05 	7.654372e-27 	3.855760e-11 	1.776357e-15 	0.000000e+00
1560 	3.259141e-01 	1.094298e+05 	7.200973e-27 	3.855760e-11 	1.776357e-15 	0.000000e+00
1561 	3.252623e-01 	1.094298e+05 	3.889762e-26 	3.855760e-11 	1.776357e-15 	0.000000e+00
1562 	3.246117e-01 	1.094298e+05 	4.073118e-26 	3.855760e-11 	1.776357e-15 	0.000000e+00
1563 	3.239625e-01 	1.094298e+05 	4.101504e-26 	3.855760e-11 	1.776357e-15 	0.000000e+00
1564 	3.233146e-01 	1.094298e+05 	3.151812e-26 	3.855760e-11 	1.776357e-15 	0.000000e+00
1565 	3.226679e-01 	1.094298e+05 	2.442510e-26 	3.855760e-11 	1.776357e-15 	0.000000e+00
1566 	3.220226e-01 	1.094298e+05 	2.710026e-26 	3.855760e-11 	1.776357e-15 	0.000000e+00
1567 	3.213786e-01 	1.094298e+05 	2.709795e-26 	3.855760e-11 	1.776357e-15 	0.000000e+00
1568 	3.207358e-01 	1.094298e+05 	2.693355e-26 	3.855760e-11 	1.776357e-15 	0.000000e+00
1569 	3.200943e-01 	1.094298e+05 	5.811649e-26 	3.855760e-11 	1.776357e-15 	0.000000e+00
1570 	3.194541e-01 	1.094298e+05 	6.202559e-26 	3.855760e-11 	1.776357e-15 	0.000000e+00
1571 	3.188152e-01 	1.094298e+05 	6.097174e-26 	3.855760e-11 	1.776357e-15 	0.000000e+00
1572 	3.181776e-01 	1.094298e+05 	5.678903e-26 	3.855760e-11 	1.776357e-15 	0.000000e+00
1573 	3.175413e-01 	1.094298e+05 	5.649986e-26 	3.855760e-11 	1.776357e-15 	0.000000e+00
1574 	3.169062e-01 	1.094298e+05 	4.709562e-26 	3.855760e-11 	1.776357e-15 	0.000000e+00
1575 	3.162724e-01 	1.094298e+05 	3.251923e-26 	3.855760e-11 	1.776357e-15 	0.000000e+00
1576 	3.156398e-01 	1.094298e+05 	3.251922e-26 	3.855760e-11 	1.776357e-15 	0.000000e+00
1577 	3.150085e-01 	1.094298e+05 	2.433920e-26 	3.855760e-11 	1.776357e-15 	0.000000e+00
1578 	3.143785e-01 	1.094298e+05 	7.092272e-27 	3.855760e-11 	1.776357e-15 	0.000000e+00
1579 	3.137498e-01 	1.094298e+05 	6.408500e-27 	3.855760e-11 	1.776357e-15 	0.000000e+00
1580 	3.131223e-01 	1.094298e+05 	6.408500e-27 	3.855760e-11 	1.776357e-15 	0.000000e+00
1581 	3.124960e-01 	1.094298e+05 	6.664376e-27 	3.855760e-11 	1.776357e-15 	0.000000e+00
1582 	3.118710e-01 	1.094298e+05 	2.088349e-26 	3.855760e-11 	1.776357e-15 	0.000000e+00
1583 	3.112473e-01 	1.094298e+05 	9.614837e-27 	3.855760e-11 	1.776357e-15 	0.000000e+00
1584 	3.106248e-01 	1.094298e+05 	7.067729e-27 	3.855760e-11 	1.776357e-15 	0.000000e+00
1585 	3.100035e-01 	1.094298e+05 	7.067728e-27 	3.855760e-11 	1.776357e-15 	0.000000e+00
1586 	3.093835e-01 	1.094298e+05 	6.049825e-27 	3.855760e-11 	1.776357e-15 	0.000000e+00
1587 	3.087648e-01 	1.094298e+05 	5.355204e-26 	3.855760e-11 	1.776357e-15 	0.000000e+00
1588 	3.081472e-01 	1.094298e+05 	2.280867e-26 	3.855760e-11 	1.776357e-15 	0.000000e+00
1589 	3.075309e-01 	1.094298e+05 	2.267710e-26 	3.855760e-11 	1.776357e-15 	0.000000e+00
1590 	3.069159e-01 	1.094298e+05 	2.267710e-26 	3.855760e-11 	1.776357e-15 	0.000000e+00
1591 	3.063020e-01 	1.094298e+05 	2.267710e-26 	3.855760e-11 	1.776357e-15 	0.000000e+00
1592 	3.056894e-01 	1.094298e+05 	3.317836e-26 	3.855760e-11 	1.776357e-15 	0.000000e+00
1593 	3.050781e-01 	1.094298e+05 	1.342264e-28 	3.855760e-11 	1.776357e-15 	0.000000e+00
1594 	3.044679e-01 	1.094298e+05 	8.301154e-27 	3.855760e-11 	1.776357e-15 	0.000000e+00
1595 	3.038590e-01 	1.094298e+05 	8.301148e-27 	3.855760e-11 	1.776357e-15 	0.000000e+00
1596 	3.032513e-01 	1.094298e+05 	3.178580e-26 	3.855760e-11 	1.776357e-15 	0.000000e+00
1597 	3.026448e-01 	1.094298e+05 	3.016150e-26 	3.855760e-11 	1.776357e-15 	0.000000e+00
1598 	3.020395e-01 	1.094298e+05 	4.046856e-26 	3.855760e-11 	1.776357e-15 	0.000000e+00
1599 	3.014354e-01 	1.094298e+05 	1.517719e-26 	3.855760e-11 	1.776357e-15 	0.000000e+00
1600 	3.008325e-01 	1.094298e+05 	4.206246e-26 	3.855760e-11 	1.776357e-15 	0.000000e+00
1601 	3.002308e-01 	1.094298e+05 	4.206245e-26 	3.855760e-11 	1.776357e-15 	0.000000e+00
1602 	2.996304e-01 	1.094298e+05 	5.526392e-26 	3.855760e-11 	1.776357e-15 	0.000000e+00
1603 	2.990311e-01 	1.094298e+05 	6.079160e-27 	3.855760e-11 	1.776357e-15 	0.000000e+00
1604 	2.984331e-01 	1.094298e+05 	1.135231e-26 	3.855760e-11 	1.776357e-15 	0.000000e+00
1605 	2.978362e-01 	1.094298e+05 	1.130803e-26 	3.855760e-11 	1.776357e-15 	0.000000e+00
1606 	2.972405e-01 	1.094298e+05 	2.473899e-27 	3.855760e-11 	1.776357e-15 	0.000000e+00
1607 	2.966460e-01 	1.094298e+05 	2.471787e-27 	3.855760e-11 	1.776357e-15 	0.000000e+00
1608 	2.960528e-01 	1.094298e+05 	5.336628e-26 	3.855760e-11 	1.776357e-15 	0.000000e+00
1609 	2.954606e-01 	1.094298e+05 	4.497194e-26 	3.855760e-11 	1.776357e-15 	0.000000e+00
1610 	2.948697e-01 	1.094298e+05 	3.051502e-26 	3.855760e-11 	1.776357e-15 	0.000000e+00
1611 	2.942800e-01 	1.094298e+05 	2.983679e-26 	3.855760e-11 	1.776357e-15 	0.000000e+00
1612 	2.936914e-01 	1.094298e+05 	1.690283e-26 	3.855760e-11 	1.776357e-15 	0.000000e+00
1613 	2.931040e-01 	1.094298e+05 	1.690283e-26 	3.855760e-11 	1.776357e-15 	0.000000e+00
1614 	2.925178e-01 	1.094298e+05 	1.690283e-26 	3.855760e-11 	1.776357e-15 	0.000000e+00
1615 	2.919328e-01 	1.094298e+05 	1.238435e-26 	3.855760e-11 	1.776357e-15 	0.000000e+00
1616 	2.913489e-01 	1.094298e+05 	6.357650e-27 	3.855760e-11 	1.776357e-15 	0.000000e+00
1617 	2.907662e-01 	1.094298e+05 	6.355338e-27 	3.855760e-11 	1.776357e-15 	0.000000e+00
1618 	2.901847e-01 	1.094298e+05 	2.411717e-26 	3.855760e-11 	1.776357e-15 	0.000000e+00
1619 	2.896043e-01 	1.094298e+05 	4.827350e-26 	3.855760e-11 	1.776357e-15 	0.000000e+00
1620 	2.890251e-01 	1.094298e+05 	5.638540e-26 	3.855760e-11 	1.776357e-15 	0.000000e+00
1621 	2.884471e-01 	1.094298e+05 	5.533387e-26 	3.855760e-11 	1.776357e-15 	0.000000e+00
1622 	2.878702e-01 	1.094298e+05 	5.533387e-26 	3.855760e-11 	1.776357e-15 	0.000000e+00
1623 	2.872944e-01 	1.094298e+05 	6.075073e-26 	3.855760e-11 	1.776357e-15 	0.000000e+00
1624 	2.867199e-01 	1.094298e+05 	6.197042e-26 	3.855760e-11 	1.776357e-15 	0.000000e+00
1625 	2.861464e-01 	1.094298e+05 	6.208842e-26 	3.855760e-11 	1.776357e-15 	0.000000e+00
1626 	2.855741e-01 	1.094298e+05 	6.208842e-26 	3.855760e-11 	1.776357e-15 	0.000000e+00
1627 	2.850030e-01 	1.094298e+05 	6.208842e-26 	3.855760e-11 	1.776357e-15 	0.000000e+00
1628 	2.844330e-01 	1.094298e+05 	6.208842e-26 	3.855760e-11 	1.776357e-15 	0.000000e+00
1629 	2.838641e-01 	1.094298e+05 	2.961423e-34 	3.855760e-11 	1.776357e-15 	0.000000e+00
1630 	2.832964e-01 	1.094298e+05 	2.961423e-34 	3.855760e-11 	1.776357e-15 	0.000000e+00
1631 	2.827298e-01 	1.094298e+05 	2.961423e-34 	3.855760e-11 	1.776357e-15 	0.000000e+00
1632 	2.821643e-01 	1.094298e+05 	5.880782e-26 	3.855760e-11 	1.776357e-15 	0.000000e+00
1633 	2.816000e-01 	1.094298e+05 	5.880782e-26 	3.855760e-11 	1.776357e-15 	0.000000e+00
1634 	2.810368e-01 	1.094298e+05 	5.880782e-26 	3.855760e-11 	1.776357e-15 	0.000000e+00
1635 	2.804747e-01 	1.094298e+05 	5.880782e-26 	3.855760e-11 	1.776357e-15 	0.000000e+00
1636 	2.799138e-01 	1.094298e+05 	5.880782e-26 	3.855760e-11 	1.776357e-15 	0.000000e+00
1637 	2.793539e-01 	1.094298e+05 	5.880782e-26 	3.855760e-11 	1.776357e-15 	0.000000e+00
1638 	2.787952e-01 	1.094298e+05 	2.838377e-27 	3.855760e-11 	1.776357e-15 	0.000000e+00
1639 	2.782376e-01 	1.094298e+05 	2.838377e-27 	3.855760e-11 	1.776357e-15 	0.000000e+00
1640 	2.776812e-01 	1.094298e+05 	8.114833e-27 	3.855760e-11 	1.776357e-15 	0.000000e+00
1641 	2.771258e-01 	1.094298e+05 	8.114833e-27 	3.855760e-11 	1.776357e-15 	0.000000e+00
1642 	2.765716e-01 	1.094298e+05 	3.700215e-26 	3.855760e-11 	1.776357e-15 	0.000000e+00
1643 	2.760184e-01 	1.094298e+05 	3.700215e-26 	3.855760e-11 	1.776357e-15 	0.000000e+00
1644 	2.754664e-01 	1.094298e+05 	3.700215e-26 	3.855760e-11 	1.776357e-15 	0.000000e+00
1645 	2.749154e-01 	1.094298e+05 	4.376238e-26 	3.855760e-11 	1.776357e-15 	0.000000e+00
1646 	2.743656e-01 	1.094298e+05 	4.434013e-26 	3.855760e-11 	1.776357e-15 	0.000000e+00
1647 	2.738169e-01 	1.094298e+05 	4.434013e-26 	3.855760e-11 	1.776357e-15 	0.000000e+00
1648 	2.732692e-01 	1.094298e+05 	4.434013e-26 	3.855760e-11 	1.776357e-15 	0.000000e+00
1649 	2.727227e-01 	1.094298e+05 	5.301697e-26 	3.855760e-11 	1.776357e-15 	0.000000e+00
1650 	2.721773e-01 	1.094298e+05 	5.301697e-26 	3.855760e-11 	1.776357e-15 	0.000000e+00
1651 	2.716329e-01 	1.094298e+05 	5.854273e-26 	3.855760e-11 	1.776357e-15 	0.000000e+00
1652 	2.710896e-01 	1.094298e+05 	5.854273e-26 	3.855760e-11 	1.776357e-15 	0.000000e+00
1653 	2.705475e-01 	1.094298e+05 	5.854273e-26 	3.855760e-11 	1.776357e-15 	0.000000e+00
1654 	2.700064e-01 	1.094298e+05 	5.854273e-26 	3.855760e-11 	1.776357e-15 	0.000000e+00
1655 	2.694664e-01 	1.094298e+05 	5.854369e-26 	3.855760e-11 	1.776357e-15 	0.000000e+00
1656 	2.689274e-01 	1.094298e+05 	5.854369e-26 	3.855760e-11 	1.776357e-15 	0.000000e+00
1657 	2.683896e-01 	1.094298e+05 	5.854369e-26 	3.855760e-11 	1.776357e-15 	0.000000e+00
1658 	2.678528e-01 	1.094298e+05 	5.854369e-26 	3.855760e-11 	1.776357e-15 	0.000000e+00
1659 	2.673171e-01 	1.094298e+05 	5.948536e-26 	3.855760e-11 	1.776357e-15 	0.000000e+00
1660 	2.667824e-01 	1.094298e+05 	5.948536e-26 	3.855760e-11 	1.776357e-15 	0.000000e+00
1661 	2.662489e-01 	1.094298e+05 	5.948537e-26 	3.855760e-11 	1.776357e-15 	0.000000e+00
1662 	2.657164e-01 	1.094298e+05 	5.948537e-26 	3.855760e-11 	1.776357e-15 	0.000000e+00
1663 	2.651850e-01 	1.094298e+05 	3.060397e-38 	3.855760e-11 	1.776357e-15 	0.000000e+00
1664 	2.646546e-01 	1.094298e+05 	3.060397e-38 	3.855760e-11 	1.776357e-15 	0.000000e+00
1665 	2.641253e-01 	1.094298e+05 	3.060397e-38 	3.855760e-11 	1.776357e-15 	0.000000e+00
1666 	2.635970e-01 	1.094298e+05 	3.060397e-38 	3.855760e-11 	1.776357e-15 	0.000000e+00
1667 	2.630698e-01 	1.094298e+05 	3.060397e-38 	3.855760e-11 	1.776357e-15 	0.000000e+00
1668 	2.625437e-01 	1.094298e+05 	6.357320e-27 	3.855760e-11 	1.776357e-15 	0.000000e+00
1669 	2.620186e-01 	1.094298e+05 	1.344951e-27 	3.855760e-11 	1.776357e-15 	0.000000e+00
1670 	2.614946e-01 	1.094298e+05 	1.344951e-27 	3.855760e-11 	1.776357e-15 	0.000000e+00
1671 	2.609716e-01 	1.094298e+05 	1.344951e-27 	3.855760e-11 	1.776357e-15 	0.000000e+00
1672 	2.604496e-01 	1.094298e+05 	2.517406e-26 	3.855760e-11 	1.776357e-15 	0.000000e+00
1673 	2.599287e-01 	1.094298e+05 	2.517406e-26 	3.855760e-11 	1.776357e-15 	0.000000e+00
1674 	2.594089e-01 	1.094298e+05 	2.517406e-26 	3.855760e-11 	1.776357e-15 	0.000000e+00
1675 	2.588901e-01 	1.094298e+05 	2.336963e-27 	3.855760e-11 	1.776357e-15 	0.000000e+00
1676 	2.583723e-01 	1.094298e+05 	2.336963e-27 	3.855760e-11 	1.776357e-15 	0.000000e+00
1677 	2.578555e-01 	1.094298e+05 	2.088097e-26 	3.855760e-11 	1.776357e-15 	0.000000e+00
1678 	2.573398e-01 	1.094298e+05 	2.088097e-26 	3.855760e-11 	1.776357e-15 	0.000000e+00
1679 	2.568251e-01 	1.094298e+05 	3.277472e-26 	3.855760e-11 	1.776357e-15 	0.000000e+00
1680 	2.563115e-01 	1.094298e+05 	2.838879e-26 	3.855760e-11 	1.776357e-15 	0.000000e+00
1681 	2.557989e-01 	1.094298e+05 	2.838879e-26 	3.855760e-11 	1.776357e-15 	0.000000e+00
1682 	2.552873e-01 	1.094298e+05 	3.047240e-26 	3.855760e-11 	1.776357e-15 	0.000000e+00
1683 	2.547767e-01 	1.094298e+05 	1.450620e-26 	3.855760e-11 	1.776357e-15 	0.000000e+00
1684 	2.542671e-01 	1.094298e+05 	1.450620e-26 	3.855760e-11 	1.776357e-15 	0.000000e+00
1685 	2.537586e-01 	1.094298e+05 	3.704998e-26 	3.855760e-11 	1.776357e-15 	0.000000e+00
1686 	2.532511e-01 	1.094298e+05 	3.704998e-26 	3.855760e-11 	1.776357e-15 	0.000000e+00
1687 	2.527446e-01 	1.094298e+05 	4.139910e-26 	3.855760e-11 	1.776357e-15 	0.000000e+00
1688 	2.522391e-01 	1.094298e+05 	7.182924e-27 	3.855760e-11 	1.776357e-15 	0.000000e+00
1689 	2.517346e-01 	1.094298e+05 	4.617830e-26 	3.855760e-11 	1.776357e-15 	0.000000e+00
1690 	2.512312e-01 	1.094298e+05 	7.212561e-28 	3.855760e-11 	1.776357e-15 	0.000000e+00
1691 	2.507287e-01 	1.094298e+05 	7.909590e-27 	3.855760e-11 	1.776357e-15 	0.000000e+00
1692 	2.502272e-01 	1.094298e+05 	1.640432e-26 	3.855760e-11 	1.776357e-15 	0.000000e+00
1693 	2.497268e-01 	1.094298e+05 	1.640432e-26 	3.855760e-11 	1.776357e-15 	0.000000e+00
1694 	2.492273e-01 	1.094298e+05 	1.640432e-26 	3.855760e-11 	1.776357e-15 	0.000000e+00
1695 	2.487289e-01 	1.094298e+05 	2.704925e-26 	3.855760e-11 	1.776357e-15 	0.000000e+00
1696 	2.482314e-01 	1.094298e+05 	2.789754e-30 	3.855760e-11 	1.776357e-15 	0.000000e+00
1697 	2.477349e-01 	1.094298e+05 	2.789754e-30 	3.855760e-11 	1.776357e-15 	0.000000e+00
1698 	2.472395e-01 	1.094298e+05 	4.741142e-31 	3.855760e-11 	1.776357e-15 	0.000000e+00
1699 	2.467450e-01 	1.094298e+05 	4.741070e-31 	3.855760e-11 	1.776357e-15 	0.000000e+00
1700 	2.462515e-01 	1.094298e+05 	4.741070e-31 	3.855760e-11 	1.776357e-15 	0.000000e+00
1701 	2.457590e-01 	1.094298e+05 	5.157864e-26 	3.855760e-11 	1.776357e-15 	0.000000e+00
1702 	2.452675e-01 	1.094298e+05 	3.710712e-26 	3.855760e-11 	1.776357e-15 	0.000000e+00
1703 	2.447770e-01 	1.094298e+05 	3.168471e-26 	3.855760e-11 	1.776357e-15 	0.000000e+00
1704 	2.442874e-01 	1.094298e+05 	2.234910e-26 	3.855760e-11 	1.776357e-15 	0.000000e+00
1705 	2.437988e-01 	1.094298e+05 	2.653069e-26 	3.855760e-11 	1.776357e-15 	0.000000e+00
1706 	2.433112e-01 	1.094298e+05 	2.653069e-26 	3.855760e-11 	1.776357e-15 	0.000000e+00
1707 	2.428246e-01 	1.094298e+05 	2.653069e-26 	3.855760e-11 	1.776357e-15 	0.000000e+00
1708 	2.423390e-01 	1.094298e+05 	2.652816e-26 	3.855760e-11 	1.776357e-15 	0.000000e+00
1709 	2.418543e-01 	1.094298e+05 	3.051139e-26 	3.855760e-11 	1.776357e-15 	0.000000e+00
1710 	2.413706e-01 	1.094298e+05 	3.051139e-26 	3.855760e-11 	1.776357e-15 	0.000000e+00
1711 	2.408878e-01 	1.094298e+05 	3.051139e-26 	3.855760e-11 	1.776357e-15 	0.000000e+00
1712 	2.404061e-01 	1.094298e+05 	3.051139e-26 	3.855760e-11 	1.776357e-15 	0.000000e+00
1713 	2.399252e-01 	1.094298e+05 	3.051139e-26 	3.855760e-11 	1.776357e-15 	0.000000e+00
1714 	2.394454e-01 	1.094298e+05 	2.660866e-26 	3.855760e-11 	1.776357e-15 	0.000000e+00
1715 	2.389665e-01 	1.094298e+05 	2.660866e-26 	3.855760e-11 	1.776357e-15 	0.000000e+00
1716 	2.384886e-01 	1.094298e+05 	2.660505e-26 	3.855760e-11 	1.776357e-15 	0.000000e+00
1717 	2.380116e-01 	1.094298e+05 	9.455901e-28 	3.855760e-11 	1.776357e-15 	0.000000e+00
1718 	2.375356e-01 	1.094298e+05 	9.455901e-28 	3.855760e-11 	1.776357e-15 	0.000000e+00
1719 	2.370605e-01 	1.094298e+05 	9.455901e-28 	3.855760e-11 	1.776357e-15 	0.000000e+00
1720 	2.365864e-01 	1.094298e+05 	2.542818e-26 	3.855760e-11 	1.776357e-15 	0.000000e+00
1721 	2.361132e-01 	1.094298e+05 	2.542818e-26 	3.855760e-11 	1.776357e-15 	0.000000e+00
1722 	2.356410e-01 	1.094298e+05 	2.542818e-26 	3.855760e-11 	1.776357e-15 	0.000000e+00
1723 	2.351697e-01 	1.094298e+05 	2.542818e-26 	3.855760e-11 	1.776357e-15 	0.000000e+00
1724 	2.346994e-01 	1.094298e+05 	3.666308e-26 	3.855760e-11 	1.776357e-15 	0.000000e+00
1725 	2.342300e-01 	1.094298e+05 	3.666308e-26 	3.855760e-11 	1.776357e-15 	0.000000e+00
1726 	2.337615e-01 	1.094298e+05 	3.666308e-26 	3.855760e-11 	1.776357e-15 	0.000000e+00
1727 	2.332940e-01 	1.094298e+05 	3.621601e-26 	3.855760e-11 	1.776357e-15 	0.000000e+00
1728 	2.328274e-01 	1.094298e+05 	4.337131e-26 	3.855760e-11 	1.776357e-15 	0.000000e+00
1729 	2.323617e-01 	1.094298e+05 	4.337131e-26 	3.855760e-11 	1.776357e-15 	0.000000e+00
1730 	2.318970e-01 	1.094298e+05 	4.337131e-26 	3.855760e-11 	1.776357e-15 	0.000000e+00
1731 	2.314332e-01 	1.094298e+05 	3.237181e-26 	3.855760e-11 	1.776357e-15 	0.000000e+00
1732 	2.309703e-01 	1.094298e+05 	1.002182e-26 	3.855760e-11 	1.776357e-15 	0.000000e+00
1733 	2.305084e-01 	1.094298e+05 	1.002182e-26 	3.855760e-11 	1.776357e-15 	0.000000e+00
1734 	2.300474e-01 	1.094298e+05 	1.002182e-26 	3.855760e-11 	1.776357e-15 	0.000000e+00
1735 	2.295873e-01 	1.094298e+05 	1.002182e-26 	3.855760e-11 	1.776357e-15 	0.000000e+00
1736 	2.291281e-01 	1.094298e+05 	3.934099e-26 	3.855760e-11 	1.776357e-15 	0.000000e+00
1737 	2.286699e-01 	1.094298e+05 	3.934099e-26 	3.855760e-11 	1.776357e-15 	0.000000e+00
1738 	2.282125e-01 	1.094298e+05 	3.934099e-26 	3.855760e-11 	1.776357e-15 	0.000000e+00
1739 	2.277561e-01 	1.094298e+05 	3.905734e-26 	3.855760e-11 	1.776357e-15 	0.000000e+00
1740 	2.273006e-01 	1.094298e+05 	2.722358e-26 	3.855760e-11 	1.776357e-15 	0.000000e+00
1741 	2.268460e-01 	1.094298e+05 	2.722358e-26 	3.855760e-11 	1.776357e-15 	0.000000e+00
1742 	2.263923e-01 	1.094298e+05 	2.722358e-26 	3.855760e-11 	1.776357e-15 	0.000000e+00
1743 	2.259395e-01 	1.094298e+05 	2.722358e-26 	3.855760e-11 	1.776357e-15 	0.000000e+00
1744 	2.254876e-01 	1.094298e+05 	2.722358e-26 	3.855760e-11 	1.776357e-15 	0.000000e+00
1745 	2.250367e-01 	1.094298e+05 	4.871036e-28 	3.855760e-11 	1.776357e-15 	0.000000e+00
1746 	2.245866e-01 	1.094298e+05 	2.312227e-26 	3.855760e-11 	1.776357e-15 	0.000000e+00
1747 	2.241374e-01 	1.094298e+05 	2.312227e-26 	3.855760e-11 	1.776357e-15 	0.000000e+00
1748 	2.236891e-01 	1.094298e+05 	2.312227e-26 	3.855760e-11 	1.776357e-15 	0.000000e+00
1749 	2.232418e-01 	1.094298e+05 	2.312227e-26 	3.855760e-11 	1.776357e-15 	0.000000e+00
1750 	2.227953e-01 	1.094298e+05 	6.774626e-29 	3.855760e-11 	1.776357e-15 	0.000000e+00
1751 	2.223497e-01 	1.094298e+05 	1.094164e-26 	3.855760e-11 	1.776357e-15 	0.000000e+00
1752 	2.219050e-01 	1.094298e+05 	1.094164e-26 	3.855760e-11 	1.776357e-15 	0.000000e+00
1753 	2.214612e-01 	1.094298e+05 	1.094164e-26 	3.855760e-11 	1.776357e-15 	0.000000e+00
1754 	2.210182e-01 	1.094298e+05 	1.094164e-26 	3.855760e-11 	1.776357e-15 	0.000000e+00
1755 	2.205762e-01 	1.094298e+05 	1.102537e-26 	3.855760e-11 	1.776357e-15 	0.000000e+00
1756 	2.201351e-01 	1.094298e+05 	1.102537e-26 	3.855760e-11 	1.776357e-15 	0.000000e+00
1757 	2.196948e-01 	1.094298e+05 	2.345952e-27 	3.855760e-11 	1.776357e-15 	0.000000e+00
1758 	2.192554e-01 	1.094298e+05 	1.752645e-26 	3.855760e-11 	1.776357e-15 	0.000000e+00
1759 	2.188169e-01 	1.094298e+05 	1.752645e-26 	3.855760e-11 	1.776357e-15 	0.000000e+00
1760 	2.183793e-01 	1.094298e+05 	1.752645e-26 	3.855760e-11 	1.776357e-15 	0.000000e+00
1761 	2.179425e-01 	1.094298e+05 	3.069363e-27 	3.855760e-11 	1.776357e-15 	0.000000e+00
1762 	2.175066e-01 	1.094298e+05 	3.069363e-27 	3.855760e-11 	1.776357e-15 	0.000000e+00
1763 	2.170716e-01 	1.094298e+05 	3.069363e-27 	3.855760e-11 	1.776357e-15 	0.000000e+00
1764 	2.166375e-01 	1.094298e+05 	7.730456e-28 	3.855760e-11 	1.776357e-15 	0.000000e+00
1765 	2.162042e-01 	1.094298e+05 	7.730456e-28 	3.855760e-11 	1.776357e-15 	0.000000e+00
1766 	2.157718e-01 	1.094298e+05 	7.729750e-28 	3.855760e-11 	1.776357e-15 	0.000000e+00
1767 	2.153402e-01 	1.094298e+05 	7.729750e-28 	3.855760e-11 	1.776357e-15 	0.000000e+00
1768 	2.149095e-01 	1.094298e+05 	3.815074e-26 	3.855760e-11 	1.776357e-15 	0.000000e+00
1769 	2.144797e-01 	1.094298e+05 	3.815074e-26 	3.855760e-11 	1.776357e-15 	0.000000e+00
1770 	2.140508e-01 	1.094298e+05 	3.815074e-26 	3.855760e-11 	1.776357e-15 	0.000000e+00
1771 	2.136227e-01 	1.094298e+05 	3.815074e-26 	3.855760e-11 	1.776357e-15 	0.000000e+00
1772 	2.131954e-01 	1.094298e+05 	3.798650e-26 	3.855760e-11 	1.776357e-15 	0.000000e+00
1773 	2.127690e-01 	1.094298e+05 	2.341252e-27 	3.855760e-11 	1.776357e-15 	0.000000e+00
1774 	2.123435e-01 	1.094298e+05 	2.341252e-27 	3.855760e-11 	1.776357e-15 	0.000000e+00
1775 	2.119188e-01 	1.094298e+05 	4.494393e-29 	3.855760e-11 	1.776357e-15 	0.000000e+00
1776 	2.114950e-01 	1.094298e+05 	4.494393e-29 	3.855760e-11 	1.776357e-15 	0.000000e+00
1777 	2.110720e-01 	1.094298e+05 	4.494393e-29 	3.855760e-11 	1.776357e-15 	0.000000e+00
1778 	2.106498e-01 	1.094298e+05 	5.951174e-27 	3.855760e-11 	1.776357e-15 	0.000000e+00
1779 	2.102285e-01 	1.094298e+05 	5.951174e-27 	3.855760e-11 	1.776357e-15 	0.000000e+00
1780 	2.098081e-01 	1.094298e+05 	5.951174e-27 	3.855760e-11 	1.776357e-15 	0.000000e+00
1781 	2.093885e-01 	1.094298e+05 	5.950771e-27 	3.855760e-11 	1.776357e-15 	0.000000e+00
1782 	2.089697e-01 	1.094298e+05 	5.950771e-27 	3.855760e-11 	1.776357e-15 	0.000000e+00
1783 	2.085517e-01 	1.094298e+05 	5.906490e-27 	3.855760e-11 	1.776357e-15 	0.000000e+00
1784 	2.081346e-01 	1.094298e+05 	1.937845e-27 	3.855760e-11 	1.776357e-15 	0.000000e+00
1785 	2.077184e-01 	1.094298e+05 	9.777037e-27 	3.855760e-11 	1.776357e-15 	0.000000e+00
1786 	2.073029e-01 	1.094298e+05 	4.393603e-28 	3.855760e-11 	1.776357e-15 	0.000000e+00
1787 	2.068883e-01 	1.094298e+05 	1.034144e-30 	3.855760e-11 	1.776357e-15 	0.000000e+00
1788 	2.064746e-01 	1.094298e+05 	1.034144e-30 	3.855760e-11 	1.776357e-15 	0.000000e+00
1789 	2.060616e-01 	1.094298e+05 	1.034144e-30 	3.855760e-11 	1.776357e-15 	0.000000e+00
1790 	2.056495e-01 	1.094298e+05 	5.600451e-27 	3.855760e-11 	1.776357e-15 	0.000000e+00
1791 	2.052382e-01 	1.094298e+05 	5.524220e-27 	3.855760e-11 	1.776357e-15 	0.000000e+00
1792 	2.048277e-01 	1.094298e+05 	5.524220e-27 	3.855760e-11 	1.776357e-15 	0.000000e+00
1793 	2.044180e-01 	1.094298e+05 	5.524220e-27 	3.855760e-11 	1.776357e-15 	0.000000e+00
1794 	2.040092e-01 	1.094298e+05 	5.524220e-27 	3.855760e-11 	1.776357e-15 	0.000000e+00
1795 	2.036012e-01 	1.094298e+05 	5.524220e-27 	3.855760e-11 	1.776357e-15 	0.000000e+00
1796 	2.031940e-01 	1.094298e+05 	5.524220e-27 	3.855760e-11 	1.776357e-15 	0.000000e+00
1797 	2.027876e-01 	1.094298e+05 	5.524220e-27 	3.855760e-11 	1.776357e-15 	0.000000e+00
1798 	2.023820e-01 	1.094298e+05 	5.524220e-27 	3.855760e-11 	1.776357e-15 	0.000000e+00
1799 	2.019773e-01 	1.094298e+05 	5.524220e-27 	3.855760e-11 	1.776357e-15 	0.000000e+00
1800 	2.015733e-01 	1.094298e+05 	5.524111e-27 	3.855760e-11 	1.776357e-15 	0.000000e+00
1801 	2.011702e-01 	1.094298e+05 	1.556873e-26 	3.855760e-11 	1.776357e-15 	0.000000e+00
1802 	2.007678e-01 	1.094298e+05 	1.555812e-26 	3.855760e-11 	1.776357e-15 	0.000000e+00
1803 	2.003663e-01 	1.094298e+05 	1.555812e-26 	3.855760e-11 	1.776357e-15 	0.000000e+00
1804 	1.999656e-01 	1.094298e+05 	3.983973e-26 	3.855760e-11 	1.776357e-15 	0.000000e+00
1805 	1.995656e-01 	1.094298e+05 	3.983973e-26 	3.855760e-11 	1.776357e-15 	0.000000e+00
1806 	1.991665e-01 	1.094298e+05 	4.539933e-26 	3.855760e-11 	1.776357e-15 	0.000000e+00
1807 	1.987682e-01 	1.094298e+05 	3.998242e-26 	3.855760e-11 	1.776357e-15 	0.000000e+00
1808 	1.983706e-01 	1.094298e+05 	1.484060e-26 	3.855760e-11 	1.776357e-15 	0.000000e+00
1809 	1.979739e-01 	1.094298e+05 	1.484060e-26 	3.855760e-11 	1.776357e-15 	0.000000e+00
1810 	1.975779e-01 	1.094298e+05 	1.484060e-26 	3.855760e-11 	1.776357e-15 	0.000000e+00
1811 	1.971828e-01 	1.094298e+05 	1.484060e-26 	3.855760e-11 	1.776357e-15 	0.000000e+00
1812 	1.967884e-01 	1.094298e+05 	3.721380e-27 	3.855760e-11 	1.776357e-15 	0.000000e+00
1813 	1.963948e-01 	1.094298e+05 	3.721380e-27 	3.855760e-11 	1.776357e-15 	0.000000e+00
1814 	1.960020e-01 	1.094298e+05 	3.721380e-27 	3.855760e-11 	1.776357e-15 	0.000000e+00
1815 	1.956100e-01 	1.094298e+05 	3.721380e-27 	3.855760e-11 	1.776357e-15 	0.000000e+00
1816 	1.952188e-01 	1.094298e+05 	5.714093e-28 	3.855760e-11 	1.776357e-15 	0.000000e+00
1817 	1.948284e-01 	1.094298e+05 	5.714093e-28 	3.855760e-11 	1.776357e-15 	0.000000e+00
1818 	1.944387e-01 	1.094298e+05 	5.714093e-28 	3.855760e-11 	1.776357e-15 	0.000000e+00
1819 	1.940499e-01 	1.094298e+05 	5.714093e-28 	3.855760e-11 	1.776357e-15 	0.000000e+00
1820 	1.936618e-01 	1.094298e+05 	5.714093e-28 	3.855760e-11 	1.776357e-15 	0.000000e+00
1821 	1.932744e-01 	1.094298e+05 	2.877865e-28 	3.855760e-11 	1.776357e-15 	0.000000e+00
1822 	1.928879e-01 	1.094298e+05 	2.877865e-28 	3.855760e-11 	1.776357e-15 	0.000000e+00
1823 	1.925021e-01 	1.094298e+05 	1.235543e-28 	3.855760e-11 	1.776357e-15 	0.000000e+00
1824 	1.921171e-01 	1.094298e+05 	1.235543e-28 	3.855760e-11 	1.776357e-15 	0.000000e+00
1825 	1.917329e-01 	1.094298e+05 	1.235543e-28 	3.855760e-11 	1.776357e-15 	0.000000e+00
1826 	1.913494e-01 	1.094298e+05 	4.395576e-28 	3.855760e-11 	1.776357e-15 	0.000000e+00
1827 	1.909667e-01 	1.094298e+05 	4.395576e-28 	3.855760e-11 	1.776357e-15 	0.000000e+00
1828 	1.905848e-01 	1.094298e+05 	4.395576e-28 	3.855760e-11 	1.776357e-15 	0.000000e+00
1829 	1.902036e-01 	1.094298e+05 	4.113831e-26 	3.855760e-11 	1.776357e-15 	0.000000e+00
1830 	1.898232e-01 	1.094298e+05 	4.113831e-26 	3.855760e-11 	1.776357e-15 	0.000000e+00
1831 	1.894435e-01 	1.094298e+05 	4.113831e-26 	3.855760e-11 	1.776357e-15 	0.000000e+00
1832 	1.890647e-01 	1.094298e+05 	4.113831e-26 	3.855760e-11 	1.776357e-15 	0.000000e+00
1833 	1.886865e-01 	1.094298e+05 	4.509033e-26 	3.855760e-11 	1.776357e-15 	0.000000e+00
1834 	1.883092e-01 	1.094298e+05 	4.505409e-26 	3.855760e-11 	1.776357e-15 	0.000000e+00
1835 	1.879325e-01 	1.094298e+05 	4.342934e-26 	3.855760e-11 	1.776357e-15 	0.000000e+00
1836 	1.875567e-01 	1.094298e+05 	4.342934e-26 	3.855760e-11 	1.776357e-15 	0.000000e+00
1837 	1.871816e-01 	1.094298e+05 	4.342934e-26 	3.855760e-11 	1.776357e-15 	0.000000e+00
1838 	1.868072e-01 	1.094298e+05 	5.493098e-27 	3.855760e-11 	1.776357e-15 	0.000000e+00
1839 	1.864336e-01 	1.094298e+05 	5.493098e-27 	3.855760e-11 	1.776357e-15 	0.000000e+00
1840 	1.860607e-01 	1.094298e+05 	5.493098e-27 	3.855760e-11 	1.776357e-15 	0.000000e+00
1841 	1.856886e-01 	1.094298e+05 	2.051961e-26 	3.855760e-11 	1.776357e-15 	0.000000e+00
1842 	1.853172e-01 	1.094298e+05 	2.051944e-26 	3.855760e-11 	1.776357e-15 	0.000000e+00
1843 	1.849466e-01 	1.094298e+05 	2.051944e-26 	3.855760e-11 	1.776357e-15 	0.000000e+00
1844 	1.845767e-01 	1.094298e+05 	2.051944e-26 	3.855760e-11 	1.776357e-15 	0.000000e+00
1845 	1.842075e-01 	1.094298e+05 	2.051944e-26 	3.855760e-11 	1.776357e-15 	0.000000e+00
1846 	1.838391e-01 	1.094298e+05 	2.051944e-26 	3.855760e-11 	1.776357e-15 	0.000000e+00
1847 	1.834714e-01 	1.094298e+05 	2.471585e-26 	3.855760e-11 	1.776357e-15 	0.000000e+00
1848 	1.831045e-01 	1.094298e+05 	2.471585e-26 	3.855760e-11 	1.776357e-15 	0.000000e+00
1849 	1.827383e-01 	1.094298e+05 	3.426343e-26 	3.855760e-11 	1.776357e-15 	0.000000e+00
1850 	1.823728e-01 	1.094298e+05 	2.493636e-26 	3.855760e-11 	1.776357e-15 	0.000000e+00
1851 	1.820081e-01 	1.094298e+05 	1.043025e-26 	3.855760e-11 	1.776357e-15 	0.000000e+00
1852 	1.816441e-01 	1.094298e+05 	1.043025e-26 	3.855760e-11 	1.776357e-15 	0.000000e+00
1853 	1.812808e-01 	1.094298e+05 	1.035401e-26 	3.855760e-11 	1.776357e-15 	0.000000e+00
1854 	1.809182e-01 	1.094298e+05 	1.035401e-26 	3.855760e-11 	1.776357e-15 	0.000000e+00
1855 	1.805564e-01 	1.094298e+05 	1.035401e-26 	3.855760e-11 	1.776357e-15 	0.000000e+00
1856 	1.801953e-01 	1.094298e+05 	2.732052e-26 	3.855760e-11 	1.776357e-15 	0.000000e+00
1857 	1.798349e-01 	1.094298e+05 	2.732052e-26 	3.855760e-11 	1.776357e-15 	0.000000e+00
1858 	1.794752e-01 	1.094298e+05 	2.481388e-26 	3.855760e-11 	1.776357e-15 	0.000000e+00
1859 	1.791162e-01 	1.094298e+05 	2.091266e-26 	3.855760e-11 	1.776357e-15 	0.000000e+00
1860 	1.787580e-01 	1.094298e+05 	2.091266e-26 	3.855760e-11 	1.776357e-15 	0.000000e+00
1861 	1.784005e-01 	1.094298e+05 	3.256646e-26 	3.855760e-11 	1.776357e-15 	0.000000e+00
1862 	1.780437e-01 	1.094298e+05 	3.256646e-26 	3.855760e-11 	1.776357e-15 	0.000000e+00
1863 	1.776876e-01 	1.094298e+05 	3.256646e-26 	3.855760e-11 	1.776357e-15 	0.000000e+00
1864 	1.773322e-01 	1.094298e+05 	3.256646e-26 	3.855760e-11 	1.776357e-15 	0.000000e+00
1865 	1.769776e-01 	1.094298e+05 	3.256646e-26 	3.855760e-11 	1.776357e-15 	0.000000e+00
1866 	1.766236e-01 	1.094298e+05 	3.503371e-26 	3.855760e-11 	1.776357e-15 	0.000000e+00
1867 	1.762704e-01 	1.094298e+05 	3.503371e-26 	3.855760e-11 	1.776357e-15 	0.000000e+00
1868 	1.759178e-01 	1.094298e+05 	3.503371e-26 	3.855760e-11 	1.776357e-15 	0.000000e+00
1869 	1.755660e-01 	1.094298e+05 	3.503371e-26 	3.855760e-11 	1.776357e-15 	0.000000e+00
1870 	1.752149e-01 	1.094298e+05 	5.552199e-26 	3.855760e-11 	1.776357e-15 	0.000000e+00
1871 	1.748644e-01 	1.094298e+05 	5.552199e-26 	3.855760e-11 	1.776357e-15 	0.000000e+00
1872 	1.745147e-01 	1.094298e+05 	1.442574e-27 	3.855760e-11 	1.776357e-15 	0.000000e+00
1873 	1.741657e-01 	1.094298e+05 	1.428808e-26 	3.855760e-11 	1.776357e-15 	0.000000e+00
1874 	1.738173e-01 	1.094298e+05 	5.339098e-26 	3.855760e-11 	1.776357e-15 	0.000000e+00
1875 	1.734697e-01 	1.094298e+05 	5.466671e-27 	3.855760e-11 	1.776357e-15 	0.000000e+00
1876 	1.731228e-01 	1.094298e+05 	3.892196e-27 	3.855760e-11 	1.776357e-15 	0.000000e+00
1877 	1.727765e-01 	1.094298e+05 	3.892196e-27 	3.855760e-11 	1.776357e-15 	0.000000e+00
1878 	1.724310e-01 	1.094298e+05 	3.892196e-27 	3.855760e-11 	1.776357e-15 	0.000000e+00
1879 	1.720861e-01 	1.094298e+05 	3.892196e-27 	3.855760e-11 	1.776357e-15 	0.000000e+00
1880 	1.717419e-01 	1.094298e+05 	3.892196e-27 	3.855760e-11 	1.776357e-15 	0.000000e+00
1881 	1.713984e-01 	1.094298e+05 	3.892196e-27 	3.855760e-11 	1.776357e-15 	0.000000e+00
1882 	1.710556e-01 	1.094298e+05 	3.892196e-27 	3.855760e-11 	1.776357e-15 	0.000000e+00
1883 	1.707135e-01 	1.094298e+05 	3.892196e-27 	3.855760e-11 	1.776357e-15 	0.000000e+00
1884 	1.703721e-01 	1.094298e+05 	3.892196e-27 	3.855760e-11 	1.776357e-15 	0.000000e+00
1885 	1.700314e-01 	1.094298e+05 	3.892196e-27 	3.855760e-11 	1.776357e-15 	0.000000e+00
1886 	1.696913e-01 	1.094298e+05 	3.892196e-27 	3.855760e-11 	1.776357e-15 	0.000000e+00
1887 	1.693519e-01 	1.094298e+05 	3.891573e-27 	3.855760e-11 	1.776357e-15 	0.000000e+00
1888 	1.690132e-01 	1.094298e+05 	3.891573e-27 	3.855760e-11 	1.776357e-15 	0.000000e+00
1889 	1.686752e-01 	1.094298e+05 	3.891573e-27 	3.855760e-11 	1.776357e-15 	0.000000e+00
1890 	1.683378e-01 	1.094298e+05 	1.854002e-26 	3.855760e-11 	1.776357e-15 	0.000000e+00
1891 	1.680012e-01 	1.094298e+05 	1.854002e-26 	3.855760e-11 	1.776357e-15 	0.000000e+00
1892 	1.676652e-01 	1.094298e+05 	1.853770e-26 	3.855760e-11 	1.776357e-15 	0.000000e+00
1893 	1.673298e-01 	1.094298e+05 	2.659092e-26 	3.855760e-11 	1.776357e-15 	0.000000e+00
1894 	1.669952e-01 	1.094298e+05 	2.659092e-26 	3.855760e-11 	1.776357e-15 	0.000000e+00
1895 	1.666612e-01 	1.094298e+05 	1.702703e-26 	3.855760e-11 	1.776357e-15 	0.000000e+00
1896 	1.663279e-01 	1.094298e+05 	1.702703e-26 	3.855760e-11 	1.776357e-15 	0.000000e+00
1897 	1.659952e-01 	1.094298e+05 	1.702703e-26 	3.855760e-11 	1.776357e-15 	0.000000e+00
1898 	1.656632e-01 	1.094298e+05 	1.702703e-26 	3.855760e-11 	1.776357e-15 	0.000000e+00
1899 	1.653319e-01 	1.094298e+05 	1.702703e-26 	3.855760e-11 	1.776357e-15 	0.000000e+00
1900 	1.650012e-01 	1.094298e+05 	2.379611e-26 	3.855760e-11 	1.776357e-15 	0.000000e+00
1901 	1.646712e-01 	1.094298e+05 	2.379611e-26 	3.855760e-11 	1.776357e-15 	0.000000e+00
1902 	1.643419e-01 	1.094298e+05 	2.379611e-26 	3.855760e-11 	1.776357e-15 	0.000000e+00
1903 	1.640132e-01 	1.094298e+05 	2.379611e-26 	3.855760e-11 	1.776357e-15 	0.000000e+00
1904 	1.636852e-01 	1.094298e+05 	2.116515e-26 	3.855760e-11 	1.776357e-15 	0.000000e+00
1905 	1.633578e-01 	1.094298e+05 	2.116515e-26 	3.855760e-11 	1.776357e-15 	0.000000e+00
1906 	1.630311e-01 	1.094298e+05 	2.116515e-26 	3.855760e-11 	1.776357e-15 	0.000000e+00
1907 	1.627050e-01 	1.094298e+05 	2.116515e-26 	3.855760e-11 	1.776357e-15 	0.000000e+00
1908 	1.623796e-01 	1.094298e+05 	2.116515e-26 	3.855760e-11 	1.776357e-15 	0.000000e+00
1909 	1.620548e-01 	1.094298e+05 	2.116515e-26 	3.855760e-11 	1.776357e-15 	0.000000e+00
1910 	1.617307e-01 	1.094298e+05 	1.403612e-30 	3.855760e-11 	1.776357e-15 	0.000000e+00
1911 	1.614073e-01 	1.094298e+05 	1.403612e-30 	3.855760e-11 	1.776357e-15 	0.000000e+00
1912 	1.610845e-01 	1.094298e+05 	1.403612e-30 	3.855760e-11 	1.776357e-15 	0.000000e+00
1913 	1.607623e-01 	1.094298e+05 	1.403612e-30 	3.855760e-11 	1.776357e-15 	0.000000e+00
1914 	1.604408e-01 	1.094298e+05 	1.403612e-30 	3.855760e-11 	1.776357e-15 	0.000000e+00
1915 	1.601199e-01 	1.094298e+05 	3.028430e-26 	3.855760e-11 	1.776357e-15 	0.000000e+00
1916 	1.597996e-01 	1.094298e+05 	3.028430e-26 	3.855760e-11 	1.776357e-15 	0.000000e+00
1917 	1.594800e-01 	1.094298e+05 	3.028430e-26 	3.855760e-11 	1.776357e-15 	0.000000e+00
1918 	1.591611e-01 	1.094298e+05 	4.922123e-28 	3.855760e-11 	1.776357e-15 	0.000000e+00
1919 	1.588428e-01 	1.094298e+05 	4.922123e-28 	3.855760e-11 	1.776357e-15 	0.000000e+00
1920 	1.585251e-01 	1.094298e+05 	4.922123e-28 	3.855760e-11 	1.776357e-15 	0.000000e+00
1921 	1.582080e-01 	1.094298e+05 	4.922123e-28 	3.855760e-11 	1.776357e-15 	0.000000e+00
1922 	1.578916e-01 	1.094298e+05 	4.922123e-28 	3.855760e-11 	1.776357e-15 	0.000000e+00
1923 	1.575758e-01 	1.094298e+05 	4.922123e-28 	3.855760e-11 	1.776357e-15 	0.000000e+00
1924 	1.572607e-01 	1.094298e+05 	4.738287e-27 	3.855760e-11 	1.776357e-15 	0.000000e+00
1925 	1.569462e-01 	1.094298e+05 	4.738287e-27 	3.855760e-11 	1.776357e-15 	0.000000e+00
1926 	1.566323e-01 	1.094298e+05 	1.448944e-26 	3.855760e-11 	1.776357e-15 	0.000000e+00
1927 	1.563190e-01 	1.094298e+05 	8.402164e-27 	3.855760e-11 	1.776357e-15 	0.000000e+00
1928 	1.560064e-01 	1.094298e+05 	8.402164e-27 	3.855760e-11 	1.776357e-15 	0.000000e+00
1929 	1.556944e-01 	1.094298e+05 	8.402164e-27 	3.855760e-11 	1.776357e-15 	0.000000e+00
1930 	1.553830e-01 	1.094298e+05 	8.402164e-27 	3.855760e-11 	1.776357e-15 	0.000000e+00
1931 	1.550722e-01 	1.094298e+05 	8.402164e-27 	3.855760e-11 	1.776357e-15 	0.000000e+00
1932 	1.547621e-01 	1.094298e+05 	8.402164e-27 	3.855760e-11 	1.776357e-15 	0.000000e+00
1933 	1.544525e-01 	1.094298e+05 	8.402164e-27 	3.855760e-11 	1.776357e-15 	0.000000e+00
1934 	1.541436e-01 	1.094298e+05 	8.402164e-27 	3.855760e-11 	1.776357e-15 	0.000000e+00
1935 	1.538353e-01 	1.094298e+05 	8.402164e-27 	3.855760e-11 	1.776357e-15 	0.000000e+00
1936 	1.535277e-01 	1.094298e+05 	8.402164e-27 	3.855760e-11 	1.776357e-15 	0.000000e+00
1937 	1.532206e-01 	1.094298e+05 	8.402164e-27 	3.855760e-11 	1.776357e-15 	0.000000e+00
1938 	1.529142e-01 	1.094298e+05 	8.402164e-27 	3.855760e-11 	1.776357e-15 	0.000000e+00
1939 	1.526083e-01 	1.094298e+05 	8.402164e-27 	3.855760e-11 	1.776357e-15 	0.000000e+00
1940 	1.523031e-01 	1.094298e+05 	8.402164e-27 	3.855760e-11 	1.776357e-15 	0.000000e+00
1941 	1.519985e-01 	1.094298e+05 	8.402164e-27 	3.855760e-11 	1.776357e-15 	0.000000e+00
1942 	1.516945e-01 	1.094298e+05 	8.402164e-27 	3.855760e-11 	1.776357e-15 	0.000000e+00
1943 	1.513911e-01 	1.094298e+05 	8.402164e-27 	3.855760e-11 	1.776357e-15 	0.000000e+00
1944 	1.510883e-01 	1.094298e+05 	1.229277e-26 	3.855760e-11 	1.776357e-15 	0.000000e+00
1945 	1.507862e-01 	1.094298e+05 	2.688131e-26 	3.855760e-11 	1.776357e-15 	0.000000e+00
1946 	1.504846e-01 	1.094298e+05 	2.688131e-26 	3.855760e-11 	1.776357e-15 	0.000000e+00
1947 	1.501836e-01 	1.094298e+05 	2.688131e-26 	3.855760e-11 	1.776357e-15 	0.000000e+00
1948 	1.498833e-01 	1.094298e+05 	2.688131e-26 	3.855760e-11 	1.776357e-15 	0.000000e+00
1949 	1.495835e-01 	1.094298e+05 	2.688131e-26 	3.855760e-11 	1.776357e-15 	0.000000e+00
1950 	1.492843e-01 	1.094298e+05 	2.688131e-26 	3.855760e-11 	1.776357e-15 	0.000000e+00
1951 	1.489858e-01 	1.094298e+05 	2.688131e-26 	3.855760e-11 	1.776357e-15 	0.000000e+00
1952 	1.486878e-01 	1.094298e+05 	2.688131e-26 	3.855760e-11 	1.776357e-15 	0.000000e+00
1953 	1.483904e-01 	1.094298e+05 	2.298827e-26 	3.855760e-11 	1.776357e-15 	0.000000e+00
1954 	1.480936e-01 	1.094298e+05 	2.298827e-26 	3.855760e-11 	1.776357e-15 	0.000000e+00
1955 	1.477974e-01 	1.094298e+05 	1.648852e-26 	3.855760e-11 	1.776357e-15 	0.000000e+00
1956 	1.475019e-01 	1.094298e+05 	1.648852e-26 	3.855760e-11 	1.776357e-15 	0.000000e+00
1957 	1.472068e-01 	1.094298e+05 	1.445750e-26 	3.855760e-11 	1.776357e-15 	0.000000e+00
1958 	1.469124e-01 	1.094298e+05 	1.445750e-26 	3.855760e-11 	1.776357e-15 	0.000000e+00
1959 	1.466186e-01 	1.094298e+05 	1.445750e-26 	3.855760e-11 	1.776357e-15 	0.000000e+00
1960 	1.463254e-01 	1.094298e+05 	1.445750e-26 	3.855760e-11 	1.776357e-15 	0.000000e+00
1961 	1.460327e-01 	1.094298e+05 	1.445750e-26 	3.855760e-11 	1.776357e-15 	0.000000e+00
1962 	1.457407e-01 	1.094298e+05 	1.445750e-26 	3.855760e-11 	1.776357e-15 	0.000000e+00
1963 	1.454492e-01 	1.094298e+05 	4.527849e-26 	3.855760e-11 	1.776357e-15 	0.000000e+00
1964 	1.451583e-01 	1.094298e+05 	4.527849e-26 	3.855760e-11 	1.776357e-15 	0.000000e+00
1965 	1.448680e-01 	1.094298e+05 	4.559034e-26 	3.855760e-11 	1.776357e-15 	0.000000e+00
1966 	1.445782e-01 	1.094298e+05 	4.559034e-26 	3.855760e-11 	1.776357e-15 	0.000000e+00
1967 	1.442891e-01 	1.094298e+05 	4.559034e-26 	3.855760e-11 	1.776357e-15 	0.000000e+00
1968 	1.440005e-01 	1.094298e+05 	4.559034e-26 	3.855760e-11 	1.776357e-15 	0.000000e+00
1969 	1.437125e-01 	1.094298e+05 	4.559034e-26 	3.855760e-11 	1.776357e-15 	0.000000e+00
1970 	1.434251e-01 	1.094298e+05 	5.787692e-26 	3.855760e-11 	1.776357e-15 	0.000000e+00
1971 	1.431382e-01 	1.094298e+05 	5.787692e-26 	3.855760e-11 	1.776357e-15 	0.000000e+00
1972 	1.428519e-01 	1.094298e+05 	5.787692e-26 	3.855760e-11 	1.776357e-15 	0.000000e+00
1973 	1.425662e-01 	1.094298e+05 	5.984821e-119 	3.855760e-11 	8.881784e-16 	0.000000e+00
1974 	1.422811e-01 	1.094298e+05 	5.984821e-119 	3.855760e-11 	8.881784e-16 	0.000000e+00
1975 	1.419965e-01 	1.094298e+05 	5.984821e-119 	3.855760e-11 	8.881784e-16 	0.000000e+00
1976 	1.417125e-01 	1.094298e+05 	5.984821e-119 	3.855760e-11 	8.881784e-16 	0.000000e+00
1977 	1.414291e-01 	1.094298e+05 	5.984821e-119 	3.855760e-11 	8.881784e-16 	0.000000e+00
1978 	1.411463e-01 	1.094298e+05 	5.984821e-119 	3.855760e-11 	8.881784e-16 	0.000000e+00
1979 	1.408640e-01 	1.094298e+05 	5.984821e-119 	3.855760e-11 	8.881784e-16 	0.000000e+00
1980 	1.405822e-01 	1.094298e+05 	8.483535e-124 	3.855760e-11 	8.881784e-16 	0.000000e+00
1981 	1.403011e-01 	1.094298e+05 	8.483535e-124 	3.855760e-11 	8.881784e-16 	0.000000e+00
1982 	1.400205e-01 	1.094298e+05 	8.483535e-124 	3.855760e-11 	8.881784e-16 	0.000000e+00
1983 	1.397404e-01 	1.094298e+05 	8.483535e-124 	3.855760e-11 	8.881784e-16 	0.000000e+00
1984 	1.394610e-01 	1.094298e+05 	8.483535e-124 	3.855760e-11 	8.881784e-16 	0.000000e+00
1985 	1.391820e-01 	1.094298e+05 	8.483535e-124 	3.855760e-11 	8.881784e-16 	0.000000e+00
1986 	1.389037e-01 	1.094298e+05 	5.984872e-119 	3.855760e-11 	8.881784e-16 	0.000000e+00
1987 	1.386259e-01 	1.094298e+05 	5.984872e-119 	3.855760e-11 	8.881784e-16 	0.000000e+00
1988 	1.383486e-01 	1.094298e+05 	5.984872e-119 	3.855760e-11 	8.881784e-16 	0.000000e+00
1989 	1.380719e-01 	1.094298e+05 	5.984872e-119 	3.855760e-11 	8.881784e-16 	0.000000e+00
1990 	1.377958e-01 	1.094298e+05 	5.984872e-119 	3.855760e-11 	8.881784e-16 	0.000000e+00
1991 	1.375202e-01 	1.094298e+05 	5.984872e-119 	3.855760e-11 	8.881784e-16 	0.000000e+00
1992 	1.372451e-01 	1.094298e+05 	5.984872e-119 	3.855760e-11 	8.881784e-16 	0.000000e+00
1993 	1.369706e-01 	1.094298e+05 	5.984871e-119 	3.855760e-11 	8.881784e-16 	0.000000e+00
1994 	1.366967e-01 	1.094298e+05 	5.984871e-119 	3.855760e-11 	8.881784e-16 	0.000000e+00
1995 	1.364233e-01 	1.094298e+05 	2.850864e-124 	3.855760e-11 	8.881784e-16 	0.000000e+00
1996 	1.361505e-01 	1.094298e+05 	5.984877e-119 	3.855760e-11 	8.881784e-16 	0.000000e+00
1997 	1.358782e-01 	1.094298e+05 	5.984877e-119 	3.855760e-11 	8.881784e-16 	0.000000e+00
1998 	1.356064e-01 	1.094298e+05 	5.984905e-119 	3.855760e-11 	8.881784e-16 	0.000000e+00
1999 	1.353352e-01 	1.094298e+05 	5.984905e-119 	3.855760e-11 	8.881784e-16 	0.000000e+00
2000 	1.350645e-01 	1.094298e+05 	5.984873e-119 	3.855760e-11 	8.881784e-16 	0.000000e+00
2001 	1.347944e-01 	1.094298e+05 	5.984873e-119 	3.855760e-11 	8.881784e-16 	0.000000e+00
2002 	1.345248e-01 	1.094298e+05 	5.984873e-119 	3.855760e-11 	8.881784e-16 	0.000000e+00
2003 	1.342558e-01 	1.094298e+05 	5.984873e-119 	3.855760e-11 	8.881784e-16 	0.000000e+00
2004 	1.339872e-01 	1.094298e+05 	5.984918e-119 	3.855760e-11 	8.881784e-16 	0.000000e+00
2005 	1.337193e-01 	1.094298e+05 	3.731575e-124 	3.855760e-11 	8.881784e-16 	0.000000e+00
2006 	1.334518e-01 	1.094298e+05 	3.731575e-124 	3.855760e-11 	8.881784e-16 	0.000000e+00
2007 	1.331849e-01 	1.094298e+05 	3.731575e-124 	3.855760e-11 	8.881784e-16 	0.000000e+00
2008 	1.329186e-01 	1.094298e+05 	3.731575e-124 	3.855760e-11 	8.881784e-16 	0.000000e+00
2009 	1.326527e-01 	1.094298e+05 	3.344186e-124 	3.855760e-11 	8.881784e-16 	0.000000e+00
2010 	1.323874e-01 	1.094298e+05 	3.344186e-124 	3.855760e-11 	8.881784e-16 	0.000000e+00
2011 	1.321226e-01 	1.094298e+05 	4.557568e-124 	3.855760e-11 	8.881784e-16 	0.000000e+00
2012 	1.318584e-01 	1.094298e+05 	7.960086e-124 	3.855760e-11 	8.881784e-16 	0.000000e+00
2013 	1.315947e-01 	1.094298e+05 	7.960086e-124 	3.855760e-11 	8.881784e-16 	0.000000e+00
2014 	1.313315e-01 	1.094298e+05 	7.960086e-124 	3.855760e-11 	8.881784e-16 	0.000000e+00
2015 	1.310688e-01 	1.094298e+05 	7.960086e-124 	3.855760e-11 	8.881784e-16 	0.000000e+00
2016 	1.308067e-01 	1.094298e+05 	7.960086e-124 	3.855760e-11 	8.881784e-16 	0.000000e+00
2017 	1.305451e-01 	1.094298e+05 	7.960086e-124 	3.855760e-11 	8.881784e-16 	0.000000e+00
2018 	1.302840e-01 	1.094298e+05 	7.960086e-124 	3.855760e-11 	8.881784e-16 	0.000000e+00
2019 	1.300234e-01 	1.094298e+05 	7.960086e-124 	3.855760e-11 	8.881784e-16 	0.000000e+00
2020 	1.297634e-01 	1.094298e+05 	9.325148e-124 	3.855760e-11 	8.881784e-16 	0.000000e+00
2021 	1.295038e-01 	1.094298e+05 	4.125225e-124 	3.855760e-11 	8.881784e-16 	0.000000e+00
2022 	1.292448e-01 	1.094298e+05 	4.724754e-124 	3.855760e-11 	8.881784e-16 	0.000000e+00
2023 	1.289863e-01 	1.094298e+05 	4.724754e-124 	3.855760e-11 	8.881784e-16 	0.000000e+00
2024 	1.287284e-01 	1.094298e+05 	4.724754e-124 	3.855760e-11 	8.881784e-16 	0.000000e+00
2025 	1.284709e-01 	1.094298e+05 	4.724754e-124 	3.855760e-11 	8.881784e-16 	0.000000e+00
2026 	1.282140e-01 	1.094298e+05 	7.388968e-124 	3.855760e-11 	8.881784e-16 	0.000000e+00
2027 	1.279575e-01 	1.094298e+05 	1.202219e-123 	3.855760e-11 	8.881784e-16 	0.000000e+00
2028 	1.277016e-01 	1.094298e+05 	1.202219e-123 	3.855760e-11 	8.881784e-16 	0.000000e+00
2029 	1.274462e-01 	1.094298e+05 	1.265859e-123 	3.855760e-11 	8.881784e-16 	0.000000e+00
2030 	1.271913e-01 	1.094298e+05 	1.265859e-123 	3.855760e-11 	8.881784e-16 	0.000000e+00
2031 	1.269370e-01 	1.094298e+05 	1.265859e-123 	3.855760e-11 	8.881784e-16 	0.000000e+00
2032 	1.266831e-01 	1.094298e+05 	1.265859e-123 	3.855760e-11 	8.881784e-16 	0.000000e+00
2033 	1.264297e-01 	1.094298e+05 	3.000073e-124 	3.855760e-11 	8.881784e-16 	0.000000e+00
2034 	1.261769e-01 	1.094298e+05 	3.000073e-124 	3.855760e-11 	8.881784e-16 	0.000000e+00
2035 	1.259245e-01 	1.094298e+05 	3.000073e-124 	3.855760e-11 	8.881784e-16 	0.000000e+00
2036 	1.256727e-01 	1.094298e+05 	9.622344e-124 	3.855760e-11 	8.881784e-16 	0.000000e+00
2037 	1.254213e-01 	1.094298e+05 	9.622344e-124 	3.855760e-11 	8.881784e-16 	0.000000e+00
2038 	1.251705e-01 	1.094298e+05 	9.622344e-124 	3.855760e-11 	8.881784e-16 	0.000000e+00
2039 	1.249201e-01 	1.094298e+05 	9.622344e-124 	3.855760e-11 	8.881784e-16 	0.000000e+00
2040 	1.246703e-01 	1.094298e+05 	9.622344e-124 	3.855760e-11 	8.881784e-16 	0.000000e+00
2041 	1.244209e-01 	1.094298e+05 	9.622344e-124 	3.855760e-11 	8.881784e-16 	0.000000e+00
2042 	1.241721e-01 	1.094298e+05 	9.622344e-124 	3.855760e-11 	8.881784e-16 	0.000000e+00
2043 	1.239238e-01 	1.094298e+05 	9.622344e-124 	3.855760e-11 	8.881784e-16 	0.000000e+00
2044 	1.236759e-01 	1.094298e+05 	9.622344e-124 	3.855760e-11 	8.881784e-16 	0.000000e+00
2045 	1.234286e-01 	1.094298e+05 	9.622344e-124 	3.855760e-11 	8.881784e-16 	0.000000e+00
2046 	1.231817e-01 	1.094298e+05 	9.622344e-124 	3.855760e-11 	8.881784e-16 	0.000000e+00
2047 	1.229353e-01 	1.094298e+05 	9.622344e-124 	3.855760e-11 	8.881784e-16 	0.000000e+00
2048 	1.226895e-01 	1.094298e+05 	9.622344e-124 	3.855760e-11 	8.881784e-16 	0.000000e+00
2049 	1.224441e-01 	1.094298e+05 	9.622344e-124 	3.855760e-11 	8.881784e-16 	0.000000e+00
2050 	1.221992e-01 	1.094298e+05 	1.844303e-124 	3.855760e-11 	8.881784e-16 	0.000000e+00
2051 	1.219548e-01 	1.094298e+05 	1.844303e-124 	3.855760e-11 	8.881784e-16 	0.000000e+00
2052 	1.217109e-01 	1.094298e+05 	1.844303e-124 	3.855760e-11 	8.881784e-16 	0.000000e+00
2053 	1.214675e-01 	1.094298e+05 	1.844303e-124 	3.855760e-11 	8.881784e-16 	0.000000e+00
2054 	1.212245e-01 	1.094298e+05 	8.290769e-126 	3.855760e-11 	8.881784e-16 	0.000000e+00
2055 	1.209821e-01 	1.094298e+05 	8.290769e-126 	3.855760e-11 	8.881784e-16 	0.000000e+00
2056 	1.207401e-01 	1.094298e+05 	8.290769e-126 	3.855760e-11 	8.881784e-16 	0.000000e+00
2057 	1.204986e-01 	1.094298e+05 	8.290769e-126 	3.855760e-11 	8.881784e-16 	0.000000e+00
2058 	1.202576e-01 	1.094298e+05 	8.290769e-126 	3.855760e-11 	8.881784e-16 	0.000000e+00
2059 	1.200171e-01 	1.094298e+05 	8.290769e-126 	3.855760e-11 	8.881784e-16 	0.000000e+00
2060 	1.197771e-01 	1.094298e+05 	8.290769e-126 	3.855760e-11 	8.881784e-16 	0.000000e+00
2061 	1.195375e-01 	1.094298e+05 	8.290769e-126 	3.855760e-11 	8.881784e-16 	0.000000e+00
2062 	1.192985e-01 	1.094298e+05 	8.290769e-126 	3.855760e-11 	8.881784e-16 	0.000000e+00
2063 	1.190599e-01 	1.094298e+05 	8.290769e-126 	3.855760e-11 	8.881784e-16 	0.000000e+00
2064 	1.188217e-01 	1.094298e+05 	5.516899e-124 	3.855760e-11 	8.881784e-16 	0.000000e+00
2065 	1.185841e-01 	1.094298e+05 	5.516899e-124 	3.855760e-11 	8.881784e-16 	0.000000e+00
2066 	1.183469e-01 	1.094298e+05 	5.516899e-124 	3.855760e-11 	8.881784e-16 	0.000000e+00
2067 	1.181102e-01 	1.094298e+05 	5.516899e-124 	3.855760e-11 	8.881784e-16 	0.000000e+00
2068 	1.178740e-01 	1.094298e+05 	5.508339e-124 	3.855760e-11 	8.881784e-16 	0.000000e+00
2069 	1.176383e-01 	1.094298e+05 	5.508339e-124 	3.855760e-11 	8.881784e-16 	0.000000e+00
2070 	1.174030e-01 	1.094298e+05 	5.508339e-124 	3.855760e-11 	8.881784e-16 	0.000000e+00
2071 	1.171682e-01 	1.094298e+05 	8.204228e-125 	3.855760e-11 	8.881784e-16 	0.000000e+00
2072 	1.169339e-01 	1.094298e+05 	3.052725e-124 	3.855760e-11 	8.881784e-16 	0.000000e+00
2073 	1.167000e-01 	1.094298e+05 	3.052725e-124 	3.855760e-11 	8.881784e-16 	0.000000e+00
2074 	1.164666e-01 	1.094298e+05 	3.052725e-124 	3.855760e-11 	8.881784e-16 	0.000000e+00
2075 	1.162337e-01 	1.094298e+05 	3.052725e-124 	3.855760e-11 	8.881784e-16 	0.000000e+00
2076 	1.160012e-01 	1.094298e+05 	3.052725e-124 	3.855760e-11 	8.881784e-16 	0.000000e+00
2077 	1.157692e-01 	1.094298e+05 	3.052725e-124 	3.855760e-11 	8.881784e-16 	0.000000e+00
2078 	1.155376e-01 	1.094298e+05 	3.052725e-124 	3.855760e-11 	8.881784e-16 	0.000000e+00
2079 	1.153066e-01 	1.094298e+05 	3.786955e-125 	3.855760e-11 	8.881784e-16 	0.000000e+00
2080 	1.150760e-01 	1.094298e+05 	3.786955e-125 	3.855760e-11 	8.881784e-16 	0.000000e+00
2081 	1.148458e-01 	1.094298e+05 	3.786955e-125 	3.855760e-11 	8.881784e-16 	0.000000e+00
2082 	1.146161e-01 	1.094298e+05 	3.786955e-125 	3.855760e-11 	8.881784e-16 	0.000000e+00
2083 	1.143869e-01 	1.094298e+05 	3.786955e-125 	3.855760e-11 	8.881784e-16 	0.000000e+00
2084 	1.141581e-01 	1.094298e+05 	3.786955e-125 	3.855760e-11 	8.881784e-16 	0.000000e+00
2085 	1.139298e-01 	1.094298e+05 	3.786955e-125 	3.855760e-11 	8.881784e-16 	0.000000e+00
2086 	1.137019e-01 	1.094298e+05 	3.786955e-125 	3.855760e-11 	8.881784e-16 	0.000000e+00
2087 	1.134745e-01 	1.094298e+05 	3.786955e-125 	3.855760e-11 	8.881784e-16 	0.000000e+00
2088 	1.132476e-01 	1.094298e+05 	3.786955e-125 	3.855760e-11 	8.881784e-16 	0.000000e+00
2089 	1.130211e-01 	1.094298e+05 	3.786955e-125 	3.855760e-11 	8.881784e-16 	0.000000e+00
2090 	1.127950e-01 	1.094298e+05 	3.786955e-125 	3.855760e-11 	8.881784e-16 	0.000000e+00
2091 	1.125695e-01 	1.094298e+05 	3.647597e-125 	3.855760e-11 	8.881784e-16 	0.000000e+00
2092 	1.123443e-01 	1.094298e+05 	3.647597e-125 	3.855760e-11 	8.881784e-16 	0.000000e+00
2093 	1.121196e-01 	1.094298e+05 	3.647597e-125 	3.855760e-11 	8.881784e-16 	0.000000e+00
2094 	1.118954e-01 	1.094298e+05 	3.647597e-125 	3.855760e-11 	8.881784e-16 	0.000000e+00
2095 	1.116716e-01 	1.094298e+05 	4.716344e-124 	3.855760e-11 	8.881784e-16 	0.000000e+00
2096 	1.114482e-01 	1.094298e+05 	4.716344e-124 	3.855760e-11 	8.881784e-16 	0.000000e+00
2097 	1.112254e-01 	1.094298e+05 	9.397364e-124 	3.855760e-11 	8.881784e-16 	0.000000e+00
2098 	1.110029e-01 	1.094298e+05 	9.397364e-124 	3.855760e-11 	8.881784e-16 	0.000000e+00
2099 	1.107809e-01 	1.094298e+05 	9.397364e-124 	3.855760e-11 	8.881784e-16 	0.000000e+00
2100 	1.105593e-01 	1.094298e+05 	5.984917e-119 	3.855760e-11 	8.881784e-16 	0.000000e+00
2101 	1.103382e-01 	1.094298e+05 	5.984917e-119 	3.855760e-11 	8.881784e-16 	0.000000e+00
2102 	1.101175e-01 	1.094298e+05 	5.984917e-119 	3.855760e-11 	8.881784e-16 	0.000000e+00
2103 	1.098973e-01 	1.094298e+05 	5.984917e-119 	3.855760e-11 	8.881784e-16 	0.000000e+00
2104 	1.096775e-01 	1.094298e+05 	9.122810e-124 	3.855760e-11 	8.881784e-16 	0.000000e+00
2105 	1.094582e-01 	1.094298e+05 	3.832601e-124 	3.855760e-11 	8.881784e-16 	0.000000e+00
2106 	1.092392e-01 	1.094298e+05 	3.832601e-124 	3.855760e-11 	8.881784e-16 	0.000000e+00
2107 	1.090208e-01 	1.094298e+05 	3.832601e-124 	3.855760e-11 	8.881784e-16 	0.000000e+00
2108 	1.088027e-01 	1.094298e+05 	3.832601e-124 	3.855760e-11 	8.881784e-16 	0.000000e+00
2109 	1.085851e-01 	1.094298e+05 	2.873423e-125 	3.855760e-11 	8.881784e-16 	0.000000e+00
2110 	1.083679e-01 	1.094298e+05 	2.873423e-125 	3.855760e-11 	8.881784e-16 	0.000000e+00
2111 	1.081512e-01 	1.094298e+05 	2.873423e-125 	3.855760e-11 	8.881784e-16 	0.000000e+00
2112 	1.079349e-01 	1.094298e+05 	2.873423e-125 	3.855760e-11 	8.881784e-16 	0.000000e+00
2113 	1.077190e-01 	1.094298e+05 	4.995063e-124 	3.855760e-11 	8.881784e-16 	0.000000e+00
2114 	1.075036e-01 	1.094298e+05 	4.995063e-124 	3.855760e-11 	8.881784e-16 	0.000000e+00
2115 	1.072886e-01 	1.094298e+05 	1.366902e-124 	3.855760e-11 	8.881784e-16 	0.000000e+00
2116 	1.070740e-01 	1.094298e+05 	1.366902e-124 	3.855760e-11 	8.881784e-16 	0.000000e+00
2117 	1.068599e-01 	1.094298e+05 	1.366902e-124 	3.855760e-11 	8.881784e-16 	0.000000e+00
2118 	1.066461e-01 	1.094298e+05 	1.366902e-124 	3.855760e-11 	8.881784e-16 	0.000000e+00
2119 	1.064329e-01 	1.094298e+05 	1.349632e-124 	3.855760e-11 	8.881784e-16 	0.000000e+00
2120 	1.062200e-01 	1.094298e+05 	2.248338e-125 	3.855760e-11 	8.881784e-16 	0.000000e+00
2121 	1.060075e-01 	1.094298e+05 	2.248338e-125 	3.855760e-11 	8.881784e-16 	0.000000e+00
2122 	1.057955e-01 	1.094298e+05 	2.248338e-125 	3.855760e-11 	8.881784e-16 	0.000000e+00
2123 	1.055839e-01 	1.094298e+05 	2.248338e-125 	3.855760e-11 	8.881784e-16 	0.000000e+00
2124 	1.053728e-01 	1.094298e+05 	2.248338e-125 	3.855760e-11 	8.881784e-16 	0.000000e+00
2125 	1.051620e-01 	1.094298e+05 	2.248338e-125 	3.855760e-11 	8.881784e-16 	0.000000e+00
2126 	1.049517e-01 	1.094298e+05 	2.248338e-125 	3.855760e-11 	8.881784e-16 	0.000000e+00
2127 	1.047418e-01 	1.094298e+05 	2.248338e-125 	3.855760e-11 	8.881784e-16 	0.000000e+00
2128 	1.045323e-01 	1.094298e+05 	2.248338e-125 	3.855760e-11 	8.881784e-16 	0.000000e+00
2129 	1.043233e-01 	1.094298e+05 	2.248338e-125 	3.855760e-11 	8.881784e-16 	0.000000e+00
2130 	1.041146e-01 	1.094298e+05 	2.248338e-125 	3.855760e-11 	8.881784e-16 	0.000000e+00
2131 	1.039064e-01 	1.094298e+05 	2.248338e-125 	3.855760e-11 	8.881784e-16 	0.000000e+00
2132 	1.036986e-01 	1.094298e+05 	2.211931e-128 	3.855760e-11 	8.881784e-16 	0.000000e+00
2133 	1.034912e-01 	1.094298e+05 	2.211931e-128 	3.855760e-11 	8.881784e-16 	0.000000e+00
2134 	1.032842e-01 	1.094298e+05 	2.211931e-128 	3.855760e-11 	8.881784e-16 	0.000000e+00
2135 	1.030776e-01 	1.094298e+05 	2.211931e-128 	3.855760e-11 	8.881784e-16 	0.000000e+00
2136 	1.028715e-01 	1.094298e+05 	2.211931e-128 	3.855760e-11 	8.881784e-16 	0.000000e+00
2137 	1.026657e-01 	1.094298e+05 	6.702488e-126 	3.855760e-11 	8.881784e-16 	0.000000e+00
2138 	1.024604e-01 	1.094298e+05 	6.702488e-126 	3.855760e-11 	8.881784e-16 	0.000000e+00
2139 	1.022555e-01 	1.094298e+05 	6.702488e-126 	3.855760e-11 	8.881784e-16 	0.000000e+00
2140 	1.020510e-01 	1.094298e+05 	6.702488e-126 	3.855760e-11 	8.881784e-16 	0.000000e+00
2141 	1.018469e-01 	1.094298e+05 	6.702488e-126 	3.855760e-11 	8.881784e-16 	0.000000e+00
2142 	1.016432e-01 	1.094298e+05 	6.702488e-126 	3.855760e-11 	8.881784e-16 	0.000000e+00
2143 	1.014399e-01 	1.094298e+05 	6.702488e-126 	3.855760e-11 	8.881784e-16 	0.000000e+00
2144 	1.012370e-01 	1.094298e+05 	6.702488e-126 	3.855760e-11 	8.881784e-16 	0.000000e+00
2145 	1.010345e-01 	1.094298e+05 	6.702488e-126 	3.855760e-11 	8.881784e-16 	0.000000e+00
2146 	1.008324e-01 	1.094298e+05 	6.702488e-126 	3.855760e-11 	8.881784e-16 	0.000000e+00
2147 	1.006308e-01 	1.094298e+05 	6.702488e-126 	3.855760e-11 	8.881784e-16 	0.000000e+00
2148 	1.004295e-01 	1.094298e+05 	6.702488e-126 	3.855760e-11 	8.881784e-16 	0.000000e+00
2149 	1.002287e-01 	1.094298e+05 	6.702488e-126 	3.855760e-11 	8.881784e-16 	0.000000e+00
2150 	1.000282e-01 	1.094298e+05 	6.702488e-126 	3.855760e-11 	8.881784e-16 	0.000000e+00
2151 	9.982815e-02 	1.094298e+05 	6.702488e-126 	3.855760e-11 	8.881784e-16 	0.000000e+00
2152 	9.962849e-02 	1.094298e+05 	6.702488e-126 	3.855760e-11 	8.881784e-16 	0.000000e+00
2153 	9.942924e-02 	1.094298e+05 	6.702488e-126 	3.855760e-11 	8.881784e-16 	0.000000e+00
2154 	9.923038e-02 	1.094298e+05 	8.838989e-124 	3.855760e-11 	8.881784e-16 	0.000000e+00
2155 	9.903192e-02 	1.094298e+05 	8.838989e-124 	3.855760e-11 	8.881784e-16 	0.000000e+00
2156 	9.883385e-02 	1.094298e+05 	8.838989e-124 	3.855760e-11 	8.881784e-16 	0.000000e+00
2157 	9.863619e-02 	1.094298e+05 	8.838989e-124 	3.855760e-11 	8.881784e-16 	0.000000e+00
2158 	9.843891e-02 	1.094298e+05 	8.838989e-124 	3.855760e-11 	8.881784e-16 	0.000000e+00
2159 	9.824204e-02 	1.094298e+05 	8.838989e-124 	3.855760e-11 	8.881784e-16 	0.000000e+00
2160 	9.804555e-02 	1.094298e+05 	9.126054e-124 	3.855760e-11 	8.881784e-16 	0.000000e+00
2161 	9.784946e-02 	1.094298e+05 	8.166533e-124 	3.855760e-11 	8.881784e-16 	0.000000e+00
2162 	9.765376e-02 	1.094298e+05 	8.013673e-124 	3.855760e-11 	8.881784e-16 	0.000000e+00
2163 	9.745845e-02 	1.094298e+05 	8.013673e-124 	3.855760e-11 	8.881784e-16 	0.000000e+00
2164 	9.726354e-02 	1.094298e+05 	8.013673e-124 	3.855760e-11 	8.881784e-16 	0.000000e+00
2165 	9.706901e-02 	1.094298e+05 	5.852341e-124 	3.855760e-11 	8.881784e-16 	0.000000e+00
2166 	9.687487e-02 	1.094298e+05 	5.852341e-124 	3.855760e-11 	8.881784e-16 	0.000000e+00
2167 	9.668112e-02 	1.094298e+05 	5.852341e-124 	3.855760e-11 	8.881784e-16 	0.000000e+00
2168 	9.648776e-02 	1.094298e+05 	5.852341e-124 	3.855760e-11 	8.881784e-16 	0.000000e+00
2169 	9.629478e-02 	1.094298e+05 	5.852341e-124 	3.855760e-11 	8.881784e-16 	0.000000e+00
2170 	9.610219e-02 	1.094298e+05 	5.852341e-124 	3.855760e-11 	8.881784e-16 	0.000000e+00
2171 	9.590999e-02 	1.094298e+05 	5.852341e-124 	3.855760e-11 	8.881784e-16 	0.000000e+00
2172 	9.571817e-02 	1.094298e+05 	5.852341e-124 	3.855760e-11 	8.881784e-16 	0.000000e+00
2173 	9.552673e-02 	1.094298e+05 	5.852341e-124 	3.855760e-11 	8.881784e-16 	0.000000e+00
2174 	9.533568e-02 	1.094298e+05 	5.852341e-124 	3.855760e-11 	8.881784e-16 	0.000000e+00
2175 	9.514501e-02 	1.094298e+05 	5.852341e-124 	3.855760e-11 	8.881784e-16 	0.000000e+00
2176 	9.495472e-02 	1.094298e+05 	5.852341e-124 	3.855760e-11 	8.881784e-16 	0.000000e+00
2177 	9.476481e-02 	1.094298e+05 	5.852341e-124 	3.855760e-11 	8.881784e-16 	0.000000e+00
2178 	9.457528e-02 	1.094298e+05 	5.852341e-124 	3.855760e-11 	8.881784e-16 	0.000000e+00
2179 	9.438613e-02 	1.094298e+05 	5.852341e-124 	3.855760e-11 	8.881784e-16 	0.000000e+00
2180 	9.419736e-02 	1.094298e+05 	5.852341e-124 	3.855760e-11 	8.881784e-16 	0.000000e+00
2181 	9.400896e-02 	1.094298e+05 	5.852341e-124 	3.855760e-11 	8.881784e-16 	0.000000e+00
2182 	9.382094e-02 	1.094298e+05 	8.306941e-124 	3.855760e-11 	8.881784e-16 	0.000000e+00
2183 	9.363330e-02 	1.094298e+05 	8.306941e-124 	3.855760e-11 	8.881784e-16 	0.000000e+00
2184 	9.344604e-02 	1.094298e+05 	8.306941e-124 	3.855760e-11 	8.881784e-16 	0.000000e+00
2185 	9.325914e-02 	1.094298e+05 	8.306941e-124 	3.855760e-11 	8.881784e-16 	0.000000e+00
2186 	9.307263e-02 	1.094298e+05 	8.306941e-124 	3.855760e-11 	8.881784e-16 	0.000000e+00
2187 	9.288648e-02 	1.094298e+05 	8.306941e-124 	3.855760e-11 	8.881784e-16 	0.000000e+00
2188 	9.270071e-02 	1.094298e+05 	8.622498e-124 	3.855760e-11 	8.881784e-16 	0.000000e+00
2189 	9.251531e-02 	1.094298e+05 	8.622498e-124 	3.855760e-11 	8.881784e-16 	0.000000e+00
2190 	9.233028e-02 	1.094298e+05 	8.622498e-124 	3.855760e-11 	8.881784e-16 	0.000000e+00
2191 	9.214562e-02 	1.094298e+05 	8.622498e-124 	3.855760e-11 	8.881784e-16 	0.000000e+00
2192 	9.196132e-02 	1.094298e+05 	8.622498e-124 	3.855760e-11 	8.881784e-16 	0.000000e+00
2193 	9.177740e-02 	1.094298e+05 	8.622498e-124 	3.855760e-11 	8.881784e-16 	0.000000e+00
2194 	9.159385e-02 	1.094298e+05 	8.622498e-124 	3.855760e-11 	8.881784e-16 	0.000000e+00
2195 	9.141066e-02 	1.094298e+05 	8.615241e-124 	3.855760e-11 	8.881784e-16 	0.000000e+00
2196 	9.122784e-02 	1.094298e+05 	8.615241e-124 	3.855760e-11 	8.881784e-16 	0.000000e+00
2197 	9.104538e-02 	1.094298e+05 	8.615241e-124 	3.855760e-11 	8.881784e-16 	0.000000e+00
2198 	9.086329e-02 	1.094298e+05 	8.615241e-124 	3.855760e-11 	8.881784e-16 	0.000000e+00
2199 	9.068156e-02 	1.094298e+05 	8.615241e-124 	3.855760e-11 	8.881784e-16 	0.000000e+00
2200 	9.050020e-02 	1.094298e+05 	8.615241e-124 	3.855760e-11 	8.881784e-16 	0.000000e+00
2201 	9.031920e-02 	1.094298e+05 	8.615241e-124 	3.855760e-11 	8.881784e-16 	0.000000e+00
2202 	9.013856e-02 	1.094298e+05 	8.615241e-124 	3.855760e-11 	8.881784e-16 	0.000000e+00
2203 	8.995829e-02 	1.094298e+05 	5.346509e-124 	3.855760e-11 	8.881784e-16 	0.000000e+00
2204 	8.977837e-02 	1.094298e+05 	5.346509e-124 	3.855760e-11 	8.881784e-16 	0.000000e+00
2205 	8.959881e-02 	1.094298e+05 	5.346509e-124 	3.855760e-11 	8.881784e-16 	0.000000e+00
2206 	8.941961e-02 	1.094298e+05 	4.981749e-124 	3.855760e-11 	8.881784e-16 	0.000000e+00
2207 	8.924078e-02 	1.094298e+05 	4.981749e-124 	3.855760e-11 	8.881784e-16 	0.000000e+00
2208 	8.906229e-02 	1.094298e+05 	4.981749e-124 	3.855760e-11 	8.881784e-16 	0.000000e+00
2209 	8.888417e-02 	1.094298e+05 	4.981749e-124 	3.855760e-11 	8.881784e-16 	0.000000e+00
2210 	8.870640e-02 	1.094298e+05 	4.981749e-124 	3.855760e-11 	8.881784e-16 	0.000000e+00
2211 	8.852899e-02 	1.094298e+05 	4.744968e-124 	3.855760e-11 	8.881784e-16 	0.000000e+00
2212 	8.835193e-02 	1.094298e+05 	4.744968e-124 	3.855760e-11 	8.881784e-16 	0.000000e+00
2213 	8.817523e-02 	1.094298e+05 	4.744968e-124 	3.855760e-11 	8.881784e-16 	0.000000e+00
2214 	8.799888e-02 	1.094298e+05 	4.744968e-124 	3.855760e-11 	8.881784e-16 	0.000000e+00
2215 	8.782288e-02 	1.094298e+05 	4.744968e-124 	3.855760e-11 	8.881784e-16 	0.000000e+00
2216 	8.764723e-02 	1.094298e+05 	4.718235e-124 	3.855760e-11 	8.881784e-16 	0.000000e+00
2217 	8.747194e-02 	1.094298e+05 	4.718235e-124 	3.855760e-11 	8.881784e-16 	0.000000e+00
2218 	8.729699e-02 	1.094298e+05 	2.279970e-124 	3.855760e-11 	8.881784e-16 	0.000000e+00
2219 	8.712240e-02 	1.094298e+05 	2.279749e-124 	3.855760e-11 	8.881784e-16 	0.000000e+00
2220 	8.694815e-02 	1.094298e+05 	2.279749e-124 	3.855760e-11 	8.881784e-16 	0.000000e+00
2221 	8.677426e-02 	1.094298e+05 	2.279749e-124 	3.855760e-11 	8.881784e-16 	0.000000e+00
2222 	8.660071e-02 	1.094298e+05 	2.279749e-124 	3.855760e-11 	8.881784e-16 	0.000000e+00
2223 	8.642751e-02 	1.094298e+05 	2.279749e-124 	3.855760e-11 	8.881784e-16 	0.000000e+00
2224 	8.625465e-02 	1.094298e+05 	2.279749e-124 	3.855760e-11 	8.881784e-16 	0.000000e+00
2225 	8.608214e-02 	1.094298e+05 	2.279749e-124 	3.855760e-11 	8.881784e-16 	0.000000e+00
2226 	8.590998e-02 	1.094298e+05 	2.279749e-124 	3.855760e-11 	8.881784e-16 	0.000000e+00
2227 	8.573816e-02 	1.094298e+05 	2.279749e-124 	3.855760e-11 	8.881784e-16 	0.000000e+00
2228 	8.556668e-02 	1.094298e+05 	2.279749e-124 	3.855760e-11 	8.881784e-16 	0.000000e+00
2229 	8.539555e-02 	1.094298e+05 	2.279749e-124 	3.855760e-11 	8.881784e-16 	0.000000e+00
2230 	8.522476e-02 	1.094298e+05 	2.215785e-124 	3.855760e-11 	8.881784e-16 	0.000000e+00
2231 	8.505431e-02 	1.094298e+05 	2.215785e-124 	3.855760e-11 	8.881784e-16 	0.000000e+00
2232 	8.488420e-02 	1.094298e+05 	2.062927e-124 	3.855760e-11 	8.881784e-16 	0.000000e+00
2233 	8.471443e-02 	1.094298e+05 	4.657457e-126 	3.855760e-11 	8.881784e-16 	0.000000e+00
2234 	8.454500e-02 	1.094298e+05 	4.657457e-126 	3.855760e-11 	8.881784e-16 	0.000000e+00
2235 	8.437591e-02 	1.094298e+05 	4.657457e-126 	3.855760e-11 	8.881784e-16 	0.000000e+00
2236 	8.420716e-02 	1.094298e+05 	4.657457e-126 	3.855760e-11 	8.881784e-16 	0.000000e+00
2237 	8.403875e-02 	1.094298e+05 	4.657457e-126 	3.855760e-11 	8.881784e-16 	0.000000e+00
2238 	8.387067e-02 	1.094298e+05 	4.657457e-126 	3.855760e-11 	8.881784e-16 	0.000000e+00
2239 	8.370293e-02 	1.094298e+05 	5.984925e-119 	3.855760e-11 	8.881784e-16 	0.000000e+00
2240 	8.353552e-02 	1.094298e+05 	5.984891e-119 	3.855760e-11 	8.881784e-16 	0.000000e+00
2241 	8.336845e-02 	1.094298e+05 	5.984891e-119 	3.855760e-11 	8.881784e-16 	0.000000e+00
2242 	8.320172e-02 	1.094298e+05 	5.984891e-119 	3.855760e-11 	8.881784e-16 	0.000000e+00
2243 	8.303531e-02 	1.094298e+05 	5.984891e-119 	3.855760e-11 	8.881784e-16 	0.000000e+00
2244 	8.286924e-02 	1.094298e+05 	5.984891e-119 	3.855760e-11 	8.881784e-16 	0.000000e+00
2245 	8.270350e-02 	1.094298e+05 	5.984901e-119 	3.855760e-11 	8.881784e-16 	0.000000e+00
2246 	8.253810e-02 	1.094298e+05 	5.669195e-124 	3.855760e-11 	8.881784e-16 	0.000000e+00
2247 	8.237302e-02 	1.094298e+05 	5.669195e-124 	3.855760e-11 	8.881784e-16 	0.000000e+00
2248 	8.220827e-02 	1.094298e+05 	5.669195e-124 	3.855760e-11 	8.881784e-16 	0.000000e+00
2249 	8.204386e-02 	1.094298e+05 	5.669195e-124 	3.855760e-11 	8.881784e-16 	0.000000e+00
2250 	8.187977e-02 	1.094298e+05 	5.669195e-124 	3.855760e-11 	8.881784e-16 	0.000000e+00
2251 	8.171601e-02 	1.094298e+05 	5.669195e-124 	3.855760e-11 	8.881784e-16 	0.000000e+00
2252 	8.155258e-02 	1.094298e+05 	5.669195e-124 	3.855760e-11 	8.881784e-16 	0.000000e+00
2253 	8.138947e-02 	1.094298e+05 	5.669195e-124 	3.855760e-11 	8.881784e-16 	0.000000e+00
2254 	8.122669e-02 	1.094298e+05 	5.669195e-124 	3.855760e-11 	8.881784e-16 	0.000000e+00
2255 	8.106424e-02 	1.094298e+05 	5.669195e-124 	3.855760e-11 	8.881784e-16 	0.000000e+00
2256 	8.090211e-02 	1.094298e+05 	5.669195e-124 	3.855760e-11 	8.881784e-16 	0.000000e+00
2257 	8.074031e-02 	1.094298e+05 	5.669195e-124 	3.855760e-11 	8.881784e-16 	0.000000e+00
2258 	8.057883e-02 	1.094298e+05 	5.669195e-124 	3.855760e-11 	8.881784e-16 	0.000000e+00
2259 	8.041767e-02 	1.094298e+05 	5.669195e-124 	3.855760e-11 	8.881784e-16 	0.000000e+00
2260 	8.025683e-02 	1.094298e+05 	5.669195e-124 	3.855760e-11 	8.881784e-16 	0.000000e+00
2261 	8.009632e-02 	1.094298e+05 	5.669195e-124 	3.855760e-11 	8.881784e-16 	0.000000e+00
2262 	7.993613e-02 	1.094298e+05 	5.669195e-124 	3.855760e-11 	8.881784e-16 	0.000000e+00
2263 	7.977626e-02 	1.094298e+05 	5.669195e-124 	3.855760e-11 	8.881784e-16 	0.000000e+00
2264 	7.961670e-02 	1.094298e+05 	5.669195e-124 	3.855760e-11 	8.881784e-16 	0.000000e+00
2265 	7.945747e-02 	1.094298e+05 	5.669195e-124 	3.855760e-11 	8.881784e-16 	0.000000e+00
2266 	7.929855e-02 	1.094298e+05 	5.669195e-124 	3.855760e-11 	8.881784e-16 	0.000000e+00
2267 	7.913996e-02 	1.094298e+05 	5.669195e-124 	3.855760e-11 	8.881784e-16 	0.000000e+00
2268 	7.898168e-02 	1.094298e+05 	5.669195e-124 	3.855760e-11 	8.881784e-16 	0.000000e+00
2269 	7.882371e-02 	1.094298e+05 	5.669195e-124 	3.855760e-11 	8.881784e-16 	0.000000e+00
2270 	7.866607e-02 	1.094298e+05 	5.669195e-124 	3.855760e-11 	8.881784e-16 	0.000000e+00
2271 	7.850873e-02 	1.094298e+05 	5.669195e-124 	3.855760e-11 	8.881784e-16 	0.000000e+00
2272 	7.835172e-02 	1.094298e+05 	5.669195e-124 	3.855760e-11 	8.881784e-16 	0.000000e+00
2273 	7.819501e-02 	1.094298e+05 	5.669195e-124 	3.855760e-11 	8.881784e-16 	0.000000e+00
2274 	7.803862e-02 	1.094298e+05 	5.669195e-124 	3.855760e-11 	8.881784e-16 	0.000000e+00
2275 	7.788255e-02 	1.094298e+05 	5.669195e-124 	3.855760e-11 	8.881784e-16 	0.000000e+00
2276 	7.772678e-02 	1.094298e+05 	5.669195e-124 	3.855760e-11 	8.881784e-16 	0.000000e+00
2277 	7.757133e-02 	1.094298e+05 	4.430896e-126 	3.855760e-11 	8.881784e-16 	0.000000e+00
2278 	7.741618e-02 	1.094298e+05 	4.430896e-126 	3.855760e-11 	8.881784e-16 	0.000000e+00
2279 	7.726135e-02 	1.094298e+05 	4.430896e-126 	3.855760e-11 	8.881784e-16 	0.000000e+00
2280 	7.710683e-02 	1.094298e+05 	4.430896e-126 	3.855760e-11 	8.881784e-16 	0.000000e+00
2281 	7.695262e-02 	1.094298e+05 	4.430896e-126 	3.855760e-11 	8.881784e-16 	0.000000e+00
2282 	7.679871e-02 	1.094298e+05 	4.430896e-126 	3.855760e-11 	8.881784e-16 	0.000000e+00
2283 	7.664511e-02 	1.094298e+05 	4.430896e-126 	3.855760e-11 	8.881784e-16 	0.000000e+00
2284 	7.649182e-02 	1.094298e+05 	4.430896e-126 	3.855760e-11 	8.881784e-16 	0.000000e+00
2285 	7.633884e-02 	1.094298e+05 	4.430896e-126 	3.855760e-11 	8.881784e-16 	0.000000e+00
2286 	7.618616e-02 	1.094298e+05 	5.589060e-124 	3.855760e-11 	8.881784e-16 	0.000000e+00
2287 	7.603379e-02 	1.094298e+05 	5.589060e-124 	3.855760e-11 	8.881784e-16 	0.000000e+00
2288 	7.588172e-02 	1.094298e+05 	5.589060e-124 	3.855760e-11 	8.881784e-16 	0.000000e+00
2289 	7.572996e-02 	1.094298e+05 	5.589060e-124 	3.855760e-11 	8.881784e-16 	0.000000e+00
2290 	7.557850e-02 	1.094298e+05 	5.589060e-124 	3.855760e-11 	8.881784e-16 	0.000000e+00
2291 	7.542734e-02 	1.094298e+05 	1.112567e-123 	3.855760e-11 	8.881784e-16 	0.000000e+00
2292 	7.527649e-02 	1.094298e+05 	1.136121e-123 	3.855760e-11 	8.881784e-16 	0.000000e+00
2293 	7.512593e-02 	1.094298e+05 	1.136121e-123 	3.855760e-11 	8.881784e-16 	0.000000e+00
2294 	7.497568e-02 	1.094298e+05 	1.136121e-123 	3.855760e-11 	8.881784e-16 	0.000000e+00
2295 	7.482573e-02 	1.094298e+05 	1.136121e-123 	3.855760e-11 	8.881784e-16 	0.000000e+00
2296 	7.467608e-02 	1.094298e+05 	1.136121e-123 	3.855760e-11 	8.881784e-16 	0.000000e+00
2297 	7.452673e-02 	1.094298e+05 	1.136121e-123 	3.855760e-11 	8.881784e-16 	0.000000e+00
2298 	7.437767e-02 	1.094298e+05 	1.136121e-123 	3.855760e-11 	8.881784e-16 	0.000000e+00
2299 	7.422892e-02 	1.094298e+05 	1.136121e-123 	3.855760e-11 	8.881784e-16 	0.000000e+00
2300 	7.408046e-02 	1.094298e+05 	1.136121e-123 	3.855760e-11 	8.881784e-16 	0.000000e+00
2301 	7.393230e-02 	1.094298e+05 	4.830026e-131 	3.855760e-11 	8.881784e-16 	0.000000e+00
2302 	7.378444e-02 	1.094298e+05 	5.984885e-119 	3.855760e-11 	8.881784e-16 	0.000000e+00
2303 	7.363687e-02 	1.094298e+05 	5.984885e-119 	3.855760e-11 	8.881784e-16 	0.000000e+00
2304 	7.348959e-02 	1.094298e+05 	5.984885e-119 	3.855760e-11 	8.881784e-16 	0.000000e+00
2305 	7.334261e-02 	1.094298e+05 	5.984885e-119 	3.855760e-11 	8.881784e-16 	0.000000e+00
2306 	7.319593e-02 	1.094298e+05 	5.984885e-119 	3.855760e-11 	8.881784e-16 	0.000000e+00
2307 	7.304954e-02 	1.094298e+05 	5.984885e-119 	3.855760e-11 	8.881784e-16 	0.000000e+00
2308 	7.290344e-02 	1.094298e+05 	5.984885e-119 	3.855760e-11 	8.881784e-16 	0.000000e+00
2309 	7.275763e-02 	1.094298e+05 	5.984885e-119 	3.855760e-11 	8.881784e-16 	0.000000e+00
2310 	7.261211e-02 	1.094298e+05 	5.984904e-119 	3.855760e-11 	8.881784e-16 	0.000000e+00
2311 	7.246689e-02 	1.094298e+05 	5.984904e-119 	3.855760e-11 	8.881784e-16 	0.000000e+00
2312 	7.232196e-02 	1.094298e+05 	5.984904e-119 	3.855760e-11 	8.881784e-16 	0.000000e+00
2313 	7.217731e-02 	1.094298e+05 	5.984904e-119 	3.855760e-11 	8.881784e-16 	0.000000e+00
2314 	7.203296e-02 	1.094298e+05 	5.984893e-119 	3.855760e-11 	8.881784e-16 	0.000000e+00
2315 	7.188889e-02 	1.094298e+05 	5.984893e-119 	3.855760e-11 	8.881784e-16 	0.000000e+00
2316 	7.174511e-02 	1.094298e+05 	5.984893e-119 	3.855760e-11 	8.881784e-16 	0.000000e+00
2317 	7.160162e-02 	1.094298e+05 	5.984893e-119 	3.855760e-11 	8.881784e-16 	0.000000e+00
2318 	7.145842e-02 	1.094298e+05 	5.984893e-119 	3.855760e-11 	8.881784e-16 	0.000000e+00
2319 	7.131550e-02 	1.094298e+05 	5.984893e-119 	3.855760e-11 	8.881784e-16 	0.000000e+00
2320 	7.117287e-02 	1.094298e+05 	5.984893e-119 	3.855760e-11 	8.881784e-16 	0.000000e+00
2321 	7.103053e-02 	1.094298e+05 	5.984893e-119 	3.855760e-11 	8.881784e-16 	0.000000e+00
2322 	7.088847e-02 	1.094298e+05 	5.984963e-119 	3.855760e-11 	8.881784e-16 	0.000000e+00
2323 	7.074669e-02 	1.094298e+05 	5.984963e-119 	3.855760e-11 	8.881784e-16 	0.000000e+00
2324 	7.060520e-02 	1.094298e+05 	5.984961e-119 	3.855760e-11 	8.881784e-16 	0.000000e+00
2325 	7.046399e-02 	1.094298e+05 	5.984961e-119 	3.855760e-11 	8.881784e-16 	0.000000e+00
2326 	7.032306e-02 	1.094298e+05 	5.984961e-119 	3.855760e-11 	8.881784e-16 	0.000000e+00
2327 	7.018241e-02 	1.094298e+05 	5.984961e-119 	3.855760e-11 	8.881784e-16 	0.000000e+00
2328 	7.004205e-02 	1.094298e+05 	5.984961e-119 	3.855760e-11 	8.881784e-16 	0.000000e+00
2329 	6.990196e-02 	1.094298e+05 	5.984961e-119 	3.855760e-11 	8.881784e-16 	0.000000e+00
2330 	6.976216e-02 	1.094298e+05 	1.531031e-125 	3.855760e-11 	8.881784e-16 	0.000000e+00
2331 	6.962263e-02 	1.094298e+05 	1.531031e-125 	3.855760e-11 	8.881784e-16 	0.000000e+00
2332 	6.948339e-02 	1.094298e+05 	1.531031e-125 	3.855760e-11 	8.881784e-16 	0.000000e+00
2333 	6.934442e-02 	1.094298e+05 	1.531031e-125 	3.855760e-11 	8.881784e-16 	0.000000e+00
2334 	6.920573e-02 	1.094298e+05 	1.531031e-125 	3.855760e-11 	8.881784e-16 	0.000000e+00
2335 	6.906732e-02 	1.094298e+05 	1.531031e-125 	3.855760e-11 	8.881784e-16 	0.000000e+00
2336 	6.892919e-02 	1.094298e+05 	1.531031e-125 	3.855760e-11 	8.881784e-16 	0.000000e+00
2337 	6.879133e-02 	1.094298e+05 	1.531031e-125 	3.855760e-11 	8.881784e-16 	0.000000e+00
2338 	6.865375e-02 	1.094298e+05 	6.084314e-124 	3.855760e-11 	8.881784e-16 	0.000000e+00
2339 	6.851644e-02 	1.094298e+05 	6.084314e-124 	3.855760e-11 	8.881784e-16 	0.000000e+00
2340 	6.837941e-02 	1.094298e+05 	6.084314e-124 	3.855760e-11 	8.881784e-16 	0.000000e+00
2341 	6.824265e-02 	1.094298e+05 	6.650201e-124 	3.855760e-11 	8.881784e-16 	0.000000e+00
2342 	6.810616e-02 	1.094298e+05 	6.650201e-124 	3.855760e-11 	8.881784e-16 	0.000000e+00
2343 	6.796995e-02 	1.094298e+05 	6.650201e-124 	3.855760e-11 	8.881784e-16 	0.000000e+00
2344 	6.783401e-02 	1.094298e+05 	6.650201e-124 	3.855760e-11 	8.881784e-16 	0.000000e+00
2345 	6.769834e-02 	1.094298e+05 	6.650201e-124 	3.855760e-11 	8.881784e-16 	0.000000e+00
2346 	6.756295e-02 	1.094298e+05 	6.650201e-124 	3.855760e-11 	8.881784e-16 	0.000000e+00
2347 	6.742782e-02 	1.094298e+05 	6.650201e-124 	3.855760e-11 	8.881784e-16 	0.000000e+00
2348 	6.729296e-02 	1.094298e+05 	6.650201e-124 	3.855760e-11 	8.881784e-16 	0.000000e+00
2349 	6.715838e-02 	1.094298e+05 	6.650201e-124 	3.855760e-11 	8.881784e-16 	0.000000e+00
2350 	6.702406e-02 	1.094298e+05 	6.650201e-124 	3.855760e-11 	8.881784e-16 	0.000000e+00
2351 	6.689001e-02 	1.094298e+05 	6.650201e-124 	3.855760e-11 	8.881784e-16 	0.000000e+00
2352 	6.675623e-02 	1.094298e+05 	6.650201e-124 	3.855760e-11 	8.881784e-16 	0.000000e+00
2353 	6.662272e-02 	1.094298e+05 	6.650201e-124 	3.855760e-11 	8.881784e-16 	0.000000e+00
2354 	6.648947e-02 	1.094298e+05 	6.650201e-124 	3.855760e-11 	8.881784e-16 	0.000000e+00
2355 	6.635650e-02 	1.094298e+05 	6.650201e-124 	3.855760e-11 	8.881784e-16 	0.000000e+00
2356 	6.622378e-02 	1.094298e+05 	6.650201e-124 	3.855760e-11 	8.881784e-16 	0.000000e+00
2357 	6.609134e-02 	1.094298e+05 	6.650201e-124 	3.855760e-11 	8.881784e-16 	0.000000e+00
2358 	6.595915e-02 	1.094298e+05 	9.092972e-124 	3.855760e-11 	8.881784e-16 	0.000000e+00
2359 	6.582723e-02 	1.094298e+05 	9.092972e-124 	3.855760e-11 	8.881784e-16 	0.000000e+00
2360 	6.569558e-02 	1.094298e+05 	9.092972e-124 	3.855760e-11 	8.881784e-16 	0.000000e+00
2361 	6.556419e-02 	1.094298e+05 	9.092972e-124 	3.855760e-11 	8.881784e-16 	0.000000e+00
2362 	6.543306e-02 	1.094298e+05 	9.092972e-124 	3.855760e-11 	8.881784e-16 	0.000000e+00
2363 	6.530219e-02 	1.094298e+05 	9.092972e-124 	3.855760e-11 	8.881784e-16 	0.000000e+00
2364 	6.517159e-02 	1.094298e+05 	9.092972e-124 	3.855760e-11 	8.881784e-16 	0.000000e+00
2365 	6.504125e-02 	1.094298e+05 	9.092972e-124 	3.855760e-11 	8.881784e-16 	0.000000e+00
2366 	6.491116e-02 	1.094298e+05 	9.092972e-124 	3.855760e-11 	8.881784e-16 	0.000000e+00
2367 	6.478134e-02 	1.094298e+05 	9.092972e-124 	3.855760e-11 	8.881784e-16 	0.000000e+00
2368 	6.465178e-02 	1.094298e+05 	9.092972e-124 	3.855760e-11 	8.881784e-16 	0.000000e+00
2369 	6.452248e-02 	1.094298e+05 	9.092972e-124 	3.855760e-11 	8.881784e-16 	0.000000e+00
2370 	6.439343e-02 	1.094298e+05 	9.092972e-124 	3.855760e-11 	8.881784e-16 	0.000000e+00
2371 	6.426464e-02 	1.094298e+05 	9.092972e-124 	3.855760e-11 	8.881784e-16 	0.000000e+00
2372 	6.413611e-02 	1.094298e+05 	9.092972e-124 	3.855760e-11 	8.881784e-16 	0.000000e+00
2373 	6.400784e-02 	1.094298e+05 	9.092972e-124 	3.855760e-11 	8.881784e-16 	0.000000e+00
2374 	6.387983e-02 	1.094298e+05 	9.092972e-124 	3.855760e-11 	8.881784e-16 	0.000000e+00
2375 	6.375207e-02 	1.094298e+05 	9.092972e-124 	3.855760e-11 	8.881784e-16 	0.000000e+00
2376 	6.362456e-02 	1.094298e+05 	9.092972e-124 	3.855760e-11 	8.881784e-16 	0.000000e+00
2377 	6.349731e-02 	1.094298e+05 	9.092972e-124 	3.855760e-11 	8.881784e-16 	0.000000e+00
2378 	6.337032e-02 	1.094298e+05 	9.092972e-124 	3.855760e-11 	8.881784e-16 	0.000000e+00
2379 	6.324358e-02 	1.094298e+05 	4.597546e-124 	3.855760e-11 	8.881784e-16 	0.000000e+00
2380 	6.311709e-02 	1.094298e+05 	4.597546e-124 	3.855760e-11 	8.881784e-16 	0.000000e+00
2381 	6.299086e-02 	1.094298e+05 	4.597546e-124 	3.855760e-11 	8.881784e-16 	0.000000e+00
2382 	6.286488e-02 	1.094298e+05 	4.597546e-124 	3.855760e-11 	8.881784e-16 	0.000000e+00
2383 	6.273915e-02 	1.094298e+05 	4.597546e-124 	3.855760e-11 	8.881784e-16 	0.000000e+00
2384 	6.261367e-02 	1.094298e+05 	4.597546e-124 	3.855760e-11 	8.881784e-16 	0.000000e+00
2385 	6.248844e-02 	1.094298e+05 	4.597546e-124 	3.855760e-11 	8.881784e-16 	0.000000e+00
2386 	6.236346e-02 	1.094298e+05 	4.597546e-124 	3.855760e-11 	8.881784e-16 	0.000000e+00
2387 	6.223874e-02 	1.094298e+05 	4.597546e-124 	3.855760e-11 	8.881784e-16 	0.000000e+00
2388 	6.211426e-02 	1.094298e+05 	4.597546e-124 	3.855760e-11 	8.881784e-16 	0.000000e+00
2389 	6.199003e-02 	1.094298e+05 	4.597546e-124 	3.855760e-11 	8.881784e-16 	0.000000e+00
2390 	6.186605e-02 	1.094298e+05 	4.597546e-124 	3.855760e-11 	8.881784e-16 	0.000000e+00
2391 	6.174232e-02 	1.094298e+05 	1.869128e-124 	3.855760e-11 	8.881784e-16 	0.000000e+00
2392 	6.161883e-02 	1.094298e+05 	1.086944e-217 	3.855760e-11 	4.440892e-16 	0.000000e+00
2393 	6.149560e-02 	1.094298e+05 	1.086944e-217 	3.855760e-11 	4.440892e-16 	0.000000e+00
2394 	6.137260e-02 	1.094298e+05 	1.086944e-217 	3.855760e-11 	4.440892e-16 	0.000000e+00
2395 	6.124986e-02 	1.094298e+05 	1.086944e-217 	3.855760e-11 	4.440892e-16 	0.000000e+00
2396 	6.112736e-02 	1.094298e+05 	1.086944e-217 	3.855760e-11 	4.440892e-16 	0.000000e+00
2397 	6.100510e-02 	1.094298e+05 	1.086944e-217 	3.855760e-11 	4.440892e-16 	0.000000e+00
2398 	6.088309e-02 	1.094298e+05 	1.086944e-217 	3.855760e-11 	4.440892e-16 	0.000000e+00
2399 	6.076133e-02 	1.094298e+05 	5.405792e-192 	3.855760e-11 	4.440892e-16 	0.000000e+00
2400 	6.063981e-02 	1.094298e+05 	5.405792e-192 	3.855760e-11 	4.440892e-16 	0.000000e+00
2401 	6.051853e-02 	1.094298e+05 	5.405792e-192 	3.855760e-11 	4.440892e-16 	0.000000e+00
2402 	6.039749e-02 	1.094298e+05 	5.405792e-192 	3.855760e-11 	4.440892e-16 	0.000000e+00
2403 	6.027669e-02 	1.094298e+05 	5.405792e-192 	3.855760e-11 	4.440892e-16 	0.000000e+00
2404 	6.015614e-02 	1.094298e+05 	5.405792e-192 	3.855760e-11 	4.440892e-16 	0.000000e+00
2405 	6.003583e-02 	1.094298e+05 	5.405792e-192 	3.855760e-11 	4.440892e-16 	0.000000e+00
2406 	5.991576e-02 	1.094298e+05 	5.405792e-192 	3.855760e-11 	4.440892e-16 	0.000000e+00
2407 	5.979593e-02 	1.094298e+05 	5.405792e-192 	3.855760e-11 	4.440892e-16 	0.000000e+00
2408 	5.967633e-02 	1.094298e+05 	5.405792e-192 	3.855760e-11 	4.440892e-16 	0.000000e+00
2409 	5.955698e-02 	1.094298e+05 	5.405792e-192 	3.855760e-11 	4.440892e-16 	0.000000e+00
2410 	5.943787e-02 	1.094298e+05 	5.405792e-192 	3.855760e-11 	4.440892e-16 	0.000000e+00
2411 	5.931899e-02 	1.094298e+05 	5.405792e-192 	3.855760e-11 	4.440892e-16 	0.000000e+00
2412 	5.920035e-02 	1.094298e+05 	3.637929e-193 	3.855760e-11 	4.440892e-16 	0.000000e+00
2413 	5.908195e-02 	1.094298e+05 	3.637929e-193 	3.855760e-11 	4.440892e-16 	0.000000e+00
2414 	5.896379e-02 	1.094298e+05 	3.637929e-193 	3.855760e-11 	4.440892e-16 	0.000000e+00
2415 	5.884586e-02 	1.094298e+05 	3.637929e-193 	3.855760e-11 	4.440892e-16 	0.000000e+00
2416 	5.872817e-02 	1.094298e+05 	3.637929e-193 	3.855760e-11 	4.440892e-16 	0.000000e+00
2417 	5.861071e-02 	1.094298e+05 	3.637929e-193 	3.855760e-11 	4.440892e-16 	0.000000e+00
2418 	5.849349e-02 	1.094298e+05 	3.637929e-193 	3.855760e-11 	4.440892e-16 	0.000000e+00
2419 	5.837650e-02 	1.094298e+05 	3.637929e-193 	3.855760e-11 	4.440892e-16 	0.000000e+00
2420 	5.825975e-02 	1.094298e+05 	3.637929e-193 	3.855760e-11 	4.440892e-16 	0.000000e+00
2421 	5.814323e-02 	1.094298e+05 	3.637929e-193 	3.855760e-11 	4.440892e-16 	0.000000e+00
2422 	5.802695e-02 	1.094298e+05 	3.637929e-193 	3.855760e-11 	4.440892e-16 	0.000000e+00
2423 	5.791089e-02 	1.094298e+05 	3.637929e-193 	3.855760e-11 	4.440892e-16 	0.000000e+00
2424 	5.779507e-02 	1.094298e+05 	3.637929e-193 	3.855760e-11 	4.440892e-16 	0.000000e+00
2425 	5.767948e-02 	1.094298e+05 	3.637929e-193 	3.855760e-11 	4.440892e-16 	0.000000e+00
2426 	5.756412e-02 	1.094298e+05 	3.637929e-193 	3.855760e-11 	4.440892e-16 	0.000000e+00
2427 	5.744899e-02 	1.094298e+05 	3.637929e-193 	3.855760e-11 	4.440892e-16 	0.000000e+00
2428 	5.733409e-02 	1.094298e+05 	3.637929e-193 	3.855760e-11 	4.440892e-16 	0.000000e+00
2429 	5.721943e-02 	1.094298e+05 	3.637929e-193 	3.855760e-11 	4.440892e-16 	0.000000e+00
2430 	5.710499e-02 	1.094298e+05 	3.637929e-193 	3.855760e-11 	4.440892e-16 	0.000000e+00
2431 	5.699078e-02 	1.094298e+05 	3.637929e-193 	3.855760e-11 	4.440892e-16 	0.000000e+00
2432 	5.687680e-02 	1.094298e+05 	3.637929e-193 	3.855760e-11 	4.440892e-16 	0.000000e+00
2433 	5.676304e-02 	1.094298e+05 	3.637929e-193 	3.855760e-11 	4.440892e-16 	0.000000e+00
2434 	5.664952e-02 	1.094298e+05 	3.637929e-193 	3.855760e-11 	4.440892e-16 	0.000000e+00
2435 	5.653622e-02 	1.094298e+05 	3.637929e-193 	3.855760e-11 	4.440892e-16 	0.000000e+00
2436 	5.642314e-02 	1.094298e+05 	3.637929e-193 	3.855760e-11 	4.440892e-16 	0.000000e+00
2437 	5.631030e-02 	1.094298e+05 	3.637929e-193 	3.855760e-11 	4.440892e-16 	0.000000e+00
2438 	5.619768e-02 	1.094298e+05 	3.637929e-193 	3.855760e-11 	4.440892e-16 	0.000000e+00
2439 	5.608528e-02 	1.094298e+05 	3.637929e-193 	3.855760e-11 	4.440892e-16 	0.000000e+00
2440 	5.597311e-02 	1.094298e+05 	4.331849e-124 	3.855760e-11 	8.881784e-16 	0.000000e+00
2441 	5.586117e-02 	1.094298e+05 	4.331849e-124 	3.855760e-11 	8.881784e-16 	0.000000e+00
2442 	5.574944e-02 	1.094298e+05 	4.331849e-124 	3.855760e-11 	8.881784e-16 	0.000000e+00
2443 	5.563794e-02 	1.094298e+05 	4.331849e-124 	3.855760e-11 	8.881784e-16 	0.000000e+00
2444 	5.552667e-02 	1.094298e+05 	4.331849e-124 	3.855760e-11 	8.881784e-16 	0.000000e+00
2445 	5.541562e-02 	1.094298e+05 	4.331849e-124 	3.855760e-11 	8.881784e-16 	0.000000e+00
2446 	5.530478e-02 	1.094298e+05 	4.331849e-124 	3.855760e-11 	8.881784e-16 	0.000000e+00
2447 	5.519417e-02 	1.094298e+05 	4.331849e-124 	3.855760e-11 	8.881784e-16 	0.000000e+00
2448 	5.508379e-02 	1.094298e+05 	4.331849e-124 	3.855760e-11 	8.881784e-16 	0.000000e+00
2449 	5.497362e-02 	1.094298e+05 	4.331849e-124 	3.855760e-11 	8.881784e-16 	0.000000e+00
2450 	5.486367e-02 	1.094298e+05 	4.331849e-124 	3.855760e-11 	8.881784e-16 	0.000000e+00
2451 	5.475394e-02 	1.094298e+05 	4.331849e-124 	3.855760e-11 	8.881784e-16 	0.000000e+00
2452 	5.464444e-02 	1.094298e+05 	4.331849e-124 	3.855760e-11 	8.881784e-16 	0.000000e+00
2453 	5.453515e-02 	1.094298e+05 	4.331849e-124 	3.855760e-11 	8.881784e-16 	0.000000e+00
2454 	5.442608e-02 	1.094298e+05 	1.161851e-124 	3.855760e-11 	8.881784e-16 	0.000000e+00
2455 	5.431722e-02 	1.094298e+05 	1.161851e-124 	3.855760e-11 	8.881784e-16 	0.000000e+00
2456 	5.420859e-02 	1.094298e+05 	1.161851e-124 	3.855760e-11 	8.881784e-16 	0.000000e+00
2457 	5.410017e-02 	1.094298e+05 	4.725475e-124 	3.855760e-11 	8.881784e-16 	0.000000e+00
2458 	5.399197e-02 	1.094298e+05 	4.725475e-124 	3.855760e-11 	8.881784e-16 	0.000000e+00
2459 	5.388399e-02 	1.094298e+05 	4.725475e-124 	3.855760e-11 	8.881784e-16 	0.000000e+00
2460 	5.377622e-02 	1.094298e+05 	4.725475e-124 	3.855760e-11 	8.881784e-16 	0.000000e+00
2461 	5.366867e-02 	1.094298e+05 	4.725475e-124 	3.855760e-11 	8.881784e-16 	0.000000e+00
2462 	5.356133e-02 	1.094298e+05 	4.725475e-124 	3.855760e-11 	8.881784e-16 	0.000000e+00
2463 	5.345421e-02 	1.094298e+05 	4.725475e-124 	3.855760e-11 	8.881784e-16 	0.000000e+00
2464 	5.334730e-02 	1.094298e+05 	4.725475e-124 	3.855760e-11 	8.881784e-16 	0.000000e+00
2465 	5.324061e-02 	1.094298e+05 	4.725475e-124 	3.855760e-11 	8.881784e-16 	0.000000e+00
2466 	5.313412e-02 	1.094298e+05 	4.725475e-124 	3.855760e-11 	8.881784e-16 	0.000000e+00
2467 	5.302786e-02 	1.094298e+05 	4.725475e-124 	3.855760e-11 	8.881784e-16 	0.000000e+00
2468 	5.292180e-02 	1.094298e+05 	4.725475e-124 	3.855760e-11 	8.881784e-16 	0.000000e+00
2469 	5.281596e-02 	1.094298e+05 	4.725475e-124 	3.855760e-11 	8.881784e-16 	0.000000e+00
2470 	5.271032e-02 	1.094298e+05 	4.725475e-124 	3.855760e-11 	8.881784e-16 	0.000000e+00
2471 	5.260490e-02 	1.094298e+05 	4.725475e-124 	3.855760e-11 	8.881784e-16 	0.000000e+00
2472 	5.249969e-02 	1.094298e+05 	4.725475e-124 	3.855760e-11 	8.881784e-16 	0.000000e+00
2473 	5.239469e-02 	1.094298e+05 	4.725475e-124 	3.855760e-11 	8.881784e-16 	0.000000e+00
2474 	5.228991e-02 	1.094298e+05 	4.725475e-124 	3.855760e-11 	8.881784e-16 	0.000000e+00
2475 	5.218533e-02 	1.094298e+05 	4.725475e-124 	3.855760e-11 	8.881784e-16 	0.000000e+00
2476 	5.208096e-02 	1.094298e+05 	4.725475e-124 	3.855760e-11 	8.881784e-16 	0.000000e+00
2477 	5.197679e-02 	1.094298e+05 	4.725475e-124 	3.855760e-11 	8.881784e-16 	0.000000e+00
2478 	5.187284e-02 	1.094298e+05 	7.903991e-124 	3.855760e-11 	8.881784e-16 	0.000000e+00
2479 	5.176909e-02 	1.094298e+05 	7.903991e-124 	3.855760e-11 	8.881784e-16 	0.000000e+00
2480 	5.166556e-02 	1.094298e+05 	7.903991e-124 	3.855760e-11 	8.881784e-16 	0.000000e+00
2481 	5.156222e-02 	1.094298e+05 	7.903991e-124 	3.855760e-11 	8.881784e-16 	0.000000e+00
2482 	5.145910e-02 	1.094298e+05 	7.903991e-124 	3.855760e-11 	8.881784e-16 	0.000000e+00
2483 	5.135618e-02 	1.094298e+05 	7.903991e-124 	3.855760e-11 	8.881784e-16 	0.000000e+00
2484 	5.125347e-02 	1.094298e+05 	7.903991e-124 	3.855760e-11 	8.881784e-16 	0.000000e+00
2485 	5.115096e-02 	1.094298e+05 	7.903991e-124 	3.855760e-11 	8.881784e-16 	0.000000e+00
2486 	5.104866e-02 	1.094298e+05 	7.903991e-124 	3.855760e-11 	8.881784e-16 	0.000000e+00
2487 	5.094656e-02 	1.094298e+05 	7.903991e-124 	3.855760e-11 	8.881784e-16 	0.000000e+00
2488 	5.084467e-02 	1.094298e+05 	7.903991e-124 	3.855760e-11 	8.881784e-16 	0.000000e+00
2489 	5.074298e-02 	1.094298e+05 	7.903991e-124 	3.855760e-11 	8.881784e-16 	0.000000e+00
2490 	5.064150e-02 	1.094298e+05 	7.903991e-124 	3.855760e-11 	8.881784e-16 	0.000000e+00
2491 	5.054021e-02 	1.094298e+05 	7.903991e-124 	3.855760e-11 	8.881784e-16 	0.000000e+00
2492 	5.043913e-02 	1.094298e+05 	7.903991e-124 	3.855760e-11 	8.881784e-16 	0.000000e+00
2493 	5.033825e-02 	1.094298e+05 	7.903991e-124 	3.855760e-11 	8.881784e-16 	0.000000e+00
2494 	5.023758e-02 	1.094298e+05 	7.903991e-124 	3.855760e-11 	8.881784e-16 	0.000000e+00
2495 	5.013710e-02 	1.094298e+05 	1.734577e-124 	3.855760e-11 	8.881784e-16 	0.000000e+00
2496 	5.003683e-02 	1.094298e+05 	1.734577e-124 	3.855760e-11 	8.881784e-16 	0.000000e+00
2497 	4.993675e-02 	1.094298e+05 	1.734577e-124 	3.855760e-11 	8.881784e-16 	0.000000e+00
2498 	4.983688e-02 	1.094298e+05 	1.734577e-124 	3.855760e-11 	8.881784e-16 	0.000000e+00
2499 	4.973721e-02 	1.094298e+05 	1.734577e-124 	3.855760e-11 	8.881784e-16 	0.000000e+00
2500 	4.963773e-02 	1.094298e+05 	1.734577e-124 	3.855760e-11 	8.881784e-16 	0.000000e+00
2501 	4.953846e-02 	1.094298e+05 	1.734577e-124 	3.855760e-11 	8.881784e-16 	0.000000e+00
2502 	4.943938e-02 	1.094298e+05 	1.734577e-124 	3.855760e-11 	8.881784e-16 	0.000000e+00
2503 	4.934050e-02 	1.094298e+05 	1.734577e-124 	3.855760e-11 	8.881784e-16 	0.000000e+00
2504 	4.924182e-02 	1.094298e+05 	1.734577e-124 	3.855760e-11 	8.881784e-16 	0.000000e+00
2505 	4.914334e-02 	1.094298e+05 	1.734577e-124 	3.855760e-11 	8.881784e-16 	0.000000e+00
2506 	4.904505e-02 	1.094298e+05 	1.734577e-124 	3.855760e-11 	8.881784e-16 	0.000000e+00
2507 	4.894696e-02 	1.094298e+05 	1.734577e-124 	3.855760e-11 	8.881784e-16 	0.000000e+00
2508 	4.884907e-02 	1.094298e+05 	1.734577e-124 	3.855760e-11 	8.881784e-16 	0.000000e+00
2509 	4.875137e-02 	1.094298e+05 	1.734577e-124 	3.855760e-11 	8.881784e-16 	0.000000e+00
2510 	4.865386e-02 	1.094298e+05 	0.000000e+00 	3.855760e-11 	8.881784e-16 	0.000000e+00
2511 	4.855656e-02 	1.094298e+05 	0.000000e+00 	3.855760e-11 	8.881784e-16 	0.000000e+00
2512 	4.845944e-02 	1.094298e+05 	0.000000e+00 	3.855760e-11 	8.881784e-16 	0.000000e+00
2513 	4.836253e-02 	1.094298e+05 	0.000000e+00 	3.855760e-11 	8.881784e-16 	0.000000e+00
2514 	4.826580e-02 	1.094298e+05 	6.243363e-124 	3.855760e-11 	8.881784e-16 	0.000000e+00
2515 	4.816927e-02 	1.094298e+05 	6.243363e-124 	3.855760e-11 	8.881784e-16 	0.000000e+00
2516 	4.807293e-02 	1.094298e+05 	6.243363e-124 	3.855760e-11 	8.881784e-16 	0.000000e+00
2517 	4.797678e-02 	1.094298e+05 	6.243363e-124 	3.855760e-11 	8.881784e-16 	0.000000e+00
2518 	4.788083e-02 	1.094298e+05 	6.243363e-124 	3.855760e-11 	8.881784e-16 	0.000000e+00
2519 	4.778507e-02 	1.094298e+05 	6.243363e-124 	3.855760e-11 	8.881784e-16 	0.000000e+00
2520 	4.768950e-02 	1.094298e+05 	6.243363e-124 	3.855760e-11 	8.881784e-16 	0.000000e+00
2521 	4.759412e-02 	1.094298e+05 	6.243363e-124 	3.855760e-11 	8.881784e-16 	0.000000e+00
2522 	4.749893e-02 	1.094298e+05 	6.243363e-124 	3.855760e-11 	8.881784e-16 	0.000000e+00
2523 	4.740393e-02 	1.094298e+05 	6.243363e-124 	3.855760e-11 	8.881784e-16 	0.000000e+00
2524 	4.730913e-02 	1.094298e+05 	6.243363e-124 	3.855760e-11 	8.881784e-16 	0.000000e+00
2525 	4.721451e-02 	1.094298e+05 	6.243363e-124 	3.855760e-11 	8.881784e-16 	0.000000e+00
2526 	4.712008e-02 	1.094298e+05 	6.243363e-124 	3.855760e-11 	8.881784e-16 	0.000000e+00
2527 	4.702584e-02 	1.094298e+05 	6.243363e-124 	3.855760e-11 	8.881784e-16 	0.000000e+00
2528 	4.693179e-02 	1.094298e+05 	6.243363e-124 	3.855760e-11 	8.881784e-16 	0.000000e+00
2529 	4.683792e-02 	1.094298e+05 	6.243363e-124 	3.855760e-11 	8.881784e-16 	0.000000e+00
2530 	4.674425e-02 	1.094298e+05 	3.035509e-124 	3.855760e-11 	8.881784e-16 	0.000000e+00
2531 	4.665076e-02 	1.094298e+05 	3.035509e-124 	3.855760e-11 	8.881784e-16 	0.000000e+00
2532 	4.655746e-02 	1.094298e+05 	3.035509e-124 	3.855760e-11 	8.881784e-16 	0.000000e+00
2533 	4.646434e-02 	1.094298e+05 	3.035509e-124 	3.855760e-11 	8.881784e-16 	0.000000e+00
2534 	4.637141e-02 	1.094298e+05 	3.035509e-124 	3.855760e-11 	8.881784e-16 	0.000000e+00
2535 	4.627867e-02 	1.094298e+05 	3.035509e-124 	3.855760e-11 	8.881784e-16 	0.000000e+00
2536 	4.618611e-02 	1.094298e+05 	3.035509e-124 	3.855760e-11 	8.881784e-16 	0.000000e+00
2537 	4.609374e-02 	1.094298e+05 	3.035509e-124 	3.855760e-11 	8.881784e-16 	0.000000e+00
2538 	4.600155e-02 	1.094298e+05 	3.035509e-124 	3.855760e-11 	8.881784e-16 	0.000000e+00
2539 	4.590955e-02 	1.094298e+05 	3.035509e-124 	3.855760e-11 	8.881784e-16 	0.000000e+00
2540 	4.581773e-02 	1.094298e+05 	2.799990e-124 	3.855760e-11 	8.881784e-16 	0.000000e+00
2541 	4.572610e-02 	1.094298e+05 	2.799990e-124 	3.855760e-11 	8.881784e-16 	0.000000e+00
2542 	4.563464e-02 	1.094298e+05 	2.799990e-124 	3.855760e-11 	8.881784e-16 	0.000000e+00
2543 	4.554337e-02 	1.094298e+05 	2.799990e-124 	3.855760e-11 	8.881784e-16 	0.000000e+00
2544 	4.545229e-02 	1.094298e+05 	2.799990e-124 	3.855760e-11 	8.881784e-16 	0.000000e+00
2545 	4.536138e-02 	1.094298e+05 	2.799990e-124 	3.855760e-11 	8.881784e-16 	0.000000e+00
2546 	4.527066e-02 	1.094298e+05 	2.799990e-124 	3.855760e-11 	8.881784e-16 	0.000000e+00
2547 	4.518012e-02 	1.094298e+05 	2.799990e-124 	3.855760e-11 	8.881784e-16 	0.000000e+00
2548 	4.508976e-02 	1.094298e+05 	2.799990e-124 	3.855760e-11 	8.881784e-16 	0.000000e+00
2549 	4.499958e-02 	1.094298e+05 	2.799990e-124 	3.855760e-11 	8.881784e-16 	0.000000e+00
2550 	4.490958e-02 	1.094298e+05 	2.799990e-124 	3.855760e-11 	8.881784e-16 	0.000000e+00
2551 	4.481976e-02 	1.094298e+05 	2.799990e-124 	3.855760e-11 	8.881784e-16 	0.000000e+00
2552 	4.473012e-02 	1.094298e+05 	2.799990e-124 	3.855760e-11 	8.881784e-16 	0.000000e+00
2553 	4.464066e-02 	1.094298e+05 	2.799990e-124 	3.855760e-11 	8.881784e-16 	0.000000e+00
2554 	4.455138e-02 	1.094298e+05 	2.799990e-124 	3.855760e-11 	8.881784e-16 	0.000000e+00
2555 	4.446228e-02 	1.094298e+05 	2.799990e-124 	3.855760e-11 	8.881784e-16 	0.000000e+00
2556 	4.437335e-02 	1.094298e+05 	2.799990e-124 	3.855760e-11 	8.881784e-16 	0.000000e+00
2557 	4.428461e-02 	1.094298e+05 	2.799990e-124 	3.855760e-11 	8.881784e-16 	0.000000e+00
2558 	4.419604e-02 	1.094298e+05 	2.799990e-124 	3.855760e-11 	8.881784e-16 	0.000000e+00
2559 	4.410764e-02 	1.094298e+05 	5.983484e-124 	3.855760e-11 	8.881784e-16 	0.000000e+00
2560 	4.401943e-02 	1.094298e+05 	5.983484e-124 	3.855760e-11 	8.881784e-16 	0.000000e+00
2561 	4.393139e-02 	1.094298e+05 	5.983484e-124 	3.855760e-11 	8.881784e-16 	0.000000e+00
2562 	4.384353e-02 	1.094298e+05 	1.105338e-123 	3.855760e-11 	8.881784e-16 	0.000000e+00
2563 	4.375584e-02 	1.094298e+05 	1.105338e-123 	3.855760e-11 	8.881784e-16 	0.000000e+00
2564 	4.366833e-02 	1.094298e+05 	1.105338e-123 	3.855760e-11 	8.881784e-16 	0.000000e+00
2565 	4.358099e-02 	1.094298e+05 	1.105367e-123 	3.855760e-11 	8.881784e-16 	0.000000e+00
2566 	4.349383e-02 	1.094298e+05 	1.105367e-123 	3.855760e-11 	8.881784e-16 	0.000000e+00
2567 	4.340684e-02 	1.094298e+05 	1.105367e-123 	3.855760e-11 	8.881784e-16 	0.000000e+00
2568 	4.332003e-02 	1.094298e+05 	1.105367e-123 	3.855760e-11 	8.881784e-16 	0.000000e+00
2569 	4.323339e-02 	1.094298e+05 	1.105367e-123 	3.855760e-11 	8.881784e-16 	0.000000e+00
2570 	4.314692e-02 	1.094298e+05 	1.105367e-123 	3.855760e-11 	8.881784e-16 	0.000000e+00
2571 	4.306063e-02 	1.094298e+05 	7.723102e-124 	3.855760e-11 	8.881784e-16 	0.000000e+00
2572 	4.297451e-02 	1.094298e+05 	7.723102e-124 	3.855760e-11 	8.881784e-16 	0.000000e+00
2573 	4.288856e-02 	1.094298e+05 	7.723102e-124 	3.855760e-11 	8.881784e-16 	0.000000e+00
2574 	4.280278e-02 	1.094298e+05 	7.723102e-124 	3.855760e-11 	8.881784e-16 	0.000000e+00
2575 	4.271718e-02 	1.094298e+05 	7.723102e-124 	3.855760e-11 	8.881784e-16 	0.000000e+00
2576 	4.263174e-02 	1.094298e+05 	7.723102e-124 	3.855760e-11 	8.881784e-16 	0.000000e+00
2577 	4.254648e-02 	1.094298e+05 	7.723102e-124 	3.855760e-11 	8.881784e-16 	0.000000e+00
2578 	4.246138e-02 	1.094298e+05 	7.723102e-124 	3.855760e-11 	8.881784e-16 	0.000000e+00
2579 	4.237646e-02 	1.094298e+05 	7.723102e-124 	3.855760e-11 	8.881784e-16 	0.000000e+00
2580 	4.229171e-02 	1.094298e+05 	7.723102e-124 	3.855760e-11 	8.881784e-16 	0.000000e+00
2581 	4.220713e-02 	1.094298e+05 	7.723102e-124 	3.855760e-11 	8.881784e-16 	0.000000e+00
2582 	4.212271e-02 	1.094298e+05 	7.723102e-124 	3.855760e-11 	8.881784e-16 	0.000000e+00
2583 	4.203847e-02 	1.094298e+05 	7.723102e-124 	3.855760e-11 	8.881784e-16 	0.000000e+00
2584 	4.195439e-02 	1.094298e+05 	7.723102e-124 	3.855760e-11 	8.881784e-16 	0.000000e+00
2585 	4.187048e-02 	1.094298e+05 	7.723102e-124 	3.855760e-11 	8.881784e-16 	0.000000e+00
2586 	4.178674e-02 	1.094298e+05 	7.723102e-124 	3.855760e-11 	8.881784e-16 	0.000000e+00
2587 	4.170317e-02 	1.094298e+05 	7.723102e-124 	3.855760e-11 	8.881784e-16 	0.000000e+00
2588 	4.161976e-02 	1.094298e+05 	7.723102e-124 	3.855760e-11 	8.881784e-16 	0.000000e+00
2589 	4.153652e-02 	1.094298e+05 	7.821839e-124 	3.855760e-11 	8.881784e-16 	0.000000e+00
2590 	4.145345e-02 	1.094298e+05 	7.821839e-124 	3.855760e-11 	8.881784e-16 	0.000000e+00
2591 	4.137054e-02 	1.094298e+05 	7.821839e-124 	3.855760e-11 	8.881784e-16 	0.000000e+00
2592 	4.128780e-02 	1.094298e+05 	7.821839e-124 	3.855760e-11 	8.881784e-16 	0.000000e+00
2593 	4.120522e-02 	1.094298e+05 	7.821839e-124 	3.855760e-11 	8.881784e-16 	0.000000e+00
2594 	4.112281e-02 	1.094298e+05 	7.821839e-124 	3.855760e-11 	8.881784e-16 	0.000000e+00
2595 	4.104057e-02 	1.094298e+05 	7.821839e-124 	3.855760e-11 	8.881784e-16 	0.000000e+00
2596 	4.095849e-02 	1.094298e+05 	7.821839e-124 	3.855760e-11 	8.881784e-16 	0.000000e+00
2597 	4.087657e-02 	1.094298e+05 	7.821839e-124 	3.855760e-11 	8.881784e-16 	0.000000e+00
2598 	4.079482e-02 	1.094298e+05 	7.821839e-124 	3.855760e-11 	8.881784e-16 	0.000000e+00
2599 	4.071323e-02 	1.094298e+05 	7.821839e-124 	3.855760e-11 	8.881784e-16 	0.000000e+00
2600 	4.063180e-02 	1.094298e+05 	7.821839e-124 	3.855760e-11 	8.881784e-16 	0.000000e+00
2601 	4.055054e-02 	1.094298e+05 	7.821839e-124 	3.855760e-11 	8.881784e-16 	0.000000e+00
2602 	4.046944e-02 	1.094298e+05 	7.821839e-124 	3.855760e-11 	8.881784e-16 	0.000000e+00
2603 	4.038850e-02 	1.094298e+05 	7.821839e-124 	3.855760e-11 	8.881784e-16 	0.000000e+00
2604 	4.030772e-02 	1.094298e+05 	7.821839e-124 	3.855760e-11 	8.881784e-16 	0.000000e+00
2605 	4.022710e-02 	1.094298e+05 	7.821839e-124 	3.855760e-11 	8.881784e-16 	0.000000e+00
2606 	4.014665e-02 	1.094298e+05 	7.821839e-124 	3.855760e-11 	8.881784e-16 	0.000000e+00
2607 	4.006636e-02 	1.094298e+05 	7.821839e-124 	3.855760e-11 	8.881784e-16 	0.000000e+00
2608 	3.998622e-02 	1.094298e+05 	7.821839e-124 	3.855760e-11 	8.881784e-16 	0.000000e+00
2609 	3.990625e-02 	1.094298e+05 	7.821839e-124 	3.855760e-11 	8.881784e-16 	0.000000e+00
2610 	3.982644e-02 	1.094298e+05 	7.821839e-124 	3.855760e-11 	8.881784e-16 	0.000000e+00
2611 	3.974679e-02 	1.094298e+05 	7.821839e-124 	3.855760e-11 	8.881784e-16 	0.000000e+00
2612 	3.966729e-02 	1.094298e+05 	7.821839e-124 	3.855760e-11 	8.881784e-16 	0.000000e+00
2613 	3.958796e-02 	1.094298e+05 	7.821839e-124 	3.855760e-11 	8.881784e-16 	0.000000e+00
2614 	3.950878e-02 	1.094298e+05 	7.821839e-124 	3.855760e-11 	8.881784e-16 	0.000000e+00
2615 	3.942976e-02 	1.094298e+05 	7.821839e-124 	3.855760e-11 	8.881784e-16 	0.000000e+00
2616 	3.935090e-02 	1.094298e+05 	7.821839e-124 	3.855760e-11 	8.881784e-16 	0.000000e+00
2617 	3.927220e-02 	1.094298e+05 	7.821839e-124 	3.855760e-11 	8.881784e-16 	0.000000e+00
2618 	3.919366e-02 	1.094298e+05 	7.821839e-124 	3.855760e-11 	8.881784e-16 	0.000000e+00
2619 	3.911527e-02 	1.094298e+05 	7.821839e-124 	3.855760e-11 	8.881784e-16 	0.000000e+00
2620 	3.903704e-02 	1.094298e+05 	7.821839e-124 	3.855760e-11 	8.881784e-16 	0.000000e+00
2621 	3.895897e-02 	1.094298e+05 	7.821839e-124 	3.855760e-11 	8.881784e-16 	0.000000e+00
2622 	3.888105e-02 	1.094298e+05 	7.821839e-124 	3.855760e-11 	8.881784e-16 	0.000000e+00
2623 	3.880329e-02 	1.094298e+05 	7.821839e-124 	3.855760e-11 	8.881784e-16 	0.000000e+00
2624 	3.872568e-02 	1.094298e+05 	7.821839e-124 	3.855760e-11 	8.881784e-16 	0.000000e+00
2625 	3.864823e-02 	1.094298e+05 	7.821839e-124 	3.855760e-11 	8.881784e-16 	0.000000e+00
2626 	3.857093e-02 	1.094298e+05 	5.759241e-124 	3.855760e-11 	8.881784e-16 	0.000000e+00
2627 	3.849379e-02 	1.094298e+05 	5.759241e-124 	3.855760e-11 	8.881784e-16 	0.000000e+00
2628 	3.841680e-02 	1.094298e+05 	5.759241e-124 	3.855760e-11 	8.881784e-16 	0.000000e+00
2629 	3.833997e-02 	1.094298e+05 	5.759241e-124 	3.855760e-11 	8.881784e-16 	0.000000e+00
2630 	3.826329e-02 	1.094298e+05 	5.759241e-124 	3.855760e-11 	8.881784e-16 	0.000000e+00
2631 	3.818676e-02 	1.094298e+05 	5.759241e-124 	3.855760e-11 	8.881784e-16 	0.000000e+00
2632 	3.811039e-02 	1.094298e+05 	2.213249e-124 	3.855760e-11 	8.881784e-16 	0.000000e+00
2633 	3.803417e-02 	1.094298e+05 	2.213249e-124 	3.855760e-11 	8.881784e-16 	0.000000e+00
2634 	3.795810e-02 	1.094298e+05 	2.213249e-124 	3.855760e-11 	8.881784e-16 	0.000000e+00
2635 	3.788218e-02 	1.094298e+05 	2.213249e-124 	3.855760e-11 	8.881784e-16 	0.000000e+00
2636 	3.780642e-02 	1.094298e+05 	2.213249e-124 	3.855760e-11 	8.881784e-16 	0.000000e+00
2637 	3.773081e-02 	1.094298e+05 	2.213249e-124 	3.855760e-11 	8.881784e-16 	0.000000e+00
2638 	3.765534e-02 	1.094298e+05 	2.213249e-124 	3.855760e-11 	8.881784e-16 	0.000000e+00
2639 	3.758003e-02 	1.094298e+05 	2.213249e-124 	3.855760e-11 	8.881784e-16 	0.000000e+00
2640 	3.750487e-02 	1.094298e+05 	2.213249e-124 	3.855760e-11 	8.881784e-16 	0.000000e+00
2641 	3.742986e-02 	1.094298e+05 	2.213249e-124 	3.855760e-11 	8.881784e-16 	0.000000e+00
2642 	3.735500e-02 	1.094298e+05 	6.565295e-124 	3.855760e-11 	8.881784e-16 	0.000000e+00
2643 	3.728029e-02 	1.094298e+05 	6.565295e-124 	3.855760e-11 	8.881784e-16 	0.000000e+00
2644 	3.720573e-02 	1.094298e+05 	6.565295e-124 	3.855760e-11 	8.881784e-16 	0.000000e+00
2645 	3.713132e-02 	1.094298e+05 	6.565295e-124 	3.855760e-11 	8.881784e-16 	0.000000e+00
2646 	3.705706e-02 	1.094298e+05 	2.638715e-194 	3.855760e-11 	8.881784e-16 	0.000000e+00
2647 	3.698295e-02 	1.094298e+05 	2.638715e-194 	3.855760e-11 	8.881784e-16 	0.000000e+00
2648 	3.690898e-02 	1.094298e+05 	2.638715e-194 	3.855760e-11 	8.881784e-16 	0.000000e+00
2649 	3.683516e-02 	1.094298e+05 	2.638715e-194 	3.855760e-11 	8.881784e-16 	0.000000e+00
2650 	3.676149e-02 	1.094298e+05 	2.638715e-194 	3.855760e-11 	8.881784e-16 	0.000000e+00
2651 	3.668797e-02 	1.094298e+05 	2.638715e-194 	3.855760e-11 	8.881784e-16 	0.000000e+00
2652 	3.661459e-02 	1.094298e+05 	2.638715e-194 	3.855760e-11 	8.881784e-16 	0.000000e+00
2653 	3.654136e-02 	1.094298e+05 	2.638715e-194 	3.855760e-11 	8.881784e-16 	0.000000e+00
2654 	3.646828e-02 	1.094298e+05 	2.638715e-194 	3.855760e-11 	8.881784e-16 	0.000000e+00
2655 	3.639534e-02 	1.094298e+05 	2.638715e-194 	3.855760e-11 	8.881784e-16 	0.000000e+00
2656 	3.632255e-02 	1.094298e+05 	2.638715e-194 	3.855760e-11 	8.881784e-16 	0.000000e+00
2657 	3.624991e-02 	1.094298e+05 	2.638715e-194 	3.855760e-11 	8.881784e-16 	0.000000e+00
2658 	3.617741e-02 	1.094298e+05 	2.638715e-194 	3.855760e-11 	8.881784e-16 	0.000000e+00
2659 	3.610505e-02 	1.094298e+05 	2.638715e-194 	3.855760e-11 	8.881784e-16 	0.000000e+00
2660 	3.603284e-02 	1.094298e+05 	2.638715e-194 	3.855760e-11 	8.881784e-16 	0.000000e+00
2661 	3.596078e-02 	1.094298e+05 	2.638715e-194 	3.855760e-11 	8.881784e-16 	0.000000e+00
2662 	3.588886e-02 	1.094298e+05 	2.638715e-194 	3.855760e-11 	8.881784e-16 	0.000000e+00
2663 	3.581708e-02 	1.094298e+05 	2.638715e-194 	3.855760e-11 	8.881784e-16 	0.000000e+00
2664 	3.574544e-02 	1.094298e+05 	2.638715e-194 	3.855760e-11 	8.881784e-16 	0.000000e+00
2665 	3.567395e-02 	1.094298e+05 	2.638715e-194 	3.855760e-11 	8.881784e-16 	0.000000e+00
2666 	3.560261e-02 	1.094298e+05 	2.638715e-194 	3.855760e-11 	8.881784e-16 	0.000000e+00
2667 	3.553140e-02 	1.094298e+05 	2.638715e-194 	3.855760e-11 	8.881784e-16 	0.000000e+00
2668 	3.546034e-02 	1.094298e+05 	2.638715e-194 	3.855760e-11 	8.881784e-16 	0.000000e+00
2669 	3.538942e-02 	1.094298e+05 	2.638715e-194 	3.855760e-11 	8.881784e-16 	0.000000e+00
2670 	3.531864e-02 	1.094298e+05 	2.638715e-194 	3.855760e-11 	8.881784e-16 	0.000000e+00
2671 	3.524800e-02 	1.094298e+05 	2.638715e-194 	3.855760e-11 	8.881784e-16 	0.000000e+00
2672 	3.517750e-02 	1.094298e+05 	2.638715e-194 	3.855760e-11 	8.881784e-16 	0.000000e+00
2673 	3.510715e-02 	1.094298e+05 	2.638715e-194 	3.855760e-11 	8.881784e-16 	0.000000e+00
2674 	3.503694e-02 	1.094298e+05 	2.638715e-194 	3.855760e-11 	8.881784e-16 	0.000000e+00
2675 	3.496686e-02 	1.094298e+05 	2.638715e-194 	3.855760e-11 	8.881784e-16 	0.000000e+00
2676 	3.489693e-02 	1.094298e+05 	2.638715e-194 	3.855760e-11 	8.881784e-16 	0.000000e+00
2677 	3.482713e-02 	1.094298e+05 	2.638715e-194 	3.855760e-11 	8.881784e-16 	0.000000e+00
2678 	3.475748e-02 	1.094298e+05 	2.638715e-194 	3.855760e-11 	8.881784e-16 	0.000000e+00
2679 	3.468796e-02 	1.094298e+05 	2.638715e-194 	3.855760e-11 	8.881784e-16 	0.000000e+00
2680 	3.461859e-02 	1.094298e+05 	2.638715e-194 	3.855760e-11 	8.881784e-16 	0.000000e+00
2681 	3.454935e-02 	1.094298e+05 	5.728261e-124 	3.855760e-11 	8.881784e-16 	0.000000e+00
2682 	3.448025e-02 	1.094298e+05 	1.075558e-123 	3.855760e-11 	8.881784e-16 	0.000000e+00
2683 	3.441129e-02 	1.094298e+05 	1.075558e-123 	3.855760e-11 	8.881784e-16 	0.000000e+00
2684 	3.434247e-02 	1.094298e+05 	1.075558e-123 	3.855760e-11 	8.881784e-16 	0.000000e+00
2685 	3.427379e-02 	1.094298e+05 	1.075558e-123 	3.855760e-11 	8.881784e-16 	0.000000e+00
2686 	3.420524e-02 	1.094298e+05 	1.075558e-123 	3.855760e-11 	8.881784e-16 	0.000000e+00
2687 	3.413683e-02 	1.094298e+05 	1.075558e-123 	3.855760e-11 	8.881784e-16 	0.000000e+00
2688 	3.406855e-02 	1.094298e+05 	1.075558e-123 	3.855760e-11 	8.881784e-16 	0.000000e+00
2689 	3.400042e-02 	1.094298e+05 	1.075558e-123 	3.855760e-11 	8.881784e-16 	0.000000e+00
2690 	3.393242e-02 	1.094298e+05 	1.075558e-123 	3.855760e-11 	8.881784e-16 	0.000000e+00
2691 	3.386455e-02 	1.094298e+05 	1.075558e-123 	3.855760e-11 	8.881784e-16 	0.000000e+00
2692 	3.379682e-02 	1.094298e+05 	1.132939e-123 	3.855760e-11 	8.881784e-16 	0.000000e+00
2693 	3.372923e-02 	1.094298e+05 	1.132939e-123 	3.855760e-11 	8.881784e-16 	0.000000e+00
2694 	3.366177e-02 	1.094298e+05 	1.148225e-123 	3.855760e-11 	8.881784e-16 	0.000000e+00
2695 	3.359445e-02 	1.094298e+05 	1.148225e-123 	3.855760e-11 	8.881784e-16 	0.000000e+00
2696 	3.352726e-02 	1.094298e+05 	1.148225e-123 	3.855760e-11 	8.881784e-16 	0.000000e+00
2697 	3.346020e-02 	1.094298e+05 	1.148225e-123 	3.855760e-11 	8.881784e-16 	0.000000e+00
2698 	3.339328e-02 	1.094298e+05 	1.148225e-123 	3.855760e-11 	8.881784e-16 	0.000000e+00
2699 	3.332650e-02 	1.094298e+05 	1.341097e-124 	3.855760e-11 	8.881784e-16 	0.000000e+00
2700 	3.325984e-02 	1.094298e+05 	1.341097e-124 	3.855760e-11 	8.881784e-16 	0.000000e+00
2701 	3.319332e-02 	1.094298e+05 	1.341097e-124 	3.855760e-11 	8.881784e-16 	0.000000e+00
2702 	3.312694e-02 	1.094298e+05 	1.341097e-124 	3.855760e-11 	8.881784e-16 	0.000000e+00
2703 	3.306068e-02 	1.094298e+05 	1.341097e-124 	3.855760e-11 	8.881784e-16 	0.000000e+00
2704 	3.299456e-02 	1.094298e+05 	1.341097e-124 	3.855760e-11 	8.881784e-16 	0.000000e+00
2705 	3.292857e-02 	1.094298e+05 	1.341097e-124 	3.855760e-11 	8.881784e-16 	0.000000e+00
2706 	3.286271e-02 	1.094298e+05 	1.341097e-124 	3.855760e-11 	8.881784e-16 	0.000000e+00
2707 	3.279699e-02 	1.094298e+05 	1.341097e-124 	3.855760e-11 	8.881784e-16 	0.000000e+00
2708 	3.273140e-02 	1.094298e+05 	1.341097e-124 	3.855760e-11 	8.881784e-16 	0.000000e+00
2709 	3.266593e-02 	1.094298e+05 	1.341097e-124 	3.855760e-11 	8.881784e-16 	0.000000e+00
2710 	3.260060e-02 	1.094298e+05 	1.341097e-124 	3.855760e-11 	8.881784e-16 	0.000000e+00
2711 	3.253540e-02 	1.094298e+05 	5.026251e-124 	3.855760e-11 	8.881784e-16 	0.000000e+00
2712 	3.247033e-02 	1.094298e+05 	5.026251e-124 	3.855760e-11 	8.881784e-16 	0.000000e+00
2713 	3.240539e-02 	1.094298e+05 	5.026251e-124 	3.855760e-11 	8.881784e-16 	0.000000e+00
2714 	3.234058e-02 	1.094298e+05 	5.026251e-124 	3.855760e-11 	8.881784e-16 	0.000000e+00
2715 	3.227590e-02 	1.094298e+05 	5.026251e-124 	3.855760e-11 	8.881784e-16 	0.000000e+00
2716 	3.221134e-02 	1.094298e+05 	5.026251e-124 	3.855760e-11 	8.881784e-16 	0.000000e+00
2717 	3.214692e-02 	1.094298e+05 	5.026251e-124 	3.855760e-11 	8.881784e-16 	0.000000e+00
2718 	3.208263e-02 	1.094298e+05 	5.026251e-124 	3.855760e-11 	8.881784e-16 	0.000000e+00
2719 	3.201846e-02 	1.094298e+05 	5.026251e-124 	3.855760e-11 	8.881784e-16 	0.000000e+00
2720 	3.195443e-02 	1.094298e+05 	5.026251e-124 	3.855760e-11 	8.881784e-16 	0.000000e+00
2721 	3.189052e-02 	1.094298e+05 	5.026251e-124 	3.855760e-11 	8.881784e-16 	0.000000e+00
2722 	3.182674e-02 	1.094298e+05 	5.026251e-124 	3.855760e-11 	8.881784e-16 	0.000000e+00
2723 	3.176308e-02 	1.094298e+05 	5.026251e-124 	3.855760e-11 	8.881784e-16 	0.000000e+00
2724 	3.169956e-02 	1.094298e+05 	5.026251e-124 	3.855760e-11 	8.881784e-16 	0.000000e+00
2725 	3.163616e-02 	1.094298e+05 	5.026251e-124 	3.855760e-11 	8.881784e-16 	0.000000e+00
2726 	3.157288e-02 	1.094298e+05 	5.894826e-124 	3.855760e-11 	8.881784e-16 	0.000000e+00
2727 	3.150974e-02 	1.094298e+05 	5.894826e-124 	3.855760e-11 	8.881784e-16 	0.000000e+00
2728 	3.144672e-02 	1.094298e+05 	5.894826e-124 	3.855760e-11 	8.881784e-16 	0.000000e+00
2729 	3.138383e-02 	1.094298e+05 	5.894826e-124 	3.855760e-11 	8.881784e-16 	0.000000e+00
2730 	3.132106e-02 	1.094298e+05 	8.056159e-124 	3.855760e-11 	8.881784e-16 	0.000000e+00
2731 	3.125842e-02 	1.094298e+05 	8.056159e-124 	3.855760e-11 	8.881784e-16 	0.000000e+00
2732 	3.119590e-02 	1.094298e+05 	8.056159e-124 	3.855760e-11 	8.881784e-16 	0.000000e+00
2733 	3.113351e-02 	1.094298e+05 	8.056159e-124 	3.855760e-11 	8.881784e-16 	0.000000e+00
2734 	3.107124e-02 	1.094298e+05 	8.056159e-124 	3.855760e-11 	8.881784e-16 	0.000000e+00
2735 	3.100910e-02 	1.094298e+05 	8.056159e-124 	3.855760e-11 	8.881784e-16 	0.000000e+00
2736 	3.094708e-02 	1.094298e+05 	8.056159e-124 	3.855760e-11 	8.881784e-16 	0.000000e+00
2737 	3.088519e-02 	1.094298e+05 	8.056159e-124 	3.855760e-11 	8.881784e-16 	0.000000e+00
2738 	3.082342e-02 	1.094298e+05 	8.056159e-124 	3.855760e-11 	8.881784e-16 	0.000000e+00
2739 	3.076177e-02 	1.094298e+05 	8.056159e-124 	3.855760e-11 	8.881784e-16 	0.000000e+00
2740 	3.070024e-02 	1.094298e+05 	8.056159e-124 	3.855760e-11 	8.881784e-16 	0.000000e+00
2741 	3.063884e-02 	1.094298e+05 	8.056159e-124 	3.855760e-11 	8.881784e-16 	0.000000e+00
2742 	3.057757e-02 	1.094298e+05 	8.056159e-124 	3.855760e-11 	8.881784e-16 	0.000000e+00
2743 	3.051641e-02 	1.094298e+05 	8.056159e-124 	3.855760e-11 	8.881784e-16 	0.000000e+00
2744 	3.045538e-02 	1.094298e+05 	8.056159e-124 	3.855760e-11 	8.881784e-16 	0.000000e+00
2745 	3.039447e-02 	1.094298e+05 	8.056159e-124 	3.855760e-11 	8.881784e-16 	0.000000e+00
2746 	3.033368e-02 	1.094298e+05 	8.056159e-124 	3.855760e-11 	8.881784e-16 	0.000000e+00
2747 	3.027301e-02 	1.094298e+05 	8.056159e-124 	3.855760e-11 	8.881784e-16 	0.000000e+00
2748 	3.021247e-02 	1.094298e+05 	8.056159e-124 	3.855760e-11 	8.881784e-16 	0.000000e+00
2749 	3.015204e-02 	1.094298e+05 	8.056159e-124 	3.855760e-11 	8.881784e-16 	0.000000e+00
2750 	3.009174e-02 	1.094298e+05 	8.056159e-124 	3.855760e-11 	8.881784e-16 	0.000000e+00
2751 	3.003155e-02 	1.094298e+05 	8.056159e-124 	3.855760e-11 	8.881784e-16 	0.000000e+00
2752 	2.997149e-02 	1.094298e+05 	8.056159e-124 	3.855760e-11 	8.881784e-16 	0.000000e+00
2753 	2.991155e-02 	1.094298e+05 	8.056159e-124 	3.855760e-11 	8.881784e-16 	0.000000e+00
2754 	2.985172e-02 	1.094298e+05 	8.056159e-124 	3.855760e-11 	8.881784e-16 	0.000000e+00
2755 	2.979202e-02 	1.094298e+05 	8.617731e-124 	3.855760e-11 	8.881784e-16 	0.000000e+00
2756 	2.973244e-02 	1.094298e+05 	8.617731e-124 	3.855760e-11 	8.881784e-16 	0.000000e+00
2757 	2.967297e-02 	1.094298e+05 	8.617731e-124 	3.855760e-11 	8.881784e-16 	0.000000e+00
2758 	2.961363e-02 	1.094298e+05 	8.617731e-124 	3.855760e-11 	8.881784e-16 	0.000000e+00
2759 	2.955440e-02 	1.094298e+05 	8.617731e-124 	3.855760e-11 	8.881784e-16 	0.000000e+00
2760 	2.949529e-02 	1.094298e+05 	8.617731e-124 	3.855760e-11 	8.881784e-16 	0.000000e+00
2761 	2.943630e-02 	1.094298e+05 	8.617731e-124 	3.855760e-11 	8.881784e-16 	0.000000e+00
2762 	2.937743e-02 	1.094298e+05 	8.617731e-124 	3.855760e-11 	8.881784e-16 	0.000000e+00
2763 	2.931867e-02 	1.094298e+05 	8.617731e-124 	3.855760e-11 	8.881784e-16 	0.000000e+00
2764 	2.926003e-02 	1.094298e+05 	5.686533e-124 	3.855760e-11 	8.881784e-16 	0.000000e+00
2765 	2.920151e-02 	1.094298e+05 	5.686533e-124 	3.855760e-11 	8.881784e-16 	0.000000e+00
2766 	2.914311e-02 	1.094298e+05 	1.761392e-124 	3.855760e-11 	8.881784e-16 	0.000000e+00
2767 	2.908482e-02 	1.094298e+05 	1.761392e-124 	3.855760e-11 	8.881784e-16 	0.000000e+00
2768 	2.902666e-02 	1.094298e+05 	1.761392e-124 	3.855760e-11 	8.881784e-16 	0.000000e+00
2769 	2.896860e-02 	1.094298e+05 	1.761392e-124 	3.855760e-11 	8.881784e-16 	0.000000e+00
2770 	2.891066e-02 	1.094298e+05 	1.761392e-124 	3.855760e-11 	8.881784e-16 	0.000000e+00
2771 	2.885284e-02 	1.094298e+05 	1.761392e-124 	3.855760e-11 	8.881784e-16 	0.000000e+00
2772 	2.879514e-02 	1.094298e+05 	1.761392e-124 	3.855760e-11 	8.881784e-16 	0.000000e+00
2773 	2.873755e-02 	1.094298e+05 	1.761392e-124 	3.855760e-11 	8.881784e-16 	0.000000e+00
2774 	2.868007e-02 	1.094298e+05 	1.761392e-124 	3.855760e-11 	8.881784e-16 	0.000000e+00
2775 	2.862271e-02 	1.094298e+05 	1.761392e-124 	3.855760e-11 	8.881784e-16 	0.000000e+00
2776 	2.856547e-02 	1.094298e+05 	1.761392e-124 	3.855760e-11 	8.881784e-16 	0.000000e+00
2777 	2.850834e-02 	1.094298e+05 	1.761392e-124 	3.855760e-11 	8.881784e-16 	0.000000e+00
2778 	2.845132e-02 	1.094298e+05 	1.761392e-124 	3.855760e-11 	8.881784e-16 	0.000000e+00
2779 	2.839442e-02 	1.094298e+05 	1.761392e-124 	3.855760e-11 	8.881784e-16 	0.000000e+00
2780 	2.833763e-02 	1.094298e+05 	1.761392e-124 	3.855760e-11 	8.881784e-16 	0.000000e+00
2781 	2.828095e-02 	1.094298e+05 	1.761392e-124 	3.855760e-11 	8.881784e-16 	0.000000e+00
2782 	2.822439e-02 	1.094298e+05 	1.761392e-124 	3.855760e-11 	8.881784e-16 	0.000000e+00
2783 	2.816794e-02 	1.094298e+05 	1.761392e-124 	3.855760e-11 	8.881784e-16 	0.000000e+00
2784 	2.811161e-02 	1.094298e+05 	1.761392e-124 	3.855760e-11 	8.881784e-16 	0.000000e+00
2785 	2.805538e-02 	1.094298e+05 	1.761392e-124 	3.855760e-11 	8.881784e-16 	0.000000e+00
2786 	2.799927e-02 	1.094298e+05 	1.761392e-124 	3.855760e-11 	8.881784e-16 	0.000000e+00
2787 	2.794327e-02 	1.094298e+05 	1.761392e-124 	3.855760e-11 	8.881784e-16 	0.000000e+00
2788 	2.788739e-02 	1.094298e+05 	1.761392e-124 	3.855760e-11 	8.881784e-16 	0.000000e+00
2789 	2.783161e-02 	1.094298e+05 	1.761392e-124 	3.855760e-11 	8.881784e-16 	0.000000e+00
2790 	2.777595e-02 	1.094298e+05 	1.761392e-124 	3.855760e-11 	8.881784e-16 	0.000000e+00
2791 	2.772040e-02 	1.094298e+05 	1.761392e-124 	3.855760e-11 	8.881784e-16 	0.000000e+00
2792 	2.766496e-02 	1.094298e+05 	1.761392e-124 	3.855760e-11 	8.881784e-16 	0.000000e+00
2793 	2.760963e-02 	1.094298e+05 	1.761392e-124 	3.855760e-11 	8.881784e-16 	0.000000e+00
2794 	2.755441e-02 	1.094298e+05 	9.069604e-124 	3.855760e-11 	8.881784e-16 	0.000000e+00
2795 	2.749930e-02 	1.094298e+05 	9.069604e-124 	3.855760e-11 	8.881784e-16 	0.000000e+00
2796 	2.744430e-02 	1.094298e+05 	9.069604e-124 	3.855760e-11 	8.881784e-16 	0.000000e+00
2797 	2.738941e-02 	1.094298e+05 	9.069604e-124 	3.855760e-11 	8.881784e-16 	0.000000e+00
2798 	2.733463e-02 	1.094298e+05 	4.944408e-124 	3.855760e-11 	8.881784e-16 	0.000000e+00
2799 	2.727996e-02 	1.094298e+05 	4.944408e-124 	3.855760e-11 	8.881784e-16 	0.000000e+00
2800 	2.722540e-02 	1.094298e+05 	4.944408e-124 	3.855760e-11 	8.881784e-16 	0.000000e+00
2801 	2.717095e-02 	1.094298e+05 	4.944408e-124 	3.855760e-11 	8.881784e-16 	0.000000e+00
2802 	2.711661e-02 	1.094298e+05 	4.944408e-124 	3.855760e-11 	8.881784e-16 	0.000000e+00
2803 	2.706238e-02 	1.094298e+05 	4.944408e-124 	3.855760e-11 	8.881784e-16 	0.000000e+00
2804 	2.700825e-02 	1.094298e+05 	4.944408e-124 	3.855760e-11 	8.881784e-16 	0.000000e+00
2805 	2.695424e-02 	1.094298e+05 	4.944408e-124 	3.855760e-11 	8.881784e-16 	0.000000e+00
2806 	2.690033e-02 	1.094298e+05 	4.944408e-124 	3.855760e-11 	8.881784e-16 	0.000000e+00
2807 	2.684653e-02 	1.094298e+05 	3.183016e-124 	3.855760e-11 	8.881784e-16 	0.000000e+00
2808 	2.679283e-02 	1.094298e+05 	3.183016e-124 	3.855760e-11 	8.881784e-16 	0.000000e+00
2809 	2.673925e-02 	1.094298e+05 	3.183016e-124 	3.855760e-11 	8.881784e-16 	0.000000e+00
2810 	2.668577e-02 	1.094298e+05 	3.183016e-124 	3.855760e-11 	8.881784e-16 	0.000000e+00
2811 	2.663240e-02 	1.094298e+05 	3.183016e-124 	3.855760e-11 	8.881784e-16 	0.000000e+00
2812 	2.657913e-02 	1.094298e+05 	3.183016e-124 	3.855760e-11 	8.881784e-16 	0.000000e+00
2813 	2.652597e-02 	1.094298e+05 	3.183016e-124 	3.855760e-11 	8.881784e-16 	0.000000e+00
2814 	2.647292e-02 	1.094298e+05 	1.194747e-123 	3.855760e-11 	8.881784e-16 	0.000000e+00
2815 	2.641998e-02 	1.094298e+05 	1.194747e-123 	3.855760e-11 	8.881784e-16 	0.000000e+00
2816 	2.636714e-02 	1.094298e+05 	1.194747e-123 	3.855760e-11 	8.881784e-16 	0.000000e+00
2817 	2.631440e-02 	1.094298e+05 	1.194747e-123 	3.855760e-11 	8.881784e-16 	0.000000e+00
2818 	2.626177e-02 	1.094298e+05 	1.194747e-123 	3.855760e-11 	8.881784e-16 	0.000000e+00
2819 	2.620925e-02 	1.094298e+05 	1.194747e-123 	3.855760e-11 	8.881784e-16 	0.000000e+00
2820 	2.615683e-02 	1.094298e+05 	1.194747e-123 	3.855760e-11 	8.881784e-16 	0.000000e+00
2821 	2.610452e-02 	1.094298e+05 	1.194747e-123 	3.855760e-11 	8.881784e-16 	0.000000e+00
2822 	2.605231e-02 	1.094298e+05 	1.194747e-123 	3.855760e-11 	8.881784e-16 	0.000000e+00
2823 	2.600020e-02 	1.094298e+05 	1.194747e-123 	3.855760e-11 	8.881784e-16 	0.000000e+00
2824 	2.594820e-02 	1.094298e+05 	1.194747e-123 	3.855760e-11 	8.881784e-16 	0.000000e+00
2825 	2.589631e-02 	1.094298e+05 	1.194747e-123 	3.855760e-11 	8.881784e-16 	0.000000e+00
2826 	2.584452e-02 	1.094298e+05 	1.194747e-123 	3.855760e-11 	8.881784e-16 	0.000000e+00
2827 	2.579283e-02 	1.094298e+05 	1.194747e-123 	3.855760e-11 	8.881784e-16 	0.000000e+00
2828 	2.574124e-02 	1.094298e+05 	1.194747e-123 	3.855760e-11 	8.881784e-16 	0.000000e+00
2829 	2.568976e-02 	1.094298e+05 	1.194747e-123 	3.855760e-11 	8.881784e-16 	0.000000e+00
2830 	2.563838e-02 	1.094298e+05 	1.021289e-123 	3.855760e-11 	8.881784e-16 	0.000000e+00
2831 	2.558710e-02 	1.094298e+05 	1.021289e-123 	3.855760e-11 	8.881784e-16 	0.000000e+00
2832 	2.553593e-02 	1.094298e+05 	1.021289e-123 	3.855760e-11 	8.881784e-16 	0.000000e+00
2833 	2.548486e-02 	1.094298e+05 	1.021289e-123 	3.855760e-11 	8.881784e-16 	0.000000e+00
2834 	2.543389e-02 	1.094298e+05 	1.021289e-123 	3.855760e-11 	8.881784e-16 	0.000000e+00
2835 	2.538302e-02 	1.094298e+05 	1.021289e-123 	3.855760e-11 	8.881784e-16 	0.000000e+00
2836 	2.533225e-02 	1.094298e+05 	1.021289e-123 	3.855760e-11 	8.881784e-16 	0.000000e+00
2837 	2.528159e-02 	1.094298e+05 	1.021289e-123 	3.855760e-11 	8.881784e-16 	0.000000e+00
2838 	2.523102e-02 	1.094298e+05 	1.021289e-123 	3.855760e-11 	8.881784e-16 	0.000000e+00
2839 	2.518056e-02 	1.094298e+05 	1.021289e-123 	3.855760e-11 	8.881784e-16 	0.000000e+00
2840 	2.513020e-02 	1.094298e+05 	1.021289e-123 	3.855760e-11 	8.881784e-16 	0.000000e+00
2841 	2.507994e-02 	1.094298e+05 	1.021289e-123 	3.855760e-11 	8.881784e-16 	0.000000e+00
2842 	2.502978e-02 	1.094298e+05 	1.021289e-123 	3.855760e-11 	8.881784e-16 	0.000000e+00
2843 	2.497972e-02 	1.094298e+05 	1.021289e-123 	3.855760e-11 	8.881784e-16 	0.000000e+00
2844 	2.492976e-02 	1.094298e+05 	1.021289e-123 	3.855760e-11 	8.881784e-16 	0.000000e+00
2845 	2.487990e-02 	1.094298e+05 	1.021289e-123 	3.855760e-11 	8.881784e-16 	0.000000e+00
2846 	2.483014e-02 	1.094298e+05 	1.021289e-123 	3.855760e-11 	8.881784e-16 	0.000000e+00
2847 	2.478048e-02 	1.094298e+05 	1.021289e-123 	3.855760e-11 	8.881784e-16 	0.000000e+00
2848 	2.473092e-02 	1.094298e+05 	1.021289e-123 	3.855760e-11 	8.881784e-16 	0.000000e+00
2849 	2.468146e-02 	1.094298e+05 	1.021289e-123 	3.855760e-11 	8.881784e-16 	0.000000e+00
2850 	2.463210e-02 	1.094298e+05 	1.021289e-123 	3.855760e-11 	8.881784e-16 	0.000000e+00
2851 	2.458283e-02 	1.094298e+05 	1.021289e-123 	3.855760e-11 	8.881784e-16 	0.000000e+00
2852 	2.453367e-02 	1.094298e+05 	1.021289e-123 	3.855760e-11 	8.881784e-16 	0.000000e+00
2853 	2.448460e-02 	1.094298e+05 	1.021289e-123 	3.855760e-11 	8.881784e-16 	0.000000e+00
2854 	2.443563e-02 	1.094298e+05 	1.021289e-123 	3.855760e-11 	8.881784e-16 	0.000000e+00
2855 	2.438676e-02 	1.094298e+05 	1.021289e-123 	3.855760e-11 	8.881784e-16 	0.000000e+00
2856 	2.433799e-02 	1.094298e+05 	1.021289e-123 	3.855760e-11 	8.881784e-16 	0.000000e+00
2857 	2.428931e-02 	1.094298e+05 	1.021289e-123 	3.855760e-11 	8.881784e-16 	0.000000e+00
2858 	2.424073e-02 	1.094298e+05 	1.021289e-123 	3.855760e-11 	8.881784e-16 	0.000000e+00
2859 	2.419225e-02 	1.094298e+05 	1.021289e-123 	3.855760e-11 	8.881784e-16 	0.000000e+00
2860 	2.414387e-02 	1.094298e+05 	1.021289e-123 	3.855760e-11 	8.881784e-16 	0.000000e+00
2861 	2.409558e-02 	1.094298e+05 	1.021289e-123 	3.855760e-11 	8.881784e-16 	0.000000e+00
2862 	2.404739e-02 	1.094298e+05 	1.021289e-123 	3.855760e-11 	8.881784e-16 	0.000000e+00
2863 	2.399929e-02 	1.094298e+05 	1.021289e-123 	3.855760e-11 	8.881784e-16 	0.000000e+00
2864 	2.395129e-02 	1.094298e+05 	1.021289e-123 	3.855760e-11 	8.881784e-16 	0.000000e+00
2865 	2.390339e-02 	1.094298e+05 	1.021289e-123 	3.855760e-11 	8.881784e-16 	0.000000e+00
2866 	2.385558e-02 	1.094298e+05 	1.021289e-123 	3.855760e-11 	8.881784e-16 	0.000000e+00
2867 	2.380787e-02 	1.094298e+05 	1.021289e-123 	3.855760e-11 	8.881784e-16 	0.000000e+00
2868 	2.376026e-02 	1.094298e+05 	1.021289e-123 	3.855760e-11 	8.881784e-16 	0.000000e+00
2869 	2.371274e-02 	1.094298e+05 	1.021289e-123 	3.855760e-11 	8.881784e-16 	0.000000e+00
2870 	2.366531e-02 	1.094298e+05 	1.021289e-123 	3.855760e-11 	8.881784e-16 	0.000000e+00
2871 	2.361798e-02 	1.094298e+05 	1.240633e-123 	3.855760e-11 	8.881784e-16 	0.000000e+00
2872 	2.357074e-02 	1.094298e+05 	1.240633e-123 	3.855760e-11 	8.881784e-16 	0.000000e+00
2873 	2.352360e-02 	1.094298e+05 	1.240633e-123 	3.855760e-11 	8.881784e-16 	0.000000e+00
2874 	2.347656e-02 	1.094298e+05 	1.240633e-123 	3.855760e-11 	8.881784e-16 	0.000000e+00
2875 	2.342960e-02 	1.094298e+05 	1.240633e-123 	3.855760e-11 	8.881784e-16 	0.000000e+00
2876 	2.338274e-02 	1.094298e+05 	1.240633e-123 	3.855760e-11 	8.881784e-16 	0.000000e+00
2877 	2.333598e-02 	1.094298e+05 	1.240633e-123 	3.855760e-11 	8.881784e-16 	0.000000e+00
2878 	2.328931e-02 	1.094298e+05 	1.240633e-123 	3.855760e-11 	8.881784e-16 	0.000000e+00
2879 	2.324273e-02 	1.094298e+05 	1.240633e-123 	3.855760e-11 	8.881784e-16 	0.000000e+00
2880 	2.319624e-02 	1.094298e+05 	1.240633e-123 	3.855760e-11 	8.881784e-16 	0.000000e+00
2881 	2.314985e-02 	1.094298e+05 	1.240633e-123 	3.855760e-11 	8.881784e-16 	0.000000e+00
2882 	2.310355e-02 	1.094298e+05 	1.240633e-123 	3.855760e-11 	8.881784e-16 	0.000000e+00
2883 	2.305734e-02 	1.094298e+05 	1.240633e-123 	3.855760e-11 	8.881784e-16 	0.000000e+00
2884 	2.301123e-02 	1.094298e+05 	1.240633e-123 	3.855760e-11 	8.881784e-16 	0.000000e+00
2885 	2.296521e-02 	1.094298e+05 	1.240633e-123 	3.855760e-11 	8.881784e-16 	0.000000e+00
2886 	2.291927e-02 	1.094298e+05 	1.240633e-123 	3.855760e-11 	8.881784e-16 	0.000000e+00
2887 	2.287344e-02 	1.094298e+05 	1.240633e-123 	3.855760e-11 	8.881784e-16 	0.000000e+00
2888 	2.282769e-02 	1.094298e+05 	1.240633e-123 	3.855760e-11 	8.881784e-16 	0.000000e+00
2889 	2.278203e-02 	1.094298e+05 	1.240633e-123 	3.855760e-11 	8.881784e-16 	0.000000e+00
2890 	2.273647e-02 	1.094298e+05 	1.240633e-123 	3.855760e-11 	8.881784e-16 	0.000000e+00
2891 	2.269100e-02 	1.094298e+05 	1.240633e-123 	3.855760e-11 	8.881784e-16 	0.000000e+00
2892 	2.264561e-02 	1.094298e+05 	1.240633e-123 	3.855760e-11 	8.881784e-16 	0.000000e+00
2893 	2.260032e-02 	1.094298e+05 	1.240633e-123 	3.855760e-11 	8.881784e-16 	0.000000e+00
2894 	2.255512e-02 	1.094298e+05 	1.240633e-123 	3.855760e-11 	8.881784e-16 	0.000000e+00
2895 	2.251001e-02 	1.094298e+05 	1.240633e-123 	3.855760e-11 	8.881784e-16 	0.000000e+00
2896 	2.246499e-02 	1.094298e+05 	1.240633e-123 	3.855760e-11 	8.881784e-16 	0.000000e+00
2897 	2.242006e-02 	1.094298e+05 	1.240633e-123 	3.855760e-11 	8.881784e-16 	0.000000e+00
2898 	2.237522e-02 	1.094298e+05 	1.240633e-123 	3.855760e-11 	8.881784e-16 	0.000000e+00
2899 	2.233047e-02 	1.094298e+05 	1.240633e-123 	3.855760e-11 	8.881784e-16 	0.000000e+00
2900 	2.228581e-02 	1.094298e+05 	1.240633e-123 	3.855760e-11 	8.881784e-16 	0.000000e+00
2901 	2.224124e-02 	1.094298e+05 	1.240633e-123 	3.855760e-11 	8.881784e-16 	0.000000e+00
2902 	2.219676e-02 	1.094298e+05 	1.240633e-123 	3.855760e-11 	8.881784e-16 	0.000000e+00
2903 	2.215236e-02 	1.094298e+05 	1.240633e-123 	3.855760e-11 	8.881784e-16 	0.000000e+00
2904 	2.210806e-02 	1.094298e+05 	1.240633e-123 	3.855760e-11 	8.881784e-16 	0.000000e+00
2905 	2.206384e-02 	1.094298e+05 	1.240633e-123 	3.855760e-11 	8.881784e-16 	0.000000e+00
2906 	2.201972e-02 	1.094298e+05 	1.240633e-123 	3.855760e-11 	8.881784e-16 	0.000000e+00
2907 	2.197568e-02 	1.094298e+05 	1.240633e-123 	3.855760e-11 	8.881784e-16 	0.000000e+00
2908 	2.193172e-02 	1.094298e+05 	1.240633e-123 	3.855760e-11 	8.881784e-16 	0.000000e+00
2909 	2.188786e-02 	1.094298e+05 	1.240633e-123 	3.855760e-11 	8.881784e-16 	0.000000e+00
2910 	2.184409e-02 	1.094298e+05 	1.240633e-123 	3.855760e-11 	8.881784e-16 	0.000000e+00
2911 	2.180040e-02 	1.094298e+05 	1.240633e-123 	3.855760e-11 	8.881784e-16 	0.000000e+00
2912 	2.175680e-02 	1.094298e+05 	1.240633e-123 	3.855760e-11 	8.881784e-16 	0.000000e+00
2913 	2.171328e-02 	1.094298e+05 	1.240633e-123 	3.855760e-11 	8.881784e-16 	0.000000e+00
2914 	2.166986e-02 	1.094298e+05 	1.240633e-123 	3.855760e-11 	8.881784e-16 	0.000000e+00
2915 	2.162652e-02 	1.094298e+05 	1.240633e-123 	3.855760e-11 	8.881784e-16 	0.000000e+00
2916 	2.158326e-02 	1.094298e+05 	1.240633e-123 	3.855760e-11 	8.881784e-16 	0.000000e+00
2917 	2.154010e-02 	1.094298e+05 	1.240633e-123 	3.855760e-11 	8.881784e-16 	0.000000e+00
2918 	2.149702e-02 	1.094298e+05 	1.240633e-123 	3.855760e-11 	8.881784e-16 	0.000000e+00
2919 	2.145402e-02 	1.094298e+05 	1.240633e-123 	3.855760e-11 	8.881784e-16 	0.000000e+00
2920 	2.141111e-02 	1.094298e+05 	1.240633e-123 	3.855760e-11 	8.881784e-16 	0.000000e+00
2921 	2.136829e-02 	1.094298e+05 	1.240633e-123 	3.855760e-11 	8.881784e-16 	0.000000e+00
2922 	2.132556e-02 	1.094298e+05 	1.240633e-123 	3.855760e-11 	8.881784e-16 	0.000000e+00
2923 	2.128290e-02 	1.094298e+05 	1.240633e-123 	3.855760e-11 	8.881784e-16 	0.000000e+00
2924 	2.124034e-02 	1.094298e+05 	1.240633e-123 	3.855760e-11 	8.881784e-16 	0.000000e+00
2925 	2.119786e-02 	1.094298e+05 	1.240633e-123 	3.855760e-11 	8.881784e-16 	0.000000e+00
2926 	2.115546e-02 	1.094298e+05 	1.240633e-123 	3.855760e-11 	8.881784e-16 	0.000000e+00
2927 	2.111315e-02 	1.094298e+05 	1.240633e-123 	3.855760e-11 	8.881784e-16 	0.000000e+00
2928 	2.107093e-02 	1.094298e+05 	1.240633e-123 	3.855760e-11 	8.881784e-16 	0.000000e+00
2929 	2.102878e-02 	1.094298e+05 	1.240633e-123 	3.855760e-11 	8.881784e-16 	0.000000e+00
2930 	2.098673e-02 	1.094298e+05 	1.240633e-123 	3.855760e-11 	8.881784e-16 	0.000000e+00
2931 	2.094475e-02 	1.094298e+05 	1.240633e-123 	3.855760e-11 	8.881784e-16 	0.000000e+00
2932 	2.090286e-02 	1.094298e+05 	1.240633e-123 	3.855760e-11 	8.881784e-16 	0.000000e+00
2933 	2.086106e-02 	1.094298e+05 	1.240633e-123 	3.855760e-11 	8.881784e-16 	0.000000e+00
2934 	2.081933e-02 	1.094298e+05 	1.240633e-123 	3.855760e-11 	8.881784e-16 	0.000000e+00
2935 	2.077770e-02 	1.094298e+05 	1.240633e-123 	3.855760e-11 	8.881784e-16 	0.000000e+00
2936 	2.073614e-02 	1.094298e+05 	1.240633e-123 	3.855760e-11 	8.881784e-16 	0.000000e+00
2937 	2.069467e-02 	1.094298e+05 	1.329511e-126 	3.855760e-11 	8.881784e-16 	0.000000e+00
2938 	2.065328e-02 	1.094298e+05 	1.329511e-126 	3.855760e-11 	8.881784e-16 	0.000000e+00
2939 	2.061197e-02 	1.094298e+05 	1.329511e-126 	3.855760e-11 	8.881784e-16 	0.000000e+00
2940 	2.057075e-02 	1.094298e+05 	1.329511e-126 	3.855760e-11 	8.881784e-16 	0.000000e+00
2941 	2.052961e-02 	1.094298e+05 	1.329511e-126 	3.855760e-11 	8.881784e-16 	0.000000e+00
2942 	2.048855e-02 	1.094298e+05 	1.329511e-126 	3.855760e-11 	8.881784e-16 	0.000000e+00
2943 	2.044757e-02 	1.094298e+05 	1.329511e-126 	3.855760e-11 	8.881784e-16 	0.000000e+00
2944 	2.040668e-02 	1.094298e+05 	1.329511e-126 	3.855760e-11 	8.881784e-16 	0.000000e+00
2945 	2.036586e-02 	1.094298e+05 	1.329511e-126 	3.855760e-11 	8.881784e-16 	0.000000e+00
2946 	2.032513e-02 	1.094298e+05 	1.329511e-126 	3.855760e-11 	8.881784e-16 	0.000000e+00
2947 	2.028448e-02 	1.094298e+05 	1.329511e-126 	3.855760e-11 	8.881784e-16 	0.000000e+00
2948 	2.024391e-02 	1.094298e+05 	1.329511e-126 	3.855760e-11 	8.881784e-16 	0.000000e+00
2949 	2.020342e-02 	1.094298e+05 	1.329511e-126 	3.855760e-11 	8.881784e-16 	0.000000e+00
2950 	2.016302e-02 	1.094298e+05 	1.329511e-126 	3.855760e-11 	8.881784e-16 	0.000000e+00
2951 	2.012269e-02 	1.094298e+05 	1.329511e-126 	3.855760e-11 	8.881784e-16 	0.000000e+00
2952 	2.008245e-02 	1.094298e+05 	1.329511e-126 	3.855760e-11 	8.881784e-16 	0.000000e+00
2953 	2.004228e-02 	1.094298e+05 	1.329511e-126 	3.855760e-11 	8.881784e-16 	0.000000e+00
2954 	2.000220e-02 	1.094298e+05 	1.329511e-126 	3.855760e-11 	8.881784e-16 	0.000000e+00
2955 	1.996219e-02 	1.094298e+05 	1.329511e-126 	3.855760e-11 	8.881784e-16 	0.000000e+00
2956 	1.992227e-02 	1.094298e+05 	1.329511e-126 	3.855760e-11 	8.881784e-16 	0.000000e+00
2957 	1.988242e-02 	1.094298e+05 	1.329511e-126 	3.855760e-11 	8.881784e-16 	0.000000e+00
2958 	1.984266e-02 	1.094298e+05 	1.329511e-126 	3.855760e-11 	8.881784e-16 	0.000000e+00
2959 	1.980297e-02 	1.094298e+05 	1.329511e-126 	3.855760e-11 	8.881784e-16 	0.000000e+00
2960 	1.976337e-02 	1.094298e+05 	1.329511e-126 	3.855760e-11 	8.881784e-16 	0.000000e+00
2961 	1.972384e-02 	1.094298e+05 	1.329511e-126 	3.855760e-11 	8.881784e-16 	0.000000e+00
2962 	1.968439e-02 	1.094298e+05 	1.329511e-126 	3.855760e-11 	8.881784e-16 	0.000000e+00
2963 	1.964502e-02 	1.094298e+05 	1.329511e-126 	3.855760e-11 	8.881784e-16 	0.000000e+00
2964 	1.960573e-02 	1.094298e+05 	1.329511e-126 	3.855760e-11 	8.881784e-16 	0.000000e+00
2965 	1.956652e-02 	1.094298e+05 	1.329511e-126 	3.855760e-11 	8.881784e-16 	0.000000e+00
2966 	1.952739e-02 	1.094298e+05 	1.329511e-126 	3.855760e-11 	8.881784e-16 	0.000000e+00
2967 	1.948833e-02 	1.094298e+05 	1.329511e-126 	3.855760e-11 	8.881784e-16 	0.000000e+00
2968 	1.944936e-02 	1.094298e+05 	1.329511e-126 	3.855760e-11 	8.881784e-16 	0.000000e+00
2969 	1.941046e-02 	1.094298e+05 	1.329511e-126 	3.855760e-11 	8.881784e-16 	0.000000e+00
2970 	1.937164e-02 	1.094298e+05 	1.329511e-126 	3.855760e-11 	8.881784e-16 	0.000000e+00
2971 	1.933289e-02 	1.094298e+05 	1.329511e-126 	3.855760e-11 	8.881784e-16 	0.000000e+00
2972 	1.929423e-02 	1.094298e+05 	1.329511e-126 	3.855760e-11 	8.881784e-16 	0.000000e+00
2973 	1.925564e-02 	1.094298e+05 	1.329511e-126 	3.855760e-11 	8.881784e-16 	0.000000e+00
2974 	1.921713e-02 	1.094298e+05 	1.329511e-126 	3.855760e-11 	8.881784e-16 	0.000000e+00
2975 	1.917869e-02 	1.094298e+05 	1.329511e-126 	3.855760e-11 	8.881784e-16 	0.000000e+00
2976 	1.914034e-02 	1.094298e+05 	1.329511e-126 	3.855760e-11 	8.881784e-16 	0.000000e+00
2977 	1.910206e-02 	1.094298e+05 	1.329511e-126 	3.855760e-11 	8.881784e-16 	0.000000e+00
2978 	1.906385e-02 	1.094298e+05 	1.329511e-126 	3.855760e-11 	8.881784e-16 	0.000000e+00
2979 	1.902572e-02 	1.094298e+05 	1.329511e-126 	3.855760e-11 	8.881784e-16 	0.000000e+00
2980 	1.898767e-02 	1.094298e+05 	1.329511e-126 	3.855760e-11 	8.881784e-16 	0.000000e+00
2981 	1.894970e-02 	1.094298e+05 	1.329511e-126 	3.855760e-11 	8.881784e-16 	0.000000e+00
2982 	1.891180e-02 	1.094298e+05 	1.329511e-126 	3.855760e-11 	8.881784e-16 	0.000000e+00
2983 	1.887397e-02 	1.094298e+05 	1.329511e-126 	3.855760e-11 	8.881784e-16 	0.000000e+00
2984 	1.883623e-02 	1.094298e+05 	1.329511e-126 	3.855760e-11 	8.881784e-16 	0.000000e+00
2985 	1.879855e-02 	1.094298e+05 	1.329511e-126 	3.855760e-11 	8.881784e-16 	0.000000e+00
2986 	1.876096e-02 	1.094298e+05 	1.329511e-126 	3.855760e-11 	8.881784e-16 	0.000000e+00
2987 	1.872344e-02 	1.094298e+05 	1.329511e-126 	3.855760e-11 	8.881784e-16 	0.000000e+00
2988 	1.868599e-02 	1.094298e+05 	1.329511e-126 	3.855760e-11 	8.881784e-16 	0.000000e+00
2989 	1.864862e-02 	1.094298e+05 	1.329511e-126 	3.855760e-11 	8.881784e-16 	0.000000e+00
2990 	1.861132e-02 	1.094298e+05 	1.329511e-126 	3.855760e-11 	8.881784e-16 	0.000000e+00
2991 	1.857410e-02 	1.094298e+05 	1.329511e-126 	3.855760e-11 	8.881784e-16 	0.000000e+00
2992 	1.853695e-02 	1.094298e+05 	1.329511e-126 	3.855760e-11 	8.881784e-16 	0.000000e+00
2993 	1.849987e-02 	1.094298e+05 	1.329511e-126 	3.855760e-11 	8.881784e-16 	0.000000e+00
2994 	1.846287e-02 	1.094298e+05 	1.329511e-126 	3.855760e-11 	8.881784e-16 	0.000000e+00
2995 	1.842595e-02 	1.094298e+05 	1.329511e-126 	3.855760e-11 	8.881784e-16 	0.000000e+00
2996 	1.838910e-02 	1.094298e+05 	1.329511e-126 	3.855760e-11 	8.881784e-16 	0.000000e+00
2997 	1.835232e-02 	1.094298e+05 	1.329511e-126 	3.855760e-11 	8.881784e-16 	0.000000e+00
2998 	1.831561e-02 	1.094298e+05 	1.329511e-126 	3.855760e-11 	8.881784e-16 	0.000000e+00
2999 	1.827898e-02 	1.094298e+05 	1.329511e-126 	3.855760e-11 	8.881784e-16 	0.000000e+00
3000 	1.824243e-02 	1.094298e+05 	1.329511e-126 	3.855760e-11 	8.881784e-16 	0.000000e+00
3001 	1.820594e-02 	1.094298e+05 	1.329511e-126 	3.855760e-11 	8.881784e-16 	0.000000e+00
3002 	1.816953e-02 	1.094298e+05 	1.329511e-126 	3.855760e-11 	8.881784e-16 	0.000000e+00
3003 	1.813319e-02 	1.094298e+05 	1.329511e-126 	3.855760e-11 	8.881784e-16 	0.000000e+00
3004 	1.809692e-02 	1.094298e+05 	1.329511e-126 	3.855760e-11 	8.881784e-16 	0.000000e+00
3005 	1.806073e-02 	1.094298e+05 	1.329511e-126 	3.855760e-11 	8.881784e-16 	0.000000e+00
3006 	1.802461e-02 	1.094298e+05 	1.329511e-126 	3.855760e-11 	8.881784e-16 	0.000000e+00
3007 	1.798856e-02 	1.094298e+05 	1.329511e-126 	3.855760e-11 	8.881784e-16 	0.000000e+00
3008 	1.795258e-02 	1.094298e+05 	1.329511e-126 	3.855760e-11 	8.881784e-16 	0.000000e+00
3009 	1.791668e-02 	1.094298e+05 	1.329511e-126 	3.855760e-11 	8.881784e-16 	0.000000e+00
3010 	1.788084e-02 	1.094298e+05 	1.329511e-126 	3.855760e-11 	8.881784e-16 	0.000000e+00
3011 	1.784508e-02 	1.094298e+05 	1.329511e-126 	3.855760e-11 	8.881784e-16 	0.000000e+00
3012 	1.780939e-02 	1.094298e+05 	1.329511e-126 	3.855760e-11 	8.881784e-16 	0.000000e+00
3013 	1.777377e-02 	1.094298e+05 	1.329511e-126 	3.855760e-11 	8.881784e-16 	0.000000e+00
3014 	1.773822e-02 	1.094298e+05 	1.329511e-126 	3.855760e-11 	8.881784e-16 	0.000000e+00
3015 	1.770275e-02 	1.094298e+05 	1.329511e-126 	3.855760e-11 	8.881784e-16 	0.000000e+00
3016 	1.766734e-02 	1.094298e+05 	1.329511e-126 	3.855760e-11 	8.881784e-16 	0.000000e+00
3017 	1.763201e-02 	1.094298e+05 	1.329511e-126 	3.855760e-11 	8.881784e-16 	0.000000e+00
3018 	1.759674e-02 	1.094298e+05 	1.329511e-126 	3.855760e-11 	8.881784e-16 	0.000000e+00
3019 	1.756155e-02 	1.094298e+05 	1.329511e-126 	3.855760e-11 	8.881784e-16 	0.000000e+00
3020 	1.752643e-02 	1.094298e+05 	1.329511e-126 	3.855760e-11 	8.881784e-16 	0.000000e+00
3021 	1.749137e-02 	1.094298e+05 	1.329511e-126 	3.855760e-11 	8.881784e-16 	0.000000e+00
3022 	1.745639e-02 	1.094298e+05 	1.329511e-126 	3.855760e-11 	8.881784e-16 	0.000000e+00
3023 	1.742148e-02 	1.094298e+05 	1.329511e-126 	3.855760e-11 	8.881784e-16 	0.000000e+00
3024 	1.738664e-02 	1.094298e+05 	1.329511e-126 	3.855760e-11 	8.881784e-16 	0.000000e+00
3025 	1.735186e-02 	1.094298e+05 	1.329511e-126 	3.855760e-11 	8.881784e-16 	0.000000e+00
3026 	1.731716e-02 	1.094298e+05 	1.329511e-126 	3.855760e-11 	8.881784e-16 	0.000000e+00
3027 	1.728252e-02 	1.094298e+05 	1.329511e-126 	3.855760e-11 	8.881784e-16 	0.000000e+00
3028 	1.724796e-02 	1.094298e+05 	1.329511e-126 	3.855760e-11 	8.881784e-16 	0.000000e+00
3029 	1.721346e-02 	1.094298e+05 	1.329511e-126 	3.855760e-11 	8.881784e-16 	0.000000e+00
3030 	1.717904e-02 	1.094298e+05 	1.329511e-126 	3.855760e-11 	8.881784e-16 	0.000000e+00
3031 	1.714468e-02 	1.094298e+05 	1.329511e-126 	3.855760e-11 	8.881784e-16 	0.000000e+00
3032 	1.711039e-02 	1.094298e+05 	1.329511e-126 	3.855760e-11 	8.881784e-16 	0.000000e+00
3033 	1.707617e-02 	1.094298e+05 	1.329511e-126 	3.855760e-11 	8.881784e-16 	0.000000e+00
3034 	1.704202e-02 	1.094298e+05 	1.329511e-126 	3.855760e-11 	8.881784e-16 	0.000000e+00
3035 	1.700793e-02 	1.094298e+05 	1.329511e-126 	3.855760e-11 	8.881784e-16 	0.000000e+00
3036 	1.697392e-02 	1.094298e+05 	1.329511e-126 	3.855760e-11 	8.881784e-16 	0.000000e+00
3037 	1.693997e-02 	1.094298e+05 	1.329511e-126 	3.855760e-11 	8.881784e-16 	0.000000e+00
3038 	1.690609e-02 	1.094298e+05 	1.329511e-126 	3.855760e-11 	8.881784e-16 	0.000000e+00
3039 	1.687228e-02 	1.094298e+05 	1.329511e-126 	3.855760e-11 	8.881784e-16 	0.000000e+00
3040 	1.683853e-02 	1.094298e+05 	5.891303e-124 	3.855760e-11 	8.881784e-16 	0.000000e+00
3041 	1.680485e-02 	1.094298e+05 	5.891303e-124 	3.855760e-11 	8.881784e-16 	0.000000e+00
3042 	1.677125e-02 	1.094298e+05 	5.891303e-124 	3.855760e-11 	8.881784e-16 	0.000000e+00
3043 	1.673770e-02 	1.094298e+05 	5.891303e-124 	3.855760e-11 	8.881784e-16 	0.000000e+00
3044 	1.670423e-02 	1.094298e+05 	5.891303e-124 	3.855760e-11 	8.881784e-16 	0.000000e+00
3045 	1.667082e-02 	1.094298e+05 	5.891303e-124 	3.855760e-11 	8.881784e-16 	0.000000e+00
3046 	1.663748e-02 	1.094298e+05 	5.891303e-124 	3.855760e-11 	8.881784e-16 	0.000000e+00
3047 	1.660420e-02 	1.094298e+05 	5.891303e-124 	3.855760e-11 	8.881784e-16 	0.000000e+00
3048 	1.657099e-02 	1.094298e+05 	5.891303e-124 	3.855760e-11 	8.881784e-16 	0.000000e+00
3049 	1.653785e-02 	1.094298e+05 	5.891303e-124 	3.855760e-11 	8.881784e-16 	0.000000e+00
3050 	1.650478e-02 	1.094298e+05 	5.891303e-124 	3.855760e-11 	8.881784e-16 	0.000000e+00
3051 	1.647177e-02 	1.094298e+05 	5.891303e-124 	3.855760e-11 	8.881784e-16 	0.000000e+00
3052 	1.643882e-02 	1.094298e+05 	5.891303e-124 	3.855760e-11 	8.881784e-16 	0.000000e+00
3053 	1.640595e-02 	1.094298e+05 	5.891303e-124 	3.855760e-11 	8.881784e-16 	0.000000e+00
3054 	1.637313e-02 	1.094298e+05 	5.891303e-124 	3.855760e-11 	8.881784e-16 	0.000000e+00
3055 	1.634039e-02 	1.094298e+05 	5.891303e-124 	3.855760e-11 	8.881784e-16 	0.000000e+00
3056 	1.630771e-02 	1.094298e+05 	5.891303e-124 	3.855760e-11 	8.881784e-16 	0.000000e+00
3057 	1.627509e-02 	1.094298e+05 	5.891303e-124 	3.855760e-11 	8.881784e-16 	0.000000e+00
3058 	1.624254e-02 	1.094298e+05 	5.891303e-124 	3.855760e-11 	8.881784e-16 	0.000000e+00
3059 	1.621006e-02 	1.094298e+05 	5.891303e-124 	3.855760e-11 	8.881784e-16 	0.000000e+00
3060 	1.617764e-02 	1.094298e+05 	5.891303e-124 	3.855760e-11 	8.881784e-16 	0.000000e+00
3061 	1.614528e-02 	1.094298e+05 	5.891303e-124 	3.855760e-11 	8.881784e-16 	0.000000e+00
3062 	1.611299e-02 	1.094298e+05 	5.891303e-124 	3.855760e-11 	8.881784e-16 	0.000000e+00
3063 	1.608076e-02 	1.094298e+05 	5.891303e-124 	3.855760e-11 	8.881784e-16 	0.000000e+00
3064 	1.604860e-02 	1.094298e+05 	5.891303e-124 	3.855760e-11 	8.881784e-16 	0.000000e+00
3065 	1.601651e-02 	1.094298e+05 	5.891303e-124 	3.855760e-11 	8.881784e-16 	0.000000e+00
3066 	1.598447e-02 	1.094298e+05 	5.891303e-124 	3.855760e-11 	8.881784e-16 	0.000000e+00
3067 	1.595250e-02 	1.094298e+05 	5.891303e-124 	3.855760e-11 	8.881784e-16 	0.000000e+00
3068 	1.592060e-02 	1.094298e+05 	5.891303e-124 	3.855760e-11 	8.881784e-16 	0.000000e+00
3069 	1.588876e-02 	1.094298e+05 	5.891303e-124 	3.855760e-11 	8.881784e-16 	0.000000e+00
3070 	1.585698e-02 	1.094298e+05 	5.891303e-124 	3.855760e-11 	8.881784e-16 	0.000000e+00
3071 	1.582527e-02 	1.094298e+05 	5.891303e-124 	3.855760e-11 	8.881784e-16 	0.000000e+00
3072 	1.579362e-02 	1.094298e+05 	5.891303e-124 	3.855760e-11 	8.881784e-16 	0.000000e+00
3073 	1.576203e-02 	1.094298e+05 	5.891303e-124 	3.855760e-11 	8.881784e-16 	0.000000e+00
3074 	1.573050e-02 	1.094298e+05 	5.891303e-124 	3.855760e-11 	8.881784e-16 	0.000000e+00
3075 	1.569904e-02 	1.094298e+05 	5.891303e-124 	3.855760e-11 	8.881784e-16 	0.000000e+00
3076 	1.566764e-02 	1.094298e+05 	5.891303e-124 	3.855760e-11 	8.881784e-16 	0.000000e+00
3077 	1.563631e-02 	1.094298e+05 	5.891303e-124 	3.855760e-11 	8.881784e-16 	0.000000e+00
3078 	1.560504e-02 	1.094298e+05 	5.891303e-124 	3.855760e-11 	8.881784e-16 	0.000000e+00
3079 	1.557383e-02 	1.094298e+05 	5.891303e-124 	3.855760e-11 	8.881784e-16 	0.000000e+00
3080 	1.554268e-02 	1.094298e+05 	5.891303e-124 	3.855760e-11 	8.881784e-16 	0.000000e+00
3081 	1.551159e-02 	1.094298e+05 	5.891303e-124 	3.855760e-11 	8.881784e-16 	0.000000e+00
3082 	1.548057e-02 	1.094298e+05 	5.891303e-124 	3.855760e-11 	8.881784e-16 	0.000000e+00
3083 	1.544961e-02 	1.094298e+05 	5.891303e-124 	3.855760e-11 	8.881784e-16 	0.000000e+00
3084 	1.541871e-02 	1.094298e+05 	5.891303e-124 	3.855760e-11 	8.881784e-16 	0.000000e+00
3085 	1.538787e-02 	1.094298e+05 	5.891303e-124 	3.855760e-11 	8.881784e-16 	0.000000e+00
3086 	1.535710e-02 	1.094298e+05 	5.891303e-124 	3.855760e-11 	8.881784e-16 	0.000000e+00
3087 	1.532638e-02 	1.094298e+05 	5.891303e-124 	3.855760e-11 	8.881784e-16 	0.000000e+00
3088 	1.529573e-02 	1.094298e+05 	5.891303e-124 	3.855760e-11 	8.881784e-16 	0.000000e+00
3089 	1.526514e-02 	1.094298e+05 	5.891303e-124 	3.855760e-11 	8.881784e-16 	0.000000e+00
3090 	1.523461e-02 	1.094298e+05 	5.891303e-124 	3.855760e-11 	8.881784e-16 	0.000000e+00
3091 	1.520414e-02 	1.094298e+05 	5.891303e-124 	3.855760e-11 	8.881784e-16 	0.000000e+00
3092 	1.517373e-02 	1.094298e+05 	5.891303e-124 	3.855760e-11 	8.881784e-16 	0.000000e+00
3093 	1.514338e-02 	1.094298e+05 	5.891303e-124 	3.855760e-11 	8.881784e-16 	0.000000e+00
3094 	1.511310e-02 	1.094298e+05 	5.891303e-124 	3.855760e-11 	8.881784e-16 	0.000000e+00
3095 	1.508287e-02 	1.094298e+05 	5.891303e-124 	3.855760e-11 	8.881784e-16 	0.000000e+00
3096 	1.505270e-02 	1.094298e+05 	5.891303e-124 	3.855760e-11 	8.881784e-16 	0.000000e+00
3097 	1.502260e-02 	1.094298e+05 	5.891303e-124 	3.855760e-11 	8.881784e-16 	0.000000e+00
3098 	1.499255e-02 	1.094298e+05 	5.891303e-124 	3.855760e-11 	8.881784e-16 	0.000000e+00
3099 	1.496257e-02 	1.094298e+05 	5.891303e-124 	3.855760e-11 	8.881784e-16 	0.000000e+00
3100 	1.493264e-02 	1.094298e+05 	5.891303e-124 	3.855760e-11 	8.881784e-16 	0.000000e+00
3101 	1.490278e-02 	1.094298e+05 	5.891303e-124 	3.855760e-11 	8.881784e-16 	0.000000e+00
3102 	1.487297e-02 	1.094298e+05 	5.891303e-124 	3.855760e-11 	8.881784e-16 	0.000000e+00
3103 	1.484323e-02 	1.094298e+05 	5.891303e-124 	3.855760e-11 	8.881784e-16 	0.000000e+00
3104 	1.481354e-02 	1.094298e+05 	5.891303e-124 	3.855760e-11 	8.881784e-16 	0.000000e+00
3105 	1.478391e-02 	1.094298e+05 	5.891303e-124 	3.855760e-11 	8.881784e-16 	0.000000e+00
3106 	1.475435e-02 	1.094298e+05 	5.891303e-124 	3.855760e-11 	8.881784e-16 	0.000000e+00
3107 	1.472484e-02 	1.094298e+05 	5.891303e-124 	3.855760e-11 	8.881784e-16 	0.000000e+00
3108 	1.469539e-02 	1.094298e+05 	5.891303e-124 	3.855760e-11 	8.881784e-16 	0.000000e+00
3109 	1.466600e-02 	1.094298e+05 	5.891303e-124 	3.855760e-11 	8.881784e-16 	0.000000e+00
3110 	1.463666e-02 	1.094298e+05 	5.891303e-124 	3.855760e-11 	8.881784e-16 	0.000000e+00
3111 	1.460739e-02 	1.094298e+05 	5.891303e-124 	3.855760e-11 	8.881784e-16 	0.000000e+00
3112 	1.457818e-02 	1.094298e+05 	5.891303e-124 	3.855760e-11 	8.881784e-16 	0.000000e+00
3113 	1.454902e-02 	1.094298e+05 	5.891303e-124 	3.855760e-11 	8.881784e-16 	0.000000e+00
3114 	1.451992e-02 	1.094298e+05 	5.891303e-124 	3.855760e-11 	8.881784e-16 	0.000000e+00
3115 	1.449088e-02 	1.094298e+05 	5.891303e-124 	3.855760e-11 	8.881784e-16 	0.000000e+00
3116 	1.446190e-02 	1.094298e+05 	5.891303e-124 	3.855760e-11 	8.881784e-16 	0.000000e+00
3117 	1.443298e-02 	1.094298e+05 	5.891303e-124 	3.855760e-11 	8.881784e-16 	0.000000e+00
3118 	1.440411e-02 	1.094298e+05 	5.891303e-124 	3.855760e-11 	8.881784e-16 	0.000000e+00
3119 	1.437530e-02 	1.094298e+05 	5.891303e-124 	3.855760e-11 	8.881784e-16 	0.000000e+00
3120 	1.434655e-02 	1.094298e+05 	5.891303e-124 	3.855760e-11 	8.881784e-16 	0.000000e+00
3121 	1.431786e-02 	1.094298e+05 	5.891303e-124 	3.855760e-11 	8.881784e-16 	0.000000e+00
3122 	1.428922e-02 	1.094298e+05 	5.891303e-124 	3.855760e-11 	8.881784e-16 	0.000000e+00
3123 	1.426064e-02 	1.094298e+05 	5.891303e-124 	3.855760e-11 	8.881784e-16 	0.000000e+00
3124 	1.423212e-02 	1.094298e+05 	5.891303e-124 	3.855760e-11 	8.881784e-16 	0.000000e+00
3125 	1.420366e-02 	1.094298e+05 	5.891303e-124 	3.855760e-11 	8.881784e-16 	0.000000e+00
3126 	1.417525e-02 	1.094298e+05 	5.891303e-124 	3.855760e-11 	8.881784e-16 	0.000000e+00
3127 	1.414690e-02 	1.094298e+05 	5.891303e-124 	3.855760e-11 	8.881784e-16 	0.000000e+00
3128 	1.411861e-02 	1.094298e+05 	5.891303e-124 	3.855760e-11 	8.881784e-16 	0.000000e+00
3129 	1.409037e-02 	1.094298e+05 	5.891303e-124 	3.855760e-11 	8.881784e-16 	0.000000e+00
3130 	1.406219e-02 	1.094298e+05 	5.891303e-124 	3.855760e-11 	8.881784e-16 	0.000000e+00
3131 	1.403406e-02 	1.094298e+05 	5.891303e-124 	3.855760e-11 	8.881784e-16 	0.000000e+00
3132 	1.400600e-02 	1.094298e+05 	5.891303e-124 	3.855760e-11 	8.881784e-16 	0.000000e+00
3133 	1.397798e-02 	1.094298e+05 	5.891303e-124 	3.855760e-11 	8.881784e-16 	0.000000e+00
3134 	1.395003e-02 	1.094298e+05 	5.891303e-124 	3.855760e-11 	8.881784e-16 	0.000000e+00
3135 	1.392213e-02 	1.094298e+05 	5.891303e-124 	3.855760e-11 	8.881784e-16 	0.000000e+00
3136 	1.389428e-02 	1.094298e+05 	5.891303e-124 	3.855760e-11 	8.881784e-16 	0.000000e+00
3137 	1.386650e-02 	1.094298e+05 	5.891303e-124 	3.855760e-11 	8.881784e-16 	0.000000e+00
3138 	1.383876e-02 	1.094298e+05 	5.891303e-124 	3.855760e-11 	8.881784e-16 	0.000000e+00
3139 	1.381109e-02 	1.094298e+05 	5.891303e-124 	3.855760e-11 	8.881784e-16 	0.000000e+00
3140 	1.378346e-02 	1.094298e+05 	5.891303e-124 	3.855760e-11 	8.881784e-16 	0.000000e+00
3141 	1.375590e-02 	1.094298e+05 	5.891303e-124 	3.855760e-11 	8.881784e-16 	0.000000e+00
3142 	1.372838e-02 	1.094298e+05 	5.891303e-124 	3.855760e-11 	8.881784e-16 	0.000000e+00
3143 	1.370093e-02 	1.094298e+05 	5.891303e-124 	3.855760e-11 	8.881784e-16 	0.000000e+00
3144 	1.367353e-02 	1.094298e+05 	5.891303e-124 	3.855760e-11 	8.881784e-16 	0.000000e+00
3145 	1.364618e-02 	1.094298e+05 	5.891303e-124 	3.855760e-11 	8.881784e-16 	0.000000e+00
3146 	1.361889e-02 	1.094298e+05 	5.891303e-124 	3.855760e-11 	8.881784e-16 	0.000000e+00
3147 	1.359165e-02 	1.094298e+05 	5.891303e-124 	3.855760e-11 	8.881784e-16 	0.000000e+00
3148 	1.356447e-02 	1.094298e+05 	5.891303e-124 	3.855760e-11 	8.881784e-16 	0.000000e+00
3149 	1.353734e-02 	1.094298e+05 	5.891303e-124 	3.855760e-11 	8.881784e-16 	0.000000e+00
3150 	1.351026e-02 	1.094298e+05 	5.891303e-124 	3.855760e-11 	8.881784e-16 	0.000000e+00
3151 	1.348324e-02 	1.094298e+05 	5.891303e-124 	3.855760e-11 	8.881784e-16 	0.000000e+00
3152 	1.345627e-02 	1.094298e+05 	5.891303e-124 	3.855760e-11 	8.881784e-16 	0.000000e+00
3153 	1.342936e-02 	1.094298e+05 	5.891303e-124 	3.855760e-11 	8.881784e-16 	0.000000e+00
3154 	1.340250e-02 	1.094298e+05 	5.891303e-124 	3.855760e-11 	8.881784e-16 	0.000000e+00
3155 	1.337570e-02 	1.094298e+05 	5.891303e-124 	3.855760e-11 	8.881784e-16 	0.000000e+00
3156 	1.334895e-02 	1.094298e+05 	5.891303e-124 	3.855760e-11 	8.881784e-16 	0.000000e+00
3157 	1.332225e-02 	1.094298e+05 	5.891303e-124 	3.855760e-11 	8.881784e-16 	0.000000e+00
3158 	1.329560e-02 	1.094298e+05 	5.891303e-124 	3.855760e-11 	8.881784e-16 	0.000000e+00
3159 	1.326901e-02 	1.094298e+05 	5.891303e-124 	3.855760e-11 	8.881784e-16 	0.000000e+00
3160 	1.324248e-02 	1.094298e+05 	5.891303e-124 	3.855760e-11 	8.881784e-16 	0.000000e+00
3161 	1.321599e-02 	1.094298e+05 	5.891303e-124 	3.855760e-11 	8.881784e-16 	0.000000e+00
3162 	1.318956e-02 	1.094298e+05 	5.891303e-124 	3.855760e-11 	8.881784e-16 	0.000000e+00
3163 	1.316318e-02 	1.094298e+05 	5.891303e-124 	3.855760e-11 	8.881784e-16 	0.000000e+00
3164 	1.313685e-02 	1.094298e+05 	5.891303e-124 	3.855760e-11 	8.881784e-16 	0.000000e+00
3165 	1.311058e-02 	1.094298e+05 	5.891303e-124 	3.855760e-11 	8.881784e-16 	0.000000e+00
3166 	1.308436e-02 	1.094298e+05 	5.891303e-124 	3.855760e-11 	8.881784e-16 	0.000000e+00
3167 	1.305819e-02 	1.094298e+05 	5.891303e-124 	3.855760e-11 	8.881784e-16 	0.000000e+00
3168 	1.303207e-02 	1.094298e+05 	5.891303e-124 	3.855760e-11 	8.881784e-16 	0.000000e+00
3169 	1.300601e-02 	1.094298e+05 	5.891303e-124 	3.855760e-11 	8.881784e-16 	0.000000e+00
3170 	1.298000e-02 	1.094298e+05 	5.891303e-124 	3.855760e-11 	8.881784e-16 	0.000000e+00
3171 	1.295404e-02 	1.094298e+05 	5.891303e-124 	3.855760e-11 	8.881784e-16 	0.000000e+00
3172 	1.292813e-02 	1.094298e+05 	5.891303e-124 	3.855760e-11 	8.881784e-16 	0.000000e+00
3173 	1.290227e-02 	1.094298e+05 	5.891303e-124 	3.855760e-11 	8.881784e-16 	0.000000e+00
3174 	1.287647e-02 	1.094298e+05 	5.891303e-124 	3.855760e-11 	8.881784e-16 	0.000000e+00
3175 	1.285072e-02 	1.094298e+05 	5.891303e-124 	3.855760e-11 	8.881784e-16 	0.000000e+00
3176 	1.282501e-02 	1.094298e+05 	5.891303e-124 	3.855760e-11 	8.881784e-16 	0.000000e+00
3177 	1.279936e-02 	1.094298e+05 	5.891303e-124 	3.855760e-11 	8.881784e-16 	0.000000e+00
3178 	1.277377e-02 	1.094298e+05 	5.891303e-124 	3.855760e-11 	8.881784e-16 	0.000000e+00
3179 	1.274822e-02 	1.094298e+05 	5.891303e-124 	3.855760e-11 	8.881784e-16 	0.000000e+00
3180 	1.272272e-02 	1.094298e+05 	5.891303e-124 	3.855760e-11 	8.881784e-16 	0.000000e+00
3181 	1.269728e-02 	1.094298e+05 	5.891303e-124 	3.855760e-11 	8.881784e-16 	0.000000e+00
3182 	1.267188e-02 	1.094298e+05 	5.891303e-124 	3.855760e-11 	8.881784e-16 	0.000000e+00
3183 	1.264654e-02 	1.094298e+05 	5.891303e-124 	3.855760e-11 	8.881784e-16 	0.000000e+00
3184 	1.262124e-02 	1.094298e+05 	5.891303e-124 	3.855760e-11 	8.881784e-16 	0.000000e+00
3185 	1.259600e-02 	1.094298e+05 	5.891303e-124 	3.855760e-11 	8.881784e-16 	0.000000e+00
3186 	1.257081e-02 	1.094298e+05 	5.891303e-124 	3.855760e-11 	8.881784e-16 	0.000000e+00
3187 	1.254567e-02 	1.094298e+05 	5.891303e-124 	3.855760e-11 	8.881784e-16 	0.000000e+00
3188 	1.252058e-02 	1.094298e+05 	5.891303e-124 	3.855760e-11 	8.881784e-16 	0.000000e+00
3189 	1.249554e-02 	1.094298e+05 	5.891303e-124 	3.855760e-11 	8.881784e-16 	0.000000e+00
3190 	1.247054e-02 	1.094298e+05 	5.891303e-124 	3.855760e-11 	8.881784e-16 	0.000000e+00
3191 	1.244560e-02 	1.094298e+05 	5.891303e-124 	3.855760e-11 	8.881784e-16 	0.000000e+00
3192 	1.242071e-02 	1.094298e+05 	5.891303e-124 	3.855760e-11 	8.881784e-16 	0.000000e+00
3193 	1.239587e-02 	1.094298e+05 	5.891303e-124 	3.855760e-11 	8.881784e-16 	0.000000e+00
3194 	1.237108e-02 	1.094298e+05 	5.891303e-124 	3.855760e-11 	8.881784e-16 	0.000000e+00
3195 	1.234634e-02 	1.094298e+05 	5.891303e-124 	3.855760e-11 	8.881784e-16 	0.000000e+00
3196 	1.232164e-02 	1.094298e+05 	5.891303e-124 	3.855760e-11 	8.881784e-16 	0.000000e+00
3197 	1.229700e-02 	1.094298e+05 	5.891303e-124 	3.855760e-11 	8.881784e-16 	0.000000e+00
3198 	1.227241e-02 	1.094298e+05 	5.891303e-124 	3.855760e-11 	8.881784e-16 	0.000000e+00
3199 	1.224786e-02 	1.094298e+05 	5.891303e-124 	3.855760e-11 	8.881784e-16 	0.000000e+00
3200 	1.222337e-02 	1.094298e+05 	5.891303e-124 	3.855760e-11 	8.881784e-16 	0.000000e+00
3201 	1.219892e-02 	1.094298e+05 	5.891303e-124 	3.855760e-11 	8.881784e-16 	0.000000e+00
3202 	1.217452e-02 	1.094298e+05 	5.891303e-124 	3.855760e-11 	8.881784e-16 	0.000000e+00
3203 	1.215017e-02 	1.094298e+05 	5.891303e-124 	3.855760e-11 	8.881784e-16 	0.000000e+00
3204 	1.212587e-02 	1.094298e+05 	5.891303e-124 	3.855760e-11 	8.881784e-16 	0.000000e+00
3205 	1.210162e-02 	1.094298e+05 	5.891303e-124 	3.855760e-11 	8.881784e-16 	0.000000e+00
3206 	1.207742e-02 	1.094298e+05 	5.891303e-124 	3.855760e-11 	8.881784e-16 	0.000000e+00
3207 	1.205326e-02 	1.094298e+05 	5.891303e-124 	3.855760e-11 	8.881784e-16 	0.000000e+00
3208 	1.202916e-02 	1.094298e+05 	5.891303e-124 	3.855760e-11 	8.881784e-16 	0.000000e+00
3209 	1.200510e-02 	1.094298e+05 	5.891303e-124 	3.855760e-11 	8.881784e-16 	0.000000e+00
3210 	1.198109e-02 	1.094298e+05 	5.891303e-124 	3.855760e-11 	8.881784e-16 	0.000000e+00
3211 	1.195713e-02 	1.094298e+05 	5.891303e-124 	3.855760e-11 	8.881784e-16 	0.000000e+00
3212 	1.193321e-02 	1.094298e+05 	5.891303e-124 	3.855760e-11 	8.881784e-16 	0.000000e+00
3213 	1.190934e-02 	1.094298e+05 	5.891303e-124 	3.855760e-11 	8.881784e-16 	0.000000e+00
3214 	1.188553e-02 	1.094298e+05 	5.891303e-124 	3.855760e-11 	8.881784e-16 	0.000000e+00
3215 	1.186176e-02 	1.094298e+05 	5.891303e-124 	3.855760e-11 	8.881784e-16 	0.000000e+00
3216 	1.183803e-02 	1.094298e+05 	5.891303e-124 	3.855760e-11 	8.881784e-16 	0.000000e+00
3217 	1.181436e-02 	1.094298e+05 	5.891303e-124 	3.855760e-11 	8.881784e-16 	0.000000e+00
3218 	1.179073e-02 	1.094298e+05 	5.891303e-124 	3.855760e-11 	8.881784e-16 	0.000000e+00
3219 	1.176715e-02 	1.094298e+05 	5.891303e-124 	3.855760e-11 	8.881784e-16 	0.000000e+00
3220 	1.174361e-02 	1.094298e+05 	5.891303e-124 	3.855760e-11 	8.881784e-16 	0.000000e+00
3221 	1.172012e-02 	1.094298e+05 	5.891303e-124 	3.855760e-11 	8.881784e-16 	0.000000e+00
3222 	1.169668e-02 	1.094298e+05 	5.891303e-124 	3.855760e-11 	8.881784e-16 	0.000000e+00
3223 	1.167329e-02 	1.094298e+05 	5.891303e-124 	3.855760e-11 	8.881784e-16 	0.000000e+00
3224 	1.164994e-02 	1.094298e+05 	5.891303e-124 	3.855760e-11 	8.881784e-16 	0.000000e+00
3225 	1.162664e-02 	1.094298e+05 	5.891303e-124 	3.855760e-11 	8.881784e-16 	0.000000e+00
3226 	1.160339e-02 	1.094298e+05 	5.891303e-124 	3.855760e-11 	8.881784e-16 	0.000000e+00
3227 	1.158018e-02 	1.094298e+05 	5.891303e-124 	3.855760e-11 	8.881784e-16 	0.000000e+00
3228 	1.155702e-02 	1.094298e+05 	5.891303e-124 	3.855760e-11 	8.881784e-16 	0.000000e+00
3229 	1.153391e-02 	1.094298e+05 	5.891303e-124 	3.855760e-11 	8.881784e-16 	0.000000e+00
3230 	1.151084e-02 	1.094298e+05 	5.891303e-124 	3.855760e-11 	8.881784e-16 	0.000000e+00
3231 	1.148782e-02 	1.094298e+05 	5.891303e-124 	3.855760e-11 	8.881784e-16 	0.000000e+00
3232 	1.146484e-02 	1.094298e+05 	5.891303e-124 	3.855760e-11 	8.881784e-16 	0.000000e+00
3233 	1.144191e-02 	1.094298e+05 	5.891303e-124 	3.855760e-11 	8.881784e-16 	0.000000e+00
3234 	1.141903e-02 	1.094298e+05 	5.891303e-124 	3.855760e-11 	8.881784e-16 	0.000000e+00
3235 	1.139619e-02 	1.094298e+05 	5.891303e-124 	3.855760e-11 	8.881784e-16 	0.000000e+00
3236 	1.137340e-02 	1.094298e+05 	5.891303e-124 	3.855760e-11 	8.881784e-16 	0.000000e+00
3237 	1.135065e-02 	1.094298e+05 	5.891303e-124 	3.855760e-11 	8.881784e-16 	0.000000e+00
3238 	1.132795e-02 	1.094298e+05 	5.891303e-124 	3.855760e-11 	8.881784e-16 	0.000000e+00
3239 	1.130530e-02 	1.094298e+05 	5.891303e-124 	3.855760e-11 	8.881784e-16 	0.000000e+00
3240 	1.128269e-02 	1.094298e+05 	5.891303e-124 	3.855760e-11 	8.881784e-16 	0.000000e+00
3241 	1.126012e-02 	1.094298e+05 	2.681287e-124 	3.855760e-11 	8.881784e-16 	0.000000e+00
3242 	1.123760e-02 	1.094298e+05 	2.681287e-124 	3.855760e-11 	8.881784e-16 	0.000000e+00
3243 	1.121512e-02 	1.094298e+05 	2.681287e-124 	3.855760e-11 	8.881784e-16 	0.000000e+00
3244 	1.119269e-02 	1.094298e+05 	2.681287e-124 	3.855760e-11 	8.881784e-16 	0.000000e+00
3245 	1.117031e-02 	1.094298e+05 	2.681287e-124 	3.855760e-11 	8.881784e-16 	0.000000e+00
3246 	1.114797e-02 	1.094298e+05 	2.681287e-124 	3.855760e-11 	8.881784e-16 	0.000000e+00
3247 	1.112567e-02 	1.094298e+05 	2.681287e-124 	3.855760e-11 	8.881784e-16 	0.000000e+00
3248 	1.110342e-02 	1.094298e+05 	2.681287e-124 	3.855760e-11 	8.881784e-16 	0.000000e+00
3249 	1.108121e-02 	1.094298e+05 	2.681287e-124 	3.855760e-11 	8.881784e-16 	0.000000e+00
3250 	1.105905e-02 	1.094298e+05 	2.681287e-124 	3.855760e-11 	8.881784e-16 	0.000000e+00
3251 	1.103693e-02 	1.094298e+05 	2.681287e-124 	3.855760e-11 	8.881784e-16 	0.000000e+00
3252 	1.101486e-02 	1.094298e+05 	2.681287e-124 	3.855760e-11 	8.881784e-16 	0.000000e+00
3253 	1.099283e-02 	1.094298e+05 	2.681287e-124 	3.855760e-11 	8.881784e-16 	0.000000e+00
3254 	1.097084e-02 	1.094298e+05 	2.681287e-124 	3.855760e-11 	8.881784e-16 	0.000000e+00
3255 	1.094890e-02 	1.094298e+05 	2.681287e-124 	3.855760e-11 	8.881784e-16 	0.000000e+00
3256 	1.092701e-02 	1.094298e+05 	2.681287e-124 	3.855760e-11 	8.881784e-16 	0.000000e+00
3257 	1.090515e-02 	1.094298e+05 	2.681287e-124 	3.855760e-11 	8.881784e-16 	0.000000e+00
3258 	1.088334e-02 	1.094298e+05 	2.681287e-124 	3.855760e-11 	8.881784e-16 	0.000000e+00
3259 	1.086157e-02 	1.094298e+05 	2.681287e-124 	3.855760e-11 	8.881784e-16 	0.000000e+00
3260 	1.083985e-02 	1.094298e+05 	2.681287e-124 	3.855760e-11 	8.881784e-16 	0.000000e+00
3261 	1.081817e-02 	1.094298e+05 	2.681287e-124 	3.855760e-11 	8.881784e-16 	0.000000e+00
3262 	1.079653e-02 	1.094298e+05 	2.681287e-124 	3.855760e-11 	8.881784e-16 	0.000000e+00
3263 	1.077494e-02 	1.094298e+05 	2.681287e-124 	3.855760e-11 	8.881784e-16 	0.000000e+00
3264 	1.075339e-02 	1.094298e+05 	2.681287e-124 	3.855760e-11 	8.881784e-16 	0.000000e+00
3265 	1.073189e-02 	1.094298e+05 	2.681287e-124 	3.855760e-11 	8.881784e-16 	0.000000e+00
3266 	1.071042e-02 	1.094298e+05 	2.681287e-124 	3.855760e-11 	8.881784e-16 	0.000000e+00
3267 	1.068900e-02 	1.094298e+05 	2.681287e-124 	3.855760e-11 	8.881784e-16 	0.000000e+00
3268 	1.066762e-02 	1.094298e+05 	2.681287e-124 	3.855760e-11 	8.881784e-16 	0.000000e+00
3269 	1.064629e-02 	1.094298e+05 	2.681287e-124 	3.855760e-11 	8.881784e-16 	0.000000e+00
3270 	1.062499e-02 	1.094298e+05 	2.681287e-124 	3.855760e-11 	8.881784e-16 	0.000000e+00
3271 	1.060374e-02 	1.094298e+05 	2.681287e-124 	3.855760e-11 	8.881784e-16 	0.000000e+00
3272 	1.058254e-02 	1.094298e+05 	2.681287e-124 	3.855760e-11 	8.881784e-16 	0.000000e+00
3273 	1.056137e-02 	1.094298e+05 	2.681287e-124 	3.855760e-11 	8.881784e-16 	0.000000e+00
3274 	1.054025e-02 	1.094298e+05 	2.681287e-124 	3.855760e-11 	8.881784e-16 	0.000000e+00
3275 	1.051917e-02 	1.094298e+05 	6.326875e-124 	3.855760e-11 	8.881784e-16 	0.000000e+00
3276 	1.049813e-02 	1.094298e+05 	6.326875e-124 	3.855760e-11 	8.881784e-16 	0.000000e+00
3277 	1.047713e-02 	1.094298e+05 	6.326875e-124 	3.855760e-11 	8.881784e-16 	0.000000e+00
3278 	1.045618e-02 	1.094298e+05 	6.326875e-124 	3.855760e-11 	8.881784e-16 	0.000000e+00
3279 	1.043527e-02 	1.094298e+05 	6.326875e-124 	3.855760e-11 	8.881784e-16 	0.000000e+00
3280 	1.041440e-02 	1.094298e+05 	6.326875e-124 	3.855760e-11 	8.881784e-16 	0.000000e+00
3281 	1.039357e-02 	1.094298e+05 	6.326875e-124 	3.855760e-11 	8.881784e-16 	0.000000e+00
3282 	1.037278e-02 	1.094298e+05 	6.326875e-124 	3.855760e-11 	8.881784e-16 	0.000000e+00
3283 	1.035204e-02 	1.094298e+05 	6.326875e-124 	3.855760e-11 	8.881784e-16 	0.000000e+00
3284 	1.033133e-02 	1.094298e+05 	6.326875e-124 	3.855760e-11 	8.881784e-16 	0.000000e+00
3285 	1.031067e-02 	1.094298e+05 	6.326875e-124 	3.855760e-11 	8.881784e-16 	0.000000e+00
3286 	1.029005e-02 	1.094298e+05 	6.326875e-124 	3.855760e-11 	8.881784e-16 	0.000000e+00
3287 	1.026947e-02 	1.094298e+05 	6.326875e-124 	3.855760e-11 	8.881784e-16 	0.000000e+00
3288 	1.024893e-02 	1.094298e+05 	6.326875e-124 	3.855760e-11 	8.881784e-16 	0.000000e+00
3289 	1.022843e-02 	1.094298e+05 	6.326875e-124 	3.855760e-11 	8.881784e-16 	0.000000e+00
3290 	1.020797e-02 	1.094298e+05 	6.326875e-124 	3.855760e-11 	8.881784e-16 	0.000000e+00
3291 	1.018756e-02 	1.094298e+05 	6.326875e-124 	3.855760e-11 	8.881784e-16 	0.000000e+00
3292 	1.016718e-02 	1.094298e+05 	6.326875e-124 	3.855760e-11 	8.881784e-16 	0.000000e+00
3293 	1.014685e-02 	1.094298e+05 	6.326875e-124 	3.855760e-11 	8.881784e-16 	0.000000e+00
3294 	1.012655e-02 	1.094298e+05 	6.326875e-124 	3.855760e-11 	8.881784e-16 	0.000000e+00
3295 	1.010630e-02 	1.094298e+05 	6.326875e-124 	3.855760e-11 	8.881784e-16 	0.000000e+00
3296 	1.008609e-02 	1.094298e+05 	6.326875e-124 	3.855760e-11 	8.881784e-16 	0.000000e+00
3297 	1.006592e-02 	1.094298e+05 	6.326875e-124 	3.855760e-11 	8.881784e-16 	0.000000e+00
3298 	1.004578e-02 	1.094298e+05 	6.326875e-124 	3.855760e-11 	8.881784e-16 	0.000000e+00
3299 	1.002569e-02 	1.094298e+05 	6.326875e-124 	3.855760e-11 	8.881784e-16 	0.000000e+00
3300 	1.000564e-02 	1.094298e+05 	6.326875e-124 	3.855760e-11 	8.881784e-16 	0.000000e+00
3301 	9.985631e-03 	1.094298e+05 	6.326875e-124 	3.855760e-11 	8.881784e-16 	0.000000e+00
3302 	9.965659e-03 	1.094298e+05 	6.326875e-124 	3.855760e-11 	8.881784e-16 	0.000000e+00
3303 	9.945728e-03 	1.094298e+05 	6.326875e-124 	3.855760e-11 	8.881784e-16 	0.000000e+00
3304 	9.925837e-03 	1.094298e+05 	6.326875e-124 	3.855760e-11 	8.881784e-16 	0.000000e+00
3305 	9.905985e-03 	1.094298e+05 	6.326875e-124 	3.855760e-11 	8.881784e-16 	0.000000e+00
3306 	9.886173e-03 	1.094298e+05 	6.326875e-124 	3.855760e-11 	8.881784e-16 	0.000000e+00
3307 	9.866401e-03 	1.094298e+05 	6.326875e-124 	3.855760e-11 	8.881784e-16 	0.000000e+00
3308 	9.846668e-03 	1.094298e+05 	6.326875e-124 	3.855760e-11 	8.881784e-16 	0.000000e+00
3309 	9.826975e-03 	1.094298e+05 	6.326875e-124 	3.855760e-11 	8.881784e-16 	0.000000e+00
3310 	9.807321e-03 	1.094298e+05 	6.326875e-124 	3.855760e-11 	8.881784e-16 	0.000000e+00
3311 	9.787706e-03 	1.094298e+05 	6.326875e-124 	3.855760e-11 	8.881784e-16 	0.000000e+00
3312 	9.768131e-03 	1.094298e+05 	2.633683e-124 	3.855760e-11 	8.881784e-16 	0.000000e+00
3313 	9.748594e-03 	1.094298e+05 	2.633683e-124 	3.855760e-11 	8.881784e-16 	0.000000e+00
3314 	9.729097e-03 	1.094298e+05 	2.633683e-124 	3.855760e-11 	8.881784e-16 	0.000000e+00
3315 	9.709639e-03 	1.094298e+05 	2.633683e-124 	3.855760e-11 	8.881784e-16 	0.000000e+00
3316 	9.690220e-03 	1.094298e+05 	2.633683e-124 	3.855760e-11 	8.881784e-16 	0.000000e+00
3317 	9.670839e-03 	1.094298e+05 	2.633683e-124 	3.855760e-11 	8.881784e-16 	0.000000e+00
3318 	9.651498e-03 	1.094298e+05 	2.633683e-124 	3.855760e-11 	8.881784e-16 	0.000000e+00
3319 	9.632195e-03 	1.094298e+05 	2.633683e-124 	3.855760e-11 	8.881784e-16 	0.000000e+00
3320 	9.612930e-03 	1.094298e+05 	2.633683e-124 	3.855760e-11 	8.881784e-16 	0.000000e+00
3321 	9.593704e-03 	1.094298e+05 	2.633683e-124 	3.855760e-11 	8.881784e-16 	0.000000e+00
3322 	9.574517e-03 	1.094298e+05 	2.633683e-124 	3.855760e-11 	8.881784e-16 	0.000000e+00
3323 	9.555368e-03 	1.094298e+05 	2.633683e-124 	3.855760e-11 	8.881784e-16 	0.000000e+00
3324 	9.536257e-03 	1.094298e+05 	2.633683e-124 	3.855760e-11 	8.881784e-16 	0.000000e+00
3325 	9.517185e-03 	1.094298e+05 	2.633683e-124 	3.855760e-11 	8.881784e-16 	0.000000e+00
3326 	9.498150e-03 	1.094298e+05 	2.633683e-124 	3.855760e-11 	8.881784e-16 	0.000000e+00
3327 	9.479154e-03 	1.094298e+05 	2.633683e-124 	3.855760e-11 	8.881784e-16 	0.000000e+00
3328 	9.460196e-03 	1.094298e+05 	2.633683e-124 	3.855760e-11 	8.881784e-16 	0.000000e+00
3329 	9.441275e-03 	1.094298e+05 	2.633683e-124 	3.855760e-11 	8.881784e-16 	0.000000e+00
3330 	9.422393e-03 	1.094298e+05 	2.633683e-124 	3.855760e-11 	8.881784e-16 	0.000000e+00
3331 	9.403548e-03 	1.094298e+05 	2.633683e-124 	3.855760e-11 	8.881784e-16 	0.000000e+00
3332 	9.384741e-03 	1.094298e+05 	2.633683e-124 	3.855760e-11 	8.881784e-16 	0.000000e+00
3333 	9.365971e-03 	1.094298e+05 	2.633683e-124 	3.855760e-11 	8.881784e-16 	0.000000e+00
3334 	9.347239e-03 	1.094298e+05 	2.633683e-124 	3.855760e-11 	8.881784e-16 	0.000000e+00
3335 	9.328545e-03 	1.094298e+05 	2.633683e-124 	3.855760e-11 	8.881784e-16 	0.000000e+00
3336 	9.309888e-03 	1.094298e+05 	2.633683e-124 	3.855760e-11 	8.881784e-16 	0.000000e+00
3337 	9.291268e-03 	1.094298e+05 	2.633683e-124 	3.855760e-11 	8.881784e-16 	0.000000e+00
3338 	9.272685e-03 	1.094298e+05 	2.633683e-124 	3.855760e-11 	8.881784e-16 	0.000000e+00
3339 	9.254140e-03 	1.094298e+05 	2.633683e-124 	3.855760e-11 	8.881784e-16 	0.000000e+00
3340 	9.235632e-03 	1.094298e+05 	2.633683e-124 	3.855760e-11 	8.881784e-16 	0.000000e+00
3341 	9.217161e-03 	1.094298e+05 	2.633683e-124 	3.855760e-11 	8.881784e-16 	0.000000e+00
3342 	9.198726e-03 	1.094298e+05 	2.633683e-124 	3.855760e-11 	8.881784e-16 	0.000000e+00
3343 	9.180329e-03 	1.094298e+05 	2.633683e-124 	3.855760e-11 	8.881784e-16 	0.000000e+00
3344 	9.161968e-03 	1.094298e+05 	2.633683e-124 	3.855760e-11 	8.881784e-16 	0.000000e+00
3345 	9.143644e-03 	1.094298e+05 	2.633683e-124 	3.855760e-11 	8.881784e-16 	0.000000e+00
3346 	9.125357e-03 	1.094298e+05 	2.633683e-124 	3.855760e-11 	8.881784e-16 	0.000000e+00
3347 	9.107106e-03 	1.094298e+05 	2.633683e-124 	3.855760e-11 	8.881784e-16 	0.000000e+00
3348 	9.088892e-03 	1.094298e+05 	2.633683e-124 	3.855760e-11 	8.881784e-16 	0.000000e+00
3349 	9.070714e-03 	1.094298e+05 	2.633683e-124 	3.855760e-11 	8.881784e-16 	0.000000e+00
3350 	9.052573e-03 	1.094298e+05 	2.633683e-124 	3.855760e-11 	8.881784e-16 	0.000000e+00
3351 	9.034468e-03 	1.094298e+05 	2.633683e-124 	3.855760e-11 	8.881784e-16 	0.000000e+00
3352 	9.016399e-03 	1.094298e+05 	2.633683e-124 	3.855760e-11 	8.881784e-16 	0.000000e+00
3353 	8.998366e-03 	1.094298e+05 	2.633683e-124 	3.855760e-11 	8.881784e-16 	0.000000e+00
3354 	8.980369e-03 	1.094298e+05 	2.633683e-124 	3.855760e-11 	8.881784e-16 	0.000000e+00
3355 	8.962408e-03 	1.094298e+05 	2.633683e-124 	3.855760e-11 	8.881784e-16 	0.000000e+00
3356 	8.944484e-03 	1.094298e+05 	2.633683e-124 	3.855760e-11 	8.881784e-16 	0.000000e+00
3357 	8.926595e-03 	1.094298e+05 	2.633683e-124 	3.855760e-11 	8.881784e-16 	0.000000e+00
3358 	8.908741e-03 	1.094298e+05 	2.633683e-124 	3.855760e-11 	8.881784e-16 	0.000000e+00
3359 	8.890924e-03 	1.094298e+05 	2.633683e-124 	3.855760e-11 	8.881784e-16 	0.000000e+00
3360 	8.873142e-03 	1.094298e+05 	2.633683e-124 	3.855760e-11 	8.881784e-16 	0.000000e+00
3361 	8.855396e-03 	1.094298e+05 	2.633683e-124 	3.855760e-11 	8.881784e-16 	0.000000e+00
3362 	8.837685e-03 	1.094298e+05 	2.633683e-124 	3.855760e-11 	8.881784e-16 	0.000000e+00
3363 	8.820010e-03 	1.094298e+05 	2.633683e-124 	3.855760e-11 	8.881784e-16 	0.000000e+00
3364 	8.802370e-03 	1.094298e+05 	2.633683e-124 	3.855760e-11 	8.881784e-16 	0.000000e+00
3365 	8.784765e-03 	1.094298e+05 	2.633683e-124 	3.855760e-11 	8.881784e-16 	0.000000e+00
3366 	8.767195e-03 	1.094298e+05 	2.633683e-124 	3.855760e-11 	8.881784e-16 	0.000000e+00
3367 	8.749661e-03 	1.094298e+05 	2.633683e-124 	3.855760e-11 	8.881784e-16 	0.000000e+00
3368 	8.732162e-03 	1.094298e+05 	2.633683e-124 	3.855760e-11 	8.881784e-16 	0.000000e+00
3369 	8.714697e-03 	1.094298e+05 	2.633683e-124 	3.855760e-11 	8.881784e-16 	0.000000e+00
3370 	8.697268e-03 	1.094298e+05 	2.633683e-124 	3.855760e-11 	8.881784e-16 	0.000000e+00
3371 	8.679873e-03 	1.094298e+05 	2.633683e-124 	3.855760e-11 	8.881784e-16 	0.000000e+00
3372 	8.662514e-03 	1.094298e+05 	2.633683e-124 	3.855760e-11 	8.881784e-16 	0.000000e+00
3373 	8.645189e-03 	1.094298e+05 	2.633683e-124 	3.855760e-11 	8.881784e-16 	0.000000e+00
3374 	8.627898e-03 	1.094298e+05 	2.633683e-124 	3.855760e-11 	8.881784e-16 	0.000000e+00
3375 	8.610642e-03 	1.094298e+05 	2.633683e-124 	3.855760e-11 	8.881784e-16 	0.000000e+00
3376 	8.593421e-03 	1.094298e+05 	2.633683e-124 	3.855760e-11 	8.881784e-16 	0.000000e+00
3377 	8.576234e-03 	1.094298e+05 	2.633683e-124 	3.855760e-11 	8.881784e-16 	0.000000e+00
3378 	8.559082e-03 	1.094298e+05 	2.633683e-124 	3.855760e-11 	8.881784e-16 	0.000000e+00
3379 	8.541964e-03 	1.094298e+05 	2.633683e-124 	3.855760e-11 	8.881784e-16 	0.000000e+00
3380 	8.524880e-03 	1.094298e+05 	2.633683e-124 	3.855760e-11 	8.881784e-16 	0.000000e+00
3381 	8.507830e-03 	1.094298e+05 	2.633683e-124 	3.855760e-11 	8.881784e-16 	0.000000e+00
3382 	8.490814e-03 	1.094298e+05 	2.633683e-124 	3.855760e-11 	8.881784e-16 	0.000000e+00
3383 	8.473833e-03 	1.094298e+05 	2.633683e-124 	3.855760e-11 	8.881784e-16 	0.000000e+00
3384 	8.456885e-03 	1.094298e+05 	2.633683e-124 	3.855760e-11 	8.881784e-16 	0.000000e+00
3385 	8.439971e-03 	1.094298e+05 	2.633683e-124 	3.855760e-11 	8.881784e-16 	0.000000e+00
3386 	8.423091e-03 	1.094298e+05 	2.633683e-124 	3.855760e-11 	8.881784e-16 	0.000000e+00
3387 	8.406245e-03 	1.094298e+05 	2.633683e-124 	3.855760e-11 	8.881784e-16 	0.000000e+00
3388 	8.389433e-03 	1.094298e+05 	2.633683e-124 	3.855760e-11 	8.881784e-16 	0.000000e+00
3389 	8.372654e-03 	1.094298e+05 	2.633683e-124 	3.855760e-11 	8.881784e-16 	0.000000e+00
3390 	8.355909e-03 	1.094298e+05 	2.633683e-124 	3.855760e-11 	8.881784e-16 	0.000000e+00
3391 	8.339197e-03 	1.094298e+05 	2.633683e-124 	3.855760e-11 	8.881784e-16 	0.000000e+00
3392 	8.322518e-03 	1.094298e+05 	2.633683e-124 	3.855760e-11 	8.881784e-16 	0.000000e+00
3393 	8.305873e-03 	1.094298e+05 	2.633683e-124 	3.855760e-11 	8.881784e-16 	0.000000e+00
3394 	8.289262e-03 	1.094298e+05 	2.633683e-124 	3.855760e-11 	8.881784e-16 	0.000000e+00
3395 	8.272683e-03 	1.094298e+05 	2.633683e-124 	3.855760e-11 	8.881784e-16 	0.000000e+00
3396 	8.256138e-03 	1.094298e+05 	2.633683e-124 	3.855760e-11 	8.881784e-16 	0.000000e+00
3397 	8.239625e-03 	1.094298e+05 	2.633683e-124 	3.855760e-11 	8.881784e-16 	0.000000e+00
3398 	8.223146e-03 	1.094298e+05 	2.633683e-124 	3.855760e-11 	8.881784e-16 	0.000000e+00
3399 	8.206700e-03 	1.094298e+05 	2.633683e-124 	3.855760e-11 	8.881784e-16 	0.000000e+00
3400 	8.190286e-03 	1.094298e+05 	2.633683e-124 	3.855760e-11 	8.881784e-16 	0.000000e+00
3401 	8.173906e-03 	1.094298e+05 	2.633683e-124 	3.855760e-11 	8.881784e-16 	0.000000e+00
3402 	8.157558e-03 	1.094298e+05 	2.633683e-124 	3.855760e-11 	8.881784e-16 	0.000000e+00
3403 	8.141243e-03 	1.094298e+05 	2.633683e-124 	3.855760e-11 	8.881784e-16 	0.000000e+00
3404 	8.124960e-03 	1.094298e+05 	3.245115e-124 	3.855760e-11 	8.881784e-16 	0.000000e+00
3405 	8.108711e-03 	1.094298e+05 	3.245115e-124 	3.855760e-11 	8.881784e-16 	0.000000e+00
3406 	8.092493e-03 	1.094298e+05 	3.245115e-124 	3.855760e-11 	8.881784e-16 	0.000000e+00
3407 	8.076308e-03 	1.094298e+05 	3.245115e-124 	3.855760e-11 	8.881784e-16 	0.000000e+00
3408 	8.060155e-03 	1.094298e+05 	3.245115e-124 	3.855760e-11 	8.881784e-16 	0.000000e+00
3409 	8.044035e-03 	1.094298e+05 	3.245115e-124 	3.855760e-11 	8.881784e-16 	0.000000e+00
3410 	8.027947e-03 	1.094298e+05 	3.245115e-124 	3.855760e-11 	8.881784e-16 	0.000000e+00
3411 	8.011891e-03 	1.094298e+05 	3.245115e-124 	3.855760e-11 	8.881784e-16 	0.000000e+00
3412 	7.995867e-03 	1.094298e+05 	3.245115e-124 	3.855760e-11 	8.881784e-16 	0.000000e+00
3413 	7.979876e-03 	1.094298e+05 	3.245115e-124 	3.855760e-11 	8.881784e-16 	0.000000e+00
3414 	7.963916e-03 	1.094298e+05 	3.245115e-124 	3.855760e-11 	8.881784e-16 	0.000000e+00
3415 	7.947988e-03 	1.094298e+05 	3.245115e-124 	3.855760e-11 	8.881784e-16 	0.000000e+00
3416 	7.932092e-03 	1.094298e+05 	3.245115e-124 	3.855760e-11 	8.881784e-16 	0.000000e+00
3417 	7.916228e-03 	1.094298e+05 	3.245115e-124 	3.855760e-11 	8.881784e-16 	0.000000e+00
3418 	7.900395e-03 	1.094298e+05 	3.245115e-124 	3.855760e-11 	8.881784e-16 	0.000000e+00
3419 	7.884595e-03 	1.094298e+05 	3.245115e-124 	3.855760e-11 	8.881784e-16 	0.000000e+00
3420 	7.868826e-03 	1.094298e+05 	3.245115e-124 	3.855760e-11 	8.881784e-16 	0.000000e+00
3421 	7.853088e-03 	1.094298e+05 	3.245115e-124 	3.855760e-11 	8.881784e-16 	0.000000e+00
3422 	7.837382e-03 	1.094298e+05 	3.245115e-124 	3.855760e-11 	8.881784e-16 	0.000000e+00
3423 	7.821707e-03 	1.094298e+05 	3.245115e-124 	3.855760e-11 	8.881784e-16 	0.000000e+00
3424 	7.806064e-03 	1.094298e+05 	3.245115e-124 	3.855760e-11 	8.881784e-16 	0.000000e+00
3425 	7.790451e-03 	1.094298e+05 	3.245115e-124 	3.855760e-11 	8.881784e-16 	0.000000e+00
3426 	7.774870e-03 	1.094298e+05 	3.245115e-124 	3.855760e-11 	8.881784e-16 	0.000000e+00
3427 	7.759321e-03 	1.094298e+05 	3.245115e-124 	3.855760e-11 	8.881784e-16 	0.000000e+00
3428 	7.743802e-03 	1.094298e+05 	3.245115e-124 	3.855760e-11 	8.881784e-16 	0.000000e+00
3429 	7.728314e-03 	1.094298e+05 	3.245115e-124 	3.855760e-11 	8.881784e-16 	0.000000e+00
3430 	7.712858e-03 	1.094298e+05 	3.245115e-124 	3.855760e-11 	8.881784e-16 	0.000000e+00
3431 	7.697432e-03 	1.094298e+05 	3.245115e-124 	3.855760e-11 	8.881784e-16 	0.000000e+00
3432 	7.682037e-03 	1.094298e+05 	3.245115e-124 	3.855760e-11 	8.881784e-16 	0.000000e+00
3433 	7.666673e-03 	1.094298e+05 	3.245115e-124 	3.855760e-11 	8.881784e-16 	0.000000e+00
3434 	7.651340e-03 	1.094298e+05 	3.245115e-124 	3.855760e-11 	8.881784e-16 	0.000000e+00
3435 	7.636037e-03 	1.094298e+05 	3.245115e-124 	3.855760e-11 	8.881784e-16 	0.000000e+00
3436 	7.620765e-03 	1.094298e+05 	3.245115e-124 	3.855760e-11 	8.881784e-16 	0.000000e+00
3437 	7.605524e-03 	1.094298e+05 	3.245115e-124 	3.855760e-11 	8.881784e-16 	0.000000e+00
3438 	7.590313e-03 	1.094298e+05 	3.245115e-124 	3.855760e-11 	8.881784e-16 	0.000000e+00
3439 	7.575132e-03 	1.094298e+05 	3.245115e-124 	3.855760e-11 	8.881784e-16 	0.000000e+00
3440 	7.559982e-03 	1.094298e+05 	3.245115e-124 	3.855760e-11 	8.881784e-16 	0.000000e+00
3441 	7.544862e-03 	1.094298e+05 	3.245115e-124 	3.855760e-11 	8.881784e-16 	0.000000e+00
3442 	7.529772e-03 	1.094298e+05 	3.245115e-124 	3.855760e-11 	8.881784e-16 	0.000000e+00
3443 	7.514712e-03 	1.094298e+05 	3.245115e-124 	3.855760e-11 	8.881784e-16 	0.000000e+00
3444 	7.499683e-03 	1.094298e+05 	3.245115e-124 	3.855760e-11 	8.881784e-16 	0.000000e+00
3445 	7.484684e-03 	1.094298e+05 	3.245115e-124 	3.855760e-11 	8.881784e-16 	0.000000e+00
3446 	7.469714e-03 	1.094298e+05 	3.245115e-124 	3.855760e-11 	8.881784e-16 	0.000000e+00
3447 	7.454775e-03 	1.094298e+05 	3.245115e-124 	3.855760e-11 	8.881784e-16 	0.000000e+00
3448 	7.439865e-03 	1.094298e+05 	3.245115e-124 	3.855760e-11 	8.881784e-16 	0.000000e+00
3449 	7.424986e-03 	1.094298e+05 	3.245115e-124 	3.855760e-11 	8.881784e-16 	0.000000e+00
3450 	7.410136e-03 	1.094298e+05 	3.245115e-124 	3.855760e-11 	8.881784e-16 	0.000000e+00
3451 	7.395315e-03 	1.094298e+05 	3.245115e-124 	3.855760e-11 	8.881784e-16 	0.000000e+00
3452 	7.380525e-03 	1.094298e+05 	3.245115e-124 	3.855760e-11 	8.881784e-16 	0.000000e+00
3453 	7.365764e-03 	1.094298e+05 	3.245115e-124 	3.855760e-11 	8.881784e-16 	0.000000e+00
3454 	7.351032e-03 	1.094298e+05 	3.245115e-124 	3.855760e-11 	8.881784e-16 	0.000000e+00
3455 	7.336330e-03 	1.094298e+05 	3.245115e-124 	3.855760e-11 	8.881784e-16 	0.000000e+00
3456 	7.321657e-03 	1.094298e+05 	3.245115e-124 	3.855760e-11 	8.881784e-16 	0.000000e+00
3457 	7.307014e-03 	1.094298e+05 	3.245115e-124 	3.855760e-11 	8.881784e-16 	0.000000e+00
3458 	7.292400e-03 	1.094298e+05 	3.245115e-124 	3.855760e-11 	8.881784e-16 	0.000000e+00
3459 	7.277815e-03 	1.094298e+05 	3.245115e-124 	3.855760e-11 	8.881784e-16 	0.000000e+00
3460 	7.263260e-03 	1.094298e+05 	3.245115e-124 	3.855760e-11 	8.881784e-16 	0.000000e+00
3461 	7.248733e-03 	1.094298e+05 	3.245115e-124 	3.855760e-11 	8.881784e-16 	0.000000e+00
3462 	7.234236e-03 	1.094298e+05 	3.245115e-124 	3.855760e-11 	8.881784e-16 	0.000000e+00
3463 	7.219767e-03 	1.094298e+05 	3.245115e-124 	3.855760e-11 	8.881784e-16 	0.000000e+00
3464 	7.205328e-03 	1.094298e+05 	3.245115e-124 	3.855760e-11 	8.881784e-16 	0.000000e+00
3465 	7.190917e-03 	1.094298e+05 	3.245115e-124 	3.855760e-11 	8.881784e-16 	0.000000e+00
3466 	7.176535e-03 	1.094298e+05 	3.245115e-124 	3.855760e-11 	8.881784e-16 	0.000000e+00
3467 	7.162182e-03 	1.094298e+05 	3.245115e-124 	3.855760e-11 	8.881784e-16 	0.000000e+00
3468 	7.147858e-03 	1.094298e+05 	3.245115e-124 	3.855760e-11 	8.881784e-16 	0.000000e+00
3469 	7.133562e-03 	1.094298e+05 	3.245115e-124 	3.855760e-11 	8.881784e-16 	0.000000e+00
3470 	7.119295e-03 	1.094298e+05 	3.245115e-124 	3.855760e-11 	8.881784e-16 	0.000000e+00
3471 	7.105056e-03 	1.094298e+05 	3.245115e-124 	3.855760e-11 	8.881784e-16 	0.000000e+00
3472 	7.090846e-03 	1.094298e+05 	3.245115e-124 	3.855760e-11 	8.881784e-16 	0.000000e+00
3473 	7.076664e-03 	1.094298e+05 	3.245115e-124 	3.855760e-11 	8.881784e-16 	0.000000e+00
3474 	7.062511e-03 	1.094298e+05 	3.245115e-124 	3.855760e-11 	8.881784e-16 	0.000000e+00
3475 	7.048386e-03 	1.094298e+05 	3.245115e-124 	3.855760e-11 	8.881784e-16 	0.000000e+00
3476 	7.034289e-03 	1.094298e+05 	3.245115e-124 	3.855760e-11 	8.881784e-16 	0.000000e+00
3477 	7.020221e-03 	1.094298e+05 	3.245115e-124 	3.855760e-11 	8.881784e-16 	0.000000e+00
3478 	7.006180e-03 	1.094298e+05 	3.245115e-124 	3.855760e-11 	8.881784e-16 	0.000000e+00
3479 	6.992168e-03 	1.094298e+05 	3.245115e-124 	3.855760e-11 	8.881784e-16 	0.000000e+00
3480 	6.978184e-03 	1.094298e+05 	3.245115e-124 	3.855760e-11 	8.881784e-16 	0.000000e+00
3481 	6.964227e-03 	1.094298e+05 	3.245115e-124 	3.855760e-11 	8.881784e-16 	0.000000e+00
3482 	6.950299e-03 	1.094298e+05 	3.245115e-124 	3.855760e-11 	8.881784e-16 	0.000000e+00
3483 	6.936398e-03 	1.094298e+05 	3.245115e-124 	3.855760e-11 	8.881784e-16 	0.000000e+00
3484 	6.922525e-03 	1.094298e+05 	3.245115e-124 	3.855760e-11 	8.881784e-16 	0.000000e+00
3485 	6.908680e-03 	1.094298e+05 	3.245115e-124 	3.855760e-11 	8.881784e-16 	0.000000e+00
3486 	6.894863e-03 	1.094298e+05 	3.245115e-124 	3.855760e-11 	8.881784e-16 	0.000000e+00
3487 	6.881073e-03 	1.094298e+05 	3.245115e-124 	3.855760e-11 	8.881784e-16 	0.000000e+00
3488 	6.867311e-03 	1.094298e+05 	3.245115e-124 	3.855760e-11 	8.881784e-16 	0.000000e+00
3489 	6.853576e-03 	1.094298e+05 	3.245115e-124 	3.855760e-11 	8.881784e-16 	0.000000e+00
3490 	6.839869e-03 	1.094298e+05 	3.245115e-124 	3.855760e-11 	8.881784e-16 	0.000000e+00
3491 	6.826190e-03 	1.094298e+05 	3.245115e-124 	3.855760e-11 	8.881784e-16 	0.000000e+00
3492 	6.812537e-03 	1.094298e+05 	3.245115e-124 	3.855760e-11 	8.881784e-16 	0.000000e+00
3493 	6.798912e-03 	1.094298e+05 	3.245115e-124 	3.855760e-11 	8.881784e-16 	0.000000e+00
3494 	6.785314e-03 	1.094298e+05 	3.245115e-124 	3.855760e-11 	8.881784e-16 	0.000000e+00
3495 	6.771744e-03 	1.094298e+05 	3.245115e-124 	3.855760e-11 	8.881784e-16 	0.000000e+00
3496 	6.758200e-03 	1.094298e+05 	3.245115e-124 	3.855760e-11 	8.881784e-16 	0.000000e+00
3497 	6.744684e-03 	1.094298e+05 	3.245115e-124 	3.855760e-11 	8.881784e-16 	0.000000e+00
3498 	6.731194e-03 	1.094298e+05 	3.245115e-124 	3.855760e-11 	8.881784e-16 	0.000000e+00
3499 	6.717732e-03 	1.094298e+05 	3.245115e-124 	3.855760e-11 	8.881784e-16 	0.000000e+00
3500 	6.704297e-03 	1.094298e+05 	3.245115e-124 	3.855760e-11 	8.881784e-16 	0.000000e+00
3501 	6.690888e-03 	1.094298e+05 	3.245115e-124 	3.855760e-11 	8.881784e-16 	0.000000e+00
3502 	6.677506e-03 	1.094298e+05 	3.245115e-124 	3.855760e-11 	8.881784e-16 	0.000000e+00
3503 	6.664151e-03 	1.094298e+05 	3.245115e-124 	3.855760e-11 	8.881784e-16 	0.000000e+00
3504 	6.650823e-03 	1.094298e+05 	3.245115e-124 	3.855760e-11 	8.881784e-16 	0.000000e+00
3505 	6.637521e-03 	1.094298e+05 	3.245115e-124 	3.855760e-11 	8.881784e-16 	0.000000e+00
3506 	6.624246e-03 	1.094298e+05 	3.245115e-124 	3.855760e-11 	8.881784e-16 	0.000000e+00
3507 	6.610998e-03 	1.094298e+05 	3.245115e-124 	3.855760e-11 	8.881784e-16 	0.000000e+00
3508 	6.597776e-03 	1.094298e+05 	3.245115e-124 	3.855760e-11 	8.881784e-16 	0.000000e+00
3509 	6.584580e-03 	1.094298e+05 	3.245115e-124 	3.855760e-11 	8.881784e-16 	0.000000e+00
3510 	6.571411e-03 	1.094298e+05 	3.245115e-124 	3.855760e-11 	8.881784e-16 	0.000000e+00
3511 	6.558268e-03 	1.094298e+05 	3.245115e-124 	3.855760e-11 	8.881784e-16 	0.000000e+00
3512 	6.545152e-03 	1.094298e+05 	3.245115e-124 	3.855760e-11 	8.881784e-16 	0.000000e+00
3513 	6.532061e-03 	1.094298e+05 	3.245115e-124 	3.855760e-11 	8.881784e-16 	0.000000e+00
3514 	6.518997e-03 	1.094298e+05 	3.245115e-124 	3.855760e-11 	8.881784e-16 	0.000000e+00
3515 	6.505959e-03 	1.094298e+05 	3.245115e-124 	3.855760e-11 	8.881784e-16 	0.000000e+00
3516 	6.492947e-03 	1.094298e+05 	3.245115e-124 	3.855760e-11 	8.881784e-16 	0.000000e+00
3517 	6.479961e-03 	1.094298e+05 	3.245115e-124 	3.855760e-11 	8.881784e-16 	0.000000e+00
3518 	6.467001e-03 	1.094298e+05 	3.245115e-124 	3.855760e-11 	8.881784e-16 	0.000000e+00
3519 	6.454067e-03 	1.094298e+05 	3.245115e-124 	3.855760e-11 	8.881784e-16 	0.000000e+00
3520 	6.441159e-03 	1.094298e+05 	3.245115e-124 	3.855760e-11 	8.881784e-16 	0.000000e+00
3521 	6.428277e-03 	1.094298e+05 	3.245115e-124 	3.855760e-11 	8.881784e-16 	0.000000e+00
3522 	6.415420e-03 	1.094298e+05 	3.245115e-124 	3.855760e-11 	8.881784e-16 	0.000000e+00
3523 	6.402590e-03 	1.094298e+05 	3.245115e-124 	3.855760e-11 	8.881784e-16 	0.000000e+00
3524 	6.389784e-03 	1.094298e+05 	3.245115e-124 	3.855760e-11 	8.881784e-16 	0.000000e+00
3525 	6.377005e-03 	1.094298e+05 	3.245115e-124 	3.855760e-11 	8.881784e-16 	0.000000e+00
3526 	6.364251e-03 	1.094298e+05 	3.245115e-124 	3.855760e-11 	8.881784e-16 	0.000000e+00
3527 	6.351522e-03 	1.094298e+05 	3.245115e-124 	3.855760e-11 	8.881784e-16 	0.000000e+00
3528 	6.338819e-03 	1.094298e+05 	3.245115e-124 	3.855760e-11 	8.881784e-16 	0.000000e+00
3529 	6.326142e-03 	1.094298e+05 	3.245115e-124 	3.855760e-11 	8.881784e-16 	0.000000e+00
3530 	6.313489e-03 	1.094298e+05 	3.245115e-124 	3.855760e-11 	8.881784e-16 	0.000000e+00
3531 	6.300862e-03 	1.094298e+05 	3.245115e-124 	3.855760e-11 	8.881784e-16 	0.000000e+00
3532 	6.288261e-03 	1.094298e+05 	3.245115e-124 	3.855760e-11 	8.881784e-16 	0.000000e+00
3533 	6.275684e-03 	1.094298e+05 	3.245115e-124 	3.855760e-11 	8.881784e-16 	0.000000e+00
3534 	6.263133e-03 	1.094298e+05 	3.245115e-124 	3.855760e-11 	8.881784e-16 	0.000000e+00
3535 	6.250607e-03 	1.094298e+05 	3.245115e-124 	3.855760e-11 	8.881784e-16 	0.000000e+00
3536 	6.238105e-03 	1.094298e+05 	3.245115e-124 	3.855760e-11 	8.881784e-16 	0.000000e+00
3537 	6.225629e-03 	1.094298e+05 	3.245115e-124 	3.855760e-11 	8.881784e-16 	0.000000e+00
3538 	6.213178e-03 	1.094298e+05 	3.245115e-124 	3.855760e-11 	8.881784e-16 	0.000000e+00
3539 	6.200752e-03 	1.094298e+05 	3.245115e-124 	3.855760e-11 	8.881784e-16 	0.000000e+00
3540 	6.188350e-03 	1.094298e+05 	3.245115e-124 	3.855760e-11 	8.881784e-16 	0.000000e+00
3541 	6.175973e-03 	1.094298e+05 	3.245115e-124 	3.855760e-11 	8.881784e-16 	0.000000e+00
3542 	6.163621e-03 	1.094298e+05 	3.245115e-124 	3.855760e-11 	8.881784e-16 	0.000000e+00
3543 	6.151294e-03 	1.094298e+05 	3.245115e-124 	3.855760e-11 	8.881784e-16 	0.000000e+00
3544 	6.138992e-03 	1.094298e+05 	3.245115e-124 	3.855760e-11 	8.881784e-16 	0.000000e+00
3545 	6.126714e-03 	1.094298e+05 	3.245115e-124 	3.855760e-11 	8.881784e-16 	0.000000e+00
3546 	6.114460e-03 	1.094298e+05 	3.245115e-124 	3.855760e-11 	8.881784e-16 	0.000000e+00
3547 	6.102231e-03 	1.094298e+05 	3.245115e-124 	3.855760e-11 	8.881784e-16 	0.000000e+00
3548 	6.090027e-03 	1.094298e+05 	3.245115e-124 	3.855760e-11 	8.881784e-16 	0.000000e+00
3549 	6.077847e-03 	1.094298e+05 	3.245115e-124 	3.855760e-11 	8.881784e-16 	0.000000e+00
3550 	6.065691e-03 	1.094298e+05 	3.245115e-124 	3.855760e-11 	8.881784e-16 	0.000000e+00
3551 	6.053560e-03 	1.094298e+05 	3.245115e-124 	3.855760e-11 	8.881784e-16 	0.000000e+00
3552 	6.041453e-03 	1.094298e+05 	3.245115e-124 	3.855760e-11 	8.881784e-16 	0.000000e+00
3553 	6.029370e-03 	1.094298e+05 	3.245115e-124 	3.855760e-11 	8.881784e-16 	0.000000e+00
3554 	6.017311e-03 	1.094298e+05 	3.245115e-124 	3.855760e-11 	8.881784e-16 	0.000000e+00
3555 	6.005276e-03 	1.094298e+05 	3.245115e-124 	3.855760e-11 	8.881784e-16 	0.000000e+00
3556 	5.993266e-03 	1.094298e+05 	3.245115e-124 	3.855760e-11 	8.881784e-16 	0.000000e+00
3557 	5.981279e-03 	1.094298e+05 	3.245115e-124 	3.855760e-11 	8.881784e-16 	0.000000e+00
3558 	5.969317e-03 	1.094298e+05 	3.245115e-124 	3.855760e-11 	8.881784e-16 	0.000000e+00
3559 	5.957378e-03 	1.094298e+05 	3.245115e-124 	3.855760e-11 	8.881784e-16 	0.000000e+00
3560 	5.945463e-03 	1.094298e+05 	3.245115e-124 	3.855760e-11 	8.881784e-16 	0.000000e+00
3561 	5.933572e-03 	1.094298e+05 	3.245115e-124 	3.855760e-11 	8.881784e-16 	0.000000e+00
3562 	5.921705e-03 	1.094298e+05 	3.245115e-124 	3.855760e-11 	8.881784e-16 	0.000000e+00
3563 	5.909862e-03 	1.094298e+05 	3.245115e-124 	3.855760e-11 	8.881784e-16 	0.000000e+00
3564 	5.898042e-03 	1.094298e+05 	3.245115e-124 	3.855760e-11 	8.881784e-16 	0.000000e+00
3565 	5.886246e-03 	1.094298e+05 	3.245115e-124 	3.855760e-11 	8.881784e-16 	0.000000e+00
3566 	5.874473e-03 	1.094298e+05 	3.245115e-124 	3.855760e-11 	8.881784e-16 	0.000000e+00
3567 	5.862724e-03 	1.094298e+05 	3.245115e-124 	3.855760e-11 	8.881784e-16 	0.000000e+00
3568 	5.850999e-03 	1.094298e+05 	3.245115e-124 	3.855760e-11 	8.881784e-16 	0.000000e+00
3569 	5.839297e-03 	1.094298e+05 	3.245115e-124 	3.855760e-11 	8.881784e-16 	0.000000e+00
3570 	5.827618e-03 	1.094298e+05 	3.245115e-124 	3.855760e-11 	8.881784e-16 	0.000000e+00
3571 	5.815963e-03 	1.094298e+05 	3.245115e-124 	3.855760e-11 	8.881784e-16 	0.000000e+00
3572 	5.804331e-03 	1.094298e+05 	3.245115e-124 	3.855760e-11 	8.881784e-16 	0.000000e+00
3573 	5.792723e-03 	1.094298e+05 	3.245115e-124 	3.855760e-11 	8.881784e-16 	0.000000e+00
3574 	5.781137e-03 	1.094298e+05 	3.245115e-124 	3.855760e-11 	8.881784e-16 	0.000000e+00
3575 	5.769575e-03 	1.094298e+05 	3.245115e-124 	3.855760e-11 	8.881784e-16 	0.000000e+00
3576 	5.758036e-03 	1.094298e+05 	3.245115e-124 	3.855760e-11 	8.881784e-16 	0.000000e+00
3577 	5.746520e-03 	1.094298e+05 	3.245115e-124 	3.855760e-11 	8.881784e-16 	0.000000e+00
3578 	5.735027e-03 	1.094298e+05 	3.245115e-124 	3.855760e-11 	8.881784e-16 	0.000000e+00
3579 	5.723557e-03 	1.094298e+05 	3.245115e-124 	3.855760e-11 	8.881784e-16 	0.000000e+00
3580 	5.712109e-03 	1.094298e+05 	3.245115e-124 	3.855760e-11 	8.881784e-16 	0.000000e+00
3581 	5.700685e-03 	1.094298e+05 	3.245115e-124 	3.855760e-11 	8.881784e-16 	0.000000e+00
3582 	5.689284e-03 	1.094298e+05 	3.245115e-124 	3.855760e-11 	8.881784e-16 	0.000000e+00
3583 	5.677905e-03 	1.094298e+05 	3.245115e-124 	3.855760e-11 	8.881784e-16 	0.000000e+00
3584 	5.666549e-03 	1.094298e+05 	3.245115e-124 	3.855760e-11 	8.881784e-16 	0.000000e+00
3585 	5.655216e-03 	1.094298e+05 	3.245115e-124 	3.855760e-11 	8.881784e-16 	0.000000e+00
3586 	5.643906e-03 	1.094298e+05 	3.245115e-124 	3.855760e-11 	8.881784e-16 	0.000000e+00
3587 	5.632618e-03 	1.094298e+05 	3.245115e-124 	3.855760e-11 	8.881784e-16 	0.000000e+00
3588 	5.621353e-03 	1.094298e+05 	3.245115e-124 	3.855760e-11 	8.881784e-16 	0.000000e+00
3589 	5.610110e-03 	1.094298e+05 	3.245115e-124 	3.855760e-11 	8.881784e-16 	0.000000e+00
3590 	5.598890e-03 	1.094298e+05 	3.245115e-124 	3.855760e-11 	8.881784e-16 	0.000000e+00
3591 	5.587692e-03 	1.094298e+05 	3.245115e-124 	3.855760e-11 	8.881784e-16 	0.000000e+00
3592 	5.576517e-03 	1.094298e+05 	3.245115e-124 	3.855760e-11 	8.881784e-16 	0.000000e+00
3593 	5.565364e-03 	1.094298e+05 	3.245115e-124 	3.855760e-11 	8.881784e-16 	0.000000e+00
3594 	5.554233e-03 	1.094298e+05 	3.245115e-124 	3.855760e-11 	8.881784e-16 	0.000000e+00
3595 	5.543125e-03 	1.094298e+05 	3.245115e-124 	3.855760e-11 	8.881784e-16 	0.000000e+00
3596 	5.532038e-03 	1.094298e+05 	3.245115e-124 	3.855760e-11 	8.881784e-16 	0.000000e+00
3597 	5.520974e-03 	1.094298e+05 	3.245115e-124 	3.855760e-11 	8.881784e-16 	0.000000e+00
3598 	5.509932e-03 	1.094298e+05 	3.245115e-124 	3.855760e-11 	8.881784e-16 	0.000000e+00
3599 	5.498912e-03 	1.094298e+05 	3.245115e-124 	3.855760e-11 	8.881784e-16 	0.000000e+00
3600 	5.487915e-03 	1.094298e+05 	3.245115e-124 	3.855760e-11 	8.881784e-16 	0.000000e+00
3601 	5.476939e-03 	1.094298e+05 	3.245115e-124 	3.855760e-11 	8.881784e-16 	0.000000e+00
3602 	5.465985e-03 	1.094298e+05 	3.245115e-124 	3.855760e-11 	8.881784e-16 	0.000000e+00
3603 	5.455053e-03 	1.094298e+05 	3.245115e-124 	3.855760e-11 	8.881784e-16 	0.000000e+00
3604 	5.444143e-03 	1.094298e+05 	3.245115e-124 	3.855760e-11 	8.881784e-16 	0.000000e+00
3605 	5.433255e-03 	1.094298e+05 	3.245115e-124 	3.855760e-11 	8.881784e-16 	0.000000e+00
3606 	5.422388e-03 	1.094298e+05 	3.245115e-124 	3.855760e-11 	8.881784e-16 	0.000000e+00
3607 	5.411543e-03 	1.094298e+05 	3.245115e-124 	3.855760e-11 	8.881784e-16 	0.000000e+00
3608 	5.400720e-03 	1.094298e+05 	3.245115e-124 	3.855760e-11 	8.881784e-16 	0.000000e+00
3609 	5.389919e-03 	1.094298e+05 	3.245115e-124 	3.855760e-11 	8.881784e-16 	0.000000e+00
3610 	5.379139e-03 	1.094298e+05 	3.245115e-124 	3.855760e-11 	8.881784e-16 	0.000000e+00
3611 	5.368381e-03 	1.094298e+05 	3.245115e-124 	3.855760e-11 	8.881784e-16 	0.000000e+00
3612 	5.357644e-03 	1.094298e+05 	3.245115e-124 	3.855760e-11 	8.881784e-16 	0.000000e+00
3613 	5.346929e-03 	1.094298e+05 	3.245115e-124 	3.855760e-11 	8.881784e-16 	0.000000e+00
3614 	5.336235e-03 	1.094298e+05 	3.245115e-124 	3.855760e-11 	8.881784e-16 	0.000000e+00
3615 	5.325562e-03 	1.094298e+05 	3.245115e-124 	3.855760e-11 	8.881784e-16 	0.000000e+00
3616 	5.314911e-03 	1.094298e+05 	3.245115e-124 	3.855760e-11 	8.881784e-16 	0.000000e+00
3617 	5.304281e-03 	1.094298e+05 	3.245115e-124 	3.855760e-11 	8.881784e-16 	0.000000e+00
3618 	5.293673e-03 	1.094298e+05 	3.245115e-124 	3.855760e-11 	8.881784e-16 	0.000000e+00
3619 	5.283085e-03 	1.094298e+05 	3.245115e-124 	3.855760e-11 	8.881784e-16 	0.000000e+00
3620 	5.272519e-03 	1.094298e+05 	3.245115e-124 	3.855760e-11 	8.881784e-16 	0.000000e+00
3621 	5.261974e-03 	1.094298e+05 	3.245115e-124 	3.855760e-11 	8.881784e-16 	0.000000e+00
3622 	5.251450e-03 	1.094298e+05 	3.245115e-124 	3.855760e-11 	8.881784e-16 	0.000000e+00
3623 	5.240947e-03 	1.094298e+05 	3.245115e-124 	3.855760e-11 	8.881784e-16 	0.000000e+00
3624 	5.230465e-03 	1.094298e+05 	3.245115e-124 	3.855760e-11 	8.881784e-16 	0.000000e+00
3625 	5.220005e-03 	1.094298e+05 	3.245115e-124 	3.855760e-11 	8.881784e-16 	0.000000e+00
3626 	5.209565e-03 	1.094298e+05 	3.245115e-124 	3.855760e-11 	8.881784e-16 	0.000000e+00
3627 	5.199145e-03 	1.094298e+05 	3.245115e-124 	3.855760e-11 	8.881784e-16 	0.000000e+00
3628 	5.188747e-03 	1.094298e+05 	3.245115e-124 	3.855760e-11 	8.881784e-16 	0.000000e+00
3629 	5.178370e-03 	1.094298e+05 	3.245115e-124 	3.855760e-11 	8.881784e-16 	0.000000e+00
3630 	5.168013e-03 	1.094298e+05 	3.245115e-124 	3.855760e-11 	8.881784e-16 	0.000000e+00
3631 	5.157677e-03 	1.094298e+05 	3.245115e-124 	3.855760e-11 	8.881784e-16 	0.000000e+00
3632 	5.147361e-03 	1.094298e+05 	3.245115e-124 	3.855760e-11 	8.881784e-16 	0.000000e+00
3633 	5.137067e-03 	1.094298e+05 	3.245115e-124 	3.855760e-11 	8.881784e-16 	0.000000e+00
3634 	5.126793e-03 	1.094298e+05 	3.830305e-124 	3.855760e-11 	8.881784e-16 	0.000000e+00
3635 	5.116539e-03 	1.094298e+05 	3.830305e-124 	3.855760e-11 	8.881784e-16 	0.000000e+00
3636 	5.106306e-03 	1.094298e+05 	6.265535e-124 	3.855760e-11 	8.881784e-16 	0.000000e+00
3637 	5.096093e-03 	1.094298e+05 	6.265535e-124 	3.855760e-11 	8.881784e-16 	0.000000e+00
3638 	5.085901e-03 	1.094298e+05 	6.265535e-124 	3.855760e-11 	8.881784e-16 	0.000000e+00
3639 	5.075729e-03 	1.094298e+05 	6.265535e-124 	3.855760e-11 	8.881784e-16 	0.000000e+00
3640 	5.065578e-03 	1.094298e+05 	2.533964e-124 	3.855760e-11 	8.881784e-16 	0.000000e+00
3641 	5.055447e-03 	1.094298e+05 	2.533964e-124 	3.855760e-11 	8.881784e-16 	0.000000e+00
3642 	5.045336e-03 	1.094298e+05 	2.533964e-124 	3.855760e-11 	8.881784e-16 	0.000000e+00
3643 	5.035245e-03 	1.094298e+05 	2.533964e-124 	3.855760e-11 	8.881784e-16 	0.000000e+00
3644 	5.025175e-03 	1.094298e+05 	2.533964e-124 	3.855760e-11 	8.881784e-16 	0.000000e+00
3645 	5.015124e-03 	1.094298e+05 	2.533964e-124 	3.855760e-11 	8.881784e-16 	0.000000e+00
3646 	5.005094e-03 	1.094298e+05 	2.533964e-124 	3.855760e-11 	8.881784e-16 	0.000000e+00
3647 	4.995084e-03 	1.094298e+05 	2.533964e-124 	3.855760e-11 	8.881784e-16 	0.000000e+00
3648 	4.985094e-03 	1.094298e+05 	2.533964e-124 	3.855760e-11 	8.881784e-16 	0.000000e+00
3649 	4.975124e-03 	1.094298e+05 	2.533964e-124 	3.855760e-11 	8.881784e-16 	0.000000e+00
3650 	4.965173e-03 	1.094298e+05 	2.533964e-124 	3.855760e-11 	8.881784e-16 	0.000000e+00
3651 	4.955243e-03 	1.094298e+05 	2.533964e-124 	3.855760e-11 	8.881784e-16 	0.000000e+00
3652 	4.945332e-03 	1.094298e+05 	2.533964e-124 	3.855760e-11 	8.881784e-16 	0.000000e+00
3653 	4.935442e-03 	1.094298e+05 	2.533964e-124 	3.855760e-11 	8.881784e-16 	0.000000e+00
3654 	4.925571e-03 	1.094298e+05 	2.533964e-124 	3.855760e-11 	8.881784e-16 	0.000000e+00
3655 	4.915720e-03 	1.094298e+05 	2.533964e-124 	3.855760e-11 	8.881784e-16 	0.000000e+00
3656 	4.905888e-03 	1.094298e+05 	2.533964e-124 	3.855760e-11 	8.881784e-16 	0.000000e+00
3657 	4.896077e-03 	1.094298e+05 	2.533964e-124 	3.855760e-11 	8.881784e-16 	0.000000e+00
3658 	4.886284e-03 	1.094298e+05 	2.533964e-124 	3.855760e-11 	8.881784e-16 	0.000000e+00
3659 	4.876512e-03 	1.094298e+05 	2.533964e-124 	3.855760e-11 	8.881784e-16 	0.000000e+00
3660 	4.866759e-03 	1.094298e+05 	2.533964e-124 	3.855760e-11 	8.881784e-16 	0.000000e+00
3661 	4.857025e-03 	1.094298e+05 	2.533964e-124 	3.855760e-11 	8.881784e-16 	0.000000e+00
3662 	4.847311e-03 	1.094298e+05 	2.533964e-124 	3.855760e-11 	8.881784e-16 	0.000000e+00
3663 	4.837617e-03 	1.094298e+05 	2.533964e-124 	3.855760e-11 	8.881784e-16 	0.000000e+00
3664 	4.827941e-03 	1.094298e+05 	2.533964e-124 	3.855760e-11 	8.881784e-16 	0.000000e+00
3665 	4.818286e-03 	1.094298e+05 	2.533964e-124 	3.855760e-11 	8.881784e-16 	0.000000e+00
3666 	4.808649e-03 	1.094298e+05 	2.533964e-124 	3.855760e-11 	8.881784e-16 	0.000000e+00
3667 	4.799032e-03 	1.094298e+05 	2.533964e-124 	3.855760e-11 	8.881784e-16 	0.000000e+00
3668 	4.789434e-03 	1.094298e+05 	2.533964e-124 	3.855760e-11 	8.881784e-16 	0.000000e+00
3669 	4.779855e-03 	1.094298e+05 	2.533964e-124 	3.855760e-11 	8.881784e-16 	0.000000e+00
3670 	4.770295e-03 	1.094298e+05 	2.533964e-124 	3.855760e-11 	8.881784e-16 	0.000000e+00
3671 	4.760754e-03 	1.094298e+05 	2.533964e-124 	3.855760e-11 	8.881784e-16 	0.000000e+00
3672 	4.751233e-03 	1.094298e+05 	2.533964e-124 	3.855760e-11 	8.881784e-16 	0.000000e+00
3673 	4.741730e-03 	1.094298e+05 	2.533964e-124 	3.855760e-11 	8.881784e-16 	0.000000e+00
3674 	4.732247e-03 	1.094298e+05 	2.533964e-124 	3.855760e-11 	8.881784e-16 	0.000000e+00
3675 	4.722782e-03 	1.094298e+05 	2.533964e-124 	3.855760e-11 	8.881784e-16 	0.000000e+00
3676 	4.713337e-03 	1.094298e+05 	2.533964e-124 	3.855760e-11 	8.881784e-16 	0.000000e+00
3677 	4.703910e-03 	1.094298e+05 	2.533964e-124 	3.855760e-11 	8.881784e-16 	0.000000e+00
3678 	4.694502e-03 	1.094298e+05 	2.533964e-124 	3.855760e-11 	8.881784e-16 	0.000000e+00
3679 	4.685113e-03 	1.094298e+05 	2.533964e-124 	3.855760e-11 	8.881784e-16 	0.000000e+00
3680 	4.675743e-03 	1.094298e+05 	2.533964e-124 	3.855760e-11 	8.881784e-16 	0.000000e+00
3681 	4.666392e-03 	1.094298e+05 	2.533964e-124 	3.855760e-11 	8.881784e-16 	0.000000e+00
3682 	4.657059e-03 	1.094298e+05 	2.533964e-124 	3.855760e-11 	8.881784e-16 	0.000000e+00
3683 	4.647745e-03 	1.094298e+05 	2.533964e-124 	3.855760e-11 	8.881784e-16 	0.000000e+00
3684 	4.638449e-03 	1.094298e+05 	2.533964e-124 	3.855760e-11 	8.881784e-16 	0.000000e+00
3685 	4.629172e-03 	1.094298e+05 	2.533964e-124 	3.855760e-11 	8.881784e-16 	0.000000e+00
3686 	4.619914e-03 	1.094298e+05 	2.533964e-124 	3.855760e-11 	8.881784e-16 	0.000000e+00
3687 	4.610674e-03 	1.094298e+05 	2.533964e-124 	3.855760e-11 	8.881784e-16 	0.000000e+00
3688 	4.601453e-03 	1.094298e+05 	2.533964e-124 	3.855760e-11 	8.881784e-16 	0.000000e+00
3689 	4.592250e-03 	1.094298e+05 	2.533964e-124 	3.855760e-11 	8.881784e-16 	0.000000e+00
3690 	4.583065e-03 	1.094298e+05 	2.533964e-124 	3.855760e-11 	8.881784e-16 	0.000000e+00
3691 	4.573899e-03 	1.094298e+05 	2.533964e-124 	3.855760e-11 	8.881784e-16 	0.000000e+00
3692 	4.564752e-03 	1.094298e+05 	2.533964e-124 	3.855760e-11 	8.881784e-16 	0.000000e+00
3693 	4.555622e-03 	1.094298e+05 	2.533964e-124 	3.855760e-11 	8.881784e-16 	0.000000e+00
3694 	4.546511e-03 	1.094298e+05 	2.533964e-124 	3.855760e-11 	8.881784e-16 	0.000000e+00
3695 	4.537418e-03 	1.094298e+05 	2.533964e-124 	3.855760e-11 	8.881784e-16 	0.000000e+00
3696 	4.528343e-03 	1.094298e+05 	2.533964e-124 	3.855760e-11 	8.881784e-16 	0.000000e+00
3697 	4.519286e-03 	1.094298e+05 	2.533964e-124 	3.855760e-11 	8.881784e-16 	0.000000e+00
3698 	4.510248e-03 	1.094298e+05 	2.533964e-124 	3.855760e-11 	8.881784e-16 	0.000000e+00
3699 	4.501227e-03 	1.094298e+05 	2.533964e-124 	3.855760e-11 	8.881784e-16 	0.000000e+00
3700 	4.492225e-03 	1.094298e+05 	2.533964e-124 	3.855760e-11 	8.881784e-16 	0.000000e+00
3701 	4.483240e-03 	1.094298e+05 	2.533964e-124 	3.855760e-11 	8.881784e-16 	0.000000e+00
3702 	4.474274e-03 	1.094298e+05 	2.533964e-124 	3.855760e-11 	8.881784e-16 	0.000000e+00
3703 	4.465325e-03 	1.094298e+05 	2.533964e-124 	3.855760e-11 	8.881784e-16 	0.000000e+00
3704 	4.456395e-03 	1.094298e+05 	2.533964e-124 	3.855760e-11 	8.881784e-16 	0.000000e+00
3705 	4.447482e-03 	1.094298e+05 	2.533964e-124 	3.855760e-11 	8.881784e-16 	0.000000e+00
3706 	4.438587e-03 	1.094298e+05 	2.533964e-124 	3.855760e-11 	8.881784e-16 	0.000000e+00
3707 	4.429710e-03 	1.094298e+05 	2.533964e-124 	3.855760e-11 	8.881784e-16 	0.000000e+00
3708 	4.420850e-03 	1.094298e+05 	2.533964e-124 	3.855760e-11 	8.881784e-16 	0.000000e+00
3709 	4.412009e-03 	1.094298e+05 	2.533964e-124 	3.855760e-11 	8.881784e-16 	0.000000e+00
3710 	4.403185e-03 	1.094298e+05 	2.533964e-124 	3.855760e-11 	8.881784e-16 	0.000000e+00
3711 	4.394378e-03 	1.094298e+05 	2.533964e-124 	3.855760e-11 	8.881784e-16 	0.000000e+00
3712 	4.385589e-03 	1.094298e+05 	2.533964e-124 	3.855760e-11 	8.881784e-16 	0.000000e+00
3713 	4.376818e-03 	1.094298e+05 	2.533964e-124 	3.855760e-11 	8.881784e-16 	0.000000e+00
3714 	4.368065e-03 	1.094298e+05 	2.533964e-124 	3.855760e-11 	8.881784e-16 	0.000000e+00
3715 	4.359328e-03 	1.094298e+05 	2.533964e-124 	3.855760e-11 	8.881784e-16 	0.000000e+00
3716 	4.350610e-03 	1.094298e+05 	2.533964e-124 	3.855760e-11 	8.881784e-16 	0.000000e+00
3717 	4.341909e-03 	1.094298e+05 	2.533964e-124 	3.855760e-11 	8.881784e-16 	0.000000e+00
3718 	4.333225e-03 	1.094298e+05 	2.533964e-124 	3.855760e-11 	8.881784e-16 	0.000000e+00
3719 	4.324558e-03 	1.094298e+05 	2.533964e-124 	3.855760e-11 	8.881784e-16 	0.000000e+00
3720 	4.315909e-03 	1.094298e+05 	2.533964e-124 	3.855760e-11 	8.881784e-16 	0.000000e+00
3721 	4.307277e-03 	1.094298e+05 	2.533964e-124 	3.855760e-11 	8.881784e-16 	0.000000e+00
3722 	4.298663e-03 	1.094298e+05 	2.533964e-124 	3.855760e-11 	8.881784e-16 	0.000000e+00
3723 	4.290066e-03 	1.094298e+05 	2.533964e-124 	3.855760e-11 	8.881784e-16 	0.000000e+00
3724 	4.281485e-03 	1.094298e+05 	2.533964e-124 	3.855760e-11 	8.881784e-16 	0.000000e+00
3725 	4.272922e-03 	1.094298e+05 	2.533964e-124 	3.855760e-11 	8.881784e-16 	0.000000e+00
3726 	4.264377e-03 	1.094298e+05 	2.533964e-124 	3.855760e-11 	8.881784e-16 	0.000000e+00
3727 	4.255848e-03 	1.094298e+05 	2.533964e-124 	3.855760e-11 	8.881784e-16 	0.000000e+00
3728 	4.247336e-03 	1.094298e+05 	2.533964e-124 	3.855760e-11 	8.881784e-16 	0.000000e+00
3729 	4.238841e-03 	1.094298e+05 	2.533964e-124 	3.855760e-11 	8.881784e-16 	0.000000e+00
3730 	4.230364e-03 	1.094298e+05 	2.533964e-124 	3.855760e-11 	8.881784e-16 	0.000000e+00
3731 	4.221903e-03 	1.094298e+05 	2.533964e-124 	3.855760e-11 	8.881784e-16 	0.000000e+00
3732 	4.213459e-03 	1.094298e+05 	2.533964e-124 	3.855760e-11 	8.881784e-16 	0.000000e+00
3733 	4.205032e-03 	1.094298e+05 	2.533964e-124 	3.855760e-11 	8.881784e-16 	0.000000e+00
3734 	4.196622e-03 	1.094298e+05 	2.533964e-124 	3.855760e-11 	8.881784e-16 	0.000000e+00
3735 	4.188229e-03 	1.094298e+05 	2.533964e-124 	3.855760e-11 	8.881784e-16 	0.000000e+00
3736 	4.179853e-03 	1.094298e+05 	2.533964e-124 	3.855760e-11 	8.881784e-16 	0.000000e+00
3737 	4.171493e-03 	1.094298e+05 	2.533964e-124 	3.855760e-11 	8.881784e-16 	0.000000e+00
3738 	4.163150e-03 	1.094298e+05 	2.533964e-124 	3.855760e-11 	8.881784e-16 	0.000000e+00
3739 	4.154824e-03 	1.094298e+05 	2.533964e-124 	3.855760e-11 	8.881784e-16 	0.000000e+00
3740 	4.146514e-03 	1.094298e+05 	2.533964e-124 	3.855760e-11 	8.881784e-16 	0.000000e+00
3741 	4.138221e-03 	1.094298e+05 	2.533964e-124 	3.855760e-11 	8.881784e-16 	0.000000e+00
3742 	4.129944e-03 	1.094298e+05 	2.533964e-124 	3.855760e-11 	8.881784e-16 	0.000000e+00
3743 	4.121685e-03 	1.094298e+05 	2.533964e-124 	3.855760e-11 	8.881784e-16 	0.000000e+00
3744 	4.113441e-03 	1.094298e+05 	2.533964e-124 	3.855760e-11 	8.881784e-16 	0.000000e+00
3745 	4.105214e-03 	1.094298e+05 	2.533964e-124 	3.855760e-11 	8.881784e-16 	0.000000e+00
3746 	4.097004e-03 	1.094298e+05 	2.533964e-124 	3.855760e-11 	8.881784e-16 	0.000000e+00
3747 	4.088810e-03 	1.094298e+05 	2.533964e-124 	3.855760e-11 	8.881784e-16 	0.000000e+00
3748 	4.080632e-03 	1.094298e+05 	2.533964e-124 	3.855760e-11 	8.881784e-16 	0.000000e+00
3749 	4.072471e-03 	1.094298e+05 	2.533964e-124 	3.855760e-11 	8.881784e-16 	0.000000e+00
3750 	4.064326e-03 	1.094298e+05 	2.533964e-124 	3.855760e-11 	8.881784e-16 	0.000000e+00
3751 	4.056197e-03 	1.094298e+05 	2.533964e-124 	3.855760e-11 	8.881784e-16 	0.000000e+00
3752 	4.048085e-03 	1.094298e+05 	2.533964e-124 	3.855760e-11 	8.881784e-16 	0.000000e+00
3753 	4.039989e-03 	1.094298e+05 	2.533964e-124 	3.855760e-11 	8.881784e-16 	0.000000e+00
3754 	4.031909e-03 	1.094298e+05 	2.533964e-124 	3.855760e-11 	8.881784e-16 	0.000000e+00
3755 	4.023845e-03 	1.094298e+05 	2.533964e-124 	3.855760e-11 	8.881784e-16 	0.000000e+00
3756 	4.015797e-03 	1.094298e+05 	2.533964e-124 	3.855760e-11 	8.881784e-16 	0.000000e+00
3757 	4.007766e-03 	1.094298e+05 	2.533964e-124 	3.855760e-11 	8.881784e-16 	0.000000e+00
3758 	3.999750e-03 	1.094298e+05 	2.533964e-124 	3.855760e-11 	8.881784e-16 	0.000000e+00
3759 	3.991751e-03 	1.094298e+05 	2.533964e-124 	3.855760e-11 	8.881784e-16 	0.000000e+00
3760 	3.983767e-03 	1.094298e+05 	2.533964e-124 	3.855760e-11 	8.881784e-16 	0.000000e+00
3761 	3.975800e-03 	1.094298e+05 	2.533964e-124 	3.855760e-11 	8.881784e-16 	0.000000e+00
3762 	3.967848e-03 	1.094298e+05 	2.533964e-124 	3.855760e-11 	8.881784e-16 	0.000000e+00
3763 	3.959912e-03 	1.094298e+05 	2.533964e-124 	3.855760e-11 	8.881784e-16 	0.000000e+00
3764 	3.951993e-03 	1.094298e+05 	2.533964e-124 	3.855760e-11 	8.881784e-16 	0.000000e+00
3765 	3.944089e-03 	1.094298e+05 	2.533964e-124 	3.855760e-11 	8.881784e-16 	0.000000e+00
3766 	3.936200e-03 	1.094298e+05 	2.533964e-124 	3.855760e-11 	8.881784e-16 	0.000000e+00
3767 	3.928328e-03 	1.094298e+05 	2.533964e-124 	3.855760e-11 	8.881784e-16 	0.000000e+00
3768 	3.920471e-03 	1.094298e+05 	2.533964e-124 	3.855760e-11 	8.881784e-16 	0.000000e+00
3769 	3.912630e-03 	1.094298e+05 	2.533964e-124 	3.855760e-11 	8.881784e-16 	0.000000e+00
3770 	3.904805e-03 	1.094298e+05 	2.533964e-124 	3.855760e-11 	8.881784e-16 	0.000000e+00
3771 	3.896996e-03 	1.094298e+05 	2.533964e-124 	3.855760e-11 	8.881784e-16 	0.000000e+00
3772 	3.889202e-03 	1.094298e+05 	2.533964e-124 	3.855760e-11 	8.881784e-16 	0.000000e+00
3773 	3.881423e-03 	1.094298e+05 	2.533964e-124 	3.855760e-11 	8.881784e-16 	0.000000e+00
3774 	3.873660e-03 	1.094298e+05 	2.533964e-124 	3.855760e-11 	8.881784e-16 	0.000000e+00
3775 	3.865913e-03 	1.094298e+05 	2.533964e-124 	3.855760e-11 	8.881784e-16 	0.000000e+00
3776 	3.858181e-03 	1.094298e+05 	2.533964e-124 	3.855760e-11 	8.881784e-16 	0.000000e+00
3777 	3.850465e-03 	1.094298e+05 	2.533964e-124 	3.855760e-11 	8.881784e-16 	0.000000e+00
3778 	3.842764e-03 	1.094298e+05 	2.533964e-124 	3.855760e-11 	8.881784e-16 	0.000000e+00
3779 	3.835078e-03 	1.094298e+05 	2.533964e-124 	3.855760e-11 	8.881784e-16 	0.000000e+00
3780 	3.827408e-03 	1.094298e+05 	2.533964e-124 	3.855760e-11 	8.881784e-16 	0.000000e+00
3781 	3.819753e-03 	1.094298e+05 	2.533964e-124 	3.855760e-11 	8.881784e-16 	0.000000e+00
3782 	3.812114e-03 	1.094298e+05 	2.533964e-124 	3.855760e-11 	8.881784e-16 	0.000000e+00
3783 	3.804490e-03 	1.094298e+05 	2.533964e-124 	3.855760e-11 	8.881784e-16 	0.000000e+00
3784 	3.796881e-03 	1.094298e+05 	2.533964e-124 	3.855760e-11 	8.881784e-16 	0.000000e+00
3785 	3.789287e-03 	1.094298e+05 	2.533964e-124 	3.855760e-11 	8.881784e-16 	0.000000e+00
3786 	3.781708e-03 	1.094298e+05 	2.533964e-124 	3.855760e-11 	8.881784e-16 	0.000000e+00
3787 	3.774145e-03 	1.094298e+05 	2.533964e-124 	3.855760e-11 	8.881784e-16 	0.000000e+00
3788 	3.766597e-03 	1.094298e+05 	2.533964e-124 	3.855760e-11 	8.881784e-16 	0.000000e+00
3789 	3.759063e-03 	1.094298e+05 	2.533964e-124 	3.855760e-11 	8.881784e-16 	0.000000e+00
3790 	3.751545e-03 	1.094298e+05 	2.533964e-124 	3.855760e-11 	8.881784e-16 	0.000000e+00
3791 	3.744042e-03 	1.094298e+05 	2.533964e-124 	3.855760e-11 	8.881784e-16 	0.000000e+00
3792 	3.736554e-03 	1.094298e+05 	2.533964e-124 	3.855760e-11 	8.881784e-16 	0.000000e+00
3793 	3.729081e-03 	1.094298e+05 	2.533964e-124 	3.855760e-11 	8.881784e-16 	0.000000e+00
3794 	3.721623e-03 	1.094298e+05 	2.533964e-124 	3.855760e-11 	8.881784e-16 	0.000000e+00
3795 	3.714180e-03 	1.094298e+05 	2.533964e-124 	3.855760e-11 	8.881784e-16 	0.000000e+00
3796 	3.706751e-03 	1.094298e+05 	2.533964e-124 	3.855760e-11 	8.881784e-16 	0.000000e+00
3797 	3.699338e-03 	1.094298e+05 	2.533964e-124 	3.855760e-11 	8.881784e-16 	0.000000e+00
3798 	3.691939e-03 	1.094298e+05 	2.533964e-124 	3.855760e-11 	8.881784e-16 	0.000000e+00
3799 	3.684555e-03 	1.094298e+05 	2.533964e-124 	3.855760e-11 	8.881784e-16 	0.000000e+00
3800 	3.677186e-03 	1.094298e+05 	2.533964e-124 	3.855760e-11 	8.881784e-16 	0.000000e+00
3801 	3.669832e-03 	1.094298e+05 	2.533964e-124 	3.855760e-11 	8.881784e-16 	0.000000e+00
3802 	3.662492e-03 	1.094298e+05 	2.533964e-124 	3.855760e-11 	8.881784e-16 	0.000000e+00
3803 	3.655167e-03 	1.094298e+05 	2.533964e-124 	3.855760e-11 	8.881784e-16 	0.000000e+00
3804 	3.647857e-03 	1.094298e+05 	2.533964e-124 	3.855760e-11 	8.881784e-16 	0.000000e+00
3805 	3.640561e-03 	1.094298e+05 	2.533964e-124 	3.855760e-11 	8.881784e-16 	0.000000e+00
3806 	3.633280e-03 	1.094298e+05 	2.533964e-124 	3.855760e-11 	8.881784e-16 	0.000000e+00
3807 	3.626013e-03 	1.094298e+05 	2.533964e-124 	3.855760e-11 	8.881784e-16 	0.000000e+00
3808 	3.618761e-03 	1.094298e+05 	2.533964e-124 	3.855760e-11 	8.881784e-16 	0.000000e+00
3809 	3.611524e-03 	1.094298e+05 	2.533964e-124 	3.855760e-11 	8.881784e-16 	0.000000e+00
3810 	3.604301e-03 	1.094298e+05 	2.533964e-124 	3.855760e-11 	8.881784e-16 	0.000000e+00
3811 	3.597092e-03 	1.094298e+05 	2.533964e-124 	3.855760e-11 	8.881784e-16 	0.000000e+00
3812 	3.589898e-03 	1.094298e+05 	2.533964e-124 	3.855760e-11 	8.881784e-16 	0.000000e+00
3813 	3.582718e-03 	1.094298e+05 	2.533964e-124 	3.855760e-11 	8.881784e-16 	0.000000e+00
3814 	3.575553e-03 	1.094298e+05 	2.533964e-124 	3.855760e-11 	8.881784e-16 	0.000000e+00
3815 	3.568402e-03 	1.094298e+05 	2.533964e-124 	3.855760e-11 	8.881784e-16 	0.000000e+00
3816 	3.561265e-03 	1.094298e+05 	2.533964e-124 	3.855760e-11 	8.881784e-16 	0.000000e+00
3817 	3.554142e-03 	1.094298e+05 	2.533964e-124 	3.855760e-11 	8.881784e-16 	0.000000e+00
3818 	3.547034e-03 	1.094298e+05 	2.533964e-124 	3.855760e-11 	8.881784e-16 	0.000000e+00
3819 	3.539940e-03 	1.094298e+05 	2.533964e-124 	3.855760e-11 	8.881784e-16 	0.000000e+00
3820 	3.532860e-03 	1.094298e+05 	2.533964e-124 	3.855760e-11 	8.881784e-16 	0.000000e+00
3821 	3.525794e-03 	1.094298e+05 	2.533964e-124 	3.855760e-11 	8.881784e-16 	0.000000e+00
3822 	3.518743e-03 	1.094298e+05 	2.533964e-124 	3.855760e-11 	8.881784e-16 	0.000000e+00
3823 	3.511705e-03 	1.094298e+05 	2.533964e-124 	3.855760e-11 	8.881784e-16 	0.000000e+00
3824 	3.504682e-03 	1.094298e+05 	2.533964e-124 	3.855760e-11 	8.881784e-16 	0.000000e+00
3825 	3.497672e-03 	1.094298e+05 	2.533964e-124 	3.855760e-11 	8.881784e-16 	0.000000e+00
3826 	3.490677e-03 	1.094298e+05 	2.533964e-124 	3.855760e-11 	8.881784e-16 	0.000000e+00
3827 	3.483696e-03 	1.094298e+05 	2.533964e-124 	3.855760e-11 	8.881784e-16 	0.000000e+00
3828 	3.476728e-03 	1.094298e+05 	2.533964e-124 	3.855760e-11 	8.881784e-16 	0.000000e+00
3829 	3.469775e-03 	1.094298e+05 	2.533964e-124 	3.855760e-11 	8.881784e-16 	0.000000e+00
3830 	3.462835e-03 	1.094298e+05 	2.533964e-124 	3.855760e-11 	8.881784e-16 	0.000000e+00
3831 	3.455910e-03 	1.094298e+05 	2.533964e-124 	3.855760e-11 	8.881784e-16 	0.000000e+00
3832 	3.448998e-03 	1.094298e+05 	2.533964e-124 	3.855760e-11 	8.881784e-16 	0.000000e+00
3833 	3.442100e-03 	1.094298e+05 	2.533964e-124 	3.855760e-11 	8.881784e-16 	0.000000e+00
3834 	3.435216e-03 	1.094298e+05 	2.533964e-124 	3.855760e-11 	8.881784e-16 	0.000000e+00
3835 	3.428345e-03 	1.094298e+05 	2.533964e-124 	3.855760e-11 	8.881784e-16 	0.000000e+00
3836 	3.421489e-03 	1.094298e+05 	2.533964e-124 	3.855760e-11 	8.881784e-16 	0.000000e+00
3837 	3.414646e-03 	1.094298e+05 	2.533964e-124 	3.855760e-11 	8.881784e-16 	0.000000e+00
3838 	3.407816e-03 	1.094298e+05 	2.533964e-124 	3.855760e-11 	8.881784e-16 	0.000000e+00
3839 	3.401001e-03 	1.094298e+05 	2.533964e-124 	3.855760e-11 	8.881784e-16 	0.000000e+00
3840 	3.394199e-03 	1.094298e+05 	2.533964e-124 	3.855760e-11 	8.881784e-16 	0.000000e+00
3841 	3.387410e-03 	1.094298e+05 	2.533964e-124 	3.855760e-11 	8.881784e-16 	0.000000e+00
3842 	3.380635e-03 	1.094298e+05 	2.533964e-124 	3.855760e-11 	8.881784e-16 	0.000000e+00
3843 	3.373874e-03 	1.094298e+05 	2.533964e-124 	3.855760e-11 	8.881784e-16 	0.000000e+00
3844 	3.367126e-03 	1.094298e+05 	2.533964e-124 	3.855760e-11 	8.881784e-16 	0.000000e+00
3845 	3.360392e-03 	1.094298e+05 	2.533964e-124 	3.855760e-11 	8.881784e-16 	0.000000e+00
3846 	3.353671e-03 	1.094298e+05 	2.533964e-124 	3.855760e-11 	8.881784e-16 	0.000000e+00
3847 	3.346964e-03 	1.094298e+05 	2.533964e-124 	3.855760e-11 	8.881784e-16 	0.000000e+00
3848 	3.340270e-03 	1.094298e+05 	2.533964e-124 	3.855760e-11 	8.881784e-16 	0.000000e+00
3849 	3.333590e-03 	1.094298e+05 	2.533964e-124 	3.855760e-11 	8.881784e-16 	0.000000e+00
3850 	3.326922e-03 	1.094298e+05 	2.533964e-124 	3.855760e-11 	8.881784e-16 	0.000000e+00
3851 	3.320269e-03 	1.094298e+05 	2.533964e-124 	3.855760e-11 	8.881784e-16 	0.000000e+00
3852 	3.313628e-03 	1.094298e+05 	2.533964e-124 	3.855760e-11 	8.881784e-16 	0.000000e+00
3853 	3.307001e-03 	1.094298e+05 	2.533964e-124 	3.855760e-11 	8.881784e-16 	0.000000e+00
3854 	3.300387e-03 	1.094298e+05 	2.533964e-124 	3.855760e-11 	8.881784e-16 	0.000000e+00
3855 	3.293786e-03 	1.094298e+05 	2.533964e-124 	3.855760e-11 	8.881784e-16 	0.000000e+00
3856 	3.287198e-03 	1.094298e+05 	2.533964e-124 	3.855760e-11 	8.881784e-16 	0.000000e+00
3857 	3.280624e-03 	1.094298e+05 	2.533964e-124 	3.855760e-11 	8.881784e-16 	0.000000e+00
3858 	3.274063e-03 	1.094298e+05 	2.533964e-124 	3.855760e-11 	8.881784e-16 	0.000000e+00
3859 	3.267515e-03 	1.094298e+05 	2.533964e-124 	3.855760e-11 	8.881784e-16 	0.000000e+00
3860 	3.260980e-03 	1.094298e+05 	2.533964e-124 	3.855760e-11 	8.881784e-16 	0.000000e+00
3861 	3.254458e-03 	1.094298e+05 	2.533964e-124 	3.855760e-11 	8.881784e-16 	0.000000e+00
3862 	3.247949e-03 	1.094298e+05 	2.533964e-124 	3.855760e-11 	8.881784e-16 	0.000000e+00
3863 	3.241453e-03 	1.094298e+05 	2.533964e-124 	3.855760e-11 	8.881784e-16 	0.000000e+00
3864 	3.234970e-03 	1.094298e+05 	2.533964e-124 	3.855760e-11 	8.881784e-16 	0.000000e+00
3865 	3.228500e-03 	1.094298e+05 	2.533964e-124 	3.855760e-11 	8.881784e-16 	0.000000e+00
3866 	3.222043e-03 	1.094298e+05 	2.533964e-124 	3.855760e-11 	8.881784e-16 	0.000000e+00
3867 	3.215599e-03 	1.094298e+05 	2.533964e-124 	3.855760e-11 	8.881784e-16 	0.000000e+00
3868 	3.209168e-03 	1.094298e+05 	2.533964e-124 	3.855760e-11 	8.881784e-16 	0.000000e+00
3869 	3.202749e-03 	1.094298e+05 	2.533964e-124 	3.855760e-11 	8.881784e-16 	0.000000e+00
3870 	3.196344e-03 	1.094298e+05 	2.533964e-124 	3.855760e-11 	8.881784e-16 	0.000000e+00
3871 	3.189951e-03 	1.094298e+05 	2.533964e-124 	3.855760e-11 	8.881784e-16 	0.000000e+00
3872 	3.183571e-03 	1.094298e+05 	2.533964e-124 	3.855760e-11 	8.881784e-16 	0.000000e+00
3873 	3.177204e-03 	1.094298e+05 	2.533964e-124 	3.855760e-11 	8.881784e-16 	0.000000e+00
3874 	3.170850e-03 	1.094298e+05 	2.533964e-124 	3.855760e-11 	8.881784e-16 	0.000000e+00
3875 	3.164508e-03 	1.094298e+05 	2.533964e-124 	3.855760e-11 	8.881784e-16 	0.000000e+00
3876 	3.158179e-03 	1.094298e+05 	2.533964e-124 	3.855760e-11 	8.881784e-16 	0.000000e+00
3877 	3.151863e-03 	1.094298e+05 	2.533964e-124 	3.855760e-11 	8.881784e-16 	0.000000e+00
3878 	3.145559e-03 	1.094298e+05 	2.533964e-124 	3.855760e-11 	8.881784e-16 	0.000000e+00
3879 	3.139268e-03 	1.094298e+05 	2.533964e-124 	3.855760e-11 	8.881784e-16 	0.000000e+00
3880 	3.132989e-03 	1.094298e+05 	2.533964e-124 	3.855760e-11 	8.881784e-16 	0.000000e+00
3881 	3.126723e-03 	1.094298e+05 	2.533964e-124 	3.855760e-11 	8.881784e-16 	0.000000e+00
3882 	3.120470e-03 	1.094298e+05 	2.533964e-124 	3.855760e-11 	8.881784e-16 	0.000000e+00
3883 	3.114229e-03 	1.094298e+05 	2.533964e-124 	3.855760e-11 	8.881784e-16 	0.000000e+00
3884 	3.108000e-03 	1.094298e+05 	2.533964e-124 	3.855760e-11 	8.881784e-16 	0.000000e+00
3885 	3.101784e-03 	1.094298e+05 	2.533964e-124 	3.855760e-11 	8.881784e-16 	0.000000e+00
3886 	3.095581e-03 	1.094298e+05 	2.533964e-124 	3.855760e-11 	8.881784e-16 	0.000000e+00
3887 	3.089390e-03 	1.094298e+05 	2.533964e-124 	3.855760e-11 	8.881784e-16 	0.000000e+00
3888 	3.083211e-03 	1.094298e+05 	2.533964e-124 	3.855760e-11 	8.881784e-16 	0.000000e+00
3889 	3.077045e-03 	1.094298e+05 	2.533964e-124 	3.855760e-11 	8.881784e-16 	0.000000e+00
3890 	3.070890e-03 	1.094298e+05 	2.533964e-124 	3.855760e-11 	8.881784e-16 	0.000000e+00
3891 	3.064749e-03 	1.094298e+05 	2.533964e-124 	3.855760e-11 	8.881784e-16 	0.000000e+00
3892 	3.058619e-03 	1.094298e+05 	2.533964e-124 	3.855760e-11 	8.881784e-16 	0.000000e+00
3893 	3.052502e-03 	1.094298e+05 	2.533964e-124 	3.855760e-11 	8.881784e-16 	0.000000e+00
3894 	3.046397e-03 	1.094298e+05 	2.533964e-124 	3.855760e-11 	8.881784e-16 	0.000000e+00
3895 	3.040304e-03 	1.094298e+05 	2.533964e-124 	3.855760e-11 	8.881784e-16 	0.000000e+00
3896 	3.034224e-03 	1.094298e+05 	2.533964e-124 	3.855760e-11 	8.881784e-16 	0.000000e+00
3897 	3.028155e-03 	1.094298e+05 	2.533964e-124 	3.855760e-11 	8.881784e-16 	0.000000e+00
3898 	3.022099e-03 	1.094298e+05 	2.533964e-124 	3.855760e-11 	8.881784e-16 	0.000000e+00
3899 	3.016055e-03 	1.094298e+05 	2.533964e-124 	3.855760e-11 	8.881784e-16 	0.000000e+00
3900 	3.010022e-03 	1.094298e+05 	2.533964e-124 	3.855760e-11 	8.881784e-16 	0.000000e+00
3901 	3.004002e-03 	1.094298e+05 	2.533964e-124 	3.855760e-11 	8.881784e-16 	0.000000e+00
3902 	2.997994e-03 	1.094298e+05 	2.533964e-124 	3.855760e-11 	8.881784e-16 	0.000000e+00
3903 	2.991998e-03 	1.094298e+05 	2.533964e-124 	3.855760e-11 	8.881784e-16 	0.000000e+00
3904 	2.986014e-03 	1.094298e+05 	2.533964e-124 	3.855760e-11 	8.881784e-16 	0.000000e+00
3905 	2.980042e-03 	1.094298e+05 	2.533964e-124 	3.855760e-11 	8.881784e-16 	0.000000e+00
3906 	2.974082e-03 	1.094298e+05 	2.533964e-124 	3.855760e-11 	8.881784e-16 	0.000000e+00
3907 	2.968134e-03 	1.094298e+05 	2.533964e-124 	3.855760e-11 	8.881784e-16 	0.000000e+00
3908 	2.962198e-03 	1.094298e+05 	2.533964e-124 	3.855760e-11 	8.881784e-16 	0.000000e+00
3909 	2.956273e-03 	1.094298e+05 	2.533964e-124 	3.855760e-11 	8.881784e-16 	0.000000e+00
3910 	2.950361e-03 	1.094298e+05 	2.533964e-124 	3.855760e-11 	8.881784e-16 	0.000000e+00
3911 	2.944460e-03 	1.094298e+05 	2.533964e-124 	3.855760e-11 	8.881784e-16 	0.000000e+00
3912 	2.938571e-03 	1.094298e+05 	2.533964e-124 	3.855760e-11 	8.881784e-16 	0.000000e+00
3913 	2.932694e-03 	1.094298e+05 	2.533964e-124 	3.855760e-11 	8.881784e-16 	0.000000e+00
3914 	2.926829e-03 	1.094298e+05 	2.533964e-124 	3.855760e-11 	8.881784e-16 	0.000000e+00
3915 	2.920975e-03 	1.094298e+05 	2.533964e-124 	3.855760e-11 	8.881784e-16 	0.000000e+00
3916 	2.915133e-03 	1.094298e+05 	2.533964e-124 	3.855760e-11 	8.881784e-16 	0.000000e+00
3917 	2.909303e-03 	1.094298e+05 	2.533964e-124 	3.855760e-11 	8.881784e-16 	0.000000e+00
3918 	2.903484e-03 	1.094298e+05 	2.533964e-124 	3.855760e-11 	8.881784e-16 	0.000000e+00
3919 	2.897677e-03 	1.094298e+05 	2.533964e-124 	3.855760e-11 	8.881784e-16 	0.000000e+00
3920 	2.891882e-03 	1.094298e+05 	2.533964e-124 	3.855760e-11 	8.881784e-16 	0.000000e+00
3921 	2.886098e-03 	1.094298e+05 	2.533964e-124 	3.855760e-11 	8.881784e-16 	0.000000e+00
3922 	2.880326e-03 	1.094298e+05 	2.533964e-124 	3.855760e-11 	8.881784e-16 	0.000000e+00
3923 	2.874565e-03 	1.094298e+05 	2.533964e-124 	3.855760e-11 	8.881784e-16 	0.000000e+00
3924 	2.868816e-03 	1.094298e+05 	2.533964e-124 	3.855760e-11 	8.881784e-16 	0.000000e+00
3925 	2.863079e-03 	1.094298e+05 	2.533964e-124 	3.855760e-11 	8.881784e-16 	0.000000e+00
3926 	2.857352e-03 	1.094298e+05 	2.533964e-124 	3.855760e-11 	8.881784e-16 	0.000000e+00
3927 	2.851638e-03 	1.094298e+05 	2.533964e-124 	3.855760e-11 	8.881784e-16 	0.000000e+00
3928 	2.845934e-03 	1.094298e+05 	2.533964e-124 	3.855760e-11 	8.881784e-16 	0.000000e+00
3929 	2.840243e-03 	1.094298e+05 	2.533964e-124 	3.855760e-11 	8.881784e-16 	0.000000e+00
3930 	2.834562e-03 	1.094298e+05 	2.533964e-124 	3.855760e-11 	8.881784e-16 	0.000000e+00
3931 	2.828893e-03 	1.094298e+05 	2.533964e-124 	3.855760e-11 	8.881784e-16 	0.000000e+00
3932 	2.823235e-03 	1.094298e+05 	2.533964e-124 	3.855760e-11 	8.881784e-16 	0.000000e+00
3933 	2.817589e-03 	1.094298e+05 	2.533964e-124 	3.855760e-11 	8.881784e-16 	0.000000e+00
3934 	2.811954e-03 	1.094298e+05 	2.533964e-124 	3.855760e-11 	8.881784e-16 	0.000000e+00
3935 	2.806330e-03 	1.094298e+05 	2.533964e-124 	3.855760e-11 	8.881784e-16 	0.000000e+00
3936 	2.800717e-03 	1.094298e+05 	2.533964e-124 	3.855760e-11 	8.881784e-16 	0.000000e+00
3937 	2.795116e-03 	1.094298e+05 	2.533964e-124 	3.855760e-11 	8.881784e-16 	0.000000e+00
3938 	2.789525e-03 	1.094298e+05 	2.533964e-124 	3.855760e-11 	8.881784e-16 	0.000000e+00
3939 	2.783946e-03 	1.094298e+05 	2.533964e-124 	3.855760e-11 	8.881784e-16 	0.000000e+00
3940 	2.778378e-03 	1.094298e+05 	2.533964e-124 	3.855760e-11 	8.881784e-16 	0.000000e+00
3941 	2.772822e-03 	1.094298e+05 	2.533964e-124 	3.855760e-11 	8.881784e-16 	0.000000e+00
3942 	2.767276e-03 	1.094298e+05 	2.533964e-124 	3.855760e-11 	8.881784e-16 	0.000000e+00
3943 	2.761741e-03 	1.094298e+05 	2.533964e-124 	3.855760e-11 	8.881784e-16 	0.000000e+00
3944 	2.756218e-03 	1.094298e+05 	2.533964e-124 	3.855760e-11 	8.881784e-16 	0.000000e+00
3945 	2.750705e-03 	1.094298e+05 	2.533964e-124 	3.855760e-11 	8.881784e-16 	0.000000e+00
3946 	2.745204e-03 	1.094298e+05 	2.533964e-124 	3.855760e-11 	8.881784e-16 	0.000000e+00
3947 	2.739714e-03 	1.094298e+05 	2.533964e-124 	3.855760e-11 	8.881784e-16 	0.000000e+00
3948 	2.734234e-03 	1.094298e+05 	2.533964e-124 	3.855760e-11 	8.881784e-16 	0.000000e+00
3949 	2.728766e-03 	1.094298e+05 	2.533964e-124 	3.855760e-11 	8.881784e-16 	0.000000e+00
3950 	2.723308e-03 	1.094298e+05 	2.533964e-124 	3.855760e-11 	8.881784e-16 	0.000000e+00
3951 	2.717862e-03 	1.094298e+05 	2.533964e-124 	3.855760e-11 	8.881784e-16 	0.000000e+00
3952 	2.712426e-03 	1.094298e+05 	2.533964e-124 	3.855760e-11 	8.881784e-16 	0.000000e+00
3953 	2.707001e-03 	1.094298e+05 	2.533964e-124 	3.855760e-11 	8.881784e-16 	0.000000e+00
3954 	2.701587e-03 	1.094298e+05 	2.533964e-124 	3.855760e-11 	8.881784e-16 	0.000000e+00
3955 	2.696184e-03 	1.094298e+05 	2.533964e-124 	3.855760e-11 	8.881784e-16 	0.000000e+00
3956 	2.690791e-03 	1.094298e+05 	2.533964e-124 	3.855760e-11 	8.881784e-16 	0.000000e+00
3957 	2.685410e-03 	1.094298e+05 	2.533964e-124 	3.855760e-11 	8.881784e-16 	0.000000e+00
3958 	2.680039e-03 	1.094298e+05 	2.533964e-124 	3.855760e-11 	8.881784e-16 	0.000000e+00
3959 	2.674679e-03 	1.094298e+05 	2.533964e-124 	3.855760e-11 	8.881784e-16 	0.000000e+00
3960 	2.669330e-03 	1.094298e+05 	2.533964e-124 	3.855760e-11 	8.881784e-16 	0.000000e+00
3961 	2.663991e-03 	1.094298e+05 	2.533964e-124 	3.855760e-11 	8.881784e-16 	0.000000e+00
3962 	2.658663e-03 	1.094298e+05 	2.533964e-124 	3.855760e-11 	8.881784e-16 	0.000000e+00
3963 	2.653346e-03 	1.094298e+05 	2.533964e-124 	3.855760e-11 	8.881784e-16 	0.000000e+00
3964 	2.648039e-03 	1.094298e+05 	2.533964e-124 	3.855760e-11 	8.881784e-16 	0.000000e+00
3965 	2.642743e-03 	1.094298e+05 	2.533964e-124 	3.855760e-11 	8.881784e-16 	0.000000e+00
3966 	2.637457e-03 	1.094298e+05 	2.533964e-124 	3.855760e-11 	8.881784e-16 	0.000000e+00
3967 	2.632183e-03 	1.094298e+05 	2.533964e-124 	3.855760e-11 	8.881784e-16 	0.000000e+00
3968 	2.626918e-03 	1.094298e+05 	2.533964e-124 	3.855760e-11 	8.881784e-16 	0.000000e+00
3969 	2.621664e-03 	1.094298e+05 	2.533964e-124 	3.855760e-11 	8.881784e-16 	0.000000e+00
3970 	2.616421e-03 	1.094298e+05 	2.533964e-124 	3.855760e-11 	8.881784e-16 	0.000000e+00
3971 	2.611188e-03 	1.094298e+05 	2.533964e-124 	3.855760e-11 	8.881784e-16 	0.000000e+00
3972 	2.605966e-03 	1.094298e+05 	2.533964e-124 	3.855760e-11 	8.881784e-16 	0.000000e+00
3973 	2.600754e-03 	1.094298e+05 	2.533964e-124 	3.855760e-11 	8.881784e-16 	0.000000e+00
3974 	2.595552e-03 	1.094298e+05 	2.533964e-124 	3.855760e-11 	8.881784e-16 	0.000000e+00
3975 	2.590361e-03 	1.094298e+05 	2.533964e-124 	3.855760e-11 	8.881784e-16 	0.000000e+00
3976 	2.585180e-03 	1.094298e+05 	2.533964e-124 	3.855760e-11 	8.881784e-16 	0.000000e+00
3977 	2.580010e-03 	1.094298e+05 	2.533964e-124 	3.855760e-11 	8.881784e-16 	0.000000e+00
3978 	2.574850e-03 	1.094298e+05 	2.533964e-124 	3.855760e-11 	8.881784e-16 	0.000000e+00
3979 	2.569700e-03 	1.094298e+05 	2.533964e-124 	3.855760e-11 	8.881784e-16 	0.000000e+00
3980 	2.564561e-03 	1.094298e+05 	2.533964e-124 	3.855760e-11 	8.881784e-16 	0.000000e+00
3981 	2.559432e-03 	1.094298e+05 	2.533964e-124 	3.855760e-11 	8.881784e-16 	0.000000e+00
3982 	2.554313e-03 	1.094298e+05 	2.533964e-124 	3.855760e-11 	8.881784e-16 	0.000000e+00
3983 	2.549204e-03 	1.094298e+05 	2.533964e-124 	3.855760e-11 	8.881784e-16 	0.000000e+00
3984 	2.544106e-03 	1.094298e+05 	2.533964e-124 	3.855760e-11 	8.881784e-16 	0.000000e+00
3985 	2.539018e-03 	1.094298e+05 	2.533964e-124 	3.855760e-11 	8.881784e-16 	0.000000e+00
3986 	2.533940e-03 	1.094298e+05 	2.533964e-124 	3.855760e-11 	8.881784e-16 	0.000000e+00
3987 	2.528872e-03 	1.094298e+05 	2.533964e-124 	3.855760e-11 	8.881784e-16 	0.000000e+00
3988 	2.523814e-03 	1.094298e+05 	2.533964e-124 	3.855760e-11 	8.881784e-16 	0.000000e+00
3989 	2.518766e-03 	1.094298e+05 	2.533964e-124 	3.855760e-11 	8.881784e-16 	0.000000e+00
3990 	2.513729e-03 	1.094298e+05 	2.533964e-124 	3.855760e-11 	8.881784e-16 	0.000000e+00
3991 	2.508702e-03 	1.094298e+05 	2.533964e-124 	3.855760e-11 	8.881784e-16 	0.000000e+00
3992 	2.503684e-03 	1.094298e+05 	2.533964e-124 	3.855760e-11 	8.881784e-16 	0.000000e+00
3993 	2.498677e-03 	1.094298e+05 	2.533964e-124 	3.855760e-11 	8.881784e-16 	0.000000e+00
3994 	2.493679e-03 	1.094298e+05 	2.533964e-124 	3.855760e-11 	8.881784e-16 	0.000000e+00
3995 	2.488692e-03 	1.094298e+05 	2.533964e-124 	3.855760e-11 	8.881784e-16 	0.000000e+00
3996 	2.483715e-03 	1.094298e+05 	2.533964e-124 	3.855760e-11 	8.881784e-16 	0.000000e+00
3997 	2.478747e-03 	1.094298e+05 	2.533964e-124 	3.855760e-11 	8.881784e-16 	0.000000e+00
3998 	2.473790e-03 	1.094298e+05 	2.533964e-124 	3.855760e-11 	8.881784e-16 	0.000000e+00
3999 	2.468842e-03 	1.094298e+05 	2.533964e-124 	3.855760e-11 	8.881784e-16 	0.000000e+00
4000 	2.463904e-03 	1.094298e+05 	2.533964e-124 	3.855760e-11 	8.881784e-16 	0.000000e+00
4001 	2.458977e-03 	1.094298e+05 	2.533964e-124 	3.855760e-11 	8.881784e-16 	0.000000e+00
4002 	2.454059e-03 	1.094298e+05 	2.533964e-124 	3.855760e-11 	8.881784e-16 	0.000000e+00
4003 	2.449151e-03 	1.094298e+05 	2.533964e-124 	3.855760e-11 	8.881784e-16 	0.000000e+00
4004 	2.444252e-03 	1.094298e+05 	2.533964e-124 	3.855760e-11 	8.881784e-16 	0.000000e+00
4005 	2.439364e-03 	1.094298e+05 	2.533964e-124 	3.855760e-11 	8.881784e-16 	0.000000e+00
4006 	2.434485e-03 	1.094298e+05 	2.533964e-124 	3.855760e-11 	8.881784e-16 	0.000000e+00
4007 	2.429616e-03 	1.094298e+05 	2.533964e-124 	3.855760e-11 	8.881784e-16 	0.000000e+00
4008 	2.424757e-03 	1.094298e+05 	2.533964e-124 	3.855760e-11 	8.881784e-16 	0.000000e+00
4009 	2.419907e-03 	1.094298e+05 	2.533964e-124 	3.855760e-11 	8.881784e-16 	0.000000e+00
4010 	2.415068e-03 	1.094298e+05 	2.533964e-124 	3.855760e-11 	8.881784e-16 	0.000000e+00
4011 	2.410237e-03 	1.094298e+05 	2.533964e-124 	3.855760e-11 	8.881784e-16 	0.000000e+00
4012 	2.405417e-03 	1.094298e+05 	2.533964e-124 	3.855760e-11 	8.881784e-16 	0.000000e+00
4013 	2.400606e-03 	1.094298e+05 	2.533964e-124 	3.855760e-11 	8.881784e-16 	0.000000e+00
4014 	2.395805e-03 	1.094298e+05 	2.533964e-124 	3.855760e-11 	8.881784e-16 	0.000000e+00
4015 	2.391013e-03 	1.094298e+05 	2.533964e-124 	3.855760e-11 	8.881784e-16 	0.000000e+00
4016 	2.386231e-03 	1.094298e+05 	2.533964e-124 	3.855760e-11 	8.881784e-16 	0.000000e+00
4017 	2.381459e-03 	1.094298e+05 	2.533964e-124 	3.855760e-11 	8.881784e-16 	0.000000e+00
4018 	2.376696e-03 	1.094298e+05 	2.533964e-124 	3.855760e-11 	8.881784e-16 	0.000000e+00
4019 	2.371942e-03 	1.094298e+05 	2.533964e-124 	3.855760e-11 	8.881784e-16 	0.000000e+00
4020 	2.367199e-03 	1.094298e+05 	2.533964e-124 	3.855760e-11 	8.881784e-16 	0.000000e+00
4021 	2.362464e-03 	1.094298e+05 	2.533964e-124 	3.855760e-11 	8.881784e-16 	0.000000e+00
4022 	2.357739e-03 	1.094298e+05 	2.533964e-124 	3.855760e-11 	8.881784e-16 	0.000000e+00
4023 	2.353024e-03 	1.094298e+05 	2.533964e-124 	3.855760e-11 	8.881784e-16 	0.000000e+00
4024 	2.348318e-03 	1.094298e+05 	2.533964e-124 	3.855760e-11 	8.881784e-16 	0.000000e+00
4025 	2.343621e-03 	1.094298e+05 	2.533964e-124 	3.855760e-11 	8.881784e-16 	0.000000e+00
4026 	2.338934e-03 	1.094298e+05 	2.533964e-124 	3.855760e-11 	8.881784e-16 	0.000000e+00
4027 	2.334256e-03 	1.094298e+05 	2.533964e-124 	3.855760e-11 	8.881784e-16 	0.000000e+00
4028 	2.329587e-03 	1.094298e+05 	2.533964e-124 	3.855760e-11 	8.881784e-16 	0.000000e+00
4029 	2.324928e-03 	1.094298e+05 	2.533964e-124 	3.855760e-11 	8.881784e-16 	0.000000e+00
4030 	2.320278e-03 	1.094298e+05 	2.533964e-124 	3.855760e-11 	8.881784e-16 	0.000000e+00
4031 	2.315638e-03 	1.094298e+05 	2.533964e-124 	3.855760e-11 	8.881784e-16 	0.000000e+00
4032 	2.311007e-03 	1.094298e+05 	2.533964e-124 	3.855760e-11 	8.881784e-16 	0.000000e+00
4033 	2.306385e-03 	1.094298e+05 	2.533964e-124 	3.855760e-11 	8.881784e-16 	0.000000e+00
4034 	2.301772e-03 	1.094298e+05 	2.533964e-124 	3.855760e-11 	8.881784e-16 	0.000000e+00
4035 	2.297168e-03 	1.094298e+05 	2.533964e-124 	3.855760e-11 	8.881784e-16 	0.000000e+00
4036 	2.292574e-03 	1.094298e+05 	2.533964e-124 	3.855760e-11 	8.881784e-16 	0.000000e+00
4037 	2.287989e-03 	1.094298e+05 	2.533964e-124 	3.855760e-11 	8.881784e-16 	0.000000e+00
4038 	2.283413e-03 	1.094298e+05 	2.533964e-124 	3.855760e-11 	8.881784e-16 	0.000000e+00
4039 	2.278846e-03 	1.094298e+05 	2.533964e-124 	3.855760e-11 	8.881784e-16 	0.000000e+00
4040 	2.274288e-03 	1.094298e+05 	2.533964e-124 	3.855760e-11 	8.881784e-16 	0.000000e+00
4041 	2.269740e-03 	1.094298e+05 	2.533964e-124 	3.855760e-11 	8.881784e-16 	0.000000e+00
4042 	2.265200e-03 	1.094298e+05 	2.533964e-124 	3.855760e-11 	8.881784e-16 	0.000000e+00
4043 	2.260670e-03 	1.094298e+05 	2.533964e-124 	3.855760e-11 	8.881784e-16 	0.000000e+00
4044 	2.256148e-03 	1.094298e+05 	2.533964e-124 	3.855760e-11 	8.881784e-16 	0.000000e+00
4045 	2.251636e-03 	1.094298e+05 	2.533964e-124 	3.855760e-11 	8.881784e-16 	0.000000e+00
4046 	2.247133e-03 	1.094298e+05 	2.533964e-124 	3.855760e-11 	8.881784e-16 	0.000000e+00
4047 	2.242639e-03 	1.094298e+05 	2.533964e-124 	3.855760e-11 	8.881784e-16 	0.000000e+00
4048 	2.238153e-03 	1.094298e+05 	2.533964e-124 	3.855760e-11 	8.881784e-16 	0.000000e+00
4049 	2.233677e-03 	1.094298e+05 	2.533964e-124 	3.855760e-11 	8.881784e-16 	0.000000e+00
4050 	2.229210e-03 	1.094298e+05 	2.533964e-124 	3.855760e-11 	8.881784e-16 	0.000000e+00
4051 	2.224751e-03 	1.094298e+05 	2.533964e-124 	3.855760e-11 	8.881784e-16 	0.000000e+00
4052 	2.220302e-03 	1.094298e+05 	2.533964e-124 	3.855760e-11 	8.881784e-16 	0.000000e+00
4053 	2.215861e-03 	1.094298e+05 	2.533964e-124 	3.855760e-11 	8.881784e-16 	0.000000e+00
4054 	2.211429e-03 	1.094298e+05 	2.533964e-124 	3.855760e-11 	8.881784e-16 	0.000000e+00
4055 	2.207007e-03 	1.094298e+05 	2.533964e-124 	3.855760e-11 	8.881784e-16 	0.000000e+00
4056 	2.202593e-03 	1.094298e+05 	2.533964e-124 	3.855760e-11 	8.881784e-16 	0.000000e+00
4057 	2.198187e-03 	1.094298e+05 	2.533964e-124 	3.855760e-11 	8.881784e-16 	0.000000e+00
4058 	2.193791e-03 	1.094298e+05 	2.533964e-124 	3.855760e-11 	8.881784e-16 	0.000000e+00
4059 	2.189403e-03 	1.094298e+05 	2.533964e-124 	3.855760e-11 	8.881784e-16 	0.000000e+00
4060 	2.185025e-03 	1.094298e+05 	2.533964e-124 	3.855760e-11 	8.881784e-16 	0.000000e+00
4061 	2.180655e-03 	1.094298e+05 	2.533964e-124 	3.855760e-11 	8.881784e-16 	0.000000e+00
4062 	2.176293e-03 	1.094298e+05 	2.533964e-124 	3.855760e-11 	8.881784e-16 	0.000000e+00
4063 	2.171941e-03 	1.094298e+05 	2.533964e-124 	3.855760e-11 	8.881784e-16 	0.000000e+00
4064 	2.167597e-03 	1.094298e+05 	2.533964e-124 	3.855760e-11 	8.881784e-16 	0.000000e+00
4065 	2.163262e-03 	1.094298e+05 	2.533964e-124 	3.855760e-11 	8.881784e-16 	0.000000e+00
4066 	2.158935e-03 	1.094298e+05 	2.533964e-124 	3.855760e-11 	8.881784e-16 	0.000000e+00
4067 	2.154617e-03 	1.094298e+05 	2.533964e-124 	3.855760e-11 	8.881784e-16 	0.000000e+00
4068 	2.150308e-03 	1.094298e+05 	2.533964e-124 	3.855760e-11 	8.881784e-16 	0.000000e+00
4069 	2.146007e-03 	1.094298e+05 	2.533964e-124 	3.855760e-11 	8.881784e-16 	0.000000e+00
4070 	2.141715e-03 	1.094298e+05 	2.533964e-124 	3.855760e-11 	8.881784e-16 	0.000000e+00
4071 	2.137432e-03 	1.094298e+05 	2.533964e-124 	3.855760e-11 	8.881784e-16 	0.000000e+00
4072 	2.133157e-03 	1.094298e+05 	2.533964e-124 	3.855760e-11 	8.881784e-16 	0.000000e+00
4073 	2.128891e-03 	1.094298e+05 	2.533964e-124 	3.855760e-11 	8.881784e-16 	0.000000e+00
4074 	2.124633e-03 	1.094298e+05 	2.533964e-124 	3.855760e-11 	8.881784e-16 	0.000000e+00
4075 	2.120384e-03 	1.094298e+05 	2.533964e-124 	3.855760e-11 	8.881784e-16 	0.000000e+00
4076 	2.116143e-03 	1.094298e+05 	2.533964e-124 	3.855760e-11 	8.881784e-16 	0.000000e+00
4077 	2.111911e-03 	1.094298e+05 	2.533964e-124 	3.855760e-11 	8.881784e-16 	0.000000e+00
4078 	2.107687e-03 	1.094298e+05 	2.533964e-124 	3.855760e-11 	8.881784e-16 	0.000000e+00
4079 	2.103471e-03 	1.094298e+05 	2.533964e-124 	3.855760e-11 	8.881784e-16 	0.000000e+00
4080 	2.099265e-03 	1.094298e+05 	2.533964e-124 	3.855760e-11 	8.881784e-16 	0.000000e+00
4081 	2.095066e-03 	1.094298e+05 	2.533964e-124 	3.855760e-11 	8.881784e-16 	0.000000e+00
4082 	2.090876e-03 	1.094298e+05 	2.533964e-124 	3.855760e-11 	8.881784e-16 	0.000000e+00
4083 	2.086694e-03 	1.094298e+05 	2.533964e-124 	3.855760e-11 	8.881784e-16 	0.000000e+00
4084 	2.082521e-03 	1.094298e+05 	2.533964e-124 	3.855760e-11 	8.881784e-16 	0.000000e+00
4085 	2.078356e-03 	1.094298e+05 	2.533964e-124 	3.855760e-11 	8.881784e-16 	0.000000e+00
4086 	2.074199e-03 	1.094298e+05 	2.533964e-124 	3.855760e-11 	8.881784e-16 	0.000000e+00
4087 	2.070051e-03 	1.094298e+05 	2.533964e-124 	3.855760e-11 	8.881784e-16 	0.000000e+00
4088 	2.065910e-03 	1.094298e+05 	2.533964e-124 	3.855760e-11 	8.881784e-16 	0.000000e+00
4089 	2.061779e-03 	1.094298e+05 	2.533964e-124 	3.855760e-11 	8.881784e-16 	0.000000e+00
4090 	2.057655e-03 	1.094298e+05 	2.533964e-124 	3.855760e-11 	8.881784e-16 	0.000000e+00
4091 	2.053540e-03 	1.094298e+05 	2.533964e-124 	3.855760e-11 	8.881784e-16 	0.000000e+00
4092 	2.049433e-03 	1.094298e+05 	2.533964e-124 	3.855760e-11 	8.881784e-16 	0.000000e+00
4093 	2.045334e-03 	1.094298e+05 	2.533964e-124 	3.855760e-11 	8.881784e-16 	0.000000e+00
4094 	2.041243e-03 	1.094298e+05 	2.533964e-124 	3.855760e-11 	8.881784e-16 	0.000000e+00
4095 	2.037161e-03 	1.094298e+05 	2.533964e-124 	3.855760e-11 	8.881784e-16 	0.000000e+00
4096 	2.033086e-03 	1.094298e+05 	2.533964e-124 	3.855760e-11 	8.881784e-16 	0.000000e+00
4097 	2.029020e-03 	1.094298e+05 	2.533964e-124 	3.855760e-11 	8.881784e-16 	0.000000e+00
4098 	2.024962e-03 	1.094298e+05 	2.533964e-124 	3.855760e-11 	8.881784e-16 	0.000000e+00
4099 	2.020912e-03 	1.094298e+05 	2.533964e-124 	3.855760e-11 	8.881784e-16 	0.000000e+00
4100 	2.016870e-03 	1.094298e+05 	2.533964e-124 	3.855760e-11 	8.881784e-16 	0.000000e+00
4101 	2.012837e-03 	1.094298e+05 	2.533964e-124 	3.855760e-11 	8.881784e-16 	0.000000e+00
4102 	2.008811e-03 	1.094298e+05 	2.533964e-124 	3.855760e-11 	8.881784e-16 	0.000000e+00
4103 	2.004793e-03 	1.094298e+05 	2.533964e-124 	3.855760e-11 	8.881784e-16 	0.000000e+00
4104 	2.000784e-03 	1.094298e+05 	2.533964e-124 	3.855760e-11 	8.881784e-16 	0.000000e+00
4105 	1.996782e-03 	1.094298e+05 	2.533964e-124 	3.855760e-11 	8.881784e-16 	0.000000e+00
4106 	1.992789e-03 	1.094298e+05 	2.533964e-124 	3.855760e-11 	8.881784e-16 	0.000000e+00
4107 	1.988803e-03 	1.094298e+05 	2.533964e-124 	3.855760e-11 	8.881784e-16 	0.000000e+00
4108 	1.984825e-03 	1.094298e+05 	2.533964e-124 	3.855760e-11 	8.881784e-16 	0.000000e+00
4109 	1.980856e-03 	1.094298e+05 	2.533964e-124 	3.855760e-11 	8.881784e-16 	0.000000e+00
4110 	1.976894e-03 	1.094298e+05 	2.533964e-124 	3.855760e-11 	8.881784e-16 	0.000000e+00
4111 	1.972940e-03 	1.094298e+05 	2.533964e-124 	3.855760e-11 	8.881784e-16 	0.000000e+00
4112 	1.968994e-03 	1.094298e+05 	2.533964e-124 	3.855760e-11 	8.881784e-16 	0.000000e+00
4113 	1.965056e-03 	1.094298e+05 	2.533964e-124 	3.855760e-11 	8.881784e-16 	0.000000e+00
4114 	1.961126e-03 	1.094298e+05 	2.533964e-124 	3.855760e-11 	8.881784e-16 	0.000000e+00
4115 	1.957204e-03 	1.094298e+05 	2.533964e-124 	3.855760e-11 	8.881784e-16 	0.000000e+00
4116 	1.953290e-03 	1.094298e+05 	2.533964e-124 	3.855760e-11 	8.881784e-16 	0.000000e+00
4117 	1.949383e-03 	1.094298e+05 	2.533964e-124 	3.855760e-11 	8.881784e-16 	0.000000e+00
4118 	1.945484e-03 	1.094298e+05 	2.533964e-124 	3.855760e-11 	8.881784e-16 	0.000000e+00
4119 	1.941593e-03 	1.094298e+05 	2.533964e-124 	3.855760e-11 	8.881784e-16 	0.000000e+00
4120 	1.937710e-03 	1.094298e+05 	2.533964e-124 	3.855760e-11 	8.881784e-16 	0.000000e+00
4121 	1.933835e-03 	1.094298e+05 	2.533964e-124 	3.855760e-11 	8.881784e-16 	0.000000e+00
4122 	1.929967e-03 	1.094298e+05 	2.533964e-124 	3.855760e-11 	8.881784e-16 	0.000000e+00
4123 	1.926107e-03 	1.094298e+05 	2.533964e-124 	3.855760e-11 	8.881784e-16 	0.000000e+00
4124 	1.922255e-03 	1.094298e+05 	2.533964e-124 	3.855760e-11 	8.881784e-16 	0.000000e+00
4125 	1.918410e-03 	1.094298e+05 	2.533964e-124 	3.855760e-11 	8.881784e-16 	0.000000e+00
4126 	1.914574e-03 	1.094298e+05 	2.533964e-124 	3.855760e-11 	8.881784e-16 	0.000000e+00
4127 	1.910744e-03 	1.094298e+05 	2.533964e-124 	3.855760e-11 	8.881784e-16 	0.000000e+00
4128 	1.906923e-03 	1.094298e+05 	2.533964e-124 	3.855760e-11 	8.881784e-16 	0.000000e+00
4129 	1.903109e-03 	1.094298e+05 	2.533964e-124 	3.855760e-11 	8.881784e-16 	0.000000e+00
4130 	1.899303e-03 	1.094298e+05 	2.533964e-124 	3.855760e-11 	8.881784e-16 	0.000000e+00
4131 	1.895504e-03 	1.094298e+05 	2.533964e-124 	3.855760e-11 	8.881784e-16 	0.000000e+00
4132 	1.891713e-03 	1.094298e+05 	2.533964e-124 	3.855760e-11 	8.881784e-16 	0.000000e+00
4133 	1.887930e-03 	1.094298e+05 	2.533964e-124 	3.855760e-11 	8.881784e-16 	0.000000e+00
4134 	1.884154e-03 	1.094298e+05 	2.533964e-124 	3.855760e-11 	8.881784e-16 	0.000000e+00
4135 	1.880386e-03 	1.094298e+05 	2.533964e-124 	3.855760e-11 	8.881784e-16 	0.000000e+00
4136 	1.876625e-03 	1.094298e+05 	2.533964e-124 	3.855760e-11 	8.881784e-16 	0.000000e+00
4137 	1.872872e-03 	1.094298e+05 	2.533964e-124 	3.855760e-11 	8.881784e-16 	0.000000e+00
4138 	1.869126e-03 	1.094298e+05 	2.533964e-124 	3.855760e-11 	8.881784e-16 	0.000000e+00
4139 	1.865388e-03 	1.094298e+05 	2.533964e-124 	3.855760e-11 	8.881784e-16 	0.000000e+00
4140 	1.861657e-03 	1.094298e+05 	2.533964e-124 	3.855760e-11 	8.881784e-16 	0.000000e+00
4141 	1.857934e-03 	1.094298e+05 	2.533964e-124 	3.855760e-11 	8.881784e-16 	0.000000e+00
4142 	1.854218e-03 	1.094298e+05 	2.533964e-124 	3.855760e-11 	8.881784e-16 	0.000000e+00
4143 	1.850509e-03 	1.094298e+05 	2.533964e-124 	3.855760e-11 	8.881784e-16 	0.000000e+00
4144 	1.846808e-03 	1.094298e+05 	2.533964e-124 	3.855760e-11 	8.881784e-16 	0.000000e+00
4145 	1.843115e-03 	1.094298e+05 	2.533964e-124 	3.855760e-11 	8.881784e-16 	0.000000e+00
4146 	1.839428e-03 	1.094298e+05 	2.533964e-124 	3.855760e-11 	8.881784e-16 	0.000000e+00
4147 	1.835750e-03 	1.094298e+05 	2.533964e-124 	3.855760e-11 	8.881784e-16 	0.000000e+00
4148 	1.832078e-03 	1.094298e+05 	2.533964e-124 	3.855760e-11 	8.881784e-16 	0.000000e+00
4149 	1.828414e-03 	1.094298e+05 	2.533964e-124 	3.855760e-11 	8.881784e-16 	0.000000e+00
4150 	1.824757e-03 	1.094298e+05 	2.533964e-124 	3.855760e-11 	8.881784e-16 	0.000000e+00
4151 	1.821108e-03 	1.094298e+05 	2.533964e-124 	3.855760e-11 	8.881784e-16 	0.000000e+00
4152 	1.817465e-03 	1.094298e+05 	2.533964e-124 	3.855760e-11 	8.881784e-16 	0.000000e+00
4153 	1.813830e-03 	1.094298e+05 	2.533964e-124 	3.855760e-11 	8.881784e-16 	0.000000e+00
4154 	1.810203e-03 	1.094298e+05 	2.533964e-124 	3.855760e-11 	8.881784e-16 	0.000000e+00
4155 	1.806582e-03 	1.094298e+05 	2.533964e-124 	3.855760e-11 	8.881784e-16 	0.000000e+00
4156 	1.802969e-03 	1.094298e+05 	2.533964e-124 	3.855760e-11 	8.881784e-16 	0.000000e+00
4157 	1.799363e-03 	1.094298e+05 	2.533964e-124 	3.855760e-11 	8.881784e-16 	0.000000e+00
4158 	1.795765e-03 	1.094298e+05 	2.533964e-124 	3.855760e-11 	8.881784e-16 	0.000000e+00
4159 	1.792173e-03 	1.094298e+05 	2.533964e-124 	3.855760e-11 	8.881784e-16 	0.000000e+00
4160 	1.788589e-03 	1.094298e+05 	2.533964e-124 	3.855760e-11 	8.881784e-16 	0.000000e+00
4161 	1.785011e-03 	1.094298e+05 	2.533964e-124 	3.855760e-11 	8.881784e-16 	0.000000e+00
4162 	1.781441e-03 	1.094298e+05 	2.533964e-124 	3.855760e-11 	8.881784e-16 	0.000000e+00
4163 	1.777879e-03 	1.094298e+05 	2.533964e-124 	3.855760e-11 	8.881784e-16 	0.000000e+00
4164 	1.774323e-03 	1.094298e+05 	2.533964e-124 	3.855760e-11 	8.881784e-16 	0.000000e+00
4165 	1.770774e-03 	1.094298e+05 	2.533964e-124 	3.855760e-11 	8.881784e-16 	0.000000e+00
4166 	1.767233e-03 	1.094298e+05 	2.533964e-124 	3.855760e-11 	8.881784e-16 	0.000000e+00
4167 	1.763698e-03 	1.094298e+05 	2.533964e-124 	3.855760e-11 	8.881784e-16 	0.000000e+00
4168 	1.760171e-03 	1.094298e+05 	2.533964e-124 	3.855760e-11 	8.881784e-16 	0.000000e+00
4169 	1.756650e-03 	1.094298e+05 	2.533964e-124 	3.855760e-11 	8.881784e-16 	0.000000e+00
4170 	1.753137e-03 	1.094298e+05 	2.533964e-124 	3.855760e-11 	8.881784e-16 	0.000000e+00
4171 	1.749631e-03 	1.094298e+05 	2.533964e-124 	3.855760e-11 	8.881784e-16 	0.000000e+00
4172 	1.746132e-03 	1.094298e+05 	2.533964e-124 	3.855760e-11 	8.881784e-16 	0.000000e+00
4173 	1.742639e-03 	1.094298e+05 	2.533964e-124 	3.855760e-11 	8.881784e-16 	0.000000e+00
4174 	1.739154e-03 	1.094298e+05 	2.533964e-124 	3.855760e-11 	8.881784e-16 	0.000000e+00
4175 	1.735676e-03 	1.094298e+05 	2.533964e-124 	3.855760e-11 	8.881784e-16 	0.000000e+00
4176 	1.732204e-03 	1.094298e+05 	2.533964e-124 	3.855760e-11 	8.881784e-16 	0.000000e+00
4177 	1.728740e-03 	1.094298e+05 	2.533964e-124 	3.855760e-11 	8.881784e-16 	0.000000e+00
4178 	1.725282e-03 	1.094298e+05 	2.533964e-124 	3.855760e-11 	8.881784e-16 	0.000000e+00
4179 	1.721832e-03 	1.094298e+05 	2.533964e-124 	3.855760e-11 	8.881784e-16 	0.000000e+00
4180 	1.718388e-03 	1.094298e+05 	2.533964e-124 	3.855760e-11 	8.881784e-16 	0.000000e+00
4181 	1.714951e-03 	1.094298e+05 	2.533964e-124 	3.855760e-11 	8.881784e-16 	0.000000e+00
4182 	1.711522e-03 	1.094298e+05 	2.533964e-124 	3.855760e-11 	8.881784e-16 	0.000000e+00
4183 	1.708099e-03 	1.094298e+05 	2.533964e-124 	3.855760e-11 	8.881784e-16 	0.000000e+00
4184 	1.704682e-03 	1.094298e+05 	2.533964e-124 	3.855760e-11 	8.881784e-16 	0.000000e+00
4185 	1.701273e-03 	1.094298e+05 	2.533964e-124 	3.855760e-11 	8.881784e-16 	0.000000e+00
4186 	1.697870e-03 	1.094298e+05 	2.533964e-124 	3.855760e-11 	8.881784e-16 	0.000000e+00
4187 	1.694475e-03 	1.094298e+05 	2.533964e-124 	3.855760e-11 	8.881784e-16 	0.000000e+00
4188 	1.691086e-03 	1.094298e+05 	2.533964e-124 	3.855760e-11 	8.881784e-16 	0.000000e+00
4189 	1.687704e-03 	1.094298e+05 	2.533964e-124 	3.855760e-11 	8.881784e-16 	0.000000e+00
4190 	1.684328e-03 	1.094298e+05 	2.533964e-124 	3.855760e-11 	8.881784e-16 	0.000000e+00
4191 	1.680959e-03 	1.094298e+05 	2.533964e-124 	3.855760e-11 	8.881784e-16 	0.000000e+00
4192 	1.677598e-03 	1.094298e+05 	2.533964e-124 	3.855760e-11 	8.881784e-16 	0.000000e+00
4193 	1.674242e-03 	1.094298e+05 	2.533964e-124 	3.855760e-11 	8.881784e-16 	0.000000e+00
4194 	1.670894e-03 	1.094298e+05 	2.533964e-124 	3.855760e-11 	8.881784e-16 	0.000000e+00
4195 	1.667552e-03 	1.094298e+05 	2.533964e-124 	3.855760e-11 	8.881784e-16 	0.000000e+00
4196 	1.664217e-03 	1.094298e+05 	2.533964e-124 	3.855760e-11 	8.881784e-16 	0.000000e+00
4197 	1.660889e-03 	1.094298e+05 	2.533964e-124 	3.855760e-11 	8.881784e-16 	0.000000e+00
4198 	1.657567e-03 	1.094298e+05 	2.533964e-124 	3.855760e-11 	8.881784e-16 	0.000000e+00
4199 	1.654252e-03 	1.094298e+05 	2.533964e-124 	3.855760e-11 	8.881784e-16 	0.000000e+00
4200 	1.650943e-03 	1.094298e+05 	2.533964e-124 	3.855760e-11 	8.881784e-16 	0.000000e+00
4201 	1.647641e-03 	1.094298e+05 	2.533964e-124 	3.855760e-11 	8.881784e-16 	0.000000e+00
4202 	1.644346e-03 	1.094298e+05 	2.533964e-124 	3.855760e-11 	8.881784e-16 	0.000000e+00
4203 	1.641057e-03 	1.094298e+05 	2.533964e-124 	3.855760e-11 	8.881784e-16 	0.000000e+00
4204 	1.637775e-03 	1.094298e+05 	2.533964e-124 	3.855760e-11 	8.881784e-16 	0.000000e+00
4205 	1.634500e-03 	1.094298e+05 	2.533964e-124 	3.855760e-11 	8.881784e-16 	0.000000e+00
4206 	1.631231e-03 	1.094298e+05 	2.533964e-124 	3.855760e-11 	8.881784e-16 	0.000000e+00
4207 	1.627968e-03 	1.094298e+05 	2.533964e-124 	3.855760e-11 	8.881784e-16 	0.000000e+00
4208 	1.624712e-03 	1.094298e+05 	2.533964e-124 	3.855760e-11 	8.881784e-16 	0.000000e+00
4209 	1.621463e-03 	1.094298e+05 	2.533964e-124 	3.855760e-11 	8.881784e-16 	0.000000e+00
4210 	1.618220e-03 	1.094298e+05 	2.533964e-124 	3.855760e-11 	8.881784e-16 	0.000000e+00
4211 	1.614983e-03 	1.094298e+05 	2.533964e-124 	3.855760e-11 	8.881784e-16 	0.000000e+00
4212 	1.611753e-03 	1.094298e+05 	2.533964e-124 	3.855760e-11 	8.881784e-16 	0.000000e+00
4213 	1.608530e-03 	1.094298e+05 	2.533964e-124 	3.855760e-11 	8.881784e-16 	0.000000e+00
4214 	1.605313e-03 	1.094298e+05 	2.533964e-124 	3.855760e-11 	8.881784e-16 	0.000000e+00
4215 	1.602102e-03 	1.094298e+05 	2.533964e-124 	3.855760e-11 	8.881784e-16 	0.000000e+00
4216 	1.598898e-03 	1.094298e+05 	2.533964e-124 	3.855760e-11 	8.881784e-16 	0.000000e+00
4217 	1.595700e-03 	1.094298e+05 	2.533964e-124 	3.855760e-11 	8.881784e-16 	0.000000e+00
4218 	1.592509e-03 	1.094298e+05 	2.533964e-124 	3.855760e-11 	8.881784e-16 	0.000000e+00
4219 	1.589324e-03 	1.094298e+05 	2.533964e-124 	3.855760e-11 	8.881784e-16 	0.000000e+00
4220 	1.586145e-03 	1.094298e+05 	2.533964e-124 	3.855760e-11 	8.881784e-16 	0.000000e+00
4221 	1.582973e-03 	1.094298e+05 	2.533964e-124 	3.855760e-11 	8.881784e-16 	0.000000e+00
4222 	1.579807e-03 	1.094298e+05 	2.533964e-124 	3.855760e-11 	8.881784e-16 	0.000000e+00
4223 	1.576647e-03 	1.094298e+05 	2.533964e-124 	3.855760e-11 	8.881784e-16 	0.000000e+00
4224 	1.573494e-03 	1.094298e+05 	2.533964e-124 	3.855760e-11 	8.881784e-16 	0.000000e+00
4225 	1.570347e-03 	1.094298e+05 	2.533964e-124 	3.855760e-11 	8.881784e-16 	0.000000e+00
4226 	1.567206e-03 	1.094298e+05 	2.533964e-124 	3.855760e-11 	8.881784e-16 	0.000000e+00
4227 	1.564072e-03 	1.094298e+05 	2.533964e-124 	3.855760e-11 	8.881784e-16 	0.000000e+00
4228 	1.560944e-03 	1.094298e+05 	2.533964e-124 	3.855760e-11 	8.881784e-16 	0.000000e+00
4229 	1.557822e-03 	1.094298e+05 	2.533964e-124 	3.855760e-11 	8.881784e-16 	0.000000e+00
4230 	1.554706e-03 	1.094298e+05 	2.533964e-124 	3.855760e-11 	8.881784e-16 	0.000000e+00
4231 	1.551597e-03 	1.094298e+05 	2.533964e-124 	3.855760e-11 	8.881784e-16 	0.000000e+00
4232 	1.548494e-03 	1.094298e+05 	2.533964e-124 	3.855760e-11 	8.881784e-16 	0.000000e+00
4233 	1.545397e-03 	1.094298e+05 	2.533964e-124 	3.855760e-11 	8.881784e-16 	0.000000e+00
4234 	1.542306e-03 	1.094298e+05 	2.533964e-124 	3.855760e-11 	8.881784e-16 	0.000000e+00
4235 	1.539221e-03 	1.094298e+05 	2.533964e-124 	3.855760e-11 	8.881784e-16 	0.000000e+00
4236 	1.536143e-03 	1.094298e+05 	2.533964e-124 	3.855760e-11 	8.881784e-16 	0.000000e+00
4237 	1.533071e-03 	1.094298e+05 	2.533964e-124 	3.855760e-11 	8.881784e-16 	0.000000e+00
4238 	1.530004e-03 	1.094298e+05 	2.533964e-124 	3.855760e-11 	8.881784e-16 	0.000000e+00
4239 	1.526944e-03 	1.094298e+05 	2.533964e-124 	3.855760e-11 	8.881784e-16 	0.000000e+00
4240 	1.523891e-03 	1.094298e+05 	2.533964e-124 	3.855760e-11 	8.881784e-16 	0.000000e+00
4241 	1.520843e-03 	1.094298e+05 	2.533964e-124 	3.855760e-11 	8.881784e-16 	0.000000e+00
4242 	1.517801e-03 	1.094298e+05 	2.533964e-124 	3.855760e-11 	8.881784e-16 	0.000000e+00
4243 	1.514765e-03 	1.094298e+05 	2.533964e-124 	3.855760e-11 	8.881784e-16 	0.000000e+00
4244 	1.511736e-03 	1.094298e+05 	2.533964e-124 	3.855760e-11 	8.881784e-16 	0.000000e+00
4245 	1.508712e-03 	1.094298e+05 	2.533964e-124 	3.855760e-11 	8.881784e-16 	0.000000e+00
4246 	1.505695e-03 	1.094298e+05 	2.533964e-124 	3.855760e-11 	8.881784e-16 	0.000000e+00
4247 	1.502684e-03 	1.094298e+05 	2.533964e-124 	3.855760e-11 	8.881784e-16 	0.000000e+00
4248 	1.499678e-03 	1.094298e+05 	2.533964e-124 	3.855760e-11 	8.881784e-16 	0.000000e+00
4249 	1.496679e-03 	1.094298e+05 	2.533964e-124 	3.855760e-11 	8.881784e-16 	0.000000e+00
4250 	1.493686e-03 	1.094298e+05 	2.533964e-124 	3.855760e-11 	8.881784e-16 	0.000000e+00
4251 	1.490698e-03 	1.094298e+05 	2.533964e-124 	3.855760e-11 	8.881784e-16 	0.000000e+00
4252 	1.487717e-03 	1.094298e+05 	2.533964e-124 	3.855760e-11 	8.881784e-16 	0.000000e+00
4253 	1.484741e-03 	1.094298e+05 	2.533964e-124 	3.855760e-11 	8.881784e-16 	0.000000e+00
4254 	1.481772e-03 	1.094298e+05 	2.533964e-124 	3.855760e-11 	8.881784e-16 	0.000000e+00
4255 	1.478808e-03 	1.094298e+05 	2.533964e-124 	3.855760e-11 	8.881784e-16 	0.000000e+00
4256 	1.475851e-03 	1.094298e+05 	2.533964e-124 	3.855760e-11 	8.881784e-16 	0.000000e+00
4257 	1.472899e-03 	1.094298e+05 	2.533964e-124 	3.855760e-11 	8.881784e-16 	0.000000e+00
4258 	1.469953e-03 	1.094298e+05 	2.533964e-124 	3.855760e-11 	8.881784e-16 	0.000000e+00
4259 	1.467013e-03 	1.094298e+05 	2.533964e-124 	3.855760e-11 	8.881784e-16 	0.000000e+00
4260 	1.464079e-03 	1.094298e+05 	2.533964e-124 	3.855760e-11 	8.881784e-16 	0.000000e+00
4261 	1.461151e-03 	1.094298e+05 	2.533964e-124 	3.855760e-11 	8.881784e-16 	0.000000e+00
4262 	1.458229e-03 	1.094298e+05 	2.533964e-124 	3.855760e-11 	8.881784e-16 	0.000000e+00
4263 	1.455312e-03 	1.094298e+05 	2.533964e-124 	3.855760e-11 	8.881784e-16 	0.000000e+00
4264 	1.452402e-03 	1.094298e+05 	2.533964e-124 	3.855760e-11 	8.881784e-16 	0.000000e+00
4265 	1.449497e-03 	1.094298e+05 	2.533964e-124 	3.855760e-11 	8.881784e-16 	0.000000e+00
4266 	1.446598e-03 	1.094298e+05 	2.533964e-124 	3.855760e-11 	8.881784e-16 	0.000000e+00
4267 	1.443705e-03 	1.094298e+05 	2.533964e-124 	3.855760e-11 	8.881784e-16 	0.000000e+00
4268 	1.440817e-03 	1.094298e+05 	2.533964e-124 	3.855760e-11 	8.881784e-16 	0.000000e+00
4269 	1.437936e-03 	1.094298e+05 	2.533964e-124 	3.855760e-11 	8.881784e-16 	0.000000e+00
4270 	1.435060e-03 	1.094298e+05 	2.533964e-124 	3.855760e-11 	8.881784e-16 	0.000000e+00
4271 	1.432190e-03 	1.094298e+05 	2.533964e-124 	3.855760e-11 	8.881784e-16 	0.000000e+00
4272 	1.429325e-03 	1.094298e+05 	2.533964e-124 	3.855760e-11 	8.881784e-16 	0.000000e+00
4273 	1.426467e-03 	1.094298e+05 	2.533964e-124 	3.855760e-11 	8.881784e-16 	0.000000e+00
4274 	1.423614e-03 	1.094298e+05 	2.533964e-124 	3.855760e-11 	8.881784e-16 	0.000000e+00
4275 	1.420767e-03 	1.094298e+05 	2.533964e-124 	3.855760e-11 	8.881784e-16 	0.000000e+00
4276 	1.417925e-03 	1.094298e+05 	2.533964e-124 	3.855760e-11 	8.881784e-16 	0.000000e+00
4277 	1.415089e-03 	1.094298e+05 	2.533964e-124 	3.855760e-11 	8.881784e-16 	0.000000e+00
4278 	1.412259e-03 	1.094298e+05 	2.533964e-124 	3.855760e-11 	8.881784e-16 	0.000000e+00
4279 	1.409434e-03 	1.094298e+05 	2.533964e-124 	3.855760e-11 	8.881784e-16 	0.000000e+00
4280 	1.406616e-03 	1.094298e+05 	2.533964e-124 	3.855760e-11 	8.881784e-16 	0.000000e+00
4281 	1.403802e-03 	1.094298e+05 	2.533964e-124 	3.855760e-11 	8.881784e-16 	0.000000e+00
4282 	1.400995e-03 	1.094298e+05 	2.533964e-124 	3.855760e-11 	8.881784e-16 	0.000000e+00
4283 	1.398193e-03 	1.094298e+05 	2.533964e-124 	3.855760e-11 	8.881784e-16 	0.000000e+00
4284 	1.395396e-03 	1.094298e+05 	2.533964e-124 	3.855760e-11 	8.881784e-16 	0.000000e+00
4285 	1.392606e-03 	1.094298e+05 	2.533964e-124 	3.855760e-11 	8.881784e-16 	0.000000e+00
4286 	1.389820e-03 	1.094298e+05 	2.533964e-124 	3.855760e-11 	8.881784e-16 	0.000000e+00
4287 	1.387041e-03 	1.094298e+05 	2.533964e-124 	3.855760e-11 	8.881784e-16 	0.000000e+00
4288 	1.384267e-03 	1.094298e+05 	2.533964e-124 	3.855760e-11 	8.881784e-16 	0.000000e+00
4289 	1.381498e-03 	1.094298e+05 	2.533964e-124 	3.855760e-11 	8.881784e-16 	0.000000e+00
4290 	1.378735e-03 	1.094298e+05 	2.533964e-124 	3.855760e-11 	8.881784e-16 	0.000000e+00
4291 	1.375978e-03 	1.094298e+05 	2.533964e-124 	3.855760e-11 	8.881784e-16 	0.000000e+00
4292 	1.373226e-03 	1.094298e+05 	2.533964e-124 	3.855760e-11 	8.881784e-16 	0.000000e+00
4293 	1.370479e-03 	1.094298e+05 	2.533964e-124 	3.855760e-11 	8.881784e-16 	0.000000e+00
4294 	1.367738e-03 	1.094298e+05 	2.533964e-124 	3.855760e-11 	8.881784e-16 	0.000000e+00
4295 	1.365003e-03 	1.094298e+05 	2.533964e-124 	3.855760e-11 	8.881784e-16 	0.000000e+00
4296 	1.362273e-03 	1.094298e+05 	2.533964e-124 	3.855760e-11 	8.881784e-16 	0.000000e+00
4297 	1.359548e-03 	1.094298e+05 	2.533964e-124 	3.855760e-11 	8.881784e-16 	0.000000e+00
4298 	1.356829e-03 	1.094298e+05 	2.533964e-124 	3.855760e-11 	8.881784e-16 	0.000000e+00
4299 	1.354115e-03 	1.094298e+05 	2.533964e-124 	3.855760e-11 	8.881784e-16 	0.000000e+00
4300 	1.351407e-03 	1.094298e+05 	2.533964e-124 	3.855760e-11 	8.881784e-16 	0.000000e+00
4301 	1.348704e-03 	1.094298e+05 	2.533964e-124 	3.855760e-11 	8.881784e-16 	0.000000e+00
4302 	1.346007e-03 	1.094298e+05 	2.533964e-124 	3.855760e-11 	8.881784e-16 	0.000000e+00
4303 	1.343315e-03 	1.094298e+05 	2.533964e-124 	3.855760e-11 	8.881784e-16 	0.000000e+00
4304 	1.340628e-03 	1.094298e+05 	2.533964e-124 	3.855760e-11 	8.881784e-16 	0.000000e+00
4305 	1.337947e-03 	1.094298e+05 	2.533964e-124 	3.855760e-11 	8.881784e-16 	0.000000e+00
4306 	1.335271e-03 	1.094298e+05 	2.533964e-124 	3.855760e-11 	8.881784e-16 	0.000000e+00
4307 	1.332601e-03 	1.094298e+05 	2.533964e-124 	3.855760e-11 	8.881784e-16 	0.000000e+00
4308 	1.329935e-03 	1.094298e+05 	2.533964e-124 	3.855760e-11 	8.881784e-16 	0.000000e+00
4309 	1.327276e-03 	1.094298e+05 	2.533964e-124 	3.855760e-11 	8.881784e-16 	0.000000e+00
4310 	1.324621e-03 	1.094298e+05 	2.533964e-124 	3.855760e-11 	8.881784e-16 	0.000000e+00
4311 	1.321972e-03 	1.094298e+05 	2.533964e-124 	3.855760e-11 	8.881784e-16 	0.000000e+00
4312 	1.319328e-03 	1.094298e+05 	2.533964e-124 	3.855760e-11 	8.881784e-16 	0.000000e+00
4313 	1.316689e-03 	1.094298e+05 	2.533964e-124 	3.855760e-11 	8.881784e-16 	0.000000e+00
4314 	1.314056e-03 	1.094298e+05 	2.533964e-124 	3.855760e-11 	8.881784e-16 	0.000000e+00
4315 	1.311428e-03 	1.094298e+05 	2.533964e-124 	3.855760e-11 	8.881784e-16 	0.000000e+00
4316 	1.308805e-03 	1.094298e+05 	2.533964e-124 	3.855760e-11 	8.881784e-16 	0.000000e+00
4317 	1.306187e-03 	1.094298e+05 	2.533964e-124 	3.855760e-11 	8.881784e-16 	0.000000e+00
4318 	1.303575e-03 	1.094298e+05 	2.533964e-124 	3.855760e-11 	8.881784e-16 	0.000000e+00
4319 	1.300968e-03 	1.094298e+05 	2.533964e-124 	3.855760e-11 	8.881784e-16 	0.000000e+00
4320 	1.298366e-03 	1.094298e+05 	2.533964e-124 	3.855760e-11 	8.881784e-16 	0.000000e+00
4321 	1.295769e-03 	1.094298e+05 	2.533964e-124 	3.855760e-11 	8.881784e-16 	0.000000e+00
4322 	1.293178e-03 	1.094298e+05 	2.533964e-124 	3.855760e-11 	8.881784e-16 	0.000000e+00
4323 	1.290591e-03 	1.094298e+05 	2.533964e-124 	3.855760e-11 	8.881784e-16 	0.000000e+00
4324 	1.288010e-03 	1.094298e+05 	2.533964e-124 	3.855760e-11 	8.881784e-16 	0.000000e+00
4325 	1.285434e-03 	1.094298e+05 	2.533964e-124 	3.855760e-11 	8.881784e-16 	0.000000e+00
4326 	1.282863e-03 	1.094298e+05 	2.533964e-124 	3.855760e-11 	8.881784e-16 	0.000000e+00
4327 	1.280297e-03 	1.094298e+05 	2.533964e-124 	3.855760e-11 	8.881784e-16 	0.000000e+00
4328 	1.277737e-03 	1.094298e+05 	2.533964e-124 	3.855760e-11 	8.881784e-16 	0.000000e+00
4329 	1.275181e-03 	1.094298e+05 	2.533964e-124 	3.855760e-11 	8.881784e-16 	0.000000e+00
4330 	1.272631e-03 	1.094298e+05 	2.533964e-124 	3.855760e-11 	8.881784e-16 	0.000000e+00
4331 	1.270086e-03 	1.094298e+05 	2.533964e-124 	3.855760e-11 	8.881784e-16 	0.000000e+00
4332 	1.267546e-03 	1.094298e+05 	2.533964e-124 	3.855760e-11 	8.881784e-16 	0.000000e+00
4333 	1.265010e-03 	1.094298e+05 	2.533964e-124 	3.855760e-11 	8.881784e-16 	0.000000e+00
4334 	1.262480e-03 	1.094298e+05 	2.533964e-124 	3.855760e-11 	8.881784e-16 	0.000000e+00
4335 	1.259955e-03 	1.094298e+05 	2.533964e-124 	3.855760e-11 	8.881784e-16 	0.000000e+00
4336 	1.257436e-03 	1.094298e+05 	2.533964e-124 	3.855760e-11 	8.881784e-16 	0.000000e+00
4337 	1.254921e-03 	1.094298e+05 	2.533964e-124 	3.855760e-11 	8.881784e-16 	0.000000e+00
4338 	1.252411e-03 	1.094298e+05 	2.533964e-124 	3.855760e-11 	8.881784e-16 	0.000000e+00
4339 	1.249906e-03 	1.094298e+05 	2.533964e-124 	3.855760e-11 	8.881784e-16 	0.000000e+00
4340 	1.247406e-03 	1.094298e+05 	2.533964e-124 	3.855760e-11 	8.881784e-16 	0.000000e+00
4341 	1.244911e-03 	1.094298e+05 	2.533964e-124 	3.855760e-11 	8.881784e-16 	0.000000e+00
4342 	1.242422e-03 	1.094298e+05 	2.533964e-124 	3.855760e-11 	8.881784e-16 	0.000000e+00
4343 	1.239937e-03 	1.094298e+05 	2.533964e-124 	3.855760e-11 	8.881784e-16 	0.000000e+00
4344 	1.237457e-03 	1.094298e+05 	2.533964e-124 	3.855760e-11 	8.881784e-16 	0.000000e+00
4345 	1.234982e-03 	1.094298e+05 	2.533964e-124 	3.855760e-11 	8.881784e-16 	0.000000e+00
4346 	1.232512e-03 	1.094298e+05 	2.533964e-124 	3.855760e-11 	8.881784e-16 	0.000000e+00
4347 	1.230047e-03 	1.094298e+05 	2.533964e-124 	3.855760e-11 	8.881784e-16 	0.000000e+00
4348 	1.227587e-03 	1.094298e+05 	2.533964e-124 	3.855760e-11 	8.881784e-16 	0.000000e+00
4349 	1.225132e-03 	1.094298e+05 	2.533964e-124 	3.855760e-11 	8.881784e-16 	0.000000e+00
4350 	1.222681e-03 	1.094298e+05 	2.533964e-124 	3.855760e-11 	8.881784e-16 	0.000000e+00
4351 	1.220236e-03 	1.094298e+05 	2.533964e-124 	3.855760e-11 	8.881784e-16 	0.000000e+00
4352 	1.217796e-03 	1.094298e+05 	2.533964e-124 	3.855760e-11 	8.881784e-16 	0.000000e+00
4353 	1.215360e-03 	1.094298e+05 	2.533964e-124 	3.855760e-11 	8.881784e-16 	0.000000e+00
4354 	1.212929e-03 	1.094298e+05 	2.533964e-124 	3.855760e-11 	8.881784e-16 	0.000000e+00
4355 	1.210503e-03 	1.094298e+05 	2.533964e-124 	3.855760e-11 	8.881784e-16 	0.000000e+00
4356 	1.208082e-03 	1.094298e+05 	2.533964e-124 	3.855760e-11 	8.881784e-16 	0.000000e+00
4357 	1.205666e-03 	1.094298e+05 	2.533964e-124 	3.855760e-11 	8.881784e-16 	0.000000e+00
4358 	1.203255e-03 	1.094298e+05 	2.533964e-124 	3.855760e-11 	8.881784e-16 	0.000000e+00
4359 	1.200848e-03 	1.094298e+05 	2.533964e-124 	3.855760e-11 	8.881784e-16 	0.000000e+00
4360 	1.198447e-03 	1.094298e+05 	2.533964e-124 	3.855760e-11 	8.881784e-16 	0.000000e+00
4361 	1.196050e-03 	1.094298e+05 	2.533964e-124 	3.855760e-11 	8.881784e-16 	0.000000e+00
4362 	1.193658e-03 	1.094298e+05 	2.533964e-124 	3.855760e-11 	8.881784e-16 	0.000000e+00
4363 	1.191270e-03 	1.094298e+05 	2.533964e-124 	3.855760e-11 	8.881784e-16 	0.000000e+00
4364 	1.188888e-03 	1.094298e+05 	2.533964e-124 	3.855760e-11 	8.881784e-16 	0.000000e+00
4365 	1.186510e-03 	1.094298e+05 	2.533964e-124 	3.855760e-11 	8.881784e-16 	0.000000e+00
4366 	1.184137e-03 	1.094298e+05 	2.533964e-124 	3.855760e-11 	8.881784e-16 	0.000000e+00
4367 	1.181769e-03 	1.094298e+05 	2.533964e-124 	3.855760e-11 	8.881784e-16 	0.000000e+00
4368 	1.179405e-03 	1.094298e+05 	2.533964e-124 	3.855760e-11 	8.881784e-16 	0.000000e+00
4369 	1.177046e-03 	1.094298e+05 	2.533964e-124 	3.855760e-11 	8.881784e-16 	0.000000e+00
4370 	1.174692e-03 	1.094298e+05 	2.533964e-124 	3.855760e-11 	8.881784e-16 	0.000000e+00
4371 	1.172343e-03 	1.094298e+05 	2.533964e-124 	3.855760e-11 	8.881784e-16 	0.000000e+00
4372 	1.169998e-03 	1.094298e+05 	2.533964e-124 	3.855760e-11 	8.881784e-16 	0.000000e+00
4373 	1.167658e-03 	1.094298e+05 	2.533964e-124 	3.855760e-11 	8.881784e-16 	0.000000e+00
4374 	1.165323e-03 	1.094298e+05 	2.533964e-124 	3.855760e-11 	8.881784e-16 	0.000000e+00
4375 	1.162992e-03 	1.094298e+05 	2.533964e-124 	3.855760e-11 	8.881784e-16 	0.000000e+00
4376 	1.160666e-03 	1.094298e+05 	2.533964e-124 	3.855760e-11 	8.881784e-16 	0.000000e+00
4377 	1.158345e-03 	1.094298e+05 	2.533964e-124 	3.855760e-11 	8.881784e-16 	0.000000e+00
4378 	1.156028e-03 	1.094298e+05 	2.533964e-124 	3.855760e-11 	8.881784e-16 	0.000000e+00
4379 	1.153716e-03 	1.094298e+05 	2.533964e-124 	3.855760e-11 	8.881784e-16 	0.000000e+00
4380 	1.151409e-03 	1.094298e+05 	2.533964e-124 	3.855760e-11 	8.881784e-16 	0.000000e+00
4381 	1.149106e-03 	1.094298e+05 	2.533964e-124 	3.855760e-11 	8.881784e-16 	0.000000e+00
4382 	1.146808e-03 	1.094298e+05 	2.533964e-124 	3.855760e-11 	8.881784e-16 	0.000000e+00
4383 	1.144514e-03 	1.094298e+05 	2.533964e-124 	3.855760e-11 	8.881784e-16 	0.000000e+00
4384 	1.142225e-03 	1.094298e+05 	2.533964e-124 	3.855760e-11 	8.881784e-16 	0.000000e+00
4385 	1.139941e-03 	1.094298e+05 	2.533964e-124 	3.855760e-11 	8.881784e-16 	0.000000e+00
4386 	1.137661e-03 	1.094298e+05 	2.533964e-124 	3.855760e-11 	8.881784e-16 	0.000000e+00
4387 	1.135385e-03 	1.094298e+05 	2.533964e-124 	3.855760e-11 	8.881784e-16 	0.000000e+00
4388 	1.133115e-03 	1.094298e+05 	2.533964e-124 	3.855760e-11 	8.881784e-16 	0.000000e+00
4389 	1.130848e-03 	1.094298e+05 	2.533964e-124 	3.855760e-11 	8.881784e-16 	0.000000e+00
4390 	1.128587e-03 	1.094298e+05 	2.533964e-124 	3.855760e-11 	8.881784e-16 	0.000000e+00
4391 	1.126330e-03 	1.094298e+05 	2.533964e-124 	3.855760e-11 	8.881784e-16 	0.000000e+00
4392 	1.124077e-03 	1.094298e+05 	2.533964e-124 	3.855760e-11 	8.881784e-16 	0.000000e+00
4393 	1.121829e-03 	1.094298e+05 	2.533964e-124 	3.855760e-11 	8.881784e-16 	0.000000e+00
4394 	1.119585e-03 	1.094298e+05 	2.533964e-124 	3.855760e-11 	8.881784e-16 	0.000000e+00
4395 	1.117346e-03 	1.094298e+05 	2.533964e-124 	3.855760e-11 	8.881784e-16 	0.000000e+00
4396 	1.115111e-03 	1.094298e+05 	2.533964e-124 	3.855760e-11 	8.881784e-16 	0.000000e+00
4397 	1.112881e-03 	1.094298e+05 	2.533964e-124 	3.855760e-11 	8.881784e-16 	0.000000e+00
4398 	1.110655e-03 	1.094298e+05 	2.533964e-124 	3.855760e-11 	8.881784e-16 	0.000000e+00
4399 	1.108434e-03 	1.094298e+05 	2.533964e-124 	3.855760e-11 	8.881784e-16 	0.000000e+00
4400 	1.106217e-03 	1.094298e+05 	2.533964e-124 	3.855760e-11 	8.881784e-16 	0.000000e+00
4401 	1.104005e-03 	1.094298e+05 	2.533964e-124 	3.855760e-11 	8.881784e-16 	0.000000e+00
4402 	1.101797e-03 	1.094298e+05 	2.533964e-124 	3.855760e-11 	8.881784e-16 	0.000000e+00
4403 	1.099593e-03 	1.094298e+05 	2.533964e-124 	3.855760e-11 	8.881784e-16 	0.000000e+00
4404 	1.097394e-03 	1.094298e+05 	2.533964e-124 	3.855760e-11 	8.881784e-16 	0.000000e+00
4405 	1.095199e-03 	1.094298e+05 	2.533964e-124 	3.855760e-11 	8.881784e-16 	0.000000e+00
4406 	1.093009e-03 	1.094298e+05 	2.533964e-124 	3.855760e-11 	8.881784e-16 	0.000000e+00
4407 	1.090823e-03 	1.094298e+05 	2.533964e-124 	3.855760e-11 	8.881784e-16 	0.000000e+00
4408 	1.088641e-03 	1.094298e+05 	2.533964e-124 	3.855760e-11 	8.881784e-16 	0.000000e+00
4409 	1.086464e-03 	1.094298e+05 	2.533964e-124 	3.855760e-11 	8.881784e-16 	0.000000e+00
4410 	1.084291e-03 	1.094298e+05 	2.533964e-124 	3.855760e-11 	8.881784e-16 	0.000000e+00
4411 	1.082122e-03 	1.094298e+05 	2.533964e-124 	3.855760e-11 	8.881784e-16 	0.000000e+00
4412 	1.079958e-03 	1.094298e+05 	2.533964e-124 	3.855760e-11 	8.881784e-16 	0.000000e+00
4413 	1.077798e-03 	1.094298e+05 	2.533964e-124 	3.855760e-11 	8.881784e-16 	0.000000e+00
4414 	1.075643e-03 	1.094298e+05 	2.533964e-124 	3.855760e-11 	8.881784e-16 	0.000000e+00
4415 	1.073491e-03 	1.094298e+05 	2.533964e-124 	3.855760e-11 	8.881784e-16 	0.000000e+00
4416 	1.071344e-03 	1.094298e+05 	2.533964e-124 	3.855760e-11 	8.881784e-16 	0.000000e+00
4417 	1.069202e-03 	1.094298e+05 	2.533964e-124 	3.855760e-11 	8.881784e-16 	0.000000e+00
4418 	1.067063e-03 	1.094298e+05 	2.533964e-124 	3.855760e-11 	8.881784e-16 	0.000000e+00
4419 	1.064929e-03 	1.094298e+05 	2.533964e-124 	3.855760e-11 	8.881784e-16 	0.000000e+00
4420 	1.062799e-03 	1.094298e+05 	2.533964e-124 	3.855760e-11 	8.881784e-16 	0.000000e+00
4421 	1.060674e-03 	1.094298e+05 	2.533964e-124 	3.855760e-11 	8.881784e-16 	0.000000e+00
4422 	1.058552e-03 	1.094298e+05 	2.533964e-124 	3.855760e-11 	8.881784e-16 	0.000000e+00
4423 	1.056435e-03 	1.094298e+05 	2.533964e-124 	3.855760e-11 	8.881784e-16 	0.000000e+00
4424 	1.054322e-03 	1.094298e+05 	2.533964e-124 	3.855760e-11 	8.881784e-16 	0.000000e+00
4425 	1.052214e-03 	1.094298e+05 	2.533964e-124 	3.855760e-11 	8.881784e-16 	0.000000e+00
4426 	1.050109e-03 	1.094298e+05 	2.533964e-124 	3.855760e-11 	8.881784e-16 	0.000000e+00
4427 	1.048009e-03 	1.094298e+05 	2.533964e-124 	3.855760e-11 	8.881784e-16 	0.000000e+00
4428 	1.045913e-03 	1.094298e+05 	2.533964e-124 	3.855760e-11 	8.881784e-16 	0.000000e+00
4429 	1.043821e-03 	1.094298e+05 	2.533964e-124 	3.855760e-11 	8.881784e-16 	0.000000e+00
4430 	1.041733e-03 	1.094298e+05 	2.533964e-124 	3.855760e-11 	8.881784e-16 	0.000000e+00
4431 	1.039650e-03 	1.094298e+05 	2.533964e-124 	3.855760e-11 	8.881784e-16 	0.000000e+00
4432 	1.037571e-03 	1.094298e+05 	2.533964e-124 	3.855760e-11 	8.881784e-16 	0.000000e+00
4433 	1.035496e-03 	1.094298e+05 	2.533964e-124 	3.855760e-11 	8.881784e-16 	0.000000e+00
4434 	1.033425e-03 	1.094298e+05 	2.533964e-124 	3.855760e-11 	8.881784e-16 	0.000000e+00
4435 	1.031358e-03 	1.094298e+05 	2.533964e-124 	3.855760e-11 	8.881784e-16 	0.000000e+00
4436 	1.029295e-03 	1.094298e+05 	2.533964e-124 	3.855760e-11 	8.881784e-16 	0.000000e+00
4437 	1.027236e-03 	1.094298e+05 	2.533964e-124 	3.855760e-11 	8.881784e-16 	0.000000e+00
4438 	1.025182e-03 	1.094298e+05 	2.533964e-124 	3.855760e-11 	8.881784e-16 	0.000000e+00
4439 	1.023132e-03 	1.094298e+05 	2.533964e-124 	3.855760e-11 	8.881784e-16 	0.000000e+00
4440 	1.021085e-03 	1.094298e+05 	2.533964e-124 	3.855760e-11 	8.881784e-16 	0.000000e+00
4441 	1.019043e-03 	1.094298e+05 	2.533964e-124 	3.855760e-11 	8.881784e-16 	0.000000e+00
4442 	1.017005e-03 	1.094298e+05 	2.533964e-124 	3.855760e-11 	8.881784e-16 	0.000000e+00
4443 	1.014971e-03 	1.094298e+05 	2.533964e-124 	3.855760e-11 	8.881784e-16 	0.000000e+00
4444 	1.012941e-03 	1.094298e+05 	2.533964e-124 	3.855760e-11 	8.881784e-16 	0.000000e+00
4445 	1.010915e-03 	1.094298e+05 	2.533964e-124 	3.855760e-11 	8.881784e-16 	0.000000e+00
4446 	1.008893e-03 	1.094298e+05 	2.533964e-124 	3.855760e-11 	8.881784e-16 	0.000000e+00
4447 	1.006876e-03 	1.094298e+05 	2.533964e-124 	3.855760e-11 	8.881784e-16 	0.000000e+00
4448 	1.004862e-03 	1.094298e+05 	2.533964e-124 	3.855760e-11 	8.881784e-16 	0.000000e+00
4449 	1.002852e-03 	1.094298e+05 	2.533964e-124 	3.855760e-11 	8.881784e-16 	0.000000e+00
4450 	1.000846e-03 	1.094298e+05 	2.533964e-124 	3.855760e-11 	8.881784e-16 	0.000000e+00
4451 	9.988447e-04 	1.094298e+05 	2.533964e-124 	3.855760e-11 	8.881784e-16 	0.000000e+00
4452 	9.968470e-04 	1.094298e+05 	2.533964e-124 	3.855760e-11 	8.881784e-16 	0.000000e+00
4453 	9.948533e-04 	1.094298e+05 	2.533964e-124 	3.855760e-11 	8.881784e-16 	0.000000e+00
4454 	9.928636e-04 	1.094298e+05 	2.533964e-124 	3.855760e-11 	8.881784e-16 	0.000000e+00
4455 	9.908779e-04 	1.094298e+05 	2.533964e-124 	3.855760e-11 	8.881784e-16 	0.000000e+00
4456 	9.888962e-04 	1.094298e+05 	2.533964e-124 	3.855760e-11 	8.881784e-16 	0.000000e+00
4457 	9.869184e-04 	1.094298e+05 	2.533964e-124 	3.855760e-11 	8.881784e-16 	0.000000e+00
4458 	9.849445e-04 	1.094298e+05 	2.533964e-124 	3.855760e-11 	8.881784e-16 	0.000000e+00
4459 	9.829746e-04 	1.094298e+05 	2.533964e-124 	3.855760e-11 	8.881784e-16 	0.000000e+00
4460 	9.810087e-04 	1.094298e+05 	2.533964e-124 	3.855760e-11 	8.881784e-16 	0.000000e+00
4461 	9.790467e-04 	1.094298e+05 	2.533964e-124 	3.855760e-11 	8.881784e-16 	0.000000e+00
4462 	9.770886e-04 	1.094298e+05 	2.533964e-124 	3.855760e-11 	8.881784e-16 	0.000000e+00
4463 	9.751344e-04 	1.094298e+05 	2.533964e-124 	3.855760e-11 	8.881784e-16 	0.000000e+00
4464 	9.731841e-04 	1.094298e+05 	2.533964e-124 	3.855760e-11 	8.881784e-16 	0.000000e+00
4465 	9.712378e-04 	1.094298e+05 	2.533964e-124 	3.855760e-11 	8.881784e-16 	0.000000e+00
4466 	9.692953e-04 	1.094298e+05 	2.533964e-124 	3.855760e-11 	8.881784e-16 	0.000000e+00
4467 	9.673567e-04 	1.094298e+05 	2.533964e-124 	3.855760e-11 	8.881784e-16 	0.000000e+00
4468 	9.654220e-04 	1.094298e+05 	2.533964e-124 	3.855760e-11 	8.881784e-16 	0.000000e+00
4469 	9.634911e-04 	1.094298e+05 	2.533964e-124 	3.855760e-11 	8.881784e-16 	0.000000e+00
4470 	9.615642e-04 	1.094298e+05 	2.533964e-124 	3.855760e-11 	8.881784e-16 	0.000000e+00
4471 	9.596410e-04 	1.094298e+05 	2.533964e-124 	3.855760e-11 	8.881784e-16 	0.000000e+00
4472 	9.577217e-04 	1.094298e+05 	2.533964e-124 	3.855760e-11 	8.881784e-16 	0.000000e+00
4473 	9.558063e-04 	1.094298e+05 	2.533964e-124 	3.855760e-11 	8.881784e-16 	0.000000e+00
4474 	9.538947e-04 	1.094298e+05 	2.533964e-124 	3.855760e-11 	8.881784e-16 	0.000000e+00
4475 	9.519869e-04 	1.094298e+05 	2.533964e-124 	3.855760e-11 	8.881784e-16 	0.000000e+00
4476 	9.500829e-04 	1.094298e+05 	2.533964e-124 	3.855760e-11 	8.881784e-16 	0.000000e+00
4477 	9.481828e-04 	1.094298e+05 	2.533964e-124 	3.855760e-11 	8.881784e-16 	0.000000e+00
4478 	9.462864e-04 	1.094298e+05 	2.533964e-124 	3.855760e-11 	8.881784e-16 	0.000000e+00
4479 	9.443938e-04 	1.094298e+05 	2.533964e-124 	3.855760e-11 	8.881784e-16 	0.000000e+00
4480 	9.425050e-04 	1.094298e+05 	2.533964e-124 	3.855760e-11 	8.881784e-16 	0.000000e+00
4481 	9.406200e-04 	1.094298e+05 	2.533964e-124 	3.855760e-11 	8.881784e-16 	0.000000e+00
4482 	9.387388e-04 	1.094298e+05 	2.533964e-124 	3.855760e-11 	8.881784e-16 	0.000000e+00
4483 	9.368613e-04 	1.094298e+05 	2.533964e-124 	3.855760e-11 	8.881784e-16 	0.000000e+00
4484 	9.349876e-04 	1.094298e+05 	2.533964e-124 	3.855760e-11 	8.881784e-16 	0.000000e+00
4485 	9.331176e-04 	1.094298e+05 	2.533964e-124 	3.855760e-11 	8.881784e-16 	0.000000e+00
4486 	9.312514e-04 	1.094298e+05 	2.533964e-124 	3.855760e-11 	8.881784e-16 	0.000000e+00
4487 	9.293889e-04 	1.094298e+05 	2.533964e-124 	3.855760e-11 	8.881784e-16 	0.000000e+00
4488 	9.275301e-04 	1.094298e+05 	2.533964e-124 	3.855760e-11 	8.881784e-16 	0.000000e+00
4489 	9.256750e-04 	1.094298e+05 	2.533964e-124 	3.855760e-11 	8.881784e-16 	0.000000e+00
4490 	9.238237e-04 	1.094298e+05 	2.533964e-124 	3.855760e-11 	8.881784e-16 	0.000000e+00
4491 	9.219760e-04 	1.094298e+05 	2.533964e-124 	3.855760e-11 	8.881784e-16 	0.000000e+00
4492 	9.201321e-04 	1.094298e+05 	2.533964e-124 	3.855760e-11 	8.881784e-16 	0.000000e+00
4493 	9.182918e-04 	1.094298e+05 	2.533964e-124 	3.855760e-11 	8.881784e-16 	0.000000e+00
4494 	9.164552e-04 	1.094298e+05 	2.533964e-124 	3.855760e-11 	8.881784e-16 	0.000000e+00
4495 	9.146223e-04 	1.094298e+05 	2.533964e-124 	3.855760e-11 	8.881784e-16 	0.000000e+00
4496 	9.127931e-04 	1.094298e+05 	2.533964e-124 	3.855760e-11 	8.881784e-16 	0.000000e+00
4497 	9.109675e-04 	1.094298e+05 	2.533964e-124 	3.855760e-11 	8.881784e-16 	0.000000e+00
4498 	9.091456e-04 	1.094298e+05 	2.533964e-124 	3.855760e-11 	8.881784e-16 	0.000000e+00
4499 	9.073273e-04 	1.094298e+05 	2.533964e-124 	3.855760e-11 	8.881784e-16 	0.000000e+00
4500 	9.055126e-04 	1.094298e+05 	2.533964e-124 	3.855760e-11 	8.881784e-16 	0.000000e+00
4501 	9.037016e-04 	1.094298e+05 	2.533964e-124 	3.855760e-11 	8.881784e-16 	0.000000e+00
4502 	9.018942e-04 	1.094298e+05 	2.533964e-124 	3.855760e-11 	8.881784e-16 	0.000000e+00
4503 	9.000904e-04 	1.094298e+05 	2.533964e-124 	3.855760e-11 	8.881784e-16 	0.000000e+00
4504 	8.982902e-04 	1.094298e+05 	2.533964e-124 	3.855760e-11 	8.881784e-16 	0.000000e+00
4505 	8.964936e-04 	1.094298e+05 	2.533964e-124 	3.855760e-11 	8.881784e-16 	0.000000e+00
4506 	8.947007e-04 	1.094298e+05 	2.533964e-124 	3.855760e-11 	8.881784e-16 	0.000000e+00
4507 	8.929113e-04 	1.094298e+05 	2.533964e-124 	3.855760e-11 	8.881784e-16 	0.000000e+00
4508 	8.911254e-04 	1.094298e+05 	2.533964e-124 	3.855760e-11 	8.881784e-16 	0.000000e+00
4509 	8.893432e-04 	1.094298e+05 	2.533964e-124 	3.855760e-11 	8.881784e-16 	0.000000e+00
4510 	8.875645e-04 	1.094298e+05 	2.533964e-124 	3.855760e-11 	8.881784e-16 	0.000000e+00
4511 	8.857894e-04 	1.094298e+05 	2.533964e-124 	3.855760e-11 	8.881784e-16 	0.000000e+00
4512 	8.840178e-04 	1.094298e+05 	2.533964e-124 	3.855760e-11 	8.881784e-16 	0.000000e+00
4513 	8.822497e-04 	1.094298e+05 	2.533964e-124 	3.855760e-11 	8.881784e-16 	0.000000e+00
4514 	8.804852e-04 	1.094298e+05 	2.533964e-124 	3.855760e-11 	8.881784e-16 	0.000000e+00
4515 	8.787243e-04 	1.094298e+05 	2.533964e-124 	3.855760e-11 	8.881784e-16 	0.000000e+00
4516 	8.769668e-04 	1.094298e+05 	2.533964e-124 	3.855760e-11 	8.881784e-16 	0.000000e+00
4517 	8.752129e-04 	1.094298e+05 	2.533964e-124 	3.855760e-11 	8.881784e-16 	0.000000e+00
4518 	8.734625e-04 	1.094298e+05 	2.533964e-124 	3.855760e-11 	8.881784e-16 	0.000000e+00
4519 	8.717155e-04 	1.094298e+05 	2.533964e-124 	3.855760e-11 	8.881784e-16 	0.000000e+00
4520 	8.699721e-04 	1.094298e+05 	2.533964e-124 	3.855760e-11 	8.881784e-16 	0.000000e+00
4521 	8.682322e-04 	1.094298e+05 	2.533964e-124 	3.855760e-11 	8.881784e-16 	0.000000e+00
4522 	8.664957e-04 	1.094298e+05 	2.533964e-124 	3.855760e-11 	8.881784e-16 	0.000000e+00
4523 	8.647627e-04 	1.094298e+05 	2.533964e-124 	3.855760e-11 	8.881784e-16 	0.000000e+00
4524 	8.630332e-04 	1.094298e+05 	2.533964e-124 	3.855760e-11 	8.881784e-16 	0.000000e+00
4525 	8.613071e-04 	1.094298e+05 	2.533964e-124 	3.855760e-11 	8.881784e-16 	0.000000e+00
4526 	8.595845e-04 	1.094298e+05 	2.533964e-124 	3.855760e-11 	8.881784e-16 	0.000000e+00
4527 	8.578653e-04 	1.094298e+05 	2.533964e-124 	3.855760e-11 	8.881784e-16 	0.000000e+00
4528 	8.561496e-04 	1.094298e+05 	2.533964e-124 	3.855760e-11 	8.881784e-16 	0.000000e+00
4529 	8.544373e-04 	1.094298e+05 	2.533964e-124 	3.855760e-11 	8.881784e-16 	0.000000e+00
4530 	8.527284e-04 	1.094298e+05 	2.533964e-124 	3.855760e-11 	8.881784e-16 	0.000000e+00
4531 	8.510230e-04 	1.094298e+05 	2.533964e-124 	3.855760e-11 	8.881784e-16 	0.000000e+00
4532 	8.493209e-04 	1.094298e+05 	2.533964e-124 	3.855760e-11 	8.881784e-16 	0.000000e+00
4533 	8.476223e-04 	1.094298e+05 	2.533964e-124 	3.855760e-11 	8.881784e-16 	0.000000e+00
4534 	8.459270e-04 	1.094298e+05 	2.533964e-124 	3.855760e-11 	8.881784e-16 	0.000000e+00
4535 	8.442352e-04 	1.094298e+05 	2.533964e-124 	3.855760e-11 	8.881784e-16 	0.000000e+00
4536 	8.425467e-04 	1.094298e+05 	2.533964e-124 	3.855760e-11 	8.881784e-16 	0.000000e+00
4537 	8.408616e-04 	1.094298e+05 	2.533964e-124 	3.855760e-11 	8.881784e-16 	0.000000e+00
4538 	8.391799e-04 	1.094298e+05 	2.533964e-124 	3.855760e-11 	8.881784e-16 	0.000000e+00
4539 	8.375015e-04 	1.094298e+05 	2.533964e-124 	3.855760e-11 	8.881784e-16 	0.000000e+00
4540 	8.358265e-04 	1.094298e+05 	2.533964e-124 	3.855760e-11 	8.881784e-16 	0.000000e+00
4541 	8.341549e-04 	1.094298e+05 	2.533964e-124 	3.855760e-11 	8.881784e-16 	0.000000e+00
4542 	8.324866e-04 	1.094298e+05 	2.533964e-124 	3.855760e-11 	8.881784e-16 	0.000000e+00
4543 	8.308216e-04 	1.094298e+05 	2.533964e-124 	3.855760e-11 	8.881784e-16 	0.000000e+00
4544 	8.291600e-04 	1.094298e+05 	2.533964e-124 	3.855760e-11 	8.881784e-16 	0.000000e+00
4545 	8.275016e-04 	1.094298e+05 	2.533964e-124 	3.855760e-11 	8.881784e-16 	0.000000e+00
4546 	8.258466e-04 	1.094298e+05 	2.533964e-124 	3.855760e-11 	8.881784e-16 	0.000000e+00
4547 	8.241949e-04 	1.094298e+05 	2.533964e-124 	3.855760e-11 	8.881784e-16 	0.000000e+00
4548 	8.225466e-04 	1.094298e+05 	2.533964e-124 	3.855760e-11 	8.881784e-16 	0.000000e+00
4549 	8.209015e-04 	1.094298e+05 	2.533964e-124 	3.855760e-11 	8.881784e-16 	0.000000e+00
4550 	8.192597e-04 	1.094298e+05 	2.533964e-124 	3.855760e-11 	8.881784e-16 	0.000000e+00
4551 	8.176211e-04 	1.094298e+05 	2.533964e-124 	3.855760e-11 	8.881784e-16 	0.000000e+00
4552 	8.159859e-04 	1.094298e+05 	2.533964e-124 	3.855760e-11 	8.881784e-16 	0.000000e+00
4553 	8.143539e-04 	1.094298e+05 	2.533964e-124 	3.855760e-11 	8.881784e-16 	0.000000e+00
4554 	8.127252e-04 	1.094298e+05 	2.533964e-124 	3.855760e-11 	8.881784e-16 	0.000000e+00
4555 	8.110998e-04 	1.094298e+05 	2.533964e-124 	3.855760e-11 	8.881784e-16 	0.000000e+00
4556 	8.094776e-04 	1.094298e+05 	2.533964e-124 	3.855760e-11 	8.881784e-16 	0.000000e+00
4557 	8.078586e-04 	1.094298e+05 	2.533964e-124 	3.855760e-11 	8.881784e-16 	0.000000e+00
4558 	8.062429e-04 	1.094298e+05 	2.533964e-124 	3.855760e-11 	8.881784e-16 	0.000000e+00
4559 	8.046304e-04 	1.094298e+05 	2.533964e-124 	3.855760e-11 	8.881784e-16 	0.000000e+00
4560 	8.030211e-04 	1.094298e+05 	2.533964e-124 	3.855760e-11 	8.881784e-16 	0.000000e+00
4561 	8.014151e-04 	1.094298e+05 	2.533964e-124 	3.855760e-11 	8.881784e-16 	0.000000e+00
4562 	7.998123e-04 	1.094298e+05 	2.533964e-124 	3.855760e-11 	8.881784e-16 	0.000000e+00
4563 	7.982127e-04 	1.094298e+05 	2.533964e-124 	3.855760e-11 	8.881784e-16 	0.000000e+00
4564 	7.966162e-04 	1.094298e+05 	2.533964e-124 	3.855760e-11 	8.881784e-16 	0.000000e+00
4565 	7.950230e-04 	1.094298e+05 	2.533964e-124 	3.855760e-11 	8.881784e-16 	0.000000e+00
4566 	7.934329e-04 	1.094298e+05 	2.533964e-124 	3.855760e-11 	8.881784e-16 	0.000000e+00
4567 	7.918461e-04 	1.094298e+05 	2.533964e-124 	3.855760e-11 	8.881784e-16 	0.000000e+00
4568 	7.902624e-04 	1.094298e+05 	2.533964e-124 	3.855760e-11 	8.881784e-16 	0.000000e+00
4569 	7.886819e-04 	1.094298e+05 	2.533964e-124 	3.855760e-11 	8.881784e-16 	0.000000e+00
4570 	7.871045e-04 	1.094298e+05 	2.533964e-124 	3.855760e-11 	8.881784e-16 	0.000000e+00
4571 	7.855303e-04 	1.094298e+05 	2.533964e-124 	3.855760e-11 	8.881784e-16 	0.000000e+00
4572 	7.839592e-04 	1.094298e+05 	2.533964e-124 	3.855760e-11 	8.881784e-16 	0.000000e+00
4573 	7.823913e-04 	1.094298e+05 	2.533964e-124 	3.855760e-11 	8.881784e-16 	0.000000e+00
4574 	7.808265e-04 	1.094298e+05 	2.533964e-124 	3.855760e-11 	8.881784e-16 	0.000000e+00
4575 	7.792649e-04 	1.094298e+05 	2.533964e-124 	3.855760e-11 	8.881784e-16 	0.000000e+00
4576 	7.777063e-04 	1.094298e+05 	2.533964e-124 	3.855760e-11 	8.881784e-16 	0.000000e+00
4577 	7.761509e-04 	1.094298e+05 	2.533964e-124 	3.855760e-11 	8.881784e-16 	0.000000e+00
4578 	7.745986e-04 	1.094298e+05 	2.533964e-124 	3.855760e-11 	8.881784e-16 	0.000000e+00
4579 	7.730494e-04 	1.094298e+05 	2.533964e-124 	3.855760e-11 	8.881784e-16 	0.000000e+00
4580 	7.715033e-04 	1.094298e+05 	2.533964e-124 	3.855760e-11 	8.881784e-16 	0.000000e+00
4581 	7.699603e-04 	1.094298e+05 	2.533964e-124 	3.855760e-11 	8.881784e-16 	0.000000e+00
4582 	7.684204e-04 	1.094298e+05 	2.533964e-124 	3.855760e-11 	8.881784e-16 	0.000000e+00
4583 	7.668836e-04 	1.094298e+05 	2.533964e-124 	3.855760e-11 	8.881784e-16 	0.000000e+00
4584 	7.653498e-04 	1.094298e+05 	2.533964e-124 	3.855760e-11 	8.881784e-16 	0.000000e+00
4585 	7.638191e-04 	1.094298e+05 	2.533964e-124 	3.855760e-11 	8.881784e-16 	0.000000e+00
4586 	7.622915e-04 	1.094298e+05 	2.533964e-124 	3.855760e-11 	8.881784e-16 	0.000000e+00
4587 	7.607669e-04 	1.094298e+05 	2.533964e-124 	3.855760e-11 	8.881784e-16 	0.000000e+00
4588 	7.592453e-04 	1.094298e+05 	2.533964e-124 	3.855760e-11 	8.881784e-16 	0.000000e+00
4589 	7.577269e-04 	1.094298e+05 	2.533964e-124 	3.855760e-11 	8.881784e-16 	0.000000e+00
4590 	7.562114e-04 	1.094298e+05 	2.533964e-124 	3.855760e-11 	8.881784e-16 	0.000000e+00
4591 	7.546990e-04 	1.094298e+05 	2.533964e-124 	3.855760e-11 	8.881784e-16 	0.000000e+00
4592 	7.531896e-04 	1.094298e+05 	2.533964e-124 	3.855760e-11 	8.881784e-16 	0.000000e+00
4593 	7.516832e-04 	1.094298e+05 	2.533964e-124 	3.855760e-11 	8.881784e-16 	0.000000e+00
4594 	7.501798e-04 	1.094298e+05 	2.533964e-124 	3.855760e-11 	8.881784e-16 	0.000000e+00
4595 	7.486795e-04 	1.094298e+05 	2.533964e-124 	3.855760e-11 	8.881784e-16 	0.000000e+00
4596 	7.471821e-04 	1.094298e+05 	2.533964e-124 	3.855760e-11 	8.881784e-16 	0.000000e+00
4597 	7.456878e-04 	1.094298e+05 	2.533964e-124 	3.855760e-11 	8.881784e-16 	0.000000e+00
4598 	7.441964e-04 	1.094298e+05 	2.533964e-124 	3.855760e-11 	8.881784e-16 	0.000000e+00
4599 	7.427080e-04 	1.094298e+05 	2.533964e-124 	3.855760e-11 	8.881784e-16 	0.000000e+00
4600 	7.412226e-04 	1.094298e+05 	2.533964e-124 	3.855760e-11 	8.881784e-16 	0.000000e+00
4601 	7.397401e-04 	1.094298e+05 	2.533964e-124 	3.855760e-11 	8.881784e-16 	0.000000e+00
4602 	7.382606e-04 	1.094298e+05 	2.533964e-124 	3.855760e-11 	8.881784e-16 	0.000000e+00
4603 	7.367841e-04 	1.094298e+05 	2.533964e-124 	3.855760e-11 	8.881784e-16 	0.000000e+00
4604 	7.353106e-04 	1.094298e+05 	2.533964e-124 	3.855760e-11 	8.881784e-16 	0.000000e+00
4605 	7.338399e-04 	1.094298e+05 	2.533964e-124 	3.855760e-11 	8.881784e-16 	0.000000e+00
4606 	7.323723e-04 	1.094298e+05 	2.533964e-124 	3.855760e-11 	8.881784e-16 	0.000000e+00
4607 	7.309075e-04 	1.094298e+05 	2.533964e-124 	3.855760e-11 	8.881784e-16 	0.000000e+00
4608 	7.294457e-04 	1.094298e+05 	2.533964e-124 	3.855760e-11 	8.881784e-16 	0.000000e+00
4609 	7.279868e-04 	1.094298e+05 	2.533964e-124 	3.855760e-11 	8.881784e-16 	0.000000e+00
4610 	7.265308e-04 	1.094298e+05 	2.533964e-124 	3.855760e-11 	8.881784e-16 	0.000000e+00
4611 	7.250778e-04 	1.094298e+05 	2.533964e-124 	3.855760e-11 	8.881784e-16 	0.000000e+00
4612 	7.236276e-04 	1.094298e+05 	2.533964e-124 	3.855760e-11 	8.881784e-16 	0.000000e+00
4613 	7.221804e-04 	1.094298e+05 	2.533964e-124 	3.855760e-11 	8.881784e-16 	0.000000e+00
4614 	7.207360e-04 	1.094298e+05 	2.533964e-124 	3.855760e-11 	8.881784e-16 	0.000000e+00
4615 	7.192945e-04 	1.094298e+05 	2.533964e-124 	3.855760e-11 	8.881784e-16 	0.000000e+00
4616 	7.178559e-04 	1.094298e+05 	2.533964e-124 	3.855760e-11 	8.881784e-16 	0.000000e+00
4617 	7.164202e-04 	1.094298e+05 	2.533964e-124 	3.855760e-11 	8.881784e-16 	0.000000e+00
4618 	7.149874e-04 	1.094298e+05 	2.533964e-124 	3.855760e-11 	8.881784e-16 	0.000000e+00
4619 	7.135574e-04 	1.094298e+05 	2.533964e-124 	3.855760e-11 	8.881784e-16 	0.000000e+00
4620 	7.121303e-04 	1.094298e+05 	2.533964e-124 	3.855760e-11 	8.881784e-16 	0.000000e+00
4621 	7.107060e-04 	1.094298e+05 	2.533964e-124 	3.855760e-11 	8.881784e-16 	0.000000e+00
4622 	7.092846e-04 	1.094298e+05 	2.533964e-124 	3.855760e-11 	8.881784e-16 	0.000000e+00
4623 	7.078661e-04 	1.094298e+05 	2.533964e-124 	3.855760e-11 	8.881784e-16 	0.000000e+00
4624 	7.064503e-04 	1.094298e+05 	2.533964e-124 	3.855760e-11 	8.881784e-16 	0.000000e+00
4625 	7.050374e-04 	1.094298e+05 	2.533964e-124 	3.855760e-11 	8.881784e-16 	0.000000e+00
4626 	7.036273e-04 	1.094298e+05 	2.533964e-124 	3.855760e-11 	8.881784e-16 	0.000000e+00
4627 	7.022201e-04 	1.094298e+05 	2.533964e-124 	3.855760e-11 	8.881784e-16 	0.000000e+00
4628 	7.008156e-04 	1.094298e+05 	2.533964e-124 	3.855760e-11 	8.881784e-16 	0.000000e+00
4629 	6.994140e-04 	1.094298e+05 	2.533964e-124 	3.855760e-11 	8.881784e-16 	0.000000e+00
4630 	6.980152e-04 	1.094298e+05 	2.533964e-124 	3.855760e-11 	8.881784e-16 	0.000000e+00
4631 	6.966192e-04 	1.094298e+05 	2.533964e-124 	3.855760e-11 	8.881784e-16 	0.000000e+00
4632 	6.952259e-04 	1.094298e+05 	2.533964e-124 	3.855760e-11 	8.881784e-16 	0.000000e+00
4633 	6.938355e-04 	1.094298e+05 	2.533964e-124 	3.855760e-11 	8.881784e-16 	0.000000e+00
4634 	6.924478e-04 	1.094298e+05 	2.533964e-124 	3.855760e-11 	8.881784e-16 	0.000000e+00
4635 	6.910629e-04 	1.094298e+05 	2.533964e-124 	3.855760e-11 	8.881784e-16 	0.000000e+00
4636 	6.896808e-04 	1.094298e+05 	2.533964e-124 	3.855760e-11 	8.881784e-16 	0.000000e+00
4637 	6.883014e-04 	1.094298e+05 	2.533964e-124 	3.855760e-11 	8.881784e-16 	0.000000e+00
4638 	6.869248e-04 	1.094298e+05 	2.533964e-124 	3.855760e-11 	8.881784e-16 	0.000000e+00
4639 	6.855510e-04 	1.094298e+05 	2.533964e-124 	3.855760e-11 	8.881784e-16 	0.000000e+00
4640 	6.841799e-04 	1.094298e+05 	2.533964e-124 	3.855760e-11 	8.881784e-16 	0.000000e+00
4641 	6.828115e-04 	1.094298e+05 	2.533964e-124 	3.855760e-11 	8.881784e-16 	0.000000e+00
4642 	6.814459e-04 	1.094298e+05 	2.533964e-124 	3.855760e-11 	8.881784e-16 	0.000000e+00
4643 	6.800830e-04 	1.094298e+05 	2.533964e-124 	3.855760e-11 	8.881784e-16 	0.000000e+00
4644 	6.787228e-04 	1.094298e+05 	2.533964e-124 	3.855760e-11 	8.881784e-16 	0.000000e+00
4645 	6.773654e-04 	1.094298e+05 	2.533964e-124 	3.855760e-11 	8.881784e-16 	0.000000e+00
4646 	6.760106e-04 	1.094298e+05 	2.533964e-124 	3.855760e-11 	8.881784e-16 	0.000000e+00
4647 	6.746586e-04 	1.094298e+05 	2.533964e-124 	3.855760e-11 	8.881784e-16 	0.000000e+00
4648 	6.733093e-04 	1.094298e+05 	2.533964e-124 	3.855760e-11 	8.881784e-16 	0.000000e+00
4649 	6.719627e-04 	1.094298e+05 	2.533964e-124 	3.855760e-11 	8.881784e-16 	0.000000e+00
4650 	6.706188e-04 	1.094298e+05 	2.533964e-124 	3.855760e-11 	8.881784e-16 	0.000000e+00
4651 	6.692775e-04 	1.094298e+05 	2.533964e-124 	3.855760e-11 	8.881784e-16 	0.000000e+00
4652 	6.679390e-04 	1.094298e+05 	2.533964e-124 	3.855760e-11 	8.881784e-16 	0.000000e+00
4653 	6.666031e-04 	1.094298e+05 	2.533964e-124 	3.855760e-11 	8.881784e-16 	0.000000e+00
4654 	6.652699e-04 	1.094298e+05 	2.533964e-124 	3.855760e-11 	8.881784e-16 	0.000000e+00
4655 	6.639393e-04 	1.094298e+05 	2.533964e-124 	3.855760e-11 	8.881784e-16 	0.000000e+00
4656 	6.626115e-04 	1.094298e+05 	2.533964e-124 	3.855760e-11 	8.881784e-16 	0.000000e+00
4657 	6.612862e-04 	1.094298e+05 	2.533964e-124 	3.855760e-11 	8.881784e-16 	0.000000e+00
4658 	6.599637e-04 	1.094298e+05 	2.533964e-124 	3.855760e-11 	8.881784e-16 	0.000000e+00
4659 	6.586437e-04 	1.094298e+05 	2.533964e-124 	3.855760e-11 	8.881784e-16 	0.000000e+00
4660 	6.573265e-04 	1.094298e+05 	2.533964e-124 	3.855760e-11 	8.881784e-16 	0.000000e+00
4661 	6.560118e-04 	1.094298e+05 	2.533964e-124 	3.855760e-11 	8.881784e-16 	0.000000e+00
4662 	6.546998e-04 	1.094298e+05 	2.533964e-124 	3.855760e-11 	8.881784e-16 	0.000000e+00
4663 	6.533904e-04 	1.094298e+05 	2.533964e-124 	3.855760e-11 	8.881784e-16 	0.000000e+00
4664 	6.520836e-04 	1.094298e+05 	2.533964e-124 	3.855760e-11 	8.881784e-16 	0.000000e+00
4665 	6.507794e-04 	1.094298e+05 	2.533964e-124 	3.855760e-11 	8.881784e-16 	0.000000e+00
4666 	6.494779e-04 	1.094298e+05 	2.533964e-124 	3.855760e-11 	8.881784e-16 	0.000000e+00
4667 	6.481789e-04 	1.094298e+05 	2.533964e-124 	3.855760e-11 	8.881784e-16 	0.000000e+00
4668 	6.468826e-04 	1.094298e+05 	2.533964e-124 	3.855760e-11 	8.881784e-16 	0.000000e+00
4669 	6.455888e-04 	1.094298e+05 	2.533964e-124 	3.855760e-11 	8.881784e-16 	0.000000e+00
4670 	6.442976e-04 	1.094298e+05 	2.533964e-124 	3.855760e-11 	8.881784e-16 	0.000000e+00
4671 	6.430090e-04 	1.094298e+05 	2.533964e-124 	3.855760e-11 	8.881784e-16 	0.000000e+00
4672 	6.417230e-04 	1.094298e+05 	2.533964e-124 	3.855760e-11 	8.881784e-16 	0.000000e+00
4673 	6.404396e-04 	1.094298e+05 	2.533964e-124 	3.855760e-11 	8.881784e-16 	0.000000e+00
4674 	6.391587e-04 	1.094298e+05 	2.533964e-124 	3.855760e-11 	8.881784e-16 	0.000000e+00
4675 	6.378804e-04 	1.094298e+05 	2.533964e-124 	3.855760e-11 	8.881784e-16 	0.000000e+00
4676 	6.366046e-04 	1.094298e+05 	2.533964e-124 	3.855760e-11 	8.881784e-16 	0.000000e+00
4677 	6.353314e-04 	1.094298e+05 	2.533964e-124 	3.855760e-11 	8.881784e-16 	0.000000e+00
4678 	6.340607e-04 	1.094298e+05 	2.533964e-124 	3.855760e-11 	8.881784e-16 	0.000000e+00
4679 	6.327926e-04 	1.094298e+05 	2.533964e-124 	3.855760e-11 	8.881784e-16 	0.000000e+00
4680 	6.315270e-04 	1.094298e+05 	2.533964e-124 	3.855760e-11 	8.881784e-16 	0.000000e+00
4681 	6.302640e-04 	1.094298e+05 	2.533964e-124 	3.855760e-11 	8.881784e-16 	0.000000e+00
4682 	6.290034e-04 	1.094298e+05 	2.533964e-124 	3.855760e-11 	8.881784e-16 	0.000000e+00
4683 	6.277454e-04 	1.094298e+05 	2.533964e-124 	3.855760e-11 	8.881784e-16 	0.000000e+00
4684 	6.264899e-04 	1.094298e+05 	2.533964e-124 	3.855760e-11 	8.881784e-16 	0.000000e+00
4685 	6.252370e-04 	1.094298e+05 	2.533964e-124 	3.855760e-11 	8.881784e-16 	0.000000e+00
4686 	6.239865e-04 	1.094298e+05 	2.533964e-124 	3.855760e-11 	8.881784e-16 	0.000000e+00
4687 	6.227385e-04 	1.094298e+05 	2.533964e-124 	3.855760e-11 	8.881784e-16 	0.000000e+00
4688 	6.214930e-04 	1.094298e+05 	2.533964e-124 	3.855760e-11 	8.881784e-16 	0.000000e+00
4689 	6.202501e-04 	1.094298e+05 	2.533964e-124 	3.855760e-11 	8.881784e-16 	0.000000e+00
4690 	6.190096e-04 	1.094298e+05 	2.533964e-124 	3.855760e-11 	8.881784e-16 	0.000000e+00
4691 	6.177715e-04 	1.094298e+05 	2.533964e-124 	3.855760e-11 	8.881784e-16 	0.000000e+00
4692 	6.165360e-04 	1.094298e+05 	2.533964e-124 	3.855760e-11 	8.881784e-16 	0.000000e+00
4693 	6.153029e-04 	1.094298e+05 	2.533964e-124 	3.855760e-11 	8.881784e-16 	0.000000e+00
4694 	6.140723e-04 	1.094298e+05 	2.533964e-124 	3.855760e-11 	8.881784e-16 	0.000000e+00
4695 	6.128442e-04 	1.094298e+05 	2.533964e-124 	3.855760e-11 	8.881784e-16 	0.000000e+00
4696 	6.116185e-04 	1.094298e+05 	2.533964e-124 	3.855760e-11 	8.881784e-16 	0.000000e+00
4697 	6.103952e-04 	1.094298e+05 	2.533964e-124 	3.855760e-11 	8.881784e-16 	0.000000e+00
4698 	6.091745e-04 	1.094298e+05 	2.533964e-124 	3.855760e-11 	8.881784e-16 	0.000000e+00
4699 	6.079561e-04 	1.094298e+05 	2.533964e-124 	3.855760e-11 	8.881784e-16 	0.000000e+00
4700 	6.067402e-04 	1.094298e+05 	2.533964e-124 	3.855760e-11 	8.881784e-16 	0.000000e+00
4701 	6.055267e-04 	1.094298e+05 	2.533964e-124 	3.855760e-11 	8.881784e-16 	0.000000e+00
4702 	6.043157e-04 	1.094298e+05 	2.533964e-124 	3.855760e-11 	8.881784e-16 	0.000000e+00
4703 	6.031070e-04 	1.094298e+05 	2.533964e-124 	3.855760e-11 	8.881784e-16 	0.000000e+00
4704 	6.019008e-04 	1.094298e+05 	2.533964e-124 	3.855760e-11 	8.881784e-16 	0.000000e+00
4705 	6.006970e-04 	1.094298e+05 	2.533964e-124 	3.855760e-11 	8.881784e-16 	0.000000e+00
4706 	5.994956e-04 	1.094298e+05 	2.533964e-124 	3.855760e-11 	8.881784e-16 	0.000000e+00
4707 	5.982966e-04 	1.094298e+05 	2.533964e-124 	3.855760e-11 	8.881784e-16 	0.000000e+00
4708 	5.971000e-04 	1.094298e+05 	2.533964e-124 	3.855760e-11 	8.881784e-16 	0.000000e+00
4709 	5.959058e-04 	1.094298e+05 	2.533964e-124 	3.855760e-11 	8.881784e-16 	0.000000e+00
4710 	5.947140e-04 	1.094298e+05 	2.533964e-124 	3.855760e-11 	8.881784e-16 	0.000000e+00
4711 	5.935246e-04 	1.094298e+05 	2.533964e-124 	3.855760e-11 	8.881784e-16 	0.000000e+00
4712 	5.923375e-04 	1.094298e+05 	2.533964e-124 	3.855760e-11 	8.881784e-16 	0.000000e+00
4713 	5.911529e-04 	1.094298e+05 	2.533964e-124 	3.855760e-11 	8.881784e-16 	0.000000e+00
4714 	5.899706e-04 	1.094298e+05 	2.533964e-124 	3.855760e-11 	8.881784e-16 	0.000000e+00
4715 	5.887906e-04 	1.094298e+05 	2.533964e-124 	3.855760e-11 	8.881784e-16 	0.000000e+00
4716 	5.876130e-04 	1.094298e+05 	2.533964e-124 	3.855760e-11 	8.881784e-16 	0.000000e+00
4717 	5.864378e-04 	1.094298e+05 	2.533964e-124 	3.855760e-11 	8.881784e-16 	0.000000e+00
4718 	5.852649e-04 	1.094298e+05 	2.533964e-124 	3.855760e-11 	8.881784e-16 	0.000000e+00
4719 	5.840944e-04 	1.094298e+05 	2.533964e-124 	3.855760e-11 	8.881784e-16 	0.000000e+00
4720 	5.829262e-04 	1.094298e+05 	2.533964e-124 	3.855760e-11 	8.881784e-16 	0.000000e+00
4721 	5.817604e-04 	1.094298e+05 	2.533964e-124 	3.855760e-11 	8.881784e-16 	0.000000e+00
4722 	5.805968e-04 	1.094298e+05 	2.533964e-124 	3.855760e-11 	8.881784e-16 	0.000000e+00
4723 	5.794357e-04 	1.094298e+05 	2.533964e-124 	3.855760e-11 	8.881784e-16 	0.000000e+00
4724 	5.782768e-04 	1.094298e+05 	2.533964e-124 	3.855760e-11 	8.881784e-16 	0.000000e+00
4725 	5.771202e-04 	1.094298e+05 	2.533964e-124 	3.855760e-11 	8.881784e-16 	0.000000e+00
4726 	5.759660e-04 	1.094298e+05 	2.533964e-124 	3.855760e-11 	8.881784e-16 	0.000000e+00
4727 	5.748141e-04 	1.094298e+05 	2.533964e-124 	3.855760e-11 	8.881784e-16 	0.000000e+00
4728 	5.736644e-04 	1.094298e+05 	2.533964e-124 	3.855760e-11 	8.881784e-16 	0.000000e+00
4729 	5.725171e-04 	1.094298e+05 	2.533964e-124 	3.855760e-11 	8.881784e-16 	0.000000e+00
4730 	5.713721e-04 	1.094298e+05 	2.533964e-124 	3.855760e-11 	8.881784e-16 	0.000000e+00
4731 	5.702293e-04 	1.094298e+05 	2.533964e-124 	3.855760e-11 	8.881784e-16 	0.000000e+00
4732 	5.690889e-04 	1.094298e+05 	2.533964e-124 	3.855760e-11 	8.881784e-16 	0.000000e+00
4733 	5.679507e-04 	1.094298e+05 	2.533964e-124 	3.855760e-11 	8.881784e-16 	0.000000e+00
4734 	5.668148e-04 	1.094298e+05 	2.533964e-124 	3.855760e-11 	8.881784e-16 	0.000000e+00
4735 	5.656812e-04 	1.094298e+05 	2.533964e-124 	3.855760e-11 	8.881784e-16 	0.000000e+00
4736 	5.645498e-04 	1.094298e+05 	2.533964e-124 	3.855760e-11 	8.881784e-16 	0.000000e+00
4737 	5.634207e-04 	1.094298e+05 	2.533964e-124 	3.855760e-11 	8.881784e-16 	0.000000e+00
4738 	5.622938e-04 	1.094298e+05 	2.533964e-124 	3.855760e-11 	8.881784e-16 	0.000000e+00
4739 	5.611693e-04 	1.094298e+05 	2.533964e-124 	3.855760e-11 	8.881784e-16 	0.000000e+00
4740 	5.600469e-04 	1.094298e+05 	2.533964e-124 	3.855760e-11 	8.881784e-16 	0.000000e+00
4741 	5.589268e-04 	1.094298e+05 	2.533964e-124 	3.855760e-11 	8.881784e-16 	0.000000e+00
4742 	5.578090e-04 	1.094298e+05 	2.533964e-124 	3.855760e-11 	8.881784e-16 	0.000000e+00
4743 	5.566934e-04 	1.094298e+05 	2.533964e-124 	3.855760e-11 	8.881784e-16 	0.000000e+00
4744 	5.555800e-04 	1.094298e+05 	2.533964e-124 	3.855760e-11 	8.881784e-16 	0.000000e+00
4745 	5.544688e-04 	1.094298e+05 	2.533964e-124 	3.855760e-11 	8.881784e-16 	0.000000e+00
4746 	5.533599e-04 	1.094298e+05 	2.533964e-124 	3.855760e-11 	8.881784e-16 	0.000000e+00
4747 	5.522532e-04 	1.094298e+05 	2.533964e-124 	3.855760e-11 	8.881784e-16 	0.000000e+00
4748 	5.511486e-04 	1.094298e+05 	2.533964e-124 	3.855760e-11 	8.881784e-16 	0.000000e+00
4749 	5.500463e-04 	1.094298e+05 	2.533964e-124 	3.855760e-11 	8.881784e-16 	0.000000e+00
4750 	5.489463e-04 	1.094298e+05 	2.533964e-124 	3.855760e-11 	8.881784e-16 	0.000000e+00
4751 	5.478484e-04 	1.094298e+05 	2.533964e-124 	3.855760e-11 	8.881784e-16 	0.000000e+00
4752 	5.467527e-04 	1.094298e+05 	2.533964e-124 	3.855760e-11 	8.881784e-16 	0.000000e+00
4753 	5.456592e-04 	1.094298e+05 	2.533964e-124 	3.855760e-11 	8.881784e-16 	0.000000e+00
4754 	5.445678e-04 	1.094298e+05 	2.533964e-124 	3.855760e-11 	8.881784e-16 	0.000000e+00
4755 	5.434787e-04 	1.094298e+05 	2.533964e-124 	3.855760e-11 	8.881784e-16 	0.000000e+00
4756 	5.423918e-04 	1.094298e+05 	2.533964e-124 	3.855760e-11 	8.881784e-16 	0.000000e+00
4757 	5.413070e-04 	1.094298e+05 	2.533964e-124 	3.855760e-11 	8.881784e-16 	0.000000e+00
4758 	5.402244e-04 	1.094298e+05 	2.533964e-124 	3.855760e-11 	8.881784e-16 	0.000000e+00
4759 	5.391439e-04 	1.094298e+05 	2.533964e-124 	3.855760e-11 	8.881784e-16 	0.000000e+00
4760 	5.380656e-04 	1.094298e+05 	2.533964e-124 	3.855760e-11 	8.881784e-16 	0.000000e+00
4761 	5.369895e-04 	1.094298e+05 	2.533964e-124 	3.855760e-11 	8.881784e-16 	0.000000e+00
4762 	5.359155e-04 	1.094298e+05 	2.533964e-124 	3.855760e-11 	8.881784e-16 	0.000000e+00
4763 	5.348437e-04 	1.094298e+05 	2.533964e-124 	3.855760e-11 	8.881784e-16 	0.000000e+00
4764 	5.337740e-04 	1.094298e+05 	2.533964e-124 	3.855760e-11 	8.881784e-16 	0.000000e+00
4765 	5.327064e-04 	1.094298e+05 	2.533964e-124 	3.855760e-11 	8.881784e-16 	0.000000e+00
4766 	5.316410e-04 	1.094298e+05 	2.533964e-124 	3.855760e-11 	8.881784e-16 	0.000000e+00
4767 	5.305777e-04 	1.094298e+05 	2.533964e-124 	3.855760e-11 	8.881784e-16 	0.000000e+00
4768 	5.295166e-04 	1.094298e+05 	2.533964e-124 	3.855760e-11 	8.881784e-16 	0.000000e+00
4769 	5.284576e-04 	1.094298e+05 	2.533964e-124 	3.855760e-11 	8.881784e-16 	0.000000e+00
4770 	5.274006e-04 	1.094298e+05 	2.533964e-124 	3.855760e-11 	8.881784e-16 	0.000000e+00
4771 	5.263458e-04 	1.094298e+05 	2.533964e-124 	3.855760e-11 	8.881784e-16 	0.000000e+00
4772 	5.252931e-04 	1.094298e+05 	2.533964e-124 	3.855760e-11 	8.881784e-16 	0.000000e+00
4773 	5.242426e-04 	1.094298e+05 	2.533964e-124 	3.855760e-11 	8.881784e-16 	0.000000e+00
4774 	5.231941e-04 	1.094298e+05 	2.533964e-124 	3.855760e-11 	8.881784e-16 	0.000000e+00
4775 	5.221477e-04 	1.094298e+05 	2.533964e-124 	3.855760e-11 	8.881784e-16 	0.000000e+00
4776 	5.211034e-04 	1.094298e+05 	2.533964e-124 	3.855760e-11 	8.881784e-16 	0.000000e+00
4777 	5.200612e-04 	1.094298e+05 	2.533964e-124 	3.855760e-11 	8.881784e-16 	0.000000e+00
4778 	5.190211e-04 	1.094298e+05 	2.533964e-124 	3.855760e-11 	8.881784e-16 	0.000000e+00
4779 	5.179830e-04 	1.094298e+05 	2.533964e-124 	3.855760e-11 	8.881784e-16 	0.000000e+00
4780 	5.169471e-04 	1.094298e+05 	2.533964e-124 	3.855760e-11 	8.881784e-16 	0.000000e+00
4781 	5.159132e-04 	1.094298e+05 	2.533964e-124 	3.855760e-11 	8.881784e-16 	0.000000e+00
4782 	5.148813e-04 	1.094298e+05 	2.533964e-124 	3.855760e-11 	8.881784e-16 	0.000000e+00
4783 	5.138516e-04 	1.094298e+05 	2.533964e-124 	3.855760e-11 	8.881784e-16 	0.000000e+00
4784 	5.128239e-04 	1.094298e+05 	2.533964e-124 	3.855760e-11 	8.881784e-16 	0.000000e+00
4785 	5.117982e-04 	1.094298e+05 	2.533964e-124 	3.855760e-11 	8.881784e-16 	0.000000e+00
4786 	5.107746e-04 	1.094298e+05 	2.533964e-124 	3.855760e-11 	8.881784e-16 	0.000000e+00
4787 	5.097531e-04 	1.094298e+05 	2.533964e-124 	3.855760e-11 	8.881784e-16 	0.000000e+00
4788 	5.087336e-04 	1.094298e+05 	2.533964e-124 	3.855760e-11 	8.881784e-16 	0.000000e+00
4789 	5.077161e-04 	1.094298e+05 	2.533964e-124 	3.855760e-11 	8.881784e-16 	0.000000e+00
4790 	5.067007e-04 	1.094298e+05 	2.533964e-124 	3.855760e-11 	8.881784e-16 	0.000000e+00
4791 	5.056873e-04 	1.094298e+05 	2.533964e-124 	3.855760e-11 	8.881784e-16 	0.000000e+00
4792 	5.046759e-04 	1.094298e+05 	2.533964e-124 	3.855760e-11 	8.881784e-16 	0.000000e+00
4793 	5.036665e-04 	1.094298e+05 	2.533964e-124 	3.855760e-11 	8.881784e-16 	0.000000e+00
4794 	5.026592e-04 	1.094298e+05 	2.533964e-124 	3.855760e-11 	8.881784e-16 	0.000000e+00
4795 	5.016539e-04 	1.094298e+05 	2.533964e-124 	3.855760e-11 	8.881784e-16 	0.000000e+00
4796 	5.006506e-04 	1.094298e+05 	2.533964e-124 	3.855760e-11 	8.881784e-16 	0.000000e+00
4797 	4.996493e-04 	1.094298e+05 	2.533964e-124 	3.855760e-11 	8.881784e-16 	0.000000e+00
4798 	4.986500e-04 	1.094298e+05 	2.533964e-124 	3.855760e-11 	8.881784e-16 	0.000000e+00
4799 	4.976527e-04 	1.094298e+05 	2.533964e-124 	3.855760e-11 	8.881784e-16 	0.000000e+00
4800 	4.966574e-04 	1.094298e+05 	2.533964e-124 	3.855760e-11 	8.881784e-16 	0.000000e+00
4801 	4.956641e-04 	1.094298e+05 	2.533964e-124 	3.855760e-11 	8.881784e-16 	0.000000e+00
4802 	4.946727e-04 	1.094298e+05 	2.533964e-124 	3.855760e-11 	8.881784e-16 	0.000000e+00
4803 	4.936834e-04 	1.094298e+05 	2.533964e-124 	3.855760e-11 	8.881784e-16 	0.000000e+00
4804 	4.926960e-04 	1.094298e+05 	2.533964e-124 	3.855760e-11 	8.881784e-16 	0.000000e+00
4805 	4.917106e-04 	1.094298e+05 	2.533964e-124 	3.855760e-11 	8.881784e-16 	0.000000e+00
4806 	4.907272e-04 	1.094298e+05 	2.533964e-124 	3.855760e-11 	8.881784e-16 	0.000000e+00
4807 	4.897458e-04 	1.094298e+05 	2.533964e-124 	3.855760e-11 	8.881784e-16 	0.000000e+00
4808 	4.887663e-04 	1.094298e+05 	2.533964e-124 	3.855760e-11 	8.881784e-16 	0.000000e+00
4809 	4.877887e-04 	1.094298e+05 	2.533964e-124 	3.855760e-11 	8.881784e-16 	0.000000e+00
4810 	4.868132e-04 	1.094298e+05 	2.533964e-124 	3.855760e-11 	8.881784e-16 	0.000000e+00
4811 	4.858395e-04 	1.094298e+05 	2.533964e-124 	3.855760e-11 	8.881784e-16 	0.000000e+00
4812 	4.848678e-04 	1.094298e+05 	2.533964e-124 	3.855760e-11 	8.881784e-16 	0.000000e+00
4813 	4.838981e-04 	1.094298e+05 	2.533964e-124 	3.855760e-11 	8.881784e-16 	0.000000e+00
4814 	4.829303e-04 	1.094298e+05 	2.533964e-124 	3.855760e-11 	8.881784e-16 	0.000000e+00
4815 	4.819645e-04 	1.094298e+05 	2.533964e-124 	3.855760e-11 	8.881784e-16 	0.000000e+00
4816 	4.810005e-04 	1.094298e+05 	2.533964e-124 	3.855760e-11 	8.881784e-16 	0.000000e+00
4817 	4.800385e-04 	1.094298e+05 	2.533964e-124 	3.855760e-11 	8.881784e-16 	0.000000e+00
4818 	4.790784e-04 	1.094298e+05 	2.533964e-124 	3.855760e-11 	8.881784e-16 	0.000000e+00
4819 	4.781203e-04 	1.094298e+05 	2.533964e-124 	3.855760e-11 	8.881784e-16 	0.000000e+00
4820 	4.771641e-04 	1.094298e+05 	2.533964e-124 	3.855760e-11 	8.881784e-16 	0.000000e+00
4821 	4.762097e-04 	1.094298e+05 	2.533964e-124 	3.855760e-11 	8.881784e-16 	0.000000e+00
4822 	4.752573e-04 	1.094298e+05 	2.533964e-124 	3.855760e-11 	8.881784e-16 	0.000000e+00
4823 	4.743068e-04 	1.094298e+05 	2.533964e-124 	3.855760e-11 	8.881784e-16 	0.000000e+00
4824 	4.733582e-04 	1.094298e+05 	2.533964e-124 	3.855760e-11 	8.881784e-16 	0.000000e+00
4825 	4.724115e-04 	1.094298e+05 	2.533964e-124 	3.855760e-11 	8.881784e-16 	0.000000e+00
4826 	4.714666e-04 	1.094298e+05 	2.533964e-124 	3.855760e-11 	8.881784e-16 	0.000000e+00
4827 	4.705237e-04 	1.094298e+05 	2.533964e-124 	3.855760e-11 	8.881784e-16 	0.000000e+00
4828 	4.695827e-04 	1.094298e+05 	2.533964e-124 	3.855760e-11 	8.881784e-16 	0.000000e+00
4829 	4.686435e-04 	1.094298e+05 	2.533964e-124 	3.855760e-11 	8.881784e-16 	0.000000e+00
4830 	4.677062e-04 	1.094298e+05 	2.533964e-124 	3.855760e-11 	8.881784e-16 	0.000000e+00
4831 	4.667708e-04 	1.094298e+05 	2.533964e-124 	3.855760e-11 	8.881784e-16 	0.000000e+00
4832 	4.658372e-04 	1.094298e+05 	2.533964e-124 	3.855760e-11 	8.881784e-16 	0.000000e+00
4833 	4.649056e-04 	1.094298e+05 	2.533964e-124 	3.855760e-11 	8.881784e-16 	0.000000e+00
4834 	4.639758e-04 	1.094298e+05 	2.533964e-124 	3.855760e-11 	8.881784e-16 	0.000000e+00
4835 	4.630478e-04 	1.094298e+05 	2.533964e-124 	3.855760e-11 	8.881784e-16 	0.000000e+00
4836 	4.621217e-04 	1.094298e+05 	2.533964e-124 	3.855760e-11 	8.881784e-16 	0.000000e+00
4837 	4.611975e-04 	1.094298e+05 	2.533964e-124 	3.855760e-11 	8.881784e-16 	0.000000e+00
4838 	4.602751e-04 	1.094298e+05 	2.533964e-124 	3.855760e-11 	8.881784e-16 	0.000000e+00
4839 	4.593545e-04 	1.094298e+05 	2.533964e-124 	3.855760e-11 	8.881784e-16 	0.000000e+00
4840 	4.584358e-04 	1.094298e+05 	2.533964e-124 	3.855760e-11 	8.881784e-16 	0.000000e+00
4841 	4.575189e-04 	1.094298e+05 	2.533964e-124 	3.855760e-11 	8.881784e-16 	0.000000e+00
4842 	4.566039e-04 	1.094298e+05 	2.533964e-124 	3.855760e-11 	8.881784e-16 	0.000000e+00
4843 	4.556907e-04 	1.094298e+05 	2.533964e-124 	3.855760e-11 	8.881784e-16 	0.000000e+00
4844 	4.547793e-04 	1.094298e+05 	2.533964e-124 	3.855760e-11 	8.881784e-16 	0.000000e+00
4845 	4.538698e-04 	1.094298e+05 	2.533964e-124 	3.855760e-11 	8.881784e-16 	0.000000e+00
4846 	4.529620e-04 	1.094298e+05 	2.533964e-124 	3.855760e-11 	8.881784e-16 	0.000000e+00
4847 	4.520561e-04 	1.094298e+05 	2.533964e-124 	3.855760e-11 	8.881784e-16 	0.000000e+00
4848 	4.511520e-04 	1.094298e+05 	2.533964e-124 	3.855760e-11 	8.881784e-16 	0.000000e+00
4849 	4.502497e-04 	1.094298e+05 	2.533964e-124 	3.855760e-11 	8.881784e-16 	0.000000e+00
4850 	4.493492e-04 	1.094298e+05 	2.533964e-124 	3.855760e-11 	8.881784e-16 	0.000000e+00
4851 	4.484505e-04 	1.094298e+05 	2.533964e-124 	3.855760e-11 	8.881784e-16 	0.000000e+00
4852 	4.475536e-04 	1.094298e+05 	2.533964e-124 	3.855760e-11 	8.881784e-16 	0.000000e+00
4853 	4.466585e-04 	1.094298e+05 	2.533964e-124 	3.855760e-11 	8.881784e-16 	0.000000e+00
4854 	4.457652e-04 	1.094298e+05 	2.533964e-124 	3.855760e-11 	8.881784e-16 	0.000000e+00
4855 	4.448736e-04 	1.094298e+05 	2.533964e-124 	3.855760e-11 	8.881784e-16 	0.000000e+00
4856 	4.439839e-04 	1.094298e+05 	2.533964e-124 	3.855760e-11 	8.881784e-16 	0.000000e+00
4857 	4.430959e-04 	1.094298e+05 	2.533964e-124 	3.855760e-11 	8.881784e-16 	0.000000e+00
4858 	4.422097e-04 	1.094298e+05 	2.533964e-124 	3.855760e-11 	8.881784e-16 	0.000000e+00
4859 	4.413253e-04 	1.094298e+05 	2.533964e-124 	3.855760e-11 	8.881784e-16 	0.000000e+00
4860 	4.404427e-04 	1.094298e+05 	2.533964e-124 	3.855760e-11 	8.881784e-16 	0.000000e+00
4861 	4.395618e-04 	1.094298e+05 	2.533964e-124 	3.855760e-11 	8.881784e-16 	0.000000e+00
4862 	4.386826e-04 	1.094298e+05 	2.533964e-124 	3.855760e-11 	8.881784e-16 	0.000000e+00
4863 	4.378053e-04 	1.094298e+05 	2.533964e-124 	3.855760e-11 	8.881784e-16 	0.000000e+00
4864 	4.369297e-04 	1.094298e+05 	2.533964e-124 	3.855760e-11 	8.881784e-16 	0.000000e+00
4865 	4.360558e-04 	1.094298e+05 	2.533964e-124 	3.855760e-11 	8.881784e-16 	0.000000e+00
4866 	4.351837e-04 	1.094298e+05 	2.533964e-124 	3.855760e-11 	8.881784e-16 	0.000000e+00
4867 	4.343133e-04 	1.094298e+05 	2.533964e-124 	3.855760e-11 	8.881784e-16 	0.000000e+00
4868 	4.334447e-04 	1.094298e+05 	2.533964e-124 	3.855760e-11 	8.881784e-16 	0.000000e+00
4869 	4.325778e-04 	1.094298e+05 	2.533964e-124 	3.855760e-11 	8.881784e-16 	0.000000e+00
4870 	4.317127e-04 	1.094298e+05 	2.533964e-124 	3.855760e-11 	8.881784e-16 	0.000000e+00
4871 	4.308492e-04 	1.094298e+05 	2.533964e-124 	3.855760e-11 	8.881784e-16 	0.000000e+00
4872 	4.299875e-04 	1.094298e+05 	2.533964e-124 	3.855760e-11 	8.881784e-16 	0.000000e+00
4873 	4.291276e-04 	1.094298e+05 	2.533964e-124 	3.855760e-11 	8.881784e-16 	0.000000e+00
4874 	4.282693e-04 	1.094298e+05 	2.533964e-124 	3.855760e-11 	8.881784e-16 	0.000000e+00
4875 	4.274128e-04 	1.094298e+05 	2.533964e-124 	3.855760e-11 	8.881784e-16 	0.000000e+00
4876 	4.265579e-04 	1.094298e+05 	2.533964e-124 	3.855760e-11 	8.881784e-16 	0.000000e+00
4877 	4.257048e-04 	1.094298e+05 	2.533964e-124 	3.855760e-11 	8.881784e-16 	0.000000e+00
4878 	4.248534e-04 	1.094298e+05 	2.533964e-124 	3.855760e-11 	8.881784e-16 	0.000000e+00
4879 	4.240037e-04 	1.094298e+05 	2.533964e-124 	3.855760e-11 	8.881784e-16 	0.000000e+00
4880 	4.231557e-04 	1.094298e+05 	2.533964e-124 	3.855760e-11 	8.881784e-16 	0.000000e+00
4881 	4.223094e-04 	1.094298e+05 	2.533964e-124 	3.855760e-11 	8.881784e-16 	0.000000e+00
4882 	4.214648e-04 	1.094298e+05 	2.533964e-124 	3.855760e-11 	8.881784e-16 	0.000000e+00
4883 	4.206218e-04 	1.094298e+05 	2.533964e-124 	3.855760e-11 	8.881784e-16 	0.000000e+00
4884 	4.197806e-04 	1.094298e+05 	2.533964e-124 	3.855760e-11 	8.881784e-16 	0.000000e+00
4885 	4.189410e-04 	1.094298e+05 	2.533964e-124 	3.855760e-11 	8.881784e-16 	0.000000e+00
4886 	4.181032e-04 	1.094298e+05 	2.533964e-124 	3.855760e-11 	8.881784e-16 	0.000000e+00
4887 	4.172669e-04 	1.094298e+05 	2.533964e-124 	3.855760e-11 	8.881784e-16 	0.000000e+00
4888 	4.164324e-04 	1.094298e+05 	2.533964e-124 	3.855760e-11 	8.881784e-16 	0.000000e+00
4889 	4.155995e-04 	1.094298e+05 	2.533964e-124 	3.855760e-11 	8.881784e-16 	0.000000e+00
4890 	4.147683e-04 	1.094298e+05 	2.533964e-124 	3.855760e-11 	8.881784e-16 	0.000000e+00
4891 	4.139388e-04 	1.094298e+05 	2.533964e-124 	3.855760e-11 	8.881784e-16 	0.000000e+00
4892 	4.131109e-04 	1.094298e+05 	2.533964e-124 	3.855760e-11 	8.881784e-16 	0.000000e+00
4893 	4.122847e-04 	1.094298e+05 	2.533964e-124 	3.855760e-11 	8.881784e-16 	0.000000e+00
4894 	4.114601e-04 	1.094298e+05 	2.533964e-124 	3.855760e-11 	8.881784e-16 	0.000000e+00
4895 	4.106372e-04 	1.094298e+05 	2.533964e-124 	3.855760e-11 	8.881784e-16 	0.000000e+00
4896 	4.098159e-04 	1.094298e+05 	2.533964e-124 	3.855760e-11 	8.881784e-16 	0.000000e+00
4897 	4.089963e-04 	1.094298e+05 	2.533964e-124 	3.855760e-11 	8.881784e-16 	0.000000e+00
4898 	4.081783e-04 	1.094298e+05 	2.533964e-124 	3.855760e-11 	8.881784e-16 	0.000000e+00
4899 	4.073620e-04 	1.094298e+05 	2.533964e-124 	3.855760e-11 	8.881784e-16 	0.000000e+00
4900 	4.065472e-04 	1.094298e+05 	2.533964e-124 	3.855760e-11 	8.881784e-16 	0.000000e+00
4901 	4.057341e-04 	1.094298e+05 	2.533964e-124 	3.855760e-11 	8.881784e-16 	0.000000e+00
4902 	4.049227e-04 	1.094298e+05 	2.533964e-124 	3.855760e-11 	8.881784e-16 	0.000000e+00
4903 	4.041128e-04 	1.094298e+05 	2.533964e-124 	3.855760e-11 	8.881784e-16 	0.000000e+00
4904 	4.033046e-04 	1.094298e+05 	2.533964e-124 	3.855760e-11 	8.881784e-16 	0.000000e+00
4905 	4.024980e-04 	1.094298e+05 	2.533964e-124 	3.855760e-11 	8.881784e-16 	0.000000e+00
4906 	4.016930e-04 	1.094298e+05 	2.533964e-124 	3.855760e-11 	8.881784e-16 	0.000000e+00
4907 	4.008896e-04 	1.094298e+05 	2.533964e-124 	3.855760e-11 	8.881784e-16 	0.000000e+00
4908 	4.000878e-04 	1.094298e+05 	2.533964e-124 	3.855760e-11 	8.881784e-16 	0.000000e+00
4909 	3.992877e-04 	1.094298e+05 	2.533964e-124 	3.855760e-11 	8.881784e-16 	0.000000e+00
4910 	3.984891e-04 	1.094298e+05 	2.533964e-124 	3.855760e-11 	8.881784e-16 	0.000000e+00
4911 	3.976921e-04 	1.094298e+05 	2.533964e-124 	3.855760e-11 	8.881784e-16 	0.000000e+00
4912 	3.968967e-04 	1.094298e+05 	2.533964e-124 	3.855760e-11 	8.881784e-16 	0.000000e+00
4913 	3.961029e-04 	1.094298e+05 	2.533964e-124 	3.855760e-11 	8.881784e-16 	0.000000e+00
4914 	3.953107e-04 	1.094298e+05 	2.533964e-124 	3.855760e-11 	8.881784e-16 	0.000000e+00
4915 	3.945201e-04 	1.094298e+05 	2.533964e-124 	3.855760e-11 	8.881784e-16 	0.000000e+00
4916 	3.937311e-04 	1.094298e+05 	2.533964e-124 	3.855760e-11 	8.881784e-16 	0.000000e+00
4917 	3.929436e-04 	1.094298e+05 	2.533964e-124 	3.855760e-11 	8.881784e-16 	0.000000e+00
4918 	3.921577e-04 	1.094298e+05 	2.533964e-124 	3.855760e-11 	8.881784e-16 	0.000000e+00
4919 	3.913734e-04 	1.094298e+05 	2.533964e-124 	3.855760e-11 	8.881784e-16 	0.000000e+00
4920 	3.905907e-04 	1.094298e+05 	2.533964e-124 	3.855760e-11 	8.881784e-16 	0.000000e+00
4921 	3.898095e-04 	1.094298e+05 	2.533964e-124 	3.855760e-11 	8.881784e-16 	0.000000e+00
4922 	3.890299e-04 	1.094298e+05 	2.533964e-124 	3.855760e-11 	8.881784e-16 	0.000000e+00
4923 	3.882518e-04 	1.094298e+05 	2.533964e-124 	3.855760e-11 	8.881784e-16 	0.000000e+00
4924 	3.874753e-04 	1.094298e+05 	2.533964e-124 	3.855760e-11 	8.881784e-16 	0.000000e+00
4925 	3.867003e-04 	1.094298e+05 	2.533964e-124 	3.855760e-11 	8.881784e-16 	0.000000e+00
4926 	3.859269e-04 	1.094298e+05 	2.533964e-124 	3.855760e-11 	8.881784e-16 	0.000000e+00
4927 	3.851551e-04 	1.094298e+05 	2.533964e-124 	3.855760e-11 	8.881784e-16 	0.000000e+00
4928 	3.843848e-04 	1.094298e+05 	2.533964e-124 	3.855760e-11 	8.881784e-16 	0.000000e+00
4929 	3.836160e-04 	1.094298e+05 	2.533964e-124 	3.855760e-11 	8.881784e-16 	0.000000e+00
4930 	3.828488e-04 	1.094298e+05 	2.533964e-124 	3.855760e-11 	8.881784e-16 	0.000000e+00
4931 	3.820831e-04 	1.094298e+05 	2.533964e-124 	3.855760e-11 	8.881784e-16 	0.000000e+00
4932 	3.813189e-04 	1.094298e+05 	2.533964e-124 	3.855760e-11 	8.881784e-16 	0.000000e+00
4933 	3.805563e-04 	1.094298e+05 	2.533964e-124 	3.855760e-11 	8.881784e-16 	0.000000e+00
4934 	3.797952e-04 	1.094298e+05 	2.533964e-124 	3.855760e-11 	8.881784e-16 	0.000000e+00
4935 	3.790356e-04 	1.094298e+05 	2.533964e-124 	3.855760e-11 	8.881784e-16 	0.000000e+00
4936 	3.782775e-04 	1.094298e+05 	2.533964e-124 	3.855760e-11 	8.881784e-16 	0.000000e+00
4937 	3.775209e-04 	1.094298e+05 	2.533964e-124 	3.855760e-11 	8.881784e-16 	0.000000e+00
4938 	3.767659e-04 	1.094298e+05 	2.533964e-124 	3.855760e-11 	8.881784e-16 	0.000000e+00
4939 	3.760124e-04 	1.094298e+05 	2.533964e-124 	3.855760e-11 	8.881784e-16 	0.000000e+00
4940 	3.752603e-04 	1.094298e+05 	2.533964e-124 	3.855760e-11 	8.881784e-16 	0.000000e+00
4941 	3.745098e-04 	1.094298e+05 	2.533964e-124 	3.855760e-11 	8.881784e-16 	0.000000e+00
4942 	3.737608e-04 	1.094298e+05 	2.533964e-124 	3.855760e-11 	8.881784e-16 	0.000000e+00
4943 	3.730133e-04 	1.094298e+05 	2.533964e-124 	3.855760e-11 	8.881784e-16 	0.000000e+00
4944 	3.722673e-04 	1.094298e+05 	2.533964e-124 	3.855760e-11 	8.881784e-16 	0.000000e+00
4945 	3.715227e-04 	1.094298e+05 	2.533964e-124 	3.855760e-11 	8.881784e-16 	0.000000e+00
4946 	3.707797e-04 	1.094298e+05 	2.533964e-124 	3.855760e-11 	8.881784e-16 	0.000000e+00
4947 	3.700381e-04 	1.094298e+05 	2.533964e-124 	3.855760e-11 	8.881784e-16 	0.000000e+00
4948 	3.692980e-04 	1.094298e+05 	2.533964e-124 	3.855760e-11 	8.881784e-16 	0.000000e+00
4949 	3.685594e-04 	1.094298e+05 	2.533964e-124 	3.855760e-11 	8.881784e-16 	0.000000e+00
4950 	3.678223e-04 	1.094298e+05 	2.533964e-124 	3.855760e-11 	8.881784e-16 	0.000000e+00
4951 	3.670867e-04 	1.094298e+05 	2.533964e-124 	3.855760e-11 	8.881784e-16 	0.000000e+00
4952 	3.663525e-04 	1.094298e+05 	2.533964e-124 	3.855760e-11 	8.881784e-16 	0.000000e+00
4953 	3.656198e-04 	1.094298e+05 	2.533964e-124 	3.855760e-11 	8.881784e-16 	0.000000e+00
4954 	3.648886e-04 	1.094298e+05 	2.533964e-124 	3.855760e-11 	8.881784e-16 	0.000000e+00
4955 	3.641588e-04 	1.094298e+05 	2.533964e-124 	3.855760e-11 	8.881784e-16 	0.000000e+00
4956 	3.634305e-04 	1.094298e+05 	2.533964e-124 	3.855760e-11 	8.881784e-16 	0.000000e+00
4957 	3.627036e-04 	1.094298e+05 	2.533964e-124 	3.855760e-11 	8.881784e-16 	0.000000e+00
4958 	3.619782e-04 	1.094298e+05 	2.533964e-124 	3.855760e-11 	8.881784e-16 	0.000000e+00
4959 	3.612542e-04 	1.094298e+05 	2.533964e-124 	3.855760e-11 	8.881784e-16 	0.000000e+00
4960 	3.605317e-04 	1.094298e+05 	2.533964e-124 	3.855760e-11 	8.881784e-16 	0.000000e+00
4961 	3.598107e-04 	1.094298e+05 	2.533964e-124 	3.855760e-11 	8.881784e-16 	0.000000e+00
4962 	3.590910e-04 	1.094298e+05 	2.533964e-124 	3.855760e-11 	8.881784e-16 	0.000000e+00
4963 	3.583729e-04 	1.094298e+05 	2.533964e-124 	3.855760e-11 	8.881784e-16 	0.000000e+00
4964 	3.576561e-04 	1.094298e+05 	2.533964e-124 	3.855760e-11 	8.881784e-16 	0.000000e+00
4965 	3.569408e-04 	1.094298e+05 	2.533964e-124 	3.855760e-11 	8.881784e-16 	0.000000e+00
4966 	3.562269e-04 	1.094298e+05 	2.533964e-124 	3.855760e-11 	8.881784e-16 	0.000000e+00
4967 	3.555145e-04 	1.094298e+05 	2.533964e-124 	3.855760e-11 	8.881784e-16 	0.000000e+00
4968 	3.548034e-04 	1.094298e+05 	2.533964e-124 	3.855760e-11 	8.881784e-16 	0.000000e+00
4969 	3.540938e-04 	1.094298e+05 	2.533964e-124 	3.855760e-11 	8.881784e-16 	0.000000e+00
4970 	3.533857e-04 	1.094298e+05 	2.533964e-124 	3.855760e-11 	8.881784e-16 	0.000000e+00
4971 	3.526789e-04 	1.094298e+05 	2.533964e-124 	3.855760e-11 	8.881784e-16 	0.000000e+00
4972 	3.519735e-04 	1.094298e+05 	2.533964e-124 	3.855760e-11 	8.881784e-16 	0.000000e+00
4973 	3.512696e-04 	1.094298e+05 	2.533964e-124 	3.855760e-11 	8.881784e-16 	0.000000e+00
4974 	3.505670e-04 	1.094298e+05 	2.533964e-124 	3.855760e-11 	8.881784e-16 	0.000000e+00
4975 	3.498659e-04 	1.094298e+05 	2.533964e-124 	3.855760e-11 	8.881784e-16 	0.000000e+00
4976 	3.491662e-04 	1.094298e+05 	2.533964e-124 	3.855760e-11 	8.881784e-16 	0.000000e+00
4977 	3.484678e-04 	1.094298e+05 	2.533964e-124 	3.855760e-11 	8.881784e-16 	0.000000e+00
4978 	3.477709e-04 	1.094298e+05 	2.533964e-124 	3.855760e-11 	8.881784e-16 	0.000000e+00
4979 	3.470754e-04 	1.094298e+05 	2.533964e-124 	3.855760e-11 	8.881784e-16 	0.000000e+00
4980 	3.463812e-04 	1.094298e+05 	2.533964e-124 	3.855760e-11 	8.881784e-16 	0.000000e+00
4981 	3.456884e-04 	1.094298e+05 	2.533964e-124 	3.855760e-11 	8.881784e-16 	0.000000e+00
4982 	3.449971e-04 	1.094298e+05 	2.533964e-124 	3.855760e-11 	8.881784e-16 	0.000000e+00
4983 	3.443071e-04 	1.094298e+05 	2.533964e-124 	3.855760e-11 	8.881784e-16 	0.000000e+00
4984 	3.436185e-04 	1.094298e+05 	2.533964e-124 	3.855760e-11 	8.881784e-16 	0.000000e+00
4985 	3.429312e-04 	1.094298e+05 	2.533964e-124 	3.855760e-11 	8.881784e-16 	0.000000e+00
4986 	3.422454e-04 	1.094298e+05 	2.533964e-124 	3.855760e-11 	8.881784e-16 	0.000000e+00
4987 	3.415609e-04 	1.094298e+05 	2.533964e-124 	3.855760e-11 	8.881784e-16 	0.000000e+00
4988 	3.408777e-04 	1.094298e+05 	2.533964e-124 	3.855760e-11 	8.881784e-16 	0.000000e+00
4989 	3.401960e-04 	1.094298e+05 	2.533964e-124 	3.855760e-11 	8.881784e-16 	0.000000e+00
4990 	3.395156e-04 	1.094298e+05 	2.533964e-124 	3.855760e-11 	8.881784e-16 	0.000000e+00
4991 	3.388366e-04 	1.094298e+05 	2.533964e-124 	3.855760e-11 	8.881784e-16 	0.000000e+00
4992 	3.381589e-04 	1.094298e+05 	2.533964e-124 	3.855760e-11 	8.881784e-16 	0.000000e+00
4993 	3.374826e-04 	1.094298e+05 	2.533964e-124 	3.855760e-11 	8.881784e-16 	0.000000e+00
4994 	3.368076e-04 	1.094298e+05 	2.533964e-124 	3.855760e-11 	8.881784e-16 	0.000000e+00
4995 	3.361340e-04 	1.094298e+05 	2.533964e-124 	3.855760e-11 	8.881784e-16 	0.000000e+00
4996 	3.354617e-04 	1.094298e+05 	2.533964e-124 	3.855760e-11 	8.881784e-16 	0.000000e+00
4997 	3.347908e-04 	1.094298e+05 	2.533964e-124 	3.855760e-11 	8.881784e-16 	0.000000e+00
4998 	3.341212e-04 	1.094298e+05 	2.533964e-124 	3.855760e-11 	8.881784e-16 	0.000000e+00
4999 	3.334530e-04 	1.094298e+05 	2.533964e-124 	3.855760e-11 	8.881784e-16 	0.000000e+00
5000 	3.327861e-04 	1.094298e+05 	2.533964e-124 	3.855760e-11 	8.881784e-16 	0.000000e+00
5001 	3.321205e-04 	1.094298e+05 	2.533964e-124 	3.855760e-11 	8.881784e-16 	0.000000e+00
5002 	3.314563e-04 	1.094298e+05 	2.533964e-124 	3.855760e-11 	8.881784e-16 	0.000000e+00
5003 	3.307934e-04 	1.094298e+05 	2.533964e-124 	3.855760e-11 	8.881784e-16 	0.000000e+00
5004 	3.301318e-04 	1.094298e+05 	2.533964e-124 	3.855760e-11 	8.881784e-16 	0.000000e+00
5005 	3.294715e-04 	1.094298e+05 	2.533964e-124 	3.855760e-11 	8.881784e-16 	0.000000e+00
5006 	3.288126e-04 	1.094298e+05 	2.533964e-124 	3.855760e-11 	8.881784e-16 	0.000000e+00
5007 	3.281549e-04 	1.094298e+05 	2.533964e-124 	3.855760e-11 	8.881784e-16 	0.000000e+00
5008 	3.274986e-04 	1.094298e+05 	2.533964e-124 	3.855760e-11 	8.881784e-16 	0.000000e+00
5009 	3.268436e-04 	1.094298e+05 	2.533964e-124 	3.855760e-11 	8.881784e-16 	0.000000e+00
5010 	3.261899e-04 	1.094298e+05 	2.533964e-124 	3.855760e-11 	8.881784e-16 	0.000000e+00
5011 	3.255376e-04 	1.094298e+05 	2.533964e-124 	3.855760e-11 	8.881784e-16 	0.000000e+00
5012 	3.248865e-04 	1.094298e+05 	2.533964e-124 	3.855760e-11 	8.881784e-16 	0.000000e+00
5013 	3.242367e-04 	1.094298e+05 	2.533964e-124 	3.855760e-11 	8.881784e-16 	0.000000e+00
5014 	3.235882e-04 	1.094298e+05 	2.533964e-124 	3.855760e-11 	8.881784e-16 	0.000000e+00
5015 	3.229411e-04 	1.094298e+05 	2.533964e-124 	3.855760e-11 	8.881784e-16 	0.000000e+00
5016 	3.222952e-04 	1.094298e+05 	2.533964e-124 	3.855760e-11 	8.881784e-16 	0.000000e+00
5017 	3.216506e-04 	1.094298e+05 	2.533964e-124 	3.855760e-11 	8.881784e-16 	0.000000e+00
5018 	3.210073e-04 	1.094298e+05 	2.533964e-124 	3.855760e-11 	8.881784e-16 	0.000000e+00
5019 	3.203653e-04 	1.094298e+05 	2.533964e-124 	3.855760e-11 	8.881784e-16 	0.000000e+00
5020 	3.197245e-04 	1.094298e+05 	2.533964e-124 	3.855760e-11 	8.881784e-16 	0.000000e+00
5021 	3.190851e-04 	1.094298e+05 	2.533964e-124 	3.855760e-11 	8.881784e-16 	0.000000e+00
5022 	3.184469e-04 	1.094298e+05 	2.533964e-124 	3.855760e-11 	8.881784e-16 	0.000000e+00
5023 	3.178100e-04 	1.094298e+05 	2.533964e-124 	3.855760e-11 	8.881784e-16 	0.000000e+00
5024 	3.171744e-04 	1.094298e+05 	2.533964e-124 	3.855760e-11 	8.881784e-16 	0.000000e+00
5025 	3.165401e-04 	1.094298e+05 	2.533964e-124 	3.855760e-11 	8.881784e-16 	0.000000e+00
5026 	3.159070e-04 	1.094298e+05 	2.533964e-124 	3.855760e-11 	8.881784e-16 	0.000000e+00
5027 	3.152752e-04 	1.094298e+05 	2.533964e-124 	3.855760e-11 	8.881784e-16 	0.000000e+00
5028 	3.146446e-04 	1.094298e+05 	2.533964e-124 	3.855760e-11 	8.881784e-16 	0.000000e+00
5029 	3.140153e-04 	1.094298e+05 	2.533964e-124 	3.855760e-11 	8.881784e-16 	0.000000e+00
5030 	3.133873e-04 	1.094298e+05 	2.533964e-124 	3.855760e-11 	8.881784e-16 	0.000000e+00
5031 	3.127605e-04 	1.094298e+05 	2.533964e-124 	3.855760e-11 	8.881784e-16 	0.000000e+00
5032 	3.121350e-04 	1.094298e+05 	2.533964e-124 	3.855760e-11 	8.881784e-16 	0.000000e+00
5033 	3.115107e-04 	1.094298e+05 	2.533964e-124 	3.855760e-11 	8.881784e-16 	0.000000e+00
5034 	3.108877e-04 	1.094298e+05 	2.533964e-124 	3.855760e-11 	8.881784e-16 	0.000000e+00
5035 	3.102659e-04 	1.094298e+05 	2.533964e-124 	3.855760e-11 	8.881784e-16 	0.000000e+00
5036 	3.096454e-04 	1.094298e+05 	2.533964e-124 	3.855760e-11 	8.881784e-16 	0.000000e+00
5037 	3.090261e-04 	1.094298e+05 	2.533964e-124 	3.855760e-11 	8.881784e-16 	0.000000e+00
5038 	3.084081e-04 	1.094298e+05 	2.533964e-124 	3.855760e-11 	8.881784e-16 	0.000000e+00
5039 	3.077912e-04 	1.094298e+05 	2.533964e-124 	3.855760e-11 	8.881784e-16 	0.000000e+00
5040 	3.071757e-04 	1.094298e+05 	2.533964e-124 	3.855760e-11 	8.881784e-16 	0.000000e+00
5041 	3.065613e-04 	1.094298e+05 	2.533964e-124 	3.855760e-11 	8.881784e-16 	0.000000e+00
5042 	3.059482e-04 	1.094298e+05 	2.533964e-124 	3.855760e-11 	8.881784e-16 	0.000000e+00
5043 	3.053363e-04 	1.094298e+05 	2.533964e-124 	3.855760e-11 	8.881784e-16 	0.000000e+00
5044 	3.047256e-04 	1.094298e+05 	2.533964e-124 	3.855760e-11 	8.881784e-16 	0.000000e+00
5045 	3.041162e-04 	1.094298e+05 	2.533964e-124 	3.855760e-11 	8.881784e-16 	0.000000e+00
5046 	3.035079e-04 	1.094298e+05 	2.533964e-124 	3.855760e-11 	8.881784e-16 	0.000000e+00
5047 	3.029009e-04 	1.094298e+05 	2.533964e-124 	3.855760e-11 	8.881784e-16 	0.000000e+00
5048 	3.022951e-04 	1.094298e+05 	2.533964e-124 	3.855760e-11 	8.881784e-16 	0.000000e+00
5049 	3.016905e-04 	1.094298e+05 	2.533964e-124 	3.855760e-11 	8.881784e-16 	0.000000e+00
5050 	3.010871e-04 	1.094298e+05 	2.533964e-124 	3.855760e-11 	8.881784e-16 	0.000000e+00
5051 	3.004850e-04 	1.094298e+05 	2.533964e-124 	3.855760e-11 	8.881784e-16 	0.000000e+00
5052 	2.998840e-04 	1.094298e+05 	2.533964e-124 	3.855760e-11 	8.881784e-16 	0.000000e+00
5053 	2.992842e-04 	1.094298e+05 	2.533964e-124 	3.855760e-11 	8.881784e-16 	0.000000e+00
5054 	2.986857e-04 	1.094298e+05 	2.533964e-124 	3.855760e-11 	8.881784e-16 	0.000000e+00
5055 	2.980883e-04 	1.094298e+05 	2.533964e-124 	3.855760e-11 	8.881784e-16 	0.000000e+00
5056 	2.974921e-04 	1.094298e+05 	2.533964e-124 	3.855760e-11 	8.881784e-16 	0.000000e+00
5057 	2.968971e-04 	1.094298e+05 	2.533964e-124 	3.855760e-11 	8.881784e-16 	0.000000e+00
5058 	2.963033e-04 	1.094298e+05 	2.533964e-124 	3.855760e-11 	8.881784e-16 	0.000000e+00
5059 	2.957107e-04 	1.094298e+05 	2.533964e-124 	3.855760e-11 	8.881784e-16 	0.000000e+00
5060 	2.951193e-04 	1.094298e+05 	2.533964e-124 	3.855760e-11 	8.881784e-16 	0.000000e+00
5061 	2.945291e-04 	1.094298e+05 	2.533964e-124 	3.855760e-11 	8.881784e-16 	0.000000e+00
5062 	2.939400e-04 	1.094298e+05 	2.533964e-124 	3.855760e-11 	8.881784e-16 	0.000000e+00
5063 	2.933521e-04 	1.094298e+05 	2.533964e-124 	3.855760e-11 	8.881784e-16 	0.000000e+00
5064 	2.927654e-04 	1.094298e+05 	2.533964e-124 	3.855760e-11 	8.881784e-16 	0.000000e+00
5065 	2.921799e-04 	1.094298e+05 	2.533964e-124 	3.855760e-11 	8.881784e-16 	0.000000e+00
5066 	2.915955e-04 	1.094298e+05 	2.533964e-124 	3.855760e-11 	8.881784e-16 	0.000000e+00
5067 	2.910123e-04 	1.094298e+05 	2.533964e-124 	3.855760e-11 	8.881784e-16 	0.000000e+00
5068 	2.904303e-04 	1.094298e+05 	2.533964e-124 	3.855760e-11 	8.881784e-16 	0.000000e+00
5069 	2.898495e-04 	1.094298e+05 	2.533964e-124 	3.855760e-11 	8.881784e-16 	0.000000e+00
5070 	2.892698e-04 	1.094298e+05 	2.533964e-124 	3.855760e-11 	8.881784e-16 	0.000000e+00
5071 	2.886912e-04 	1.094298e+05 	2.533964e-124 	3.855760e-11 	8.881784e-16 	0.000000e+00
5072 	2.881138e-04 	1.094298e+05 	2.533964e-124 	3.855760e-11 	8.881784e-16 	0.000000e+00
5073 	2.875376e-04 	1.094298e+05 	2.533964e-124 	3.855760e-11 	8.881784e-16 	0.000000e+00
5074 	2.869625e-04 	1.094298e+05 	2.533964e-124 	3.855760e-11 	8.881784e-16 	0.000000e+00
5075 	2.863886e-04 	1.094298e+05 	2.533964e-124 	3.855760e-11 	8.881784e-16 	0.000000e+00
5076 	2.858158e-04 	1.094298e+05 	2.533964e-124 	3.855760e-11 	8.881784e-16 	0.000000e+00
5077 	2.852442e-04 	1.094298e+05 	2.533964e-124 	3.855760e-11 	8.881784e-16 	0.000000e+00
5078 	2.846737e-04 	1.094298e+05 	2.533964e-124 	3.855760e-11 	8.881784e-16 	0.000000e+00
5079 	2.841044e-04 	1.094298e+05 	2.533964e-124 	3.855760e-11 	8.881784e-16 	0.000000e+00
5080 	2.835362e-04 	1.094298e+05 	2.533964e-124 	3.855760e-11 	8.881784e-16 	0.000000e+00
5081 	2.829691e-04 	1.094298e+05 	2.533964e-124 	3.855760e-11 	8.881784e-16 	0.000000e+00
5082 	2.824031e-04 	1.094298e+05 	2.533964e-124 	3.855760e-11 	8.881784e-16 	0.000000e+00
5083 	2.818383e-04 	1.094298e+05 	2.533964e-124 	3.855760e-11 	8.881784e-16 	0.000000e+00
5084 	2.812747e-04 	1.094298e+05 	2.533964e-124 	3.855760e-11 	8.881784e-16 	0.000000e+00
5085 	2.807121e-04 	1.094298e+05 	2.533964e-124 	3.855760e-11 	8.881784e-16 	0.000000e+00
5086 	2.801507e-04 	1.094298e+05 	2.533964e-124 	3.855760e-11 	8.881784e-16 	0.000000e+00
5087 	2.795904e-04 	1.094298e+05 	2.533964e-124 	3.855760e-11 	8.881784e-16 	0.000000e+00
5088 	2.790312e-04 	1.094298e+05 	2.533964e-124 	3.855760e-11 	8.881784e-16 	0.000000e+00
5089 	2.784731e-04 	1.094298e+05 	2.533964e-124 	3.855760e-11 	8.881784e-16 	0.000000e+00
5090 	2.779162e-04 	1.094298e+05 	2.533964e-124 	3.855760e-11 	8.881784e-16 	0.000000e+00
5091 	2.773604e-04 	1.094298e+05 	2.533964e-124 	3.855760e-11 	8.881784e-16 	0.000000e+00
5092 	2.768056e-04 	1.094298e+05 	2.533964e-124 	3.855760e-11 	8.881784e-16 	0.000000e+00
5093 	2.762520e-04 	1.094298e+05 	2.533964e-124 	3.855760e-11 	8.881784e-16 	0.000000e+00
5094 	2.756995e-04 	1.094298e+05 	2.533964e-124 	3.855760e-11 	8.881784e-16 	0.000000e+00
5095 	2.751481e-04 	1.094298e+05 	2.533964e-124 	3.855760e-11 	8.881784e-16 	0.000000e+00
5096 	2.745978e-04 	1.094298e+05 	2.533964e-124 	3.855760e-11 	8.881784e-16 	0.000000e+00
5097 	2.740486e-04 	1.094298e+05 	2.533964e-124 	3.855760e-11 	8.881784e-16 	0.000000e+00
5098 	2.735005e-04 	1.094298e+05 	2.533964e-124 	3.855760e-11 	8.881784e-16 	0.000000e+00
5099 	2.729535e-04 	1.094298e+05 	2.533964e-124 	3.855760e-11 	8.881784e-16 	0.000000e+00
5100 	2.724076e-04 	1.094298e+05 	2.533964e-124 	3.855760e-11 	8.881784e-16 	0.000000e+00
5101 	2.718628e-04 	1.094298e+05 	2.533964e-124 	3.855760e-11 	8.881784e-16 	0.000000e+00
5102 	2.713191e-04 	1.094298e+05 	2.533964e-124 	3.855760e-11 	8.881784e-16 	0.000000e+00
5103 	2.707765e-04 	1.094298e+05 	2.533964e-124 	3.855760e-11 	8.881784e-16 	0.000000e+00
5104 	2.702349e-04 	1.094298e+05 	2.533964e-124 	3.855760e-11 	8.881784e-16 	0.000000e+00
5105 	2.696944e-04 	1.094298e+05 	2.533964e-124 	3.855760e-11 	8.881784e-16 	0.000000e+00
5106 	2.691550e-04 	1.094298e+05 	2.533964e-124 	3.855760e-11 	8.881784e-16 	0.000000e+00
5107 	2.686167e-04 	1.094298e+05 	2.533964e-124 	3.855760e-11 	8.881784e-16 	0.000000e+00
5108 	2.680795e-04 	1.094298e+05 	2.533964e-124 	3.855760e-11 	8.881784e-16 	0.000000e+00
5109 	2.675433e-04 	1.094298e+05 	2.533964e-124 	3.855760e-11 	8.881784e-16 	0.000000e+00
5110 	2.670083e-04 	1.094298e+05 	2.533964e-124 	3.855760e-11 	8.881784e-16 	0.000000e+00
5111 	2.664742e-04 	1.094298e+05 	2.533964e-124 	3.855760e-11 	8.881784e-16 	0.000000e+00
5112 	2.659413e-04 	1.094298e+05 	2.533964e-124 	3.855760e-11 	8.881784e-16 	0.000000e+00
5113 	2.654094e-04 	1.094298e+05 	2.533964e-124 	3.855760e-11 	8.881784e-16 	0.000000e+00
5114 	2.648786e-04 	1.094298e+05 	2.533964e-124 	3.855760e-11 	8.881784e-16 	0.000000e+00
5115 	2.643488e-04 	1.094298e+05 	2.533964e-124 	3.855760e-11 	8.881784e-16 	0.000000e+00
5116 	2.638201e-04 	1.094298e+05 	2.533964e-124 	3.855760e-11 	8.881784e-16 	0.000000e+00
5117 	2.632925e-04 	1.094298e+05 	2.533964e-124 	3.855760e-11 	8.881784e-16 	0.000000e+00
5118 	2.627659e-04 	1.094298e+05 	2.533964e-124 	3.855760e-11 	8.881784e-16 	0.000000e+00
5119 	2.622404e-04 	1.094298e+05 	2.533964e-124 	3.855760e-11 	8.881784e-16 	0.000000e+00
5120 	2.617159e-04 	1.094298e+05 	2.533964e-124 	3.855760e-11 	8.881784e-16 	0.000000e+00
5121 	2.611925e-04 	1.094298e+05 	2.533964e-124 	3.855760e-11 	8.881784e-16 	0.000000e+00
5122 	2.606701e-04 	1.094298e+05 	2.533964e-124 	3.855760e-11 	8.881784e-16 	0.000000e+00
5123 	2.601487e-04 	1.094298e+05 	2.533964e-124 	3.855760e-11 	8.881784e-16 	0.000000e+00
5124 	2.596284e-04 	1.094298e+05 	2.533964e-124 	3.855760e-11 	8.881784e-16 	0.000000e+00
5125 	2.591092e-04 	1.094298e+05 	2.533964e-124 	3.855760e-11 	8.881784e-16 	0.000000e+00
5126 	2.585910e-04 	1.094298e+05 	2.533964e-124 	3.855760e-11 	8.881784e-16 	0.000000e+00
5127 	2.580738e-04 	1.094298e+05 	2.533964e-124 	3.855760e-11 	8.881784e-16 	0.000000e+00
5128 	2.575576e-04 	1.094298e+05 	2.533964e-124 	3.855760e-11 	8.881784e-16 	0.000000e+00
5129 	2.570425e-04 	1.094298e+05 	2.533964e-124 	3.855760e-11 	8.881784e-16 	0.000000e+00
5130 	2.565284e-04 	1.094298e+05 	2.533964e-124 	3.855760e-11 	8.881784e-16 	0.000000e+00
5131 	2.560154e-04 	1.094298e+05 	2.533964e-124 	3.855760e-11 	8.881784e-16 	0.000000e+00
5132 	2.555034e-04 	1.094298e+05 	2.533964e-124 	3.855760e-11 	8.881784e-16 	0.000000e+00
5133 	2.549923e-04 	1.094298e+05 	2.533964e-124 	3.855760e-11 	8.881784e-16 	0.000000e+00
5134 	2.544824e-04 	1.094298e+05 	2.533964e-124 	3.855760e-11 	8.881784e-16 	0.000000e+00
5135 	2.539734e-04 	1.094298e+05 	2.533964e-124 	3.855760e-11 	8.881784e-16 	0.000000e+00
5136 	2.534654e-04 	1.094298e+05 	2.533964e-124 	3.855760e-11 	8.881784e-16 	0.000000e+00
5137 	2.529585e-04 	1.094298e+05 	2.533964e-124 	3.855760e-11 	8.881784e-16 	0.000000e+00
5138 	2.524526e-04 	1.094298e+05 	2.533964e-124 	3.855760e-11 	8.881784e-16 	0.000000e+00
5139 	2.519477e-04 	1.094298e+05 	2.533964e-124 	3.855760e-11 	8.881784e-16 	0.000000e+00
5140 	2.514438e-04 	1.094298e+05 	2.533964e-124 	3.855760e-11 	8.881784e-16 	0.000000e+00
5141 	2.509409e-04 	1.094298e+05 	2.533964e-124 	3.855760e-11 	8.881784e-16 	0.000000e+00
5142 	2.504390e-04 	1.094298e+05 	2.533964e-124 	3.855760e-11 	8.881784e-16 	0.000000e+00
5143 	2.499382e-04 	1.094298e+05 	2.533964e-124 	3.855760e-11 	8.881784e-16 	0.000000e+00
5144 	2.494383e-04 	1.094298e+05 	2.533964e-124 	3.855760e-11 	8.881784e-16 	0.000000e+00
5145 	2.489394e-04 	1.094298e+05 	2.533964e-124 	3.855760e-11 	8.881784e-16 	0.000000e+00
5146 	2.484415e-04 	1.094298e+05 	2.533964e-124 	3.855760e-11 	8.881784e-16 	0.000000e+00
5147 	2.479446e-04 	1.094298e+05 	2.533964e-124 	3.855760e-11 	8.881784e-16 	0.000000e+00
5148 	2.474487e-04 	1.094298e+05 	2.533964e-124 	3.855760e-11 	8.881784e-16 	0.000000e+00
5149 	2.469539e-04 	1.094298e+05 	2.533964e-124 	3.855760e-11 	8.881784e-16 	0.000000e+00
5150 	2.464599e-04 	1.094298e+05 	2.533964e-124 	3.855760e-11 	8.881784e-16 	0.000000e+00
5151 	2.459670e-04 	1.094298e+05 	2.533964e-124 	3.855760e-11 	8.881784e-16 	0.000000e+00
5152 	2.454751e-04 	1.094298e+05 	2.533964e-124 	3.855760e-11 	8.881784e-16 	0.000000e+00
5153 	2.449841e-04 	1.094298e+05 	2.533964e-124 	3.855760e-11 	8.881784e-16 	0.000000e+00
5154 	2.444942e-04 	1.094298e+05 	2.533964e-124 	3.855760e-11 	8.881784e-16 	0.000000e+00
5155 	2.440052e-04 	1.094298e+05 	2.533964e-124 	3.855760e-11 	8.881784e-16 	0.000000e+00
5156 	2.435172e-04 	1.094298e+05 	2.533964e-124 	3.855760e-11 	8.881784e-16 	0.000000e+00
5157 	2.430301e-04 	1.094298e+05 	2.533964e-124 	3.855760e-11 	8.881784e-16 	0.000000e+00
5158 	2.425441e-04 	1.094298e+05 	2.533964e-124 	3.855760e-11 	8.881784e-16 	0.000000e+00
5159 	2.420590e-04 	1.094298e+05 	2.533964e-124 	3.855760e-11 	8.881784e-16 	0.000000e+00
5160 	2.415749e-04 	1.094298e+05 	2.533964e-124 	3.855760e-11 	8.881784e-16 	0.000000e+00
5161 	2.410917e-04 	1.094298e+05 	2.533964e-124 	3.855760e-11 	8.881784e-16 	0.000000e+00
5162 	2.406095e-04 	1.094298e+05 	2.533964e-124 	3.855760e-11 	8.881784e-16 	0.000000e+00
5163 	2.401283e-04 	1.094298e+05 	2.533964e-124 	3.855760e-11 	8.881784e-16 	0.000000e+00
5164 	2.396481e-04 	1.094298e+05 	2.533964e-124 	3.855760e-11 	8.881784e-16 	0.000000e+00
5165 	2.391688e-04 	1.094298e+05 	2.533964e-124 	3.855760e-11 	8.881784e-16 	0.000000e+00
5166 	2.386904e-04 	1.094298e+05 	2.533964e-124 	3.855760e-11 	8.881784e-16 	0.000000e+00
5167 	2.382130e-04 	1.094298e+05 	2.533964e-124 	3.855760e-11 	8.881784e-16 	0.000000e+00
5168 	2.377366e-04 	1.094298e+05 	2.533964e-124 	3.855760e-11 	8.881784e-16 	0.000000e+00
5169 	2.372611e-04 	1.094298e+05 	2.533964e-124 	3.855760e-11 	8.881784e-16 	0.000000e+00
5170 	2.367866e-04 	1.094298e+05 	2.533964e-124 	3.855760e-11 	8.881784e-16 	0.000000e+00
5171 	2.363131e-04 	1.094298e+05 	2.533964e-124 	3.855760e-11 	8.881784e-16 	0.000000e+00
5172 	2.358404e-04 	1.094298e+05 	2.533964e-124 	3.855760e-11 	8.881784e-16 	0.000000e+00
5173 	2.353687e-04 	1.094298e+05 	2.533964e-124 	3.855760e-11 	8.881784e-16 	0.000000e+00
5174 	2.348980e-04 	1.094298e+05 	2.533964e-124 	3.855760e-11 	8.881784e-16 	0.000000e+00
5175 	2.344282e-04 	1.094298e+05 	2.533964e-124 	3.855760e-11 	8.881784e-16 	0.000000e+00
5176 	2.339594e-04 	1.094298e+05 	2.533964e-124 	3.855760e-11 	8.881784e-16 	0.000000e+00
5177 	2.334914e-04 	1.094298e+05 	2.533964e-124 	3.855760e-11 	8.881784e-16 	0.000000e+00
5178 	2.330245e-04 	1.094298e+05 	2.533964e-124 	3.855760e-11 	8.881784e-16 	0.000000e+00
5179 	2.325584e-04 	1.094298e+05 	2.533964e-124 	3.855760e-11 	8.881784e-16 	0.000000e+00
5180 	2.320933e-04 	1.094298e+05 	2.533964e-124 	3.855760e-11 	8.881784e-16 	0.000000e+00
5181 	2.316291e-04 	1.094298e+05 	2.533964e-124 	3.855760e-11 	8.881784e-16 	0.000000e+00
5182 	2.311658e-04 	1.094298e+05 	2.533964e-124 	3.855760e-11 	8.881784e-16 	0.000000e+00
5183 	2.307035e-04 	1.094298e+05 	2.533964e-124 	3.855760e-11 	8.881784e-16 	0.000000e+00
5184 	2.302421e-04 	1.094298e+05 	2.533964e-124 	3.855760e-11 	8.881784e-16 	0.000000e+00
5185 	2.297816e-04 	1.094298e+05 	2.533964e-124 	3.855760e-11 	8.881784e-16 	0.000000e+00
5186 	2.293221e-04 	1.094298e+05 	2.533964e-124 	3.855760e-11 	8.881784e-16 	0.000000e+00
5187 	2.288634e-04 	1.094298e+05 	2.533964e-124 	3.855760e-11 	8.881784e-16 	0.000000e+00
5188 	2.284057e-04 	1.094298e+05 	2.533964e-124 	3.855760e-11 	8.881784e-16 	0.000000e+00
5189 	2.279489e-04 	1.094298e+05 	2.533964e-124 	3.855760e-11 	8.881784e-16 	0.000000e+00
5190 	2.274930e-04 	1.094298e+05 	2.533964e-124 	3.855760e-11 	8.881784e-16 	0.000000e+00
5191 	2.270380e-04 	1.094298e+05 	2.533964e-124 	3.855760e-11 	8.881784e-16 	0.000000e+00
5192 	2.265839e-04 	1.094298e+05 	2.533964e-124 	3.855760e-11 	8.881784e-16 	0.000000e+00
5193 	2.261307e-04 	1.094298e+05 	2.533964e-124 	3.855760e-11 	8.881784e-16 	0.000000e+00
5194 	2.256785e-04 	1.094298e+05 	2.533964e-124 	3.855760e-11 	8.881784e-16 	0.000000e+00
5195 	2.252271e-04 	1.094298e+05 	2.533964e-124 	3.855760e-11 	8.881784e-16 	0.000000e+00
5196 	2.247767e-04 	1.094298e+05 	2.533964e-124 	3.855760e-11 	8.881784e-16 	0.000000e+00
5197 	2.243271e-04 	1.094298e+05 	2.533964e-124 	3.855760e-11 	8.881784e-16 	0.000000e+00
5198 	2.238785e-04 	1.094298e+05 	2.533964e-124 	3.855760e-11 	8.881784e-16 	0.000000e+00
5199 	2.234307e-04 	1.094298e+05 	2.533964e-124 	3.855760e-11 	8.881784e-16 	0.000000e+00
5200 	2.229838e-04 	1.094298e+05 	2.533964e-124 	3.855760e-11 	8.881784e-16 	0.000000e+00
5201 	2.225379e-04 	1.094298e+05 	2.533964e-124 	3.855760e-11 	8.881784e-16 	0.000000e+00
5202 	2.220928e-04 	1.094298e+05 	2.533964e-124 	3.855760e-11 	8.881784e-16 	0.000000e+00
5203 	2.216486e-04 	1.094298e+05 	2.533964e-124 	3.855760e-11 	8.881784e-16 	0.000000e+00
5204 	2.212053e-04 	1.094298e+05 	2.533964e-124 	3.855760e-11 	8.881784e-16 	0.000000e+00
5205 	2.207629e-04 	1.094298e+05 	2.533964e-124 	3.855760e-11 	8.881784e-16 	0.000000e+00
5206 	2.203214e-04 	1.094298e+05 	2.533964e-124 	3.855760e-11 	8.881784e-16 	0.000000e+00
5207 	2.198807e-04 	1.094298e+05 	2.533964e-124 	3.855760e-11 	8.881784e-16 	0.000000e+00
5208 	2.194410e-04 	1.094298e+05 	2.533964e-124 	3.855760e-11 	8.881784e-16 	0.000000e+00
5209 	2.190021e-04 	1.094298e+05 	2.533964e-124 	3.855760e-11 	8.881784e-16 	0.000000e+00
5210 	2.185641e-04 	1.094298e+05 	2.533964e-124 	3.855760e-11 	8.881784e-16 	0.000000e+00
5211 	2.181270e-04 	1.094298e+05 	2.533964e-124 	3.855760e-11 	8.881784e-16 	0.000000e+00
5212 	2.176907e-04 	1.094298e+05 	2.533964e-124 	3.855760e-11 	8.881784e-16 	0.000000e+00
5213 	2.172553e-04 	1.094298e+05 	2.533964e-124 	3.855760e-11 	8.881784e-16 	0.000000e+00
5214 	2.168208e-04 	1.094298e+05 	2.533964e-124 	3.855760e-11 	8.881784e-16 	0.000000e+00
5215 	2.163872e-04 	1.094298e+05 	2.533964e-124 	3.855760e-11 	8.881784e-16 	0.000000e+00
5216 	2.159544e-04 	1.094298e+05 	2.533964e-124 	3.855760e-11 	8.881784e-16 	0.000000e+00
5217 	2.155225e-04 	1.094298e+05 	2.533964e-124 	3.855760e-11 	8.881784e-16 	0.000000e+00
5218 	2.150915e-04 	1.094298e+05 	2.533964e-124 	3.855760e-11 	8.881784e-16 	0.000000e+00
5219 	2.146613e-04 	1.094298e+05 	2.533964e-124 	3.855760e-11 	8.881784e-16 	0.000000e+00
5220 	2.142319e-04 	1.094298e+05 	2.533964e-124 	3.855760e-11 	8.881784e-16 	0.000000e+00
5221 	2.138035e-04 	1.094298e+05 	2.533964e-124 	3.855760e-11 	8.881784e-16 	0.000000e+00
5222 	2.133759e-04 	1.094298e+05 	2.533964e-124 	3.855760e-11 	8.881784e-16 	0.000000e+00
5223 	2.129491e-04 	1.094298e+05 	2.533964e-124 	3.855760e-11 	8.881784e-16 	0.000000e+00
5224 	2.125232e-04 	1.094298e+05 	2.533964e-124 	3.855760e-11 	8.881784e-16 	0.000000e+00
5225 	2.120982e-04 	1.094298e+05 	2.533964e-124 	3.855760e-11 	8.881784e-16 	0.000000e+00
5226 	2.116740e-04 	1.094298e+05 	2.533964e-124 	3.855760e-11 	8.881784e-16 	0.000000e+00
5227 	2.112506e-04 	1.094298e+05 	2.533964e-124 	3.855760e-11 	8.881784e-16 	0.000000e+00
5228 	2.108281e-04 	1.094298e+05 	2.533964e-124 	3.855760e-11 	8.881784e-16 	0.000000e+00
5229 	2.104065e-04 	1.094298e+05 	2.533964e-124 	3.855760e-11 	8.881784e-16 	0.000000e+00
5230 	2.099857e-04 	1.094298e+05 	2.533964e-124 	3.855760e-11 	8.881784e-16 	0.000000e+00
5231 	2.095657e-04 	1.094298e+05 	2.533964e-124 	3.855760e-11 	8.881784e-16 	0.000000e+00
5232 	2.091466e-04 	1.094298e+05 	2.533964e-124 	3.855760e-11 	8.881784e-16 	0.000000e+00
5233 	2.087283e-04 	1.094298e+05 	2.533964e-124 	3.855760e-11 	8.881784e-16 	0.000000e+00
5234 	2.083108e-04 	1.094298e+05 	2.533964e-124 	3.855760e-11 	8.881784e-16 	0.000000e+00
5235 	2.078942e-04 	1.094298e+05 	2.533964e-124 	3.855760e-11 	8.881784e-16 	0.000000e+00
5236 	2.074784e-04 	1.094298e+05 	2.533964e-124 	3.855760e-11 	8.881784e-16 	0.000000e+00
5237 	2.070634e-04 	1.094298e+05 	2.533964e-124 	3.855760e-11 	8.881784e-16 	0.000000e+00
5238 	2.066493e-04 	1.094298e+05 	2.533964e-124 	3.855760e-11 	8.881784e-16 	0.000000e+00
5239 	2.062360e-04 	1.094298e+05 	2.533964e-124 	3.855760e-11 	8.881784e-16 	0.000000e+00
5240 	2.058235e-04 	1.094298e+05 	2.533964e-124 	3.855760e-11 	8.881784e-16 	0.000000e+00
5241 	2.054119e-04 	1.094298e+05 	2.533964e-124 	3.855760e-11 	8.881784e-16 	0.000000e+00
5242 	2.050011e-04 	1.094298e+05 	2.533964e-124 	3.855760e-11 	8.881784e-16 	0.000000e+00
5243 	2.045911e-04 	1.094298e+05 	2.533964e-124 	3.855760e-11 	8.881784e-16 	0.000000e+00
5244 	2.041819e-04 	1.094298e+05 	2.533964e-124 	3.855760e-11 	8.881784e-16 	0.000000e+00
5245 	2.037735e-04 	1.094298e+05 	2.533964e-124 	3.855760e-11 	8.881784e-16 	0.000000e+00
5246 	2.033660e-04 	1.094298e+05 	2.533964e-124 	3.855760e-11 	8.881784e-16 	0.000000e+00
5247 	2.029592e-04 	1.094298e+05 	2.533964e-124 	3.855760e-11 	8.881784e-16 	0.000000e+00
5248 	2.025533e-04 	1.094298e+05 	2.533964e-124 	3.855760e-11 	8.881784e-16 	0.000000e+00
5249 	2.021482e-04 	1.094298e+05 	2.533964e-124 	3.855760e-11 	8.881784e-16 	0.000000e+00
5250 	2.017439e-04 	1.094298e+05 	2.533964e-124 	3.855760e-11 	8.881784e-16 	0.000000e+00
5251 	2.013404e-04 	1.094298e+05 	2.533964e-124 	3.855760e-11 	8.881784e-16 	0.000000e+00
5252 	2.009378e-04 	1.094298e+05 	2.533964e-124 	3.855760e-11 	8.881784e-16 	0.000000e+00
5253 	2.005359e-04 	1.094298e+05 	2.533964e-124 	3.855760e-11 	8.881784e-16 	0.000000e+00
5254 	2.001348e-04 	1.094298e+05 	2.533964e-124 	3.855760e-11 	8.881784e-16 	0.000000e+00
5255 	1.997345e-04 	1.094298e+05 	2.533964e-124 	3.855760e-11 	8.881784e-16 	0.000000e+00
5256 	1.993351e-04 	1.094298e+05 	2.533964e-124 	3.855760e-11 	8.881784e-16 	0.000000e+00
5257 	1.989364e-04 	1.094298e+05 	2.533964e-124 	3.855760e-11 	8.881784e-16 	0.000000e+00
5258 	1.985385e-04 	1.094298e+05 	2.533964e-124 	3.855760e-11 	8.881784e-16 	0.000000e+00
5259 	1.981415e-04 	1.094298e+05 	2.533964e-124 	3.855760e-11 	8.881784e-16 	0.000000e+00
5260 	1.977452e-04 	1.094298e+05 	2.533964e-124 	3.855760e-11 	8.881784e-16 	0.000000e+00
5261 	1.973497e-04 	1.094298e+05 	2.533964e-124 	3.855760e-11 	8.881784e-16 	0.000000e+00
5262 	1.969550e-04 	1.094298e+05 	2.533964e-124 	3.855760e-11 	8.881784e-16 	0.000000e+00
5263 	1.965611e-04 	1.094298e+05 	2.533964e-124 	3.855760e-11 	8.881784e-16 	0.000000e+00
5264 	1.961679e-04 	1.094298e+05 	2.533964e-124 	3.855760e-11 	8.881784e-16 	0.000000e+00
5265 	1.957756e-04 	1.094298e+05 	2.533964e-124 	3.855760e-11 	8.881784e-16 	0.000000e+00
5266 	1.953841e-04 	1.094298e+05 	2.533964e-124 	3.855760e-11 	8.881784e-16 	0.000000e+00
5267 	1.949933e-04 	1.094298e+05 	2.533964e-124 	3.855760e-11 	8.881784e-16 	0.000000e+00
5268 	1.946033e-04 	1.094298e+05 	2.533964e-124 	3.855760e-11 	8.881784e-16 	0.000000e+00
5269 	1.942141e-04 	1.094298e+05 	2.533964e-124 	3.855760e-11 	8.881784e-16 	0.000000e+00
5270 	1.938257e-04 	1.094298e+05 	2.533964e-124 	3.855760e-11 	8.881784e-16 	0.000000e+00
5271 	1.934380e-04 	1.094298e+05 	2.533964e-124 	3.855760e-11 	8.881784e-16 	0.000000e+00
5272 	1.930511e-04 	1.094298e+05 	2.533964e-124 	3.855760e-11 	8.881784e-16 	0.000000e+00
5273 	1.926650e-04 	1.094298e+05 	2.533964e-124 	3.855760e-11 	8.881784e-16 	0.000000e+00
5274 	1.922797e-04 	1.094298e+05 	2.533964e-124 	3.855760e-11 	8.881784e-16 	0.000000e+00
5275 	1.918952e-04 	1.094298e+05 	2.533964e-124 	3.855760e-11 	8.881784e-16 	0.000000e+00
5276 	1.915114e-04 	1.094298e+05 	2.533964e-124 	3.855760e-11 	8.881784e-16 	0.000000e+00
5277 	1.911283e-04 	1.094298e+05 	2.533964e-124 	3.855760e-11 	8.881784e-16 	0.000000e+00
5278 	1.907461e-04 	1.094298e+05 	2.533964e-124 	3.855760e-11 	8.881784e-16 	0.000000e+00
5279 	1.903646e-04 	1.094298e+05 	2.533964e-124 	3.855760e-11 	8.881784e-16 	0.000000e+00
5280 	1.899839e-04 	1.094298e+05 	2.533964e-124 	3.855760e-11 	8.881784e-16 	0.000000e+00
5281 	1.896039e-04 	1.094298e+05 	2.533964e-124 	3.855760e-11 	8.881784e-16 	0.000000e+00
5282 	1.892247e-04 	1.094298e+05 	2.533964e-124 	3.855760e-11 	8.881784e-16 	0.000000e+00
5283 	1.888462e-04 	1.094298e+05 	2.533964e-124 	3.855760e-11 	8.881784e-16 	0.000000e+00
5284 	1.884685e-04 	1.094298e+05 	2.533964e-124 	3.855760e-11 	8.881784e-16 	0.000000e+00
5285 	1.880916e-04 	1.094298e+05 	2.533964e-124 	3.855760e-11 	8.881784e-16 	0.000000e+00
5286 	1.877154e-04 	1.094298e+05 	2.533964e-124 	3.855760e-11 	8.881784e-16 	0.000000e+00
5287 	1.873400e-04 	1.094298e+05 	2.533964e-124 	3.855760e-11 	8.881784e-16 	0.000000e+00
5288 	1.869653e-04 	1.094298e+05 	2.533964e-124 	3.855760e-11 	8.881784e-16 	0.000000e+00
5289 	1.865914e-04 	1.094298e+05 	2.533964e-124 	3.855760e-11 	8.881784e-16 	0.000000e+00
5290 	1.862182e-04 	1.094298e+05 	2.533964e-124 	3.855760e-11 	8.881784e-16 	0.000000e+00
5291 	1.858458e-04 	1.094298e+05 	2.533964e-124 	3.855760e-11 	8.881784e-16 	0.000000e+00
5292 	1.854741e-04 	1.094298e+05 	2.533964e-124 	3.855760e-11 	8.881784e-16 	0.000000e+00
5293 	1.851031e-04 	1.094298e+05 	2.533964e-124 	3.855760e-11 	8.881784e-16 	0.000000e+00
5294 	1.847329e-04 	1.094298e+05 	2.533964e-124 	3.855760e-11 	8.881784e-16 	0.000000e+00
5295 	1.843635e-04 	1.094298e+05 	2.533964e-124 	3.855760e-11 	8.881784e-16 	0.000000e+00
5296 	1.839947e-04 	1.094298e+05 	2.533964e-124 	3.855760e-11 	8.881784e-16 	0.000000e+00
5297 	1.836267e-04 	1.094298e+05 	2.533964e-124 	3.855760e-11 	8.881784e-16 	0.000000e+00
5298 	1.832595e-04 	1.094298e+05 	2.533964e-124 	3.855760e-11 	8.881784e-16 	0.000000e+00
5299 	1.828930e-04 	1.094298e+05 	2.533964e-124 	3.855760e-11 	8.881784e-16 	0.000000e+00
5300 	1.825272e-04 	1.094298e+05 	2.533964e-124 	3.855760e-11 	8.881784e-16 	0.000000e+00
5301 	1.821621e-04 	1.094298e+05 	2.533964e-124 	3.855760e-11 	8.881784e-16 	0.000000e+00
5302 	1.817978e-04 	1.094298e+05 	2.533964e-124 	3.855760e-11 	8.881784e-16 	0.000000e+00
5303 	1.814342e-04 	1.094298e+05 	2.533964e-124 	3.855760e-11 	8.881784e-16 	0.000000e+00
5304 	1.810713e-04 	1.094298e+05 	2.533964e-124 	3.855760e-11 	8.881784e-16 	0.000000e+00
5305 	1.807092e-04 	1.094298e+05 	2.533964e-124 	3.855760e-11 	8.881784e-16 	0.000000e+00
5306 	1.803478e-04 	1.094298e+05 	2.533964e-124 	3.855760e-11 	8.881784e-16 	0.000000e+00
5307 	1.799871e-04 	1.094298e+05 	2.533964e-124 	3.855760e-11 	8.881784e-16 	0.000000e+00
5308 	1.796271e-04 	1.094298e+05 	2.533964e-124 	3.855760e-11 	8.881784e-16 	0.000000e+00
5309 	1.792678e-04 	1.094298e+05 	2.533964e-124 	3.855760e-11 	8.881784e-16 	0.000000e+00
5310 	1.789093e-04 	1.094298e+05 	2.533964e-124 	3.855760e-11 	8.881784e-16 	0.000000e+00
5311 	1.785515e-04 	1.094298e+05 	2.533964e-124 	3.855760e-11 	8.881784e-16 	0.000000e+00
5312 	1.781944e-04 	1.094298e+05 	2.533964e-124 	3.855760e-11 	8.881784e-16 	0.000000e+00
5313 	1.778380e-04 	1.094298e+05 	2.533964e-124 	3.855760e-11 	8.881784e-16 	0.000000e+00
5314 	1.774823e-04 	1.094298e+05 	2.533964e-124 	3.855760e-11 	8.881784e-16 	0.000000e+00
5315 	1.771274e-04 	1.094298e+05 	2.533964e-124 	3.855760e-11 	8.881784e-16 	0.000000e+00
5316 	1.767731e-04 	1.094298e+05 	2.533964e-124 	3.855760e-11 	8.881784e-16 	0.000000e+00
5317 	1.764196e-04 	1.094298e+05 	2.533964e-124 	3.855760e-11 	8.881784e-16 	0.000000e+00
5318 	1.760667e-04 	1.094298e+05 	2.533964e-124 	3.855760e-11 	8.881784e-16 	0.000000e+00
5319 	1.757146e-04 	1.094298e+05 	2.533964e-124 	3.855760e-11 	8.881784e-16 	0.000000e+00
5320 	1.753632e-04 	1.094298e+05 	2.533964e-124 	3.855760e-11 	8.881784e-16 	0.000000e+00
5321 	1.750124e-04 	1.094298e+05 	2.533964e-124 	3.855760e-11 	8.881784e-16 	0.000000e+00
5322 	1.746624e-04 	1.094298e+05 	2.533964e-124 	3.855760e-11 	8.881784e-16 	0.000000e+00
5323 	1.743131e-04 	1.094298e+05 	2.533964e-124 	3.855760e-11 	8.881784e-16 	0.000000e+00
5324 	1.739645e-04 	1.094298e+05 	2.533964e-124 	3.855760e-11 	8.881784e-16 	0.000000e+00
5325 	1.736165e-04 	1.094298e+05 	2.533964e-124 	3.855760e-11 	8.881784e-16 	0.000000e+00
5326 	1.732693e-04 	1.094298e+05 	2.533964e-124 	3.855760e-11 	8.881784e-16 	0.000000e+00
5327 	1.729228e-04 	1.094298e+05 	2.533964e-124 	3.855760e-11 	8.881784e-16 	0.000000e+00
5328 	1.725769e-04 	1.094298e+05 	2.533964e-124 	3.855760e-11 	8.881784e-16 	0.000000e+00
5329 	1.722318e-04 	1.094298e+05 	2.533964e-124 	3.855760e-11 	8.881784e-16 	0.000000e+00
5330 	1.718873e-04 	1.094298e+05 	2.533964e-124 	3.855760e-11 	8.881784e-16 	0.000000e+00
5331 	1.715435e-04 	1.094298e+05 	2.533964e-124 	3.855760e-11 	8.881784e-16 	0.000000e+00
5332 	1.712004e-04 	1.094298e+05 	2.533964e-124 	3.855760e-11 	8.881784e-16 	0.000000e+00
5333 	1.708580e-04 	1.094298e+05 	2.533964e-124 	3.855760e-11 	8.881784e-16 	0.000000e+00
5334 	1.705163e-04 	1.094298e+05 	2.533964e-124 	3.855760e-11 	8.881784e-16 	0.000000e+00
5335 	1.701753e-04 	1.094298e+05 	2.533964e-124 	3.855760e-11 	8.881784e-16 	0.000000e+00
5336 	1.698349e-04 	1.094298e+05 	2.533964e-124 	3.855760e-11 	8.881784e-16 	0.000000e+00
5337 	1.694953e-04 	1.094298e+05 	2.533964e-124 	3.855760e-11 	8.881784e-16 	0.000000e+00
5338 	1.691563e-04 	1.094298e+05 	2.533964e-124 	3.855760e-11 	8.881784e-16 	0.000000e+00
5339 	1.688180e-04 	1.094298e+05 	2.533964e-124 	3.855760e-11 	8.881784e-16 	0.000000e+00
5340 	1.684803e-04 	1.094298e+05 	2.533964e-124 	3.855760e-11 	8.881784e-16 	0.000000e+00
5341 	1.681434e-04 	1.094298e+05 	2.533964e-124 	3.855760e-11 	8.881784e-16 	0.000000e+00
5342 	1.678071e-04 	1.094298e+05 	2.533964e-124 	3.855760e-11 	8.881784e-16 	0.000000e+00
5343 	1.674715e-04 	1.094298e+05 	2.533964e-124 	3.855760e-11 	8.881784e-16 	0.000000e+00
5344 	1.671365e-04 	1.094298e+05 	2.533964e-124 	3.855760e-11 	8.881784e-16 	0.000000e+00
5345 	1.668022e-04 	1.094298e+05 	2.533964e-124 	3.855760e-11 	8.881784e-16 	0.000000e+00
5346 	1.664686e-04 	1.094298e+05 	2.533964e-124 	3.855760e-11 	8.881784e-16 	0.000000e+00
5347 	1.661357e-04 	1.094298e+05 	2.533964e-124 	3.855760e-11 	8.881784e-16 	0.000000e+00
5348 	1.658034e-04 	1.094298e+05 	2.533964e-124 	3.855760e-11 	8.881784e-16 	0.000000e+00
5349 	1.654718e-04 	1.094298e+05 	2.533964e-124 	3.855760e-11 	8.881784e-16 	0.000000e+00
5350 	1.651409e-04 	1.094298e+05 	2.533964e-124 	3.855760e-11 	8.881784e-16 	0.000000e+00
5351 	1.648106e-04 	1.094298e+05 	2.533964e-124 	3.855760e-11 	8.881784e-16 	0.000000e+00
5352 	1.644810e-04 	1.094298e+05 	2.533964e-124 	3.855760e-11 	8.881784e-16 	0.000000e+00
5353 	1.641520e-04 	1.094298e+05 	2.533964e-124 	3.855760e-11 	8.881784e-16 	0.000000e+00
5354 	1.638237e-04 	1.094298e+05 	2.533964e-124 	3.855760e-11 	8.881784e-16 	0.000000e+00
5355 	1.634961e-04 	1.094298e+05 	2.533964e-124 	3.855760e-11 	8.881784e-16 	0.000000e+00
5356 	1.631691e-04 	1.094298e+05 	2.533964e-124 	3.855760e-11 	8.881784e-16 	0.000000e+00
5357 	1.628427e-04 	1.094298e+05 	2.533964e-124 	3.855760e-11 	8.881784e-16 	0.000000e+00
5358 	1.625170e-04 	1.094298e+05 	2.533964e-124 	3.855760e-11 	8.881784e-16 	0.000000e+00
5359 	1.621920e-04 	1.094298e+05 	2.533964e-124 	3.855760e-11 	8.881784e-16 	0.000000e+00
5360 	1.618676e-04 	1.094298e+05 	2.533964e-124 	3.855760e-11 	8.881784e-16 	0.000000e+00
5361 	1.615439e-04 	1.094298e+05 	2.533964e-124 	3.855760e-11 	8.881784e-16 	0.000000e+00
5362 	1.612208e-04 	1.094298e+05 	2.533964e-124 	3.855760e-11 	8.881784e-16 	0.000000e+00
5363 	1.608984e-04 	1.094298e+05 	2.533964e-124 	3.855760e-11 	8.881784e-16 	0.000000e+00
5364 	1.605766e-04 	1.094298e+05 	2.533964e-124 	3.855760e-11 	8.881784e-16 	0.000000e+00
5365 	1.602554e-04 	1.094298e+05 	2.533964e-124 	3.855760e-11 	8.881784e-16 	0.000000e+00
5366 	1.599349e-04 	1.094298e+05 	2.533964e-124 	3.855760e-11 	8.881784e-16 	0.000000e+00
5367 	1.596150e-04 	1.094298e+05 	2.533964e-124 	3.855760e-11 	8.881784e-16 	0.000000e+00
5368 	1.592958e-04 	1.094298e+05 	2.533964e-124 	3.855760e-11 	8.881784e-16 	0.000000e+00
5369 	1.589772e-04 	1.094298e+05 	2.533964e-124 	3.855760e-11 	8.881784e-16 	0.000000e+00
5370 	1.586593e-04 	1.094298e+05 	2.533964e-124 	3.855760e-11 	8.881784e-16 	0.000000e+00
5371 	1.583419e-04 	1.094298e+05 	2.533964e-124 	3.855760e-11 	8.881784e-16 	0.000000e+00
5372 	1.580253e-04 	1.094298e+05 	2.533964e-124 	3.855760e-11 	8.881784e-16 	0.000000e+00
5373 	1.577092e-04 	1.094298e+05 	2.533964e-124 	3.855760e-11 	8.881784e-16 	0.000000e+00
5374 	1.573938e-04 	1.094298e+05 	2.533964e-124 	3.855760e-11 	8.881784e-16 	0.000000e+00
5375 	1.570790e-04 	1.094298e+05 	2.533964e-124 	3.855760e-11 	8.881784e-16 	0.000000e+00
5376 	1.567648e-04 	1.094298e+05 	2.533964e-124 	3.855760e-11 	8.881784e-16 	0.000000e+00
5377 	1.564513e-04 	1.094298e+05 	2.533964e-124 	3.855760e-11 	8.881784e-16 	0.000000e+00
5378 	1.561384e-04 	1.094298e+05 	2.533964e-124 	3.855760e-11 	8.881784e-16 	0.000000e+00
5379 	1.558261e-04 	1.094298e+05 	2.533964e-124 	3.855760e-11 	8.881784e-16 	0.000000e+00
5380 	1.555145e-04 	1.094298e+05 	2.533964e-124 	3.855760e-11 	8.881784e-16 	0.000000e+00
5381 	1.552035e-04 	1.094298e+05 	2.533964e-124 	3.855760e-11 	8.881784e-16 	0.000000e+00
5382 	1.548930e-04 	1.094298e+05 	2.533964e-124 	3.855760e-11 	8.881784e-16 	0.000000e+00
5383 	1.545833e-04 	1.094298e+05 	2.533964e-124 	3.855760e-11 	8.881784e-16 	0.000000e+00
5384 	1.542741e-04 	1.094298e+05 	2.533964e-124 	3.855760e-11 	8.881784e-16 	0.000000e+00
5385 	1.539655e-04 	1.094298e+05 	2.533964e-124 	3.855760e-11 	8.881784e-16 	0.000000e+00
5386 	1.536576e-04 	1.094298e+05 	2.533964e-124 	3.855760e-11 	8.881784e-16 	0.000000e+00
5387 	1.533503e-04 	1.094298e+05 	2.533964e-124 	3.855760e-11 	8.881784e-16 	0.000000e+00
5388 	1.530436e-04 	1.094298e+05 	2.533964e-124 	3.855760e-11 	8.881784e-16 	0.000000e+00
5389 	1.527375e-04 	1.094298e+05 	2.533964e-124 	3.855760e-11 	8.881784e-16 	0.000000e+00
5390 	1.524320e-04 	1.094298e+05 	2.533964e-124 	3.855760e-11 	8.881784e-16 	0.000000e+00
5391 	1.521272e-04 	1.094298e+05 	2.533964e-124 	3.855760e-11 	8.881784e-16 	0.000000e+00
5392 	1.518229e-04 	1.094298e+05 	2.533964e-124 	3.855760e-11 	8.881784e-16 	0.000000e+00
5393 	1.515193e-04 	1.094298e+05 	2.533964e-124 	3.855760e-11 	8.881784e-16 	0.000000e+00
5394 	1.512162e-04 	1.094298e+05 	2.533964e-124 	3.855760e-11 	8.881784e-16 	0.000000e+00
5395 	1.509138e-04 	1.094298e+05 	2.533964e-124 	3.855760e-11 	8.881784e-16 	0.000000e+00
5396 	1.506120e-04 	1.094298e+05 	2.533964e-124 	3.855760e-11 	8.881784e-16 	0.000000e+00
5397 	1.503107e-04 	1.094298e+05 	2.533964e-124 	3.855760e-11 	8.881784e-16 	0.000000e+00
5398 	1.500101e-04 	1.094298e+05 	2.533964e-124 	3.855760e-11 	8.881784e-16 	0.000000e+00
5399 	1.497101e-04 	1.094298e+05 	2.533964e-124 	3.855760e-11 	8.881784e-16 	0.000000e+00
5400 	1.494107e-04 	1.094298e+05 	2.533964e-124 	3.855760e-11 	8.881784e-16 	0.000000e+00
5401 	1.491119e-04 	1.094298e+05 	2.533964e-124 	3.855760e-11 	8.881784e-16 	0.000000e+00
5402 	1.488136e-04 	1.094298e+05 	2.533964e-124 	3.855760e-11 	8.881784e-16 	0.000000e+00
5403 	1.485160e-04 	1.094298e+05 	2.533964e-124 	3.855760e-11 	8.881784e-16 	0.000000e+00
5404 	1.482190e-04 	1.094298e+05 	2.533964e-124 	3.855760e-11 	8.881784e-16 	0.000000e+00
5405 	1.479225e-04 	1.094298e+05 	2.533964e-124 	3.855760e-11 	8.881784e-16 	0.000000e+00
5406 	1.476267e-04 	1.094298e+05 	2.533964e-124 	3.855760e-11 	8.881784e-16 	0.000000e+00
5407 	1.473314e-04 	1.094298e+05 	2.533964e-124 	3.855760e-11 	8.881784e-16 	0.000000e+00
5408 	1.470368e-04 	1.094298e+05 	2.533964e-124 	3.855760e-11 	8.881784e-16 	0.000000e+00
5409 	1.467427e-04 	1.094298e+05 	2.533964e-124 	3.855760e-11 	8.881784e-16 	0.000000e+00
5410 	1.464492e-04 	1.094298e+05 	2.533964e-124 	3.855760e-11 	8.881784e-16 	0.000000e+00
5411 	1.461563e-04 	1.094298e+05 	2.533964e-124 	3.855760e-11 	8.881784e-16 	0.000000e+00
5412 	1.458640e-04 	1.094298e+05 	2.533964e-124 	3.855760e-11 	8.881784e-16 	0.000000e+00
5413 	1.455723e-04 	1.094298e+05 	2.533964e-124 	3.855760e-11 	8.881784e-16 	0.000000e+00
5414 	1.452811e-04 	1.094298e+05 	2.533964e-124 	3.855760e-11 	8.881784e-16 	0.000000e+00
5415 	1.449906e-04 	1.094298e+05 	2.533964e-124 	3.855760e-11 	8.881784e-16 	0.000000e+00
5416 	1.447006e-04 	1.094298e+05 	2.533964e-124 	3.855760e-11 	8.881784e-16 	0.000000e+00
5417 	1.444112e-04 	1.094298e+05 	2.533964e-124 	3.855760e-11 	8.881784e-16 	0.000000e+00
5418 	1.441224e-04 	1.094298e+05 	2.533964e-124 	3.855760e-11 	8.881784e-16 	0.000000e+00
5419 	1.438341e-04 	1.094298e+05 	2.533964e-124 	3.855760e-11 	8.881784e-16 	0.000000e+00
5420 	1.435465e-04 	1.094298e+05 	2.533964e-124 	3.855760e-11 	8.881784e-16 	0.000000e+00
5421 	1.432594e-04 	1.094298e+05 	2.533964e-124 	3.855760e-11 	8.881784e-16 	0.000000e+00
5422 	1.429728e-04 	1.094298e+05 	2.533964e-124 	3.855760e-11 	8.881784e-16 	0.000000e+00
5423 	1.426869e-04 	1.094298e+05 	2.533964e-124 	3.855760e-11 	8.881784e-16 	0.000000e+00
5424 	1.424015e-04 	1.094298e+05 	2.533964e-124 	3.855760e-11 	8.881784e-16 	0.000000e+00
5425 	1.421167e-04 	1.094298e+05 	2.533964e-124 	3.855760e-11 	8.881784e-16 	0.000000e+00
5426 	1.418325e-04 	1.094298e+05 	2.533964e-124 	3.855760e-11 	8.881784e-16 	0.000000e+00
5427 	1.415488e-04 	1.094298e+05 	2.533964e-124 	3.855760e-11 	8.881784e-16 	0.000000e+00
5428 	1.412657e-04 	1.094298e+05 	2.533964e-124 	3.855760e-11 	8.881784e-16 	0.000000e+00
5429 	1.409832e-04 	1.094298e+05 	2.533964e-124 	3.855760e-11 	8.881784e-16 	0.000000e+00
5430 	1.407012e-04 	1.094298e+05 	2.533964e-124 	3.855760e-11 	8.881784e-16 	0.000000e+00
5431 	1.404198e-04 	1.094298e+05 	2.533964e-124 	3.855760e-11 	8.881784e-16 	0.000000e+00
5432 	1.401390e-04 	1.094298e+05 	2.533964e-124 	3.855760e-11 	8.881784e-16 	0.000000e+00
5433 	1.398587e-04 	1.094298e+05 	2.533964e-124 	3.855760e-11 	8.881784e-16 	0.000000e+00
5434 	1.395790e-04 	1.094298e+05 	2.533964e-124 	3.855760e-11 	8.881784e-16 	0.000000e+00
5435 	1.392998e-04 	1.094298e+05 	2.533964e-124 	3.855760e-11 	8.881784e-16 	0.000000e+00
5436 	1.390212e-04 	1.094298e+05 	2.533964e-124 	3.855760e-11 	8.881784e-16 	0.000000e+00
5437 	1.387432e-04 	1.094298e+05 	2.533964e-124 	3.855760e-11 	8.881784e-16 	0.000000e+00
5438 	1.384657e-04 	1.094298e+05 	2.533964e-124 	3.855760e-11 	8.881784e-16 	0.000000e+00
5439 	1.381888e-04 	1.094298e+05 	2.533964e-124 	3.855760e-11 	8.881784e-16 	0.000000e+00
5440 	1.379124e-04 	1.094298e+05 	2.533964e-124 	3.855760e-11 	8.881784e-16 	0.000000e+00
5441 	1.376366e-04 	1.094298e+05 	2.533964e-124 	3.855760e-11 	8.881784e-16 	0.000000e+00
5442 	1.373613e-04 	1.094298e+05 	2.533964e-124 	3.855760e-11 	8.881784e-16 	0.000000e+00
5443 	1.370866e-04 	1.094298e+05 	2.533964e-124 	3.855760e-11 	8.881784e-16 	0.000000e+00
5444 	1.368124e-04 	1.094298e+05 	2.533964e-124 	3.855760e-11 	8.881784e-16 	0.000000e+00
5445 	1.365388e-04 	1.094298e+05 	2.533964e-124 	3.855760e-11 	8.881784e-16 	0.000000e+00
5446 	1.362657e-04 	1.094298e+05 	2.533964e-124 	3.855760e-11 	8.881784e-16 	0.000000e+00
5447 	1.359932e-04 	1.094298e+05 	2.533964e-124 	3.855760e-11 	8.881784e-16 	0.000000e+00
5448 	1.357212e-04 	1.094298e+05 	2.533964e-124 	3.855760e-11 	8.881784e-16 	0.000000e+00
5449 	1.354497e-04 	1.094298e+05 	2.533964e-124 	3.855760e-11 	8.881784e-16 	0.000000e+00
5450 	1.351788e-04 	1.094298e+05 	2.533964e-124 	3.855760e-11 	8.881784e-16 	0.000000e+00
5451 	1.349085e-04 	1.094298e+05 	2.533964e-124 	3.855760e-11 	8.881784e-16 	0.000000e+00
5452 	1.346387e-04 	1.094298e+05 	2.533964e-124 	3.855760e-11 	8.881784e-16 	0.000000e+00
5453 	1.343694e-04 	1.094298e+05 	2.533964e-124 	3.855760e-11 	8.881784e-16 	0.000000e+00
5454 	1.341007e-04 	1.094298e+05 	2.533964e-124 	3.855760e-11 	8.881784e-16 	0.000000e+00
5455 	1.338325e-04 	1.094298e+05 	2.533964e-124 	3.855760e-11 	8.881784e-16 	0.000000e+00
5456 	1.335648e-04 	1.094298e+05 	2.533964e-124 	3.855760e-11 	8.881784e-16 	0.000000e+00
5457 	1.332977e-04 	1.094298e+05 	2.533964e-124 	3.855760e-11 	8.881784e-16 	0.000000e+00
5458 	1.330311e-04 	1.094298e+05 	2.533964e-124 	3.855760e-11 	8.881784e-16 	0.000000e+00
5459 	1.327650e-04 	1.094298e+05 	2.533964e-124 	3.855760e-11 	8.881784e-16 	0.000000e+00
5460 	1.324995e-04 	1.094298e+05 	2.533964e-124 	3.855760e-11 	8.881784e-16 	0.000000e+00
5461 	1.322345e-04 	1.094298e+05 	2.533964e-124 	3.855760e-11 	8.881784e-16 	0.000000e+00
5462 	1.319700e-04 	1.094298e+05 	2.533964e-124 	3.855760e-11 	8.881784e-16 	0.000000e+00
5463 	1.317061e-04 	1.094298e+05 	2.533964e-124 	3.855760e-11 	8.881784e-16 	0.000000e+00
5464 	1.314427e-04 	1.094298e+05 	2.533964e-124 	3.855760e-11 	8.881784e-16 	0.000000e+00
5465 	1.311798e-04 	1.094298e+05 	2.533964e-124 	3.855760e-11 	8.881784e-16 	0.000000e+00
5466 	1.309174e-04 	1.094298e+05 	2.533964e-124 	3.855760e-11 	8.881784e-16 	0.000000e+00
5467 	1.306556e-04 	1.094298e+05 	2.533964e-124 	3.855760e-11 	8.881784e-16 	0.000000e+00
5468 	1.303943e-04 	1.094298e+05 	2.533964e-124 	3.855760e-11 	8.881784e-16 	0.000000e+00
5469 	1.301335e-04 	1.094298e+05 	2.533964e-124 	3.855760e-11 	8.881784e-16 	0.000000e+00
5470 	1.298732e-04 	1.094298e+05 	2.533964e-124 	3.855760e-11 	8.881784e-16 	0.000000e+00
5471 	1.296135e-04 	1.094298e+05 	2.533964e-124 	3.855760e-11 	8.881784e-16 	0.000000e+00
5472 	1.293542e-04 	1.094298e+05 	2.533964e-124 	3.855760e-11 	8.881784e-16 	0.000000e+00
5473 	1.290955e-04 	1.094298e+05 	2.533964e-124 	3.855760e-11 	8.881784e-16 	0.000000e+00
5474 	1.288373e-04 	1.094298e+05 	2.533964e-124 	3.855760e-11 	8.881784e-16 	0.000000e+00
5475 	1.285797e-04 	1.094298e+05 	2.533964e-124 	3.855760e-11 	8.881784e-16 	0.000000e+00
5476 	1.283225e-04 	1.094298e+05 	2.533964e-124 	3.855760e-11 	8.881784e-16 	0.000000e+00
5477 	1.280659e-04 	1.094298e+05 	2.533964e-124 	3.855760e-11 	8.881784e-16 	0.000000e+00
5478 	1.278097e-04 	1.094298e+05 	2.533964e-124 	3.855760e-11 	8.881784e-16 	0.000000e+00
5479 	1.275541e-04 	1.094298e+05 	2.533964e-124 	3.855760e-11 	8.881784e-16 	0.000000e+00
5480 	1.272990e-04 	1.094298e+05 	2.533964e-124 	3.855760e-11 	8.881784e-16 	0.000000e+00
5481 	1.270444e-04 	1.094298e+05 	2.533964e-124 	3.855760e-11 	8.881784e-16 	0.000000e+00
5482 	1.267903e-04 	1.094298e+05 	2.533964e-124 	3.855760e-11 	8.881784e-16 	0.000000e+00
5483 	1.265367e-04 	1.094298e+05 	2.533964e-124 	3.855760e-11 	8.881784e-16 	0.000000e+00
5484 	1.262837e-04 	1.094298e+05 	2.533964e-124 	3.855760e-11 	8.881784e-16 	0.000000e+00
5485 	1.260311e-04 	1.094298e+05 	2.533964e-124 	3.855760e-11 	8.881784e-16 	0.000000e+00
5486 	1.257790e-04 	1.094298e+05 	2.533964e-124 	3.855760e-11 	8.881784e-16 	0.000000e+00
5487 	1.255275e-04 	1.094298e+05 	2.533964e-124 	3.855760e-11 	8.881784e-16 	0.000000e+00
5488 	1.252764e-04 	1.094298e+05 	2.533964e-124 	3.855760e-11 	8.881784e-16 	0.000000e+00
5489 	1.250259e-04 	1.094298e+05 	2.533964e-124 	3.855760e-11 	8.881784e-16 	0.000000e+00
5490 	1.247758e-04 	1.094298e+05 	2.533964e-124 	3.855760e-11 	8.881784e-16 	0.000000e+00
5491 	1.245263e-04 	1.094298e+05 	2.533964e-124 	3.855760e-11 	8.881784e-16 	0.000000e+00
5492 	1.242772e-04 	1.094298e+05 	2.533964e-124 	3.855760e-11 	8.881784e-16 	0.000000e+00
5493 	1.240286e-04 	1.094298e+05 	2.533964e-124 	3.855760e-11 	8.881784e-16 	0.000000e+00
5494 	1.237806e-04 	1.094298e+05 	2.533964e-124 	3.855760e-11 	8.881784e-16 	0.000000e+00
5495 	1.235330e-04 	1.094298e+05 	2.533964e-124 	3.855760e-11 	8.881784e-16 	0.000000e+00
5496 	1.232860e-04 	1.094298e+05 	2.533964e-124 	3.855760e-11 	8.881784e-16 	0.000000e+00
5497 	1.230394e-04 	1.094298e+05 	2.533964e-124 	3.855760e-11 	8.881784e-16 	0.000000e+00
5498 	1.227933e-04 	1.094298e+05 	2.533964e-124 	3.855760e-11 	8.881784e-16 	0.000000e+00
5499 	1.225477e-04 	1.094298e+05 	2.533964e-124 	3.855760e-11 	8.881784e-16 	0.000000e+00
5500 	1.223026e-04 	1.094298e+05 	2.533964e-124 	3.855760e-11 	8.881784e-16 	0.000000e+00
5501 	1.220580e-04 	1.094298e+05 	2.533964e-124 	3.855760e-11 	8.881784e-16 	0.000000e+00
5502 	1.218139e-04 	1.094298e+05 	2.533964e-124 	3.855760e-11 	8.881784e-16 	0.000000e+00
5503 	1.215703e-04 	1.094298e+05 	2.533964e-124 	3.855760e-11 	8.881784e-16 	0.000000e+00
5504 	1.213271e-04 	1.094298e+05 	2.533964e-124 	3.855760e-11 	8.881784e-16 	0.000000e+00
5505 	1.210845e-04 	1.094298e+05 	2.533964e-124 	3.855760e-11 	8.881784e-16 	0.000000e+00
5506 	1.208423e-04 	1.094298e+05 	2.533964e-124 	3.855760e-11 	8.881784e-16 	0.000000e+00
5507 	1.206006e-04 	1.094298e+05 	2.533964e-124 	3.855760e-11 	8.881784e-16 	0.000000e+00
5508 	1.203594e-04 	1.094298e+05 	2.533964e-124 	3.855760e-11 	8.881784e-16 	0.000000e+00
5509 	1.201187e-04 	1.094298e+05 	2.533964e-124 	3.855760e-11 	8.881784e-16 	0.000000e+00
5510 	1.198785e-04 	1.094298e+05 	2.533964e-124 	3.855760e-11 	8.881784e-16 	0.000000e+00
5511 	1.196387e-04 	1.094298e+05 	2.533964e-124 	3.855760e-11 	8.881784e-16 	0.000000e+00
5512 	1.193994e-04 	1.094298e+05 	2.533964e-124 	3.855760e-11 	8.881784e-16 	0.000000e+00
5513 	1.191606e-04 	1.094298e+05 	2.533964e-124 	3.855760e-11 	8.881784e-16 	0.000000e+00
5514 	1.189223e-04 	1.094298e+05 	2.533964e-124 	3.855760e-11 	8.881784e-16 	0.000000e+00
5515 	1.186845e-04 	1.094298e+05 	2.533964e-124 	3.855760e-11 	8.881784e-16 	0.000000e+00
5516 	1.184471e-04 	1.094298e+05 	2.533964e-124 	3.855760e-11 	8.881784e-16 	0.000000e+00
5517 	1.182102e-04 	1.094298e+05 	2.533964e-124 	3.855760e-11 	8.881784e-16 	0.000000e+00
5518 	1.179738e-04 	1.094298e+05 	2.533964e-124 	3.855760e-11 	8.881784e-16 	0.000000e+00
5519 	1.177378e-04 	1.094298e+05 	2.533964e-124 	3.855760e-11 	8.881784e-16 	0.000000e+00
5520 	1.175024e-04 	1.094298e+05 	2.533964e-124 	3.855760e-11 	8.881784e-16 	0.000000e+00
5521 	1.172674e-04 	1.094298e+05 	2.533964e-124 	3.855760e-11 	8.881784e-16 	0.000000e+00
5522 	1.170328e-04 	1.094298e+05 	2.533964e-124 	3.855760e-11 	8.881784e-16 	0.000000e+00
5523 	1.167988e-04 	1.094298e+05 	2.533964e-124 	3.855760e-11 	8.881784e-16 	0.000000e+00
5524 	1.165652e-04 	1.094298e+05 	2.533964e-124 	3.855760e-11 	8.881784e-16 	0.000000e+00
5525 	1.163320e-04 	1.094298e+05 	2.533964e-124 	3.855760e-11 	8.881784e-16 	0.000000e+00
5526 	1.160994e-04 	1.094298e+05 	2.533964e-124 	3.855760e-11 	8.881784e-16 	0.000000e+00
5527 	1.158672e-04 	1.094298e+05 	2.533964e-124 	3.855760e-11 	8.881784e-16 	0.000000e+00
5528 	1.156354e-04 	1.094298e+05 	2.533964e-124 	3.855760e-11 	8.881784e-16 	0.000000e+00
5529 	1.154042e-04 	1.094298e+05 	2.533964e-124 	3.855760e-11 	8.881784e-16 	0.000000e+00
5530 	1.151734e-04 	1.094298e+05 	2.533964e-124 	3.855760e-11 	8.881784e-16 	0.000000e+00
5531 	1.149430e-04 	1.094298e+05 	2.533964e-124 	3.855760e-11 	8.881784e-16 	0.000000e+00
5532 	1.147131e-04 	1.094298e+05 	2.533964e-124 	3.855760e-11 	8.881784e-16 	0.000000e+00
5533 	1.144837e-04 	1.094298e+05 	2.533964e-124 	3.855760e-11 	8.881784e-16 	0.000000e+00
5534 	1.142547e-04 	1.094298e+05 	2.533964e-124 	3.855760e-11 	8.881784e-16 	0.000000e+00
5535 	1.140262e-04 	1.094298e+05 	2.533964e-124 	3.855760e-11 	8.881784e-16 	0.000000e+00
5536 	1.137982e-04 	1.094298e+05 	2.533964e-124 	3.855760e-11 	8.881784e-16 	0.000000e+00
5537 	1.135706e-04 	1.094298e+05 	2.533964e-124 	3.855760e-11 	8.881784e-16 	0.000000e+00
5538 	1.133434e-04 	1.094298e+05 	2.533964e-124 	3.855760e-11 	8.881784e-16 	0.000000e+00
5539 	1.131167e-04 	1.094298e+05 	2.533964e-124 	3.855760e-11 	8.881784e-16 	0.000000e+00
5540 	1.128905e-04 	1.094298e+05 	2.533964e-124 	3.855760e-11 	8.881784e-16 	0.000000e+00
5541 	1.126647e-04 	1.094298e+05 	2.533964e-124 	3.855760e-11 	8.881784e-16 	0.000000e+00
5542 	1.124394e-04 	1.094298e+05 	2.533964e-124 	3.855760e-11 	8.881784e-16 	0.000000e+00
5543 	1.122145e-04 	1.094298e+05 	2.533964e-124 	3.855760e-11 	8.881784e-16 	0.000000e+00
5544 	1.119901e-04 	1.094298e+05 	2.533964e-124 	3.855760e-11 	8.881784e-16 	0.000000e+00
5545 	1.117661e-04 	1.094298e+05 	2.533964e-124 	3.855760e-11 	8.881784e-16 	0.000000e+00
5546 	1.115426e-04 	1.094298e+05 	2.533964e-124 	3.855760e-11 	8.881784e-16 	0.000000e+00
5547 	1.113195e-04 	1.094298e+05 	2.533964e-124 	3.855760e-11 	8.881784e-16 	0.000000e+00
5548 	1.110969e-04 	1.094298e+05 	2.533964e-124 	3.855760e-11 	8.881784e-16 	0.000000e+00
5549 	1.108747e-04 	1.094298e+05 	2.533964e-124 	3.855760e-11 	8.881784e-16 	0.000000e+00
5550 	1.106529e-04 	1.094298e+05 	2.533964e-124 	3.855760e-11 	8.881784e-16 	0.000000e+00
5551 	1.104316e-04 	1.094298e+05 	2.533964e-124 	3.855760e-11 	8.881784e-16 	0.000000e+00
5552 	1.102107e-04 	1.094298e+05 	2.533964e-124 	3.855760e-11 	8.881784e-16 	0.000000e+00
5553 	1.099903e-04 	1.094298e+05 	2.533964e-124 	3.855760e-11 	8.881784e-16 	0.000000e+00
5554 	1.097703e-04 	1.094298e+05 	2.533964e-124 	3.855760e-11 	8.881784e-16 	0.000000e+00
5555 	1.095508e-04 	1.094298e+05 	2.533964e-124 	3.855760e-11 	8.881784e-16 	0.000000e+00
5556 	1.093317e-04 	1.094298e+05 	2.533964e-124 	3.855760e-11 	8.881784e-16 	0.000000e+00
5557 	1.091130e-04 	1.094298e+05 	2.533964e-124 	3.855760e-11 	8.881784e-16 	0.000000e+00
5558 	1.088948e-04 	1.094298e+05 	2.533964e-124 	3.855760e-11 	8.881784e-16 	0.000000e+00
5559 	1.086770e-04 	1.094298e+05 	2.533964e-124 	3.855760e-11 	8.881784e-16 	0.000000e+00
5560 	1.084597e-04 	1.094298e+05 	2.533964e-124 	3.855760e-11 	8.881784e-16 	0.000000e+00
5561 	1.082427e-04 	1.094298e+05 	2.533964e-124 	3.855760e-11 	8.881784e-16 	0.000000e+00
5562 	1.080263e-04 	1.094298e+05 	2.533964e-124 	3.855760e-11 	8.881784e-16 	0.000000e+00
5563 	1.078102e-04 	1.094298e+05 	2.533964e-124 	3.855760e-11 	8.881784e-16 	0.000000e+00
5564 	1.075946e-04 	1.094298e+05 	2.533964e-124 	3.855760e-11 	8.881784e-16 	0.000000e+00
5565 	1.073794e-04 	1.094298e+05 	2.533964e-124 	3.855760e-11 	8.881784e-16 	0.000000e+00
5566 	1.071646e-04 	1.094298e+05 	2.533964e-124 	3.855760e-11 	8.881784e-16 	0.000000e+00
5567 	1.069503e-04 	1.094298e+05 	2.533964e-124 	3.855760e-11 	8.881784e-16 	0.000000e+00
5568 	1.067364e-04 	1.094298e+05 	2.533964e-124 	3.855760e-11 	8.881784e-16 	0.000000e+00
5569 	1.065229e-04 	1.094298e+05 	2.533964e-124 	3.855760e-11 	8.881784e-16 	0.000000e+00
5570 	1.063099e-04 	1.094298e+05 	2.533964e-124 	3.855760e-11 	8.881784e-16 	0.000000e+00
5571 	1.060973e-04 	1.094298e+05 	2.533964e-124 	3.855760e-11 	8.881784e-16 	0.000000e+00
5572 	1.058851e-04 	1.094298e+05 	2.533964e-124 	3.855760e-11 	8.881784e-16 	0.000000e+00
5573 	1.056733e-04 	1.094298e+05 	2.533964e-124 	3.855760e-11 	8.881784e-16 	0.000000e+00
5574 	1.054620e-04 	1.094298e+05 	2.533964e-124 	3.855760e-11 	8.881784e-16 	0.000000e+00
5575 	1.052510e-04 	1.094298e+05 	2.533964e-124 	3.855760e-11 	8.881784e-16 	0.000000e+00
5576 	1.050405e-04 	1.094298e+05 	2.533964e-124 	3.855760e-11 	8.881784e-16 	0.000000e+00
5577 	1.048305e-04 	1.094298e+05 	2.533964e-124 	3.855760e-11 	8.881784e-16 	0.000000e+00
5578 	1.046208e-04 	1.094298e+05 	2.533964e-124 	3.855760e-11 	8.881784e-16 	0.000000e+00
5579 	1.044116e-04 	1.094298e+05 	2.533964e-124 	3.855760e-11 	8.881784e-16 	0.000000e+00
5580 	1.042027e-04 	1.094298e+05 	2.533964e-124 	3.855760e-11 	8.881784e-16 	0.000000e+00
5581 	1.039943e-04 	1.094298e+05 	2.533964e-124 	3.855760e-11 	8.881784e-16 	0.000000e+00
5582 	1.037863e-04 	1.094298e+05 	2.533964e-124 	3.855760e-11 	8.881784e-16 	0.000000e+00
5583 	1.035788e-04 	1.094298e+05 	2.533964e-124 	3.855760e-11 	8.881784e-16 	0.000000e+00
5584 	1.033716e-04 	1.094298e+05 	2.533964e-124 	3.855760e-11 	8.881784e-16 	0.000000e+00
5585 	1.031649e-04 	1.094298e+05 	2.533964e-124 	3.855760e-11 	8.881784e-16 	0.000000e+00
5586 	1.029585e-04 	1.094298e+05 	2.533964e-124 	3.855760e-11 	8.881784e-16 	0.000000e+00
5587 	1.027526e-04 	1.094298e+05 	2.533964e-124 	3.855760e-11 	8.881784e-16 	0.000000e+00
5588 	1.025471e-04 	1.094298e+05 	2.533964e-124 	3.855760e-11 	8.881784e-16 	0.000000e+00
5589 	1.023420e-04 	1.094298e+05 	2.533964e-124 	3.855760e-11 	8.881784e-16 	0.000000e+00
5590 	1.021373e-04 	1.094298e+05 	2.533964e-124 	3.855760e-11 	8.881784e-16 	0.000000e+00
5591 	1.019331e-04 	1.094298e+05 	2.533964e-124 	3.855760e-11 	8.881784e-16 	0.000000e+00
5592 	1.017292e-04 	1.094298e+05 	2.533964e-124 	3.855760e-11 	8.881784e-16 	0.000000e+00
5593 	1.015257e-04 	1.094298e+05 	2.533964e-124 	3.855760e-11 	8.881784e-16 	0.000000e+00
5594 	1.013227e-04 	1.094298e+05 	2.533964e-124 	3.855760e-11 	8.881784e-16 	0.000000e+00
5595 	1.011200e-04 	1.094298e+05 	2.533964e-124 	3.855760e-11 	8.881784e-16 	0.000000e+00
5596 	1.009178e-04 	1.094298e+05 	2.533964e-124 	3.855760e-11 	8.881784e-16 	0.000000e+00
5597 	1.007160e-04 	1.094298e+05 	2.533964e-124 	3.855760e-11 	8.881784e-16 	0.000000e+00
5598 	1.005145e-04 	1.094298e+05 	2.533964e-124 	3.855760e-11 	8.881784e-16 	0.000000e+00
5599 	1.003135e-04 	1.094298e+05 	2.533964e-124 	3.855760e-11 	8.881784e-16 	0.000000e+00
5600 	1.001129e-04 	1.094298e+05 	2.533964e-124 	3.855760e-11 	8.881784e-16 	0.000000e+00
5601 	9.991265e-05 	1.094298e+05 	2.533964e-124 	3.855760e-11 	8.881784e-16 	0.000000e+00
5602 	9.971282e-05 	1.094298e+05 	2.533964e-124 	3.855760e-11 	8.881784e-16 	0.000000e+00
5603 	9.951340e-05 	1.094298e+05 	2.533964e-124 	3.855760e-11 	8.881784e-16 	0.000000e+00
5604 	9.931437e-05 	1.094298e+05 	2.533964e-124 	3.855760e-11 	8.881784e-16 	0.000000e+00
5605 	9.911574e-05 	1.094298e+05 	2.533964e-124 	3.855760e-11 	8.881784e-16 	0.000000e+00
5606 	9.891751e-05 	1.094298e+05 	2.533964e-124 	3.855760e-11 	8.881784e-16 	0.000000e+00
5607 	9.871967e-05 	1.094298e+05 	2.533964e-124 	3.855760e-11 	8.881784e-16 	0.000000e+00
5608 	9.852223e-05 	1.094298e+05 	2.533964e-124 	3.855760e-11 	8.881784e-16 	0.000000e+00
5609 	9.832519e-05 	1.094298e+05 	2.533964e-124 	3.855760e-11 	8.881784e-16 	0.000000e+00
5610 	9.812854e-05 	1.094298e+05 	2.533964e-124 	3.855760e-11 	8.881784e-16 	0.000000e+00
5611 	9.793228e-05 	1.094298e+05 	2.533964e-124 	3.855760e-11 	8.881784e-16 	0.000000e+00
5612 	9.773642e-05 	1.094298e+05 	2.533964e-124 	3.855760e-11 	8.881784e-16 	0.000000e+00
5613 	9.754094e-05 	1.094298e+05 	2.533964e-124 	3.855760e-11 	8.881784e-16 	0.000000e+00
5614 	9.734586e-05 	1.094298e+05 	2.533964e-124 	3.855760e-11 	8.881784e-16 	0.000000e+00
5615 	9.715117e-05 	1.094298e+05 	2.533964e-124 	3.855760e-11 	8.881784e-16 	0.000000e+00
5616 	9.695687e-05 	1.094298e+05 	2.533964e-124 	3.855760e-11 	8.881784e-16 	0.000000e+00
5617 	9.676296e-05 	1.094298e+05 	2.533964e-124 	3.855760e-11 	8.881784e-16 	0.000000e+00
5618 	9.656943e-05 	1.094298e+05 	2.533964e-124 	3.855760e-11 	8.881784e-16 	0.000000e+00
5619 	9.637629e-05 	1.094298e+05 	2.533964e-124 	3.855760e-11 	8.881784e-16 	0.000000e+00
5620 	9.618354e-05 	1.094298e+05 	2.533964e-124 	3.855760e-11 	8.881784e-16 	0.000000e+00
5621 	9.599117e-05 	1.094298e+05 	2.533964e-124 	3.855760e-11 	8.881784e-16 	0.000000e+00
5622 	9.579919e-05 	1.094298e+05 	2.533964e-124 	3.855760e-11 	8.881784e-16 	0.000000e+00
5623 	9.560759e-05 	1.094298e+05 	2.533964e-124 	3.855760e-11 	8.881784e-16 	0.000000e+00
5624 	9.541637e-05 	1.094298e+05 	2.533964e-124 	3.855760e-11 	8.881784e-16 	0.000000e+00
5625 	9.522554e-05 	1.094298e+05 	2.533964e-124 	3.855760e-11 	8.881784e-16 	0.000000e+00
5626 	9.503509e-05 	1.094298e+05 	2.533964e-124 	3.855760e-11 	8.881784e-16 	0.000000e+00
5627 	9.484502e-05 	1.094298e+05 	2.533964e-124 	3.855760e-11 	8.881784e-16 	0.000000e+00
5628 	9.465533e-05 	1.094298e+05 	2.533964e-124 	3.855760e-11 	8.881784e-16 	0.000000e+00
5629 	9.446602e-05 	1.094298e+05 	2.533964e-124 	3.855760e-11 	8.881784e-16 	0.000000e+00
5630 	9.427709e-05 	1.094298e+05 	2.533964e-124 	3.855760e-11 	8.881784e-16 	0.000000e+00
5631 	9.408853e-05 	1.094298e+05 	2.533964e-124 	3.855760e-11 	8.881784e-16 	0.000000e+00
5632 	9.390036e-05 	1.094298e+05 	2.533964e-124 	3.855760e-11 	8.881784e-16 	0.000000e+00
5633 	9.371256e-05 	1.094298e+05 	2.533964e-124 	3.855760e-11 	8.881784e-16 	0.000000e+00
5634 	9.352513e-05 	1.094298e+05 	2.533964e-124 	3.855760e-11 	8.881784e-16 	0.000000e+00
5635 	9.333808e-05 	1.094298e+05 	2.533964e-124 	3.855760e-11 	8.881784e-16 	0.000000e+00
5636 	9.315140e-05 	1.094298e+05 	2.533964e-124 	3.855760e-11 	8.881784e-16 	0.000000e+00
5637 	9.296510e-05 	1.094298e+05 	2.533964e-124 	3.855760e-11 	8.881784e-16 	0.000000e+00
5638 	9.277917e-05 	1.094298e+05 	2.533964e-124 	3.855760e-11 	8.881784e-16 	0.000000e+00
5639 	9.259361e-05 	1.094298e+05 	2.533964e-124 	3.855760e-11 	8.881784e-16 	0.000000e+00
5640 	9.240843e-05 	1.094298e+05 	2.533964e-124 	3.855760e-11 	8.881784e-16 	0.000000e+00
5641 	9.222361e-05 	1.094298e+05 	2.533964e-124 	3.855760e-11 	8.881784e-16 	0.000000e+00
5642 	9.203916e-05 	1.094298e+05 	2.533964e-124 	3.855760e-11 	8.881784e-16 	0.000000e+00
5643 	9.185508e-05 	1.094298e+05 	2.533964e-124 	3.855760e-11 	8.881784e-16 	0.000000e+00
5644 	9.167137e-05 	1.094298e+05 	2.533964e-124 	3.855760e-11 	8.881784e-16 	0.000000e+00
5645 	9.148803e-05 	1.094298e+05 	2.533964e-124 	3.855760e-11 	8.881784e-16 	0.000000e+00
5646 	9.130505e-05 	1.094298e+05 	2.533964e-124 	3.855760e-11 	8.881784e-16 	0.000000e+00
5647 	9.112244e-05 	1.094298e+05 	2.533964e-124 	3.855760e-11 	8.881784e-16 	0.000000e+00
5648 	9.094020e-05 	1.094298e+05 	2.533964e-124 	3.855760e-11 	8.881784e-16 	0.000000e+00
5649 	9.075832e-05 	1.094298e+05 	2.533964e-124 	3.855760e-11 	8.881784e-16 	0.000000e+00
5650 	9.057680e-05 	1.094298e+05 	2.533964e-124 	3.855760e-11 	8.881784e-16 	0.000000e+00
5651 	9.039565e-05 	1.094298e+05 	2.533964e-124 	3.855760e-11 	8.881784e-16 	0.000000e+00
5652 	9.021486e-05 	1.094298e+05 	2.533964e-124 	3.855760e-11 	8.881784e-16 	0.000000e+00
5653 	9.003443e-05 	1.094298e+05 	2.533964e-124 	3.855760e-11 	8.881784e-16 	0.000000e+00
5654 	8.985436e-05 	1.094298e+05 	2.533964e-124 	3.855760e-11 	8.881784e-16 	0.000000e+00
5655 	8.967465e-05 	1.094298e+05 	2.533964e-124 	3.855760e-11 	8.881784e-16 	0.000000e+00
5656 	8.949530e-05 	1.094298e+05 	2.533964e-124 	3.855760e-11 	8.881784e-16 	0.000000e+00
5657 	8.931631e-05 	1.094298e+05 	2.533964e-124 	3.855760e-11 	8.881784e-16 	0.000000e+00
5658 	8.913768e-05 	1.094298e+05 	2.533964e-124 	3.855760e-11 	8.881784e-16 	0.000000e+00
5659 	8.895940e-05 	1.094298e+05 	2.533964e-124 	3.855760e-11 	8.881784e-16 	0.000000e+00
5660 	8.878148e-05 	1.094298e+05 	2.533964e-124 	3.855760e-11 	8.881784e-16 	0.000000e+00
5661 	8.860392e-05 	1.094298e+05 	2.533964e-124 	3.855760e-11 	8.881784e-16 	0.000000e+00
5662 	8.842671e-05 	1.094298e+05 	2.533964e-124 	3.855760e-11 	8.881784e-16 	0.000000e+00
5663 	8.824986e-05 	1.094298e+05 	2.533964e-124 	3.855760e-11 	8.881784e-16 	0.000000e+00
5664 	8.807336e-05 	1.094298e+05 	2.533964e-124 	3.855760e-11 	8.881784e-16 	0.000000e+00
5665 	8.789721e-05 	1.094298e+05 	2.533964e-124 	3.855760e-11 	8.881784e-16 	0.000000e+00
5666 	8.772142e-05 	1.094298e+05 	2.533964e-124 	3.855760e-11 	8.881784e-16 	0.000000e+00
5667 	8.754598e-05 	1.094298e+05 	2.533964e-124 	3.855760e-11 	8.881784e-16 	0.000000e+00
5668 	8.737088e-05 	1.094298e+05 	2.533964e-124 	3.855760e-11 	8.881784e-16 	0.000000e+00
5669 	8.719614e-05 	1.094298e+05 	2.533964e-124 	3.855760e-11 	8.881784e-16 	0.000000e+00
5670 	8.702175e-05 	1.094298e+05 	2.533964e-124 	3.855760e-11 	8.881784e-16 	0.000000e+00
5671 	8.684771e-05 	1.094298e+05 	2.533964e-124 	3.855760e-11 	8.881784e-16 	0.000000e+00
5672 	8.667401e-05 	1.094298e+05 	2.533964e-124 	3.855760e-11 	8.881784e-16 	0.000000e+00
5673 	8.650066e-05 	1.094298e+05 	2.533964e-124 	3.855760e-11 	8.881784e-16 	0.000000e+00
5674 	8.632766e-05 	1.094298e+05 	2.533964e-124 	3.855760e-11 	8.881784e-16 	0.000000e+00
5675 	8.615501e-05 	1.094298e+05 	2.533964e-124 	3.855760e-11 	8.881784e-16 	0.000000e+00
5676 	8.598270e-05 	1.094298e+05 	2.533964e-124 	3.855760e-11 	8.881784e-16 	0.000000e+00
5677 	8.581073e-05 	1.094298e+05 	2.533964e-124 	3.855760e-11 	8.881784e-16 	0.000000e+00
5678 	8.563911e-05 	1.094298e+05 	2.533964e-124 	3.855760e-11 	8.881784e-16 	0.000000e+00
5679 	8.546783e-05 	1.094298e+05 	2.533964e-124 	3.855760e-11 	8.881784e-16 	0.000000e+00
5680 	8.529690e-05 	1.094298e+05 	2.533964e-124 	3.855760e-11 	8.881784e-16 	0.000000e+00
5681 	8.512630e-05 	1.094298e+05 	2.533964e-124 	3.855760e-11 	8.881784e-16 	0.000000e+00
5682 	8.495605e-05 	1.094298e+05 	2.533964e-124 	3.855760e-11 	8.881784e-16 	0.000000e+00
5683 	8.478614e-05 	1.094298e+05 	2.533964e-124 	3.855760e-11 	8.881784e-16 	0.000000e+00
5684 	8.461656e-05 	1.094298e+05 	2.533964e-124 	3.855760e-11 	8.881784e-16 	0.000000e+00
5685 	8.444733e-05 	1.094298e+05 	2.533964e-124 	3.855760e-11 	8.881784e-16 	0.000000e+00
5686 	8.427844e-05 	1.094298e+05 	2.533964e-124 	3.855760e-11 	8.881784e-16 	0.000000e+00
5687 	8.410988e-05 	1.094298e+05 	2.533964e-124 	3.855760e-11 	8.881784e-16 	0.000000e+00
5688 	8.394166e-05 	1.094298e+05 	2.533964e-124 	3.855760e-11 	8.881784e-16 	0.000000e+00
5689 	8.377378e-05 	1.094298e+05 	2.533964e-124 	3.855760e-11 	8.881784e-16 	0.000000e+00
5690 	8.360623e-05 	1.094298e+05 	2.533964e-124 	3.855760e-11 	8.881784e-16 	0.000000e+00
5691 	8.343902e-05 	1.094298e+05 	2.533964e-124 	3.855760e-11 	8.881784e-16 	0.000000e+00
5692 	8.327214e-05 	1.094298e+05 	2.533964e-124 	3.855760e-11 	8.881784e-16 	0.000000e+00
5693 	8.310559e-05 	1.094298e+05 	2.533964e-124 	3.855760e-11 	8.881784e-16 	0.000000e+00
5694 	8.293938e-05 	1.094298e+05 	2.533964e-124 	3.855760e-11 	8.881784e-16 	0.000000e+00
5695 	8.277350e-05 	1.094298e+05 	2.533964e-124 	3.855760e-11 	8.881784e-16 	0.000000e+00
5696 	8.260796e-05 	1.094298e+05 	2.533964e-124 	3.855760e-11 	8.881784e-16 	0.000000e+00
5697 	8.244274e-05 	1.094298e+05 	2.533964e-124 	3.855760e-11 	8.881784e-16 	0.000000e+00
5698 	8.227786e-05 	1.094298e+05 	2.533964e-124 	3.855760e-11 	8.881784e-16 	0.000000e+00
5699 	8.211330e-05 	1.094298e+05 	2.533964e-124 	3.855760e-11 	8.881784e-16 	0.000000e+00
5700 	8.194907e-05 	1.094298e+05 	2.533964e-124 	3.855760e-11 	8.881784e-16 	0.000000e+00
5701 	8.178518e-05 	1.094298e+05 	2.533964e-124 	3.855760e-11 	8.881784e-16 	0.000000e+00
5702 	8.162161e-05 	1.094298e+05 	2.533964e-124 	3.855760e-11 	8.881784e-16 	0.000000e+00
5703 	8.145836e-05 	1.094298e+05 	2.533964e-124 	3.855760e-11 	8.881784e-16 	0.000000e+00
5704 	8.129545e-05 	1.094298e+05 	2.533964e-124 	3.855760e-11 	8.881784e-16 	0.000000e+00
5705 	8.113285e-05 	1.094298e+05 	2.533964e-124 	3.855760e-11 	8.881784e-16 	0.000000e+00
5706 	8.097059e-05 	1.094298e+05 	2.533964e-124 	3.855760e-11 	8.881784e-16 	0.000000e+00
5707 	8.080865e-05 	1.094298e+05 	2.533964e-124 	3.855760e-11 	8.881784e-16 	0.000000e+00
5708 	8.064703e-05 	1.094298e+05 	2.533964e-124 	3.855760e-11 	8.881784e-16 	0.000000e+00
5709 	8.048574e-05 	1.094298e+05 	2.533964e-124 	3.855760e-11 	8.881784e-16 	0.000000e+00
5710 	8.032476e-05 	1.094298e+05 	2.533964e-124 	3.855760e-11 	8.881784e-16 	0.000000e+00
5711 	8.016412e-05 	1.094298e+05 	2.533964e-124 	3.855760e-11 	8.881784e-16 	0.000000e+00
5712 	8.000379e-05 	1.094298e+05 	2.533964e-124 	3.855760e-11 	8.881784e-16 	0.000000e+00
5713 	7.984378e-05 	1.094298e+05 	2.533964e-124 	3.855760e-11 	8.881784e-16 	0.000000e+00
5714 	7.968409e-05 	1.094298e+05 	2.533964e-124 	3.855760e-11 	8.881784e-16 	0.000000e+00
5715 	7.952472e-05 	1.094298e+05 	2.533964e-124 	3.855760e-11 	8.881784e-16 	0.000000e+00
5716 	7.936567e-05 	1.094298e+05 	2.533964e-124 	3.855760e-11 	8.881784e-16 	0.000000e+00
5717 	7.920694e-05 	1.094298e+05 	2.533964e-124 	3.855760e-11 	8.881784e-16 	0.000000e+00
5718 	7.904853e-05 	1.094298e+05 	2.533964e-124 	3.855760e-11 	8.881784e-16 	0.000000e+00
5719 	7.889043e-05 	1.094298e+05 	2.533964e-124 	3.855760e-11 	8.881784e-16 	0.000000e+00
5720 	7.873265e-05 	1.094298e+05 	2.533964e-124 	3.855760e-11 	8.881784e-16 	0.000000e+00
5721 	7.857519e-05 	1.094298e+05 	2.533964e-124 	3.855760e-11 	8.881784e-16 	0.000000e+00
5722 	7.841804e-05 	1.094298e+05 	2.533964e-124 	3.855760e-11 	8.881784e-16 	0.000000e+00
5723 	7.826120e-05 	1.094298e+05 	2.533964e-124 	3.855760e-11 	8.881784e-16 	0.000000e+00
5724 	7.810468e-05 	1.094298e+05 	2.533964e-124 	3.855760e-11 	8.881784e-16 	0.000000e+00
5725 	7.794847e-05 	1.094298e+05 	2.533964e-124 	3.855760e-11 	8.881784e-16 	0.000000e+00
5726 	7.779257e-05 	1.094298e+05 	2.533964e-124 	3.855760e-11 	8.881784e-16 	0.000000e+00
5727 	7.763699e-05 	1.094298e+05 	2.533964e-124 	3.855760e-11 	8.881784e-16 	0.000000e+00
5728 	7.748171e-05 	1.094298e+05 	2.533964e-124 	3.855760e-11 	8.881784e-16 	0.000000e+00
5729 	7.732675e-05 	1.094298e+05 	2.533964e-124 	3.855760e-11 	8.881784e-16 	0.000000e+00
5730 	7.717209e-05 	1.094298e+05 	2.533964e-124 	3.855760e-11 	8.881784e-16 	0.000000e+00
5731 	7.701775e-05 	1.094298e+05 	2.533964e-124 	3.855760e-11 	8.881784e-16 	0.000000e+00
5732 	7.686372e-05 	1.094298e+05 	2.533964e-124 	3.855760e-11 	8.881784e-16 	0.000000e+00
5733 	7.670999e-05 	1.094298e+05 	2.533964e-124 	3.855760e-11 	8.881784e-16 	0.000000e+00
5734 	7.655657e-05 	1.094298e+05 	2.533964e-124 	3.855760e-11 	8.881784e-16 	0.000000e+00
5735 	7.640345e-05 	1.094298e+05 	2.533964e-124 	3.855760e-11 	8.881784e-16 	0.000000e+00
5736 	7.625065e-05 	1.094298e+05 	2.533964e-124 	3.855760e-11 	8.881784e-16 	0.000000e+00
5737 	7.609815e-05 	1.094298e+05 	2.533964e-124 	3.855760e-11 	8.881784e-16 	0.000000e+00
5738 	7.594595e-05 	1.094298e+05 	2.533964e-124 	3.855760e-11 	8.881784e-16 	0.000000e+00
5739 	7.579406e-05 	1.094298e+05 	2.533964e-124 	3.855760e-11 	8.881784e-16 	0.000000e+00
5740 	7.564247e-05 	1.094298e+05 	2.533964e-124 	3.855760e-11 	8.881784e-16 	0.000000e+00
5741 	7.549119e-05 	1.094298e+05 	2.533964e-124 	3.855760e-11 	8.881784e-16 	0.000000e+00
5742 	7.534020e-05 	1.094298e+05 	2.533964e-124 	3.855760e-11 	8.881784e-16 	0.000000e+00
5743 	7.518952e-05 	1.094298e+05 	2.533964e-124 	3.855760e-11 	8.881784e-16 	0.000000e+00
5744 	7.503914e-05 	1.094298e+05 	2.533964e-124 	3.855760e-11 	8.881784e-16 	0.000000e+00
5745 	7.488907e-05 	1.094298e+05 	2.533964e-124 	3.855760e-11 	8.881784e-16 	0.000000e+00
5746 	7.473929e-05 	1.094298e+05 	2.533964e-124 	3.855760e-11 	8.881784e-16 	0.000000e+00
5747 	7.458981e-05 	1.094298e+05 	2.533964e-124 	3.855760e-11 	8.881784e-16 	0.000000e+00
5748 	7.444063e-05 	1.094298e+05 	2.533964e-124 	3.855760e-11 	8.881784e-16 	0.000000e+00
5749 	7.429175e-05 	1.094298e+05 	2.533964e-124 	3.855760e-11 	8.881784e-16 	0.000000e+00
5750 	7.414316e-05 	1.094298e+05 	2.533964e-124 	3.855760e-11 	8.881784e-16 	0.000000e+00
5751 	7.399488e-05 	1.094298e+05 	2.533964e-124 	3.855760e-11 	8.881784e-16 	0.000000e+00
5752 	7.384689e-05 	1.094298e+05 	2.533964e-124 	3.855760e-11 	8.881784e-16 	0.000000e+00
5753 	7.369919e-05 	1.094298e+05 	2.533964e-124 	3.855760e-11 	8.881784e-16 	0.000000e+00
5754 	7.355180e-05 	1.094298e+05 	2.533964e-124 	3.855760e-11 	8.881784e-16 	0.000000e+00
5755 	7.340469e-05 	1.094298e+05 	2.533964e-124 	3.855760e-11 	8.881784e-16 	0.000000e+00
5756 	7.325788e-05 	1.094298e+05 	2.533964e-124 	3.855760e-11 	8.881784e-16 	0.000000e+00
5757 	7.311137e-05 	1.094298e+05 	2.533964e-124 	3.855760e-11 	8.881784e-16 	0.000000e+00
5758 	7.296514e-05 	1.094298e+05 	2.533964e-124 	3.855760e-11 	8.881784e-16 	0.000000e+00
5759 	7.281921e-05 	1.094298e+05 	2.533964e-124 	3.855760e-11 	8.881784e-16 	0.000000e+00
5760 	7.267358e-05 	1.094298e+05 	2.533964e-124 	3.855760e-11 	8.881784e-16 	0.000000e+00
5761 	7.252823e-05 	1.094298e+05 	2.533964e-124 	3.855760e-11 	8.881784e-16 	0.000000e+00
5762 	7.238317e-05 	1.094298e+05 	2.533964e-124 	3.855760e-11 	8.881784e-16 	0.000000e+00
5763 	7.223841e-05 	1.094298e+05 	2.533964e-124 	3.855760e-11 	8.881784e-16 	0.000000e+00
5764 	7.209393e-05 	1.094298e+05 	2.533964e-124 	3.855760e-11 	8.881784e-16 	0.000000e+00
5765 	7.194974e-05 	1.094298e+05 	2.533964e-124 	3.855760e-11 	8.881784e-16 	0.000000e+00
5766 	7.180584e-05 	1.094298e+05 	2.533964e-124 	3.855760e-11 	8.881784e-16 	0.000000e+00
5767 	7.166223e-05 	1.094298e+05 	2.533964e-124 	3.855760e-11 	8.881784e-16 	0.000000e+00
5768 	7.151891e-05 	1.094298e+05 	2.533964e-124 	3.855760e-11 	8.881784e-16 	0.000000e+00
5769 	7.137587e-05 	1.094298e+05 	2.533964e-124 	3.855760e-11 	8.881784e-16 	0.000000e+00
5770 	7.123312e-05 	1.094298e+05 	2.533964e-124 	3.855760e-11 	8.881784e-16 	0.000000e+00
5771 	7.109065e-05 	1.094298e+05 	2.533964e-124 	3.855760e-11 	8.881784e-16 	0.000000e+00
5772 	7.094847e-05 	1.094298e+05 	2.533964e-124 	3.855760e-11 	8.881784e-16 	0.000000e+00
5773 	7.080657e-05 	1.094298e+05 	2.533964e-124 	3.855760e-11 	8.881784e-16 	0.000000e+00
5774 	7.066496e-05 	1.094298e+05 	2.533964e-124 	3.855760e-11 	8.881784e-16 	0.000000e+00
5775 	7.052363e-05 	1.094298e+05 	2.533964e-124 	3.855760e-11 	8.881784e-16 	0.000000e+00
5776 	7.038258e-05 	1.094298e+05 	2.533964e-124 	3.855760e-11 	8.881784e-16 	0.000000e+00
5777 	7.024182e-05 	1.094298e+05 	2.533964e-124 	3.855760e-11 	8.881784e-16 	0.000000e+00
5778 	7.010133e-05 	1.094298e+05 	2.533964e-124 	3.855760e-11 	8.881784e-16 	0.000000e+00
5779 	6.996113e-05 	1.094298e+05 	2.533964e-124 	3.855760e-11 	8.881784e-16 	0.000000e+00
5780 	6.982121e-05 	1.094298e+05 	2.533964e-124 	3.855760e-11 	8.881784e-16 	0.000000e+00
5781 	6.968156e-05 	1.094298e+05 	2.533964e-124 	3.855760e-11 	8.881784e-16 	0.000000e+00
5782 	6.954220e-05 	1.094298e+05 	2.533964e-124 	3.855760e-11 	8.881784e-16 	0.000000e+00
5783 	6.940312e-05 	1.094298e+05 	2.533964e-124 	3.855760e-11 	8.881784e-16 	0.000000e+00
5784 	6.926431e-05 	1.094298e+05 	2.533964e-124 	3.855760e-11 	8.881784e-16 	0.000000e+00
5785 	6.912578e-05 	1.094298e+05 	2.533964e-124 	3.855760e-11 	8.881784e-16 	0.000000e+00
5786 	6.898753e-05 	1.094298e+05 	2.533964e-124 	3.855760e-11 	8.881784e-16 	0.000000e+00
5787 	6.884956e-05 	1.094298e+05 	2.533964e-124 	3.855760e-11 	8.881784e-16 	0.000000e+00
5788 	6.871186e-05 	1.094298e+05 	2.533964e-124 	3.855760e-11 	8.881784e-16 	0.000000e+00
5789 	6.857443e-05 	1.094298e+05 	2.533964e-124 	3.855760e-11 	8.881784e-16 	0.000000e+00
5790 	6.843728e-05 	1.094298e+05 	2.533964e-124 	3.855760e-11 	8.881784e-16 	0.000000e+00
5791 	6.830041e-05 	1.094298e+05 	2.533964e-124 	3.855760e-11 	8.881784e-16 	0.000000e+00
5792 	6.816381e-05 	1.094298e+05 	2.533964e-124 	3.855760e-11 	8.881784e-16 	0.000000e+00
5793 	6.802748e-05 	1.094298e+05 	2.533964e-124 	3.855760e-11 	8.881784e-16 	0.000000e+00
5794 	6.789143e-05 	1.094298e+05 	2.533964e-124 	3.855760e-11 	8.881784e-16 	0.000000e+00
5795 	6.775564e-05 	1.094298e+05 	2.533964e-124 	3.855760e-11 	8.881784e-16 	0.000000e+00
5796 	6.762013e-05 	1.094298e+05 	2.533964e-124 	3.855760e-11 	8.881784e-16 	0.000000e+00
5797 	6.748489e-05 	1.094298e+05 	2.533964e-124 	3.855760e-11 	8.881784e-16 	0.000000e+00
5798 	6.734992e-05 	1.094298e+05 	2.533964e-124 	3.855760e-11 	8.881784e-16 	0.000000e+00
5799 	6.721522e-05 	1.094298e+05 	2.533964e-124 	3.855760e-11 	8.881784e-16 	0.000000e+00
5800 	6.708079e-05 	1.094298e+05 	2.533964e-124 	3.855760e-11 	8.881784e-16 	0.000000e+00
5801 	6.694663e-05 	1.094298e+05 	2.533964e-124 	3.855760e-11 	8.881784e-16 	0.000000e+00
5802 	6.681274e-05 	1.094298e+05 	2.533964e-124 	3.855760e-11 	8.881784e-16 	0.000000e+00
5803 	6.667911e-05 	1.094298e+05 	2.533964e-124 	3.855760e-11 	8.881784e-16 	0.000000e+00
5804 	6.654575e-05 	1.094298e+05 	2.533964e-124 	3.855760e-11 	8.881784e-16 	0.000000e+00
5805 	6.641266e-05 	1.094298e+05 	2.533964e-124 	3.855760e-11 	8.881784e-16 	0.000000e+00
5806 	6.627984e-05 	1.094298e+05 	2.533964e-124 	3.855760e-11 	8.881784e-16 	0.000000e+00
5807 	6.614728e-05 	1.094298e+05 	2.533964e-124 	3.855760e-11 	8.881784e-16 	0.000000e+00
5808 	6.601498e-05 	1.094298e+05 	2.533964e-124 	3.855760e-11 	8.881784e-16 	0.000000e+00
5809 	6.588295e-05 	1.094298e+05 	2.533964e-124 	3.855760e-11 	8.881784e-16 	0.000000e+00
5810 	6.575119e-05 	1.094298e+05 	2.533964e-124 	3.855760e-11 	8.881784e-16 	0.000000e+00
5811 	6.561968e-05 	1.094298e+05 	2.533964e-124 	3.855760e-11 	8.881784e-16 	0.000000e+00
5812 	6.548844e-05 	1.094298e+05 	2.533964e-124 	3.855760e-11 	8.881784e-16 	0.000000e+00
5813 	6.535747e-05 	1.094298e+05 	2.533964e-124 	3.855760e-11 	8.881784e-16 	0.000000e+00
5814 	6.522675e-05 	1.094298e+05 	2.533964e-124 	3.855760e-11 	8.881784e-16 	0.000000e+00
5815 	6.509630e-05 	1.094298e+05 	2.533964e-124 	3.855760e-11 	8.881784e-16 	0.000000e+00
5816 	6.496611e-05 	1.094298e+05 	2.533964e-124 	3.855760e-11 	8.881784e-16 	0.000000e+00
5817 	6.483617e-05 	1.094298e+05 	2.533964e-124 	3.855760e-11 	8.881784e-16 	0.000000e+00
5818 	6.470650e-05 	1.094298e+05 	2.533964e-124 	3.855760e-11 	8.881784e-16 	0.000000e+00
5819 	6.457709e-05 	1.094298e+05 	2.533964e-124 	3.855760e-11 	8.881784e-16 	0.000000e+00
5820 	6.444793e-05 	1.094298e+05 	2.533964e-124 	3.855760e-11 	8.881784e-16 	0.000000e+00
5821 	6.431904e-05 	1.094298e+05 	2.533964e-124 	3.855760e-11 	8.881784e-16 	0.000000e+00
5822 	6.419040e-05 	1.094298e+05 	2.533964e-124 	3.855760e-11 	8.881784e-16 	0.000000e+00
5823 	6.406202e-05 	1.094298e+05 	2.533964e-124 	3.855760e-11 	8.881784e-16 	0.000000e+00
5824 	6.393390e-05 	1.094298e+05 	2.533964e-124 	3.855760e-11 	8.881784e-16 	0.000000e+00
5825 	6.380603e-05 	1.094298e+05 	2.533964e-124 	3.855760e-11 	8.881784e-16 	0.000000e+00
5826 	6.367842e-05 	1.094298e+05 	2.533964e-124 	3.855760e-11 	8.881784e-16 	0.000000e+00
5827 	6.355106e-05 	1.094298e+05 	2.533964e-124 	3.855760e-11 	8.881784e-16 	0.000000e+00
5828 	6.342396e-05 	1.094298e+05 	2.533964e-124 	3.855760e-11 	8.881784e-16 	0.000000e+00
5829 	6.329711e-05 	1.094298e+05 	2.533964e-124 	3.855760e-11 	8.881784e-16 	0.000000e+00
5830 	6.317052e-05 	1.094298e+05 	2.533964e-124 	3.855760e-11 	8.881784e-16 	0.000000e+00
5831 	6.304417e-05 	1.094298e+05 	2.533964e-124 	3.855760e-11 	8.881784e-16 	0.000000e+00
5832 	6.291809e-05 	1.094298e+05 	2.533964e-124 	3.855760e-11 	8.881784e-16 	0.000000e+00
5833 	6.279225e-05 	1.094298e+05 	2.533964e-124 	3.855760e-11 	8.881784e-16 	0.000000e+00
5834 	6.266667e-05 	1.094298e+05 	2.533964e-124 	3.855760e-11 	8.881784e-16 	0.000000e+00
5835 	6.254133e-05 	1.094298e+05 	2.533964e-124 	3.855760e-11 	8.881784e-16 	0.000000e+00
5836 	6.241625e-05 	1.094298e+05 	2.533964e-124 	3.855760e-11 	8.881784e-16 	0.000000e+00
5837 	6.229142e-05 	1.094298e+05 	2.533964e-124 	3.855760e-11 	8.881784e-16 	0.000000e+00
5838 	6.216683e-05 	1.094298e+05 	2.533964e-124 	3.855760e-11 	8.881784e-16 	0.000000e+00
5839 	6.204250e-05 	1.094298e+05 	2.533964e-124 	3.855760e-11 	8.881784e-16 	0.000000e+00
5840 	6.191842e-05 	1.094298e+05 	2.533964e-124 	3.855760e-11 	8.881784e-16 	0.000000e+00
5841 	6.179458e-05 	1.094298e+05 	2.533964e-124 	3.855760e-11 	8.881784e-16 	0.000000e+00
5842 	6.167099e-05 	1.094298e+05 	2.533964e-124 	3.855760e-11 	8.881784e-16 	0.000000e+00
5843 	6.154765e-05 	1.094298e+05 	2.533964e-124 	3.855760e-11 	8.881784e-16 	0.000000e+00
5844 	6.142455e-05 	1.094298e+05 	2.533964e-124 	3.855760e-11 	8.881784e-16 	0.000000e+00
5845 	6.130170e-05 	1.094298e+05 	2.533964e-124 	3.855760e-11 	8.881784e-16 	0.000000e+00
5846 	6.117910e-05 	1.094298e+05 	2.533964e-124 	3.855760e-11 	8.881784e-16 	0.000000e+00
5847 	6.105674e-05 	1.094298e+05 	2.533964e-124 	3.855760e-11 	8.881784e-16 	0.000000e+00
5848 	6.093463e-05 	1.094298e+05 	2.533964e-124 	3.855760e-11 	8.881784e-16 	0.000000e+00
5849 	6.081276e-05 	1.094298e+05 	2.533964e-124 	3.855760e-11 	8.881784e-16 	0.000000e+00
5850 	6.069113e-05 	1.094298e+05 	2.533964e-124 	3.855760e-11 	8.881784e-16 	0.000000e+00
5851 	6.056975e-05 	1.094298e+05 	2.533964e-124 	3.855760e-11 	8.881784e-16 	0.000000e+00
5852 	6.044861e-05 	1.094298e+05 	2.533964e-124 	3.855760e-11 	8.881784e-16 	0.000000e+00
5853 	6.032771e-05 	1.094298e+05 	2.533964e-124 	3.855760e-11 	8.881784e-16 	0.000000e+00
5854 	6.020706e-05 	1.094298e+05 	2.533964e-124 	3.855760e-11 	8.881784e-16 	0.000000e+00
5855 	6.008664e-05 	1.094298e+05 	2.533964e-124 	3.855760e-11 	8.881784e-16 	0.000000e+00
5856 	5.996647e-05 	1.094298e+05 	2.533964e-124 	3.855760e-11 	8.881784e-16 	0.000000e+00
5857 	5.984654e-05 	1.094298e+05 	2.533964e-124 	3.855760e-11 	8.881784e-16 	0.000000e+00
5858 	5.972684e-05 	1.094298e+05 	2.533964e-124 	3.855760e-11 	8.881784e-16 	0.000000e+00
5859 	5.960739e-05 	1.094298e+05 	2.533964e-124 	3.855760e-11 	8.881784e-16 	0.000000e+00
5860 	5.948818e-05 	1.094298e+05 	2.533964e-124 	3.855760e-11 	8.881784e-16 	0.000000e+00
5861 	5.936920e-05 	1.094298e+05 	2.533964e-124 	3.855760e-11 	8.881784e-16 	0.000000e+00
5862 	5.925046e-05 	1.094298e+05 	2.533964e-124 	3.855760e-11 	8.881784e-16 	0.000000e+00
5863 	5.913196e-05 	1.094298e+05 	2.533964e-124 	3.855760e-11 	8.881784e-16 	0.000000e+00
5864 	5.901370e-05 	1.094298e+05 	2.533964e-124 	3.855760e-11 	8.881784e-16 	0.000000e+00
5865 	5.889567e-05 	1.094298e+05 	2.533964e-124 	3.855760e-11 	8.881784e-16 	0.000000e+00
5866 	5.877788e-05 	1.094298e+05 	2.533964e-124 	3.855760e-11 	8.881784e-16 	0.000000e+00
5867 	5.866032e-05 	1.094298e+05 	2.533964e-124 	3.855760e-11 	8.881784e-16 	0.000000e+00
5868 	5.854300e-05 	1.094298e+05 	2.533964e-124 	3.855760e-11 	8.881784e-16 	0.000000e+00
5869 	5.842592e-05 	1.094298e+05 	2.533964e-124 	3.855760e-11 	8.881784e-16 	0.000000e+00
5870 	5.830906e-05 	1.094298e+05 	2.533964e-124 	3.855760e-11 	8.881784e-16 	0.000000e+00
5871 	5.819245e-05 	1.094298e+05 	2.533964e-124 	3.855760e-11 	8.881784e-16 	0.000000e+00
5872 	5.807606e-05 	1.094298e+05 	2.533964e-124 	3.855760e-11 	8.881784e-16 	0.000000e+00
5873 	5.795991e-05 	1.094298e+05 	2.533964e-124 	3.855760e-11 	8.881784e-16 	0.000000e+00
5874 	5.784399e-05 	1.094298e+05 	2.533964e-124 	3.855760e-11 	8.881784e-16 	0.000000e+00
5875 	5.772830e-05 	1.094298e+05 	2.533964e-124 	3.855760e-11 	8.881784e-16 	0.000000e+00
5876 	5.761284e-05 	1.094298e+05 	2.533964e-124 	3.855760e-11 	8.881784e-16 	0.000000e+00
5877 	5.749762e-05 	1.094298e+05 	2.533964e-124 	3.855760e-11 	8.881784e-16 	0.000000e+00
5878 	5.738262e-05 	1.094298e+05 	2.533964e-124 	3.855760e-11 	8.881784e-16 	0.000000e+00
5879 	5.726786e-05 	1.094298e+05 	2.533964e-124 	3.855760e-11 	8.881784e-16 	0.000000e+00
5880 	5.715332e-05 	1.094298e+05 	2.533964e-124 	3.855760e-11 	8.881784e-16 	0.000000e+00
5881 	5.703902e-05 	1.094298e+05 	2.533964e-124 	3.855760e-11 	8.881784e-16 	0.000000e+00
5882 	5.692494e-05 	1.094298e+05 	2.533964e-124 	3.855760e-11 	8.881784e-16 	0.000000e+00
5883 	5.681109e-05 	1.094298e+05 	2.533964e-124 	3.855760e-11 	8.881784e-16 	0.000000e+00
5884 	5.669747e-05 	1.094298e+05 	2.533964e-124 	3.855760e-11 	8.881784e-16 	0.000000e+00
5885 	5.658407e-05 	1.094298e+05 	2.533964e-124 	3.855760e-11 	8.881784e-16 	0.000000e+00
5886 	5.647090e-05 	1.094298e+05 	2.533964e-124 	3.855760e-11 	8.881784e-16 	0.000000e+00
5887 	5.635796e-05 	1.094298e+05 	2.533964e-124 	3.855760e-11 	8.881784e-16 	0.000000e+00
5888 	5.624524e-05 	1.094298e+05 	2.533964e-124 	3.855760e-11 	8.881784e-16 	0.000000e+00
5889 	5.613275e-05 	1.094298e+05 	2.533964e-124 	3.855760e-11 	8.881784e-16 	0.000000e+00
5890 	5.602049e-05 	1.094298e+05 	2.533964e-124 	3.855760e-11 	8.881784e-16 	0.000000e+00
5891 	5.590845e-05 	1.094298e+05 	2.533964e-124 	3.855760e-11 	8.881784e-16 	0.000000e+00
5892 	5.579663e-05 	1.094298e+05 	2.533964e-124 	3.855760e-11 	8.881784e-16 	0.000000e+00
5893 	5.568504e-05 	1.094298e+05 	2.533964e-124 	3.855760e-11 	8.881784e-16 	0.000000e+00
5894 	5.557367e-05 	1.094298e+05 	2.533964e-124 	3.855760e-11 	8.881784e-16 	0.000000e+00
5895 	5.546252e-05 	1.094298e+05 	2.533964e-124 	3.855760e-11 	8.881784e-16 	0.000000e+00
5896 	5.535160e-05 	1.094298e+05 	2.533964e-124 	3.855760e-11 	8.881784e-16 	0.000000e+00
5897 	5.524089e-05 	1.094298e+05 	2.533964e-124 	3.855760e-11 	8.881784e-16 	0.000000e+00
5898 	5.513041e-05 	1.094298e+05 	2.533964e-124 	3.855760e-11 	8.881784e-16 	0.000000e+00
5899 	5.502015e-05 	1.094298e+05 	2.533964e-124 	3.855760e-11 	8.881784e-16 	0.000000e+00
5900 	5.491011e-05 	1.094298e+05 	2.533964e-124 	3.855760e-11 	8.881784e-16 	0.000000e+00
5901 	5.480029e-05 	1.094298e+05 	2.533964e-124 	3.855760e-11 	8.881784e-16 	0.000000e+00
5902 	5.469069e-05 	1.094298e+05 	2.533964e-124 	3.855760e-11 	8.881784e-16 	0.000000e+00
5903 	5.458131e-05 	1.094298e+05 	2.533964e-124 	3.855760e-11 	8.881784e-16 	0.000000e+00
5904 	5.447214e-05 	1.094298e+05 	2.533964e-124 	3.855760e-11 	8.881784e-16 	0.000000e+00
5905 	5.436320e-05 	1.094298e+05 	2.533964e-124 	3.855760e-11 	8.881784e-16 	0.000000e+00
5906 	5.425447e-05 	1.094298e+05 	2.533964e-124 	3.855760e-11 	8.881784e-16 	0.000000e+00
5907 	5.414596e-05 	1.094298e+05 	2.533964e-124 	3.855760e-11 	8.881784e-16 	0.000000e+00
5908 	5.403767e-05 	1.094298e+05 	2.533964e-124 	3.855760e-11 	8.881784e-16 	0.000000e+00
5909 	5.392960e-05 	1.094298e+05 	2.533964e-124 	3.855760e-11 	8.881784e-16 	0.000000e+00
5910 	5.382174e-05 	1.094298e+05 	2.533964e-124 	3.855760e-11 	8.881784e-16 	0.000000e+00
5911 	5.371409e-05 	1.094298e+05 	2.533964e-124 	3.855760e-11 	8.881784e-16 	0.000000e+00
5912 	5.360667e-05 	1.094298e+05 	2.533964e-124 	3.855760e-11 	8.881784e-16 	0.000000e+00
5913 	5.349945e-05 	1.094298e+05 	2.533964e-124 	3.855760e-11 	8.881784e-16 	0.000000e+00
5914 	5.339245e-05 	1.094298e+05 	2.533964e-124 	3.855760e-11 	8.881784e-16 	0.000000e+00
5915 	5.328567e-05 	1.094298e+05 	2.533964e-124 	3.855760e-11 	8.881784e-16 	0.000000e+00
5916 	5.317910e-05 	1.094298e+05 	2.533964e-124 	3.855760e-11 	8.881784e-16 	0.000000e+00
5917 	5.307274e-05 	1.094298e+05 	2.533964e-124 	3.855760e-11 	8.881784e-16 	0.000000e+00
5918 	5.296659e-05 	1.094298e+05 	2.533964e-124 	3.855760e-11 	8.881784e-16 	0.000000e+00
5919 	5.286066e-05 	1.094298e+05 	2.533964e-124 	3.855760e-11 	8.881784e-16 	0.000000e+00
5920 	5.275494e-05 	1.094298e+05 	2.533964e-124 	3.855760e-11 	8.881784e-16 	0.000000e+00
5921 	5.264943e-05 	1.094298e+05 	2.533964e-124 	3.855760e-11 	8.881784e-16 	0.000000e+00
5922 	5.254413e-05 	1.094298e+05 	2.533964e-124 	3.855760e-11 	8.881784e-16 	0.000000e+00
5923 	5.243904e-05 	1.094298e+05 	2.533964e-124 	3.855760e-11 	8.881784e-16 	0.000000e+00
5924 	5.233416e-05 	1.094298e+05 	2.533964e-124 	3.855760e-11 	8.881784e-16 	0.000000e+00
5925 	5.222950e-05 	1.094298e+05 	2.533964e-124 	3.855760e-11 	8.881784e-16 	0.000000e+00
5926 	5.212504e-05 	1.094298e+05 	2.533964e-124 	3.855760e-11 	8.881784e-16 	0.000000e+00
5927 	5.202079e-05 	1.094298e+05 	2.533964e-124 	3.855760e-11 	8.881784e-16 	0.000000e+00
5928 	5.191675e-05 	1.094298e+05 	2.533964e-124 	3.855760e-11 	8.881784e-16 	0.000000e+00
5929 	5.181291e-05 	1.094298e+05 	2.533964e-124 	3.855760e-11 	8.881784e-16 	0.000000e+00
5930 	5.170929e-05 	1.094298e+05 	2.533964e-124 	3.855760e-11 	8.881784e-16 	0.000000e+00
5931 	5.160587e-05 	1.094298e+05 	2.533964e-124 	3.855760e-11 	8.881784e-16 	0.000000e+00
5932 	5.150266e-05 	1.094298e+05 	2.533964e-124 	3.855760e-11 	8.881784e-16 	0.000000e+00
5933 	5.139965e-05 	1.094298e+05 	2.533964e-124 	3.855760e-11 	8.881784e-16 	0.000000e+00
5934 	5.129685e-05 	1.094298e+05 	2.533964e-124 	3.855760e-11 	8.881784e-16 	0.000000e+00
5935 	5.119426e-05 	1.094298e+05 	2.533964e-124 	3.855760e-11 	8.881784e-16 	0.000000e+00
5936 	5.109187e-05 	1.094298e+05 	2.533964e-124 	3.855760e-11 	8.881784e-16 	0.000000e+00
5937 	5.098969e-05 	1.094298e+05 	2.533964e-124 	3.855760e-11 	8.881784e-16 	0.000000e+00
5938 	5.088771e-05 	1.094298e+05 	2.533964e-124 	3.855760e-11 	8.881784e-16 	0.000000e+00
5939 	5.078593e-05 	1.094298e+05 	2.533964e-124 	3.855760e-11 	8.881784e-16 	0.000000e+00
5940 	5.068436e-05 	1.094298e+05 	2.533964e-124 	3.855760e-11 	8.881784e-16 	0.000000e+00
5941 	5.058299e-05 	1.094298e+05 	2.533964e-124 	3.855760e-11 	8.881784e-16 	0.000000e+00
5942 	5.048182e-05 	1.094298e+05 	2.533964e-124 	3.855760e-11 	8.881784e-16 	0.000000e+00
5943 	5.038086e-05 	1.094298e+05 	2.533964e-124 	3.855760e-11 	8.881784e-16 	0.000000e+00
5944 	5.028010e-05 	1.094298e+05 	2.533964e-124 	3.855760e-11 	8.881784e-16 	0.000000e+00
5945 	5.017954e-05 	1.094298e+05 	2.533964e-124 	3.855760e-11 	8.881784e-16 	0.000000e+00
5946 	5.007918e-05 	1.094298e+05 	2.533964e-124 	3.855760e-11 	8.881784e-16 	0.000000e+00
5947 	4.997902e-05 	1.094298e+05 	2.533964e-124 	3.855760e-11 	8.881784e-16 	0.000000e+00
5948 	4.987906e-05 	1.094298e+05 	2.533964e-124 	3.855760e-11 	8.881784e-16 	0.000000e+00
5949 	4.977931e-05 	1.094298e+05 	2.533964e-124 	3.855760e-11 	8.881784e-16 	0.000000e+00
5950 	4.967975e-05 	1.094298e+05 	2.533964e-124 	3.855760e-11 	8.881784e-16 	0.000000e+00
5951 	4.958039e-05 	1.094298e+05 	2.533964e-124 	3.855760e-11 	8.881784e-16 	0.000000e+00
5952 	4.948123e-05 	1.094298e+05 	2.533964e-124 	3.855760e-11 	8.881784e-16 	0.000000e+00
5953 	4.938226e-05 	1.094298e+05 	2.533964e-124 	3.855760e-11 	8.881784e-16 	0.000000e+00
5954 	4.928350e-05 	1.094298e+05 	2.533964e-124 	3.855760e-11 	8.881784e-16 	0.000000e+00
5955 	4.918493e-05 	1.094298e+05 	2.533964e-124 	3.855760e-11 	8.881784e-16 	0.000000e+00
5956 	4.908656e-05 	1.094298e+05 	2.533964e-124 	3.855760e-11 	8.881784e-16 	0.000000e+00
5957 	4.898839e-05 	1.094298e+05 	2.533964e-124 	3.855760e-11 	8.881784e-16 	0.000000e+00
5958 	4.889041e-05 	1.094298e+05 	2.533964e-124 	3.855760e-11 	8.881784e-16 	0.000000e+00
5959 	4.879263e-05 	1.094298e+05 	2.533964e-124 	3.855760e-11 	8.881784e-16 	0.000000e+00
5960 	4.869505e-05 	1.094298e+05 	2.533964e-124 	3.855760e-11 	8.881784e-16 	0.000000e+00
5961 	4.859766e-05 	1.094298e+05 	2.533964e-124 	3.855760e-11 	8.881784e-16 	0.000000e+00
5962 	4.850046e-05 	1.094298e+05 	2.533964e-124 	3.855760e-11 	8.881784e-16 	0.000000e+00
5963 	4.840346e-05 	1.094298e+05 	2.533964e-124 	3.855760e-11 	8.881784e-16 	0.000000e+00
5964 	4.830665e-05 	1.094298e+05 	2.533964e-124 	3.855760e-11 	8.881784e-16 	0.000000e+00
5965 	4.821004e-05 	1.094298e+05 	2.533964e-124 	3.855760e-11 	8.881784e-16 	0.000000e+00
5966 	4.811362e-05 	1.094298e+05 	2.533964e-124 	3.855760e-11 	8.881784e-16 	0.000000e+00
5967 	4.801739e-05 	1.094298e+05 	2.533964e-124 	3.855760e-11 	8.881784e-16 	0.000000e+00
5968 	4.792136e-05 	1.094298e+05 	2.533964e-124 	3.855760e-11 	8.881784e-16 	0.000000e+00
5969 	4.782552e-05 	1.094298e+05 	2.533964e-124 	3.855760e-11 	8.881784e-16 	0.000000e+00
5970 	4.772986e-05 	1.094298e+05 	2.533964e-124 	3.855760e-11 	8.881784e-16 	0.000000e+00
5971 	4.763440e-05 	1.094298e+05 	2.533964e-124 	3.855760e-11 	8.881784e-16 	0.000000e+00
5972 	4.753914e-05 	1.094298e+05 	2.533964e-124 	3.855760e-11 	8.881784e-16 	0.000000e+00
5973 	4.744406e-05 	1.094298e+05 	2.533964e-124 	3.855760e-11 	8.881784e-16 	0.000000e+00
5974 	4.734917e-05 	1.094298e+05 	2.533964e-124 	3.855760e-11 	8.881784e-16 	0.000000e+00
5975 	4.725447e-05 	1.094298e+05 	2.533964e-124 	3.855760e-11 	8.881784e-16 	0.000000e+00
5976 	4.715996e-05 	1.094298e+05 	2.533964e-124 	3.855760e-11 	8.881784e-16 	0.000000e+00
5977 	4.706564e-05 	1.094298e+05 	2.533964e-124 	3.855760e-11 	8.881784e-16 	0.000000e+00
5978 	4.697151e-05 	1.094298e+05 	2.533964e-124 	3.855760e-11 	8.881784e-16 	0.000000e+00
5979 	4.687757e-05 	1.094298e+05 	2.533964e-124 	3.855760e-11 	8.881784e-16 	0.000000e+00
5980 	4.678381e-05 	1.094298e+05 	2.533964e-124 	3.855760e-11 	8.881784e-16 	0.000000e+00
5981 	4.669024e-05 	1.094298e+05 	2.533964e-124 	3.855760e-11 	8.881784e-16 	0.000000e+00
5982 	4.659686e-05 	1.094298e+05 	2.533964e-124 	3.855760e-11 	8.881784e-16 	0.000000e+00
5983 	4.650367e-05 	1.094298e+05 	2.533964e-124 	3.855760e-11 	8.881784e-16 	0.000000e+00
5984 	4.641066e-05 	1.094298e+05 	2.533964e-124 	3.855760e-11 	8.881784e-16 	0.000000e+00
5985 	4.631784e-05 	1.094298e+05 	2.533964e-124 	3.855760e-11 	8.881784e-16 	0.000000e+00
5986 	4.622521e-05 	1.094298e+05 	2.533964e-124 	3.855760e-11 	8.881784e-16 	0.000000e+00
5987 	4.613276e-05 	1.094298e+05 	2.533964e-124 	3.855760e-11 	8.881784e-16 	0.000000e+00
5988 	4.604049e-05 	1.094298e+05 	2.533964e-124 	3.855760e-11 	8.881784e-16 	0.000000e+00
5989 	4.594841e-05 	1.094298e+05 	2.533964e-124 	3.855760e-11 	8.881784e-16 	0.000000e+00
5990 	4.585651e-05 	1.094298e+05 	2.533964e-124 	3.855760e-11 	8.881784e-16 	0.000000e+00
5991 	4.576480e-05 	1.094298e+05 	2.533964e-124 	3.855760e-11 	8.881784e-16 	0.000000e+00
5992 	4.567327e-05 	1.094298e+05 	2.533964e-124 	3.855760e-11 	8.881784e-16 	0.000000e+00
5993 	4.558192e-05 	1.094298e+05 	2.533964e-124 	3.855760e-11 	8.881784e-16 	0.000000e+00
5994 	4.549076e-05 	1.094298e+05 	2.533964e-124 	3.855760e-11 	8.881784e-16 	0.000000e+00
5995 	4.539978e-05 	1.094298e+05 	2.533964e-124 	3.855760e-11 	8.881784e-16 	0.000000e+00
5996 	4.530898e-05 	1.094298e+05 	2.533964e-124 	3.855760e-11 	8.881784e-16 	0.000000e+00
5997 	4.521836e-05 	1.094298e+05 	2.533964e-124 	3.855760e-11 	8.881784e-16 	0.000000e+00
5998 	4.512792e-05 	1.094298e+05 	2.533964e-124 	3.855760e-11 	8.881784e-16 	0.000000e+00
5999 	4.503767e-05 	1.094298e+05 	2.533964e-124 	3.855760e-11 	8.881784e-16 	0.000000e+00
6000 	4.494759e-05 	1.094298e+05 	2.533964e-124 	3.855760e-11 	8.881784e-16 	0.000000e+00
6001 	4.485770e-05 	1.094298e+05 	2.533964e-124 	3.855760e-11 	8.881784e-16 	0.000000e+00
6002 	4.476798e-05 	1.094298e+05 	2.533964e-124 	3.855760e-11 	8.881784e-16 	0.000000e+00
6003 	4.467845e-05 	1.094298e+05 	2.533964e-124 	3.855760e-11 	8.881784e-16 	0.000000e+00
6004 	4.458909e-05 	1.094298e+05 	2.533964e-124 	3.855760e-11 	8.881784e-16 	0.000000e+00
6005 	4.449991e-05 	1.094298e+05 	2.533964e-124 	3.855760e-11 	8.881784e-16 	0.000000e+00
6006 	4.441091e-05 	1.094298e+05 	2.533964e-124 	3.855760e-11 	8.881784e-16 	0.000000e+00
6007 	4.432209e-05 	1.094298e+05 	2.533964e-124 	3.855760e-11 	8.881784e-16 	0.000000e+00
6008 	4.423345e-05 	1.094298e+05 	2.533964e-124 	3.855760e-11 	8.881784e-16 	0.000000e+00
6009 	4.414498e-05 	1.094298e+05 	2.533964e-124 	3.855760e-11 	8.881784e-16 	0.000000e+00
6010 	4.405669e-05 	1.094298e+05 	2.533964e-124 	3.855760e-11 	8.881784e-16 	0.000000e+00
6011 	4.396858e-05 	1.094298e+05 	2.533964e-124 	3.855760e-11 	8.881784e-16 	0.000000e+00
6012 	4.388064e-05 	1.094298e+05 	2.533964e-124 	3.855760e-11 	8.881784e-16 	0.000000e+00
6013 	4.379288e-05 	1.094298e+05 	2.533964e-124 	3.855760e-11 	8.881784e-16 	0.000000e+00
6014 	4.370529e-05 	1.094298e+05 	2.533964e-124 	3.855760e-11 	8.881784e-16 	0.000000e+00
6015 	4.361788e-05 	1.094298e+05 	2.533964e-124 	3.855760e-11 	8.881784e-16 	0.000000e+00
6016 	4.353064e-05 	1.094298e+05 	2.533964e-124 	3.855760e-11 	8.881784e-16 	0.000000e+00
6017 	4.344358e-05 	1.094298e+05 	2.533964e-124 	3.855760e-11 	8.881784e-16 	0.000000e+00
6018 	4.335670e-05 	1.094298e+05 	2.533964e-124 	3.855760e-11 	8.881784e-16 	0.000000e+00
6019 	4.326998e-05 	1.094298e+05 	2.533964e-124 	3.855760e-11 	8.881784e-16 	0.000000e+00
6020 	4.318344e-05 	1.094298e+05 	2.533964e-124 	3.855760e-11 	8.881784e-16 	0.000000e+00
6021 	4.309708e-05 	1.094298e+05 	2.533964e-124 	3.855760e-11 	8.881784e-16 	0.000000e+00
6022 	4.301088e-05 	1.094298e+05 	2.533964e-124 	3.855760e-11 	8.881784e-16 	0.000000e+00
6023 	4.292486e-05 	1.094298e+05 	2.533964e-124 	3.855760e-11 	8.881784e-16 	0.000000e+00
6024 	4.283901e-05 	1.094298e+05 	2.533964e-124 	3.855760e-11 	8.881784e-16 	0.000000e+00
6025 	4.275333e-05 	1.094298e+05 	2.533964e-124 	3.855760e-11 	8.881784e-16 	0.000000e+00
6026 	4.266783e-05 	1.094298e+05 	2.533964e-124 	3.855760e-11 	8.881784e-16 	0.000000e+00
6027 	4.258249e-05 	1.094298e+05 	2.533964e-124 	3.855760e-11 	8.881784e-16 	0.000000e+00
6028 	4.249732e-05 	1.094298e+05 	2.533964e-124 	3.855760e-11 	8.881784e-16 	0.000000e+00
6029 	4.241233e-05 	1.094298e+05 	2.533964e-124 	3.855760e-11 	8.881784e-16 	0.000000e+00
6030 	4.232751e-05 	1.094298e+05 	2.533964e-124 	3.855760e-11 	8.881784e-16 	0.000000e+00
6031 	4.224285e-05 	1.094298e+05 	2.533964e-124 	3.855760e-11 	8.881784e-16 	0.000000e+00
6032 	4.215836e-05 	1.094298e+05 	2.533964e-124 	3.855760e-11 	8.881784e-16 	0.000000e+00
6033 	4.207405e-05 	1.094298e+05 	2.533964e-124 	3.855760e-11 	8.881784e-16 	0.000000e+00
6034 	4.198990e-05 	1.094298e+05 	2.533964e-124 	3.855760e-11 	8.881784e-16 	0.000000e+00
6035 	4.190592e-05 	1.094298e+05 	2.533964e-124 	3.855760e-11 	8.881784e-16 	0.000000e+00
6036 	4.182211e-05 	1.094298e+05 	2.533964e-124 	3.855760e-11 	8.881784e-16 	0.000000e+00
6037 	4.173846e-05 	1.094298e+05 	2.533964e-124 	3.855760e-11 	8.881784e-16 	0.000000e+00
6038 	4.165499e-05 	1.094298e+05 	2.533964e-124 	3.855760e-11 	8.881784e-16 	0.000000e+00
6039 	4.157168e-05 	1.094298e+05 	2.533964e-124 	3.855760e-11 	8.881784e-16 	0.000000e+00
6040 	4.148853e-05 	1.094298e+05 	2.533964e-124 	3.855760e-11 	8.881784e-16 	0.000000e+00
6041 	4.140556e-05 	1.094298e+05 	2.533964e-124 	3.855760e-11 	8.881784e-16 	0.000000e+00
6042 	4.132275e-05 	1.094298e+05 	2.533964e-124 	3.855760e-11 	8.881784e-16 	0.000000e+00
6043 	4.124010e-05 	1.094298e+05 	2.533964e-124 	3.855760e-11 	8.881784e-16 	0.000000e+00
6044 	4.115762e-05 	1.094298e+05 	2.533964e-124 	3.855760e-11 	8.881784e-16 	0.000000e+00
6045 	4.107530e-05 	1.094298e+05 	2.533964e-124 	3.855760e-11 	8.881784e-16 	0.000000e+00
6046 	4.099315e-05 	1.094298e+05 	2.533964e-124 	3.855760e-11 	8.881784e-16 	0.000000e+00
6047 	4.091117e-05 	1.094298e+05 	2.533964e-124 	3.855760e-11 	8.881784e-16 	0.000000e+00
6048 	4.082935e-05 	1.094298e+05 	2.533964e-124 	3.855760e-11 	8.881784e-16 	0.000000e+00
6049 	4.074769e-05 	1.094298e+05 	2.533964e-124 	3.855760e-11 	8.881784e-16 	0.000000e+00
6050 	4.066619e-05 	1.094298e+05 	2.533964e-124 	3.855760e-11 	8.881784e-16 	0.000000e+00
6051 	4.058486e-05 	1.094298e+05 	2.533964e-124 	3.855760e-11 	8.881784e-16 	0.000000e+00
6052 	4.050369e-05 	1.094298e+05 	2.533964e-124 	3.855760e-11 	8.881784e-16 	0.000000e+00
6053 	4.042268e-05 	1.094298e+05 	2.533964e-124 	3.855760e-11 	8.881784e-16 	0.000000e+00
6054 	4.034184e-05 	1.094298e+05 	2.533964e-124 	3.855760e-11 	8.881784e-16 	0.000000e+00
6055 	4.026115e-05 	1.094298e+05 	2.533964e-124 	3.855760e-11 	8.881784e-16 	0.000000e+00
6056 	4.018063e-05 	1.094298e+05 	2.533964e-124 	3.855760e-11 	8.881784e-16 	0.000000e+00
6057 	4.010027e-05 	1.094298e+05 	2.533964e-124 	3.855760e-11 	8.881784e-16 	0.000000e+00
6058 	4.002007e-05 	1.094298e+05 	2.533964e-124 	3.855760e-11 	8.881784e-16 	0.000000e+00
6059 	3.994003e-05 	1.094298e+05 	2.533964e-124 	3.855760e-11 	8.881784e-16 	0.000000e+00
6060 	3.986015e-05 	1.094298e+05 	2.533964e-124 	3.855760e-11 	8.881784e-16 	0.000000e+00
6061 	3.978043e-05 	1.094298e+05 	2.533964e-124 	3.855760e-11 	8.881784e-16 	0.000000e+00
6062 	3.970087e-05 	1.094298e+05 	2.533964e-124 	3.855760e-11 	8.881784e-16 	0.000000e+00
6063 	3.962147e-05 	1.094298e+05 	2.533964e-124 	3.855760e-11 	8.881784e-16 	0.000000e+00
6064 	3.954222e-05 	1.094298e+05 	2.533964e-124 	3.855760e-11 	8.881784e-16 	0.000000e+00
6065 	3.946314e-05 	1.094298e+05 	2.533964e-124 	3.855760e-11 	8.881784e-16 	0.000000e+00
6066 	3.938421e-05 	1.094298e+05 	2.533964e-124 	3.855760e-11 	8.881784e-16 	0.000000e+00
6067 	3.930544e-05 	1.094298e+05 	2.533964e-124 	3.855760e-11 	8.881784e-16 	0.000000e+00
6068 	3.922683e-05 	1.094298e+05 	2.533964e-124 	3.855760e-11 	8.881784e-16 	0.000000e+00
6069 	3.914838e-05 	1.094298e+05 	2.533964e-124 	3.855760e-11 	8.881784e-16 	0.000000e+00
6070 	3.907008e-05 	1.094298e+05 	2.533964e-124 	3.855760e-11 	8.881784e-16 	0.000000e+00
6071 	3.899194e-05 	1.094298e+05 	2.533964e-124 	3.855760e-11 	8.881784e-16 	0.000000e+00
6072 	3.891396e-05 	1.094298e+05 	2.533964e-124 	3.855760e-11 	8.881784e-16 	0.000000e+00
6073 	3.883613e-05 	1.094298e+05 	2.533964e-124 	3.855760e-11 	8.881784e-16 	0.000000e+00
6074 	3.875846e-05 	1.094298e+05 	2.533964e-124 	3.855760e-11 	8.881784e-16 	0.000000e+00
6075 	3.868094e-05 	1.094298e+05 	2.533964e-124 	3.855760e-11 	8.881784e-16 	0.000000e+00
6076 	3.860358e-05 	1.094298e+05 	2.533964e-124 	3.855760e-11 	8.881784e-16 	0.000000e+00
6077 	3.852637e-05 	1.094298e+05 	2.533964e-124 	3.855760e-11 	8.881784e-16 	0.000000e+00
6078 	3.844932e-05 	1.094298e+05 	2.533964e-124 	3.855760e-11 	8.881784e-16 	0.000000e+00
6079 	3.837242e-05 	1.094298e+05 	2.533964e-124 	3.855760e-11 	8.881784e-16 	0.000000e+00
6080 	3.829568e-05 	1.094298e+05 	2.533964e-124 	3.855760e-11 	8.881784e-16 	0.000000e+00
6081 	3.821908e-05 	1.094298e+05 	2.533964e-124 	3.855760e-11 	8.881784e-16 	0.000000e+00
6082 	3.814265e-05 	1.094298e+05 	2.533964e-124 	3.855760e-11 	8.881784e-16 	0.000000e+00
6083 	3.806636e-05 	1.094298e+05 	2.533964e-124 	3.855760e-11 	8.881784e-16 	0.000000e+00
6084 	3.799023e-05 	1.094298e+05 	2.533964e-124 	3.855760e-11 	8.881784e-16 	0.000000e+00
6085 	3.791425e-05 	1.094298e+05 	2.533964e-124 	3.855760e-11 	8.881784e-16 	0.000000e+00
6086 	3.783842e-05 	1.094298e+05 	2.533964e-124 	3.855760e-11 	8.881784e-16 	0.000000e+00
6087 	3.776274e-05 	1.094298e+05 	2.533964e-124 	3.855760e-11 	8.881784e-16 	0.000000e+00
6088 	3.768722e-05 	1.094298e+05 	2.533964e-124 	3.855760e-11 	8.881784e-16 	0.000000e+00
6089 	3.761184e-05 	1.094298e+05 	2.533964e-124 	3.855760e-11 	8.881784e-16 	0.000000e+00
6090 	3.753662e-05 	1.094298e+05 	2.533964e-124 	3.855760e-11 	8.881784e-16 	0.000000e+00
6091 	3.746155e-05 	1.094298e+05 	2.533964e-124 	3.855760e-11 	8.881784e-16 	0.000000e+00
6092 	3.738662e-05 	1.094298e+05 	2.533964e-124 	3.855760e-11 	8.881784e-16 	0.000000e+00
6093 	3.731185e-05 	1.094298e+05 	2.533964e-124 	3.855760e-11 	8.881784e-16 	0.000000e+00
6094 	3.723723e-05 	1.094298e+05 	2.533964e-124 	3.855760e-11 	8.881784e-16 	0.000000e+00
6095 	3.716275e-05 	1.094298e+05 	2.533964e-124 	3.855760e-11 	8.881784e-16 	0.000000e+00
6096 	3.708843e-05 	1.094298e+05 	2.533964e-124 	3.855760e-11 	8.881784e-16 	0.000000e+00
6097 	3.701425e-05 	1.094298e+05 	2.533964e-124 	3.855760e-11 	8.881784e-16 	0.000000e+00
6098 	3.694022e-05 	1.094298e+05 	2.533964e-124 	3.855760e-11 	8.881784e-16 	0.000000e+00
6099 	3.686634e-05 	1.094298e+05 	2.533964e-124 	3.855760e-11 	8.881784e-16 	0.000000e+00
6100 	3.679261e-05 	1.094298e+05 	2.533964e-124 	3.855760e-11 	8.881784e-16 	0.000000e+00
6101 	3.671902e-05 	1.094298e+05 	2.533964e-124 	3.855760e-11 	8.881784e-16 	0.000000e+00
6102 	3.664558e-05 	1.094298e+05 	2.533964e-124 	3.855760e-11 	8.881784e-16 	0.000000e+00
6103 	3.657229e-05 	1.094298e+05 	2.533964e-124 	3.855760e-11 	8.881784e-16 	0.000000e+00
6104 	3.649915e-05 	1.094298e+05 	2.533964e-124 	3.855760e-11 	8.881784e-16 	0.000000e+00
6105 	3.642615e-05 	1.094298e+05 	2.533964e-124 	3.855760e-11 	8.881784e-16 	0.000000e+00
6106 	3.635330e-05 	1.094298e+05 	2.533964e-124 	3.855760e-11 	8.881784e-16 	0.000000e+00
6107 	3.628059e-05 	1.094298e+05 	2.533964e-124 	3.855760e-11 	8.881784e-16 	0.000000e+00
6108 	3.620803e-05 	1.094298e+05 	2.533964e-124 	3.855760e-11 	8.881784e-16 	0.000000e+00
6109 	3.613561e-05 	1.094298e+05 	2.533964e-124 	3.855760e-11 	8.881784e-16 	0.000000e+00
6110 	3.606334e-05 	1.094298e+05 	2.533964e-124 	3.855760e-11 	8.881784e-16 	0.000000e+00
6111 	3.599122e-05 	1.094298e+05 	2.533964e-124 	3.855760e-11 	8.881784e-16 	0.000000e+00
6112 	3.591923e-05 	1.094298e+05 	2.533964e-124 	3.855760e-11 	8.881784e-16 	0.000000e+00
6113 	3.584740e-05 	1.094298e+05 	2.533964e-124 	3.855760e-11 	8.881784e-16 	0.000000e+00
6114 	3.577570e-05 	1.094298e+05 	2.533964e-124 	3.855760e-11 	8.881784e-16 	0.000000e+00
6115 	3.570415e-05 	1.094298e+05 	2.533964e-124 	3.855760e-11 	8.881784e-16 	0.000000e+00
6116 	3.563274e-05 	1.094298e+05 	2.533964e-124 	3.855760e-11 	8.881784e-16 	0.000000e+00
6117 	3.556148e-05 	1.094298e+05 	2.533964e-124 	3.855760e-11 	8.881784e-16 	0.000000e+00
6118 	3.549035e-05 	1.094298e+05 	2.533964e-124 	3.855760e-11 	8.881784e-16 	0.000000e+00
6119 	3.541937e-05 	1.094298e+05 	2.533964e-124 	3.855760e-11 	8.881784e-16 	0.000000e+00
6120 	3.534853e-05 	1.094298e+05 	2.533964e-124 	3.855760e-11 	8.881784e-16 	0.000000e+00
6121 	3.527784e-05 	1.094298e+05 	2.533964e-124 	3.855760e-11 	8.881784e-16 	0.000000e+00
6122 	3.520728e-05 	1.094298e+05 	2.533964e-124 	3.855760e-11 	8.881784e-16 	0.000000e+00
6123 	3.513687e-05 	1.094298e+05 	2.533964e-124 	3.855760e-11 	8.881784e-16 	0.000000e+00
6124 	3.506659e-05 	1.094298e+05 	2.533964e-124 	3.855760e-11 	8.881784e-16 	0.000000e+00
6125 	3.499646e-05 	1.094298e+05 	2.533964e-124 	3.855760e-11 	8.881784e-16 	0.000000e+00
6126 	3.492647e-05 	1.094298e+05 	2.533964e-124 	3.855760e-11 	8.881784e-16 	0.000000e+00
6127 	3.485661e-05 	1.094298e+05 	2.533964e-124 	3.855760e-11 	8.881784e-16 	0.000000e+00
6128 	3.478690e-05 	1.094298e+05 	2.533964e-124 	3.855760e-11 	8.881784e-16 	0.000000e+00
6129 	3.471733e-05 	1.094298e+05 	2.533964e-124 	3.855760e-11 	8.881784e-16 	0.000000e+00
6130 	3.464789e-05 	1.094298e+05 	2.533964e-124 	3.855760e-11 	8.881784e-16 	0.000000e+00
6131 	3.457860e-05 	1.094298e+05 	2.533964e-124 	3.855760e-11 	8.881784e-16 	0.000000e+00
6132 	3.450944e-05 	1.094298e+05 	2.533964e-124 	3.855760e-11 	8.881784e-16 	0.000000e+00
6133 	3.444042e-05 	1.094298e+05 	2.533964e-124 	3.855760e-11 	8.881784e-16 	0.000000e+00
6134 	3.437154e-05 	1.094298e+05 	2.533964e-124 	3.855760e-11 	8.881784e-16 	0.000000e+00
6135 	3.430280e-05 	1.094298e+05 	2.533964e-124 	3.855760e-11 	8.881784e-16 	0.000000e+00
6136 	3.423419e-05 	1.094298e+05 	2.533964e-124 	3.855760e-11 	8.881784e-16 	0.000000e+00
6137 	3.416572e-05 	1.094298e+05 	2.533964e-124 	3.855760e-11 	8.881784e-16 	0.000000e+00
6138 	3.409739e-05 	1.094298e+05 	2.533964e-124 	3.855760e-11 	8.881784e-16 	0.000000e+00
6139 	3.402920e-05 	1.094298e+05 	2.533964e-124 	3.855760e-11 	8.881784e-16 	0.000000e+00
6140 	3.396114e-05 	1.094298e+05 	2.533964e-124 	3.855760e-11 	8.881784e-16 	0.000000e+00
6141 	3.389321e-05 	1.094298e+05 	2.533964e-124 	3.855760e-11 	8.881784e-16 	0.000000e+00
6142 	3.382543e-05 	1.094298e+05 	2.533964e-124 	3.855760e-11 	8.881784e-16 	0.000000e+00
6143 	3.375778e-05 	1.094298e+05 	2.533964e-124 	3.855760e-11 	8.881784e-16 	0.000000e+00
6144 	3.369026e-05 	1.094298e+05 	2.533964e-124 	3.855760e-11 	8.881784e-16 	0.000000e+00
6145 	3.362288e-05 	1.094298e+05 	2.533964e-124 	3.855760e-11 	8.881784e-16 	0.000000e+00
6146 	3.355564e-05 	1.094298e+05 	2.533964e-124 	3.855760e-11 	8.881784e-16 	0.000000e+00
6147 	3.348852e-05 	1.094298e+05 	2.533964e-124 	3.855760e-11 	8.881784e-16 	0.000000e+00
6148 	3.342155e-05 	1.094298e+05 	2.533964e-124 	3.855760e-11 	8.881784e-16 	0.000000e+00
6149 	3.335470e-05 	1.094298e+05 	2.533964e-124 	3.855760e-11 	8.881784e-16 	0.000000e+00
6150 	3.328799e-05 	1.094298e+05 	2.533964e-124 	3.855760e-11 	8.881784e-16 	0.000000e+00
6151 	3.322142e-05 	1.094298e+05 	2.533964e-124 	3.855760e-11 	8.881784e-16 	0.000000e+00
6152 	3.315498e-05 	1.094298e+05 	2.533964e-124 	3.855760e-11 	8.881784e-16 	0.000000e+00
6153 	3.308867e-05 	1.094298e+05 	2.533964e-124 	3.855760e-11 	8.881784e-16 	0.000000e+00
6154 	3.302249e-05 	1.094298e+05 	2.533964e-124 	3.855760e-11 	8.881784e-16 	0.000000e+00
6155 	3.295644e-05 	1.094298e+05 	2.533964e-124 	3.855760e-11 	8.881784e-16 	0.000000e+00
6156 	3.289053e-05 	1.094298e+05 	2.533964e-124 	3.855760e-11 	8.881784e-16 	0.000000e+00
6157 	3.282475e-05 	1.094298e+05 	2.533964e-124 	3.855760e-11 	8.881784e-16 	0.000000e+00
6158 	3.275910e-05 	1.094298e+05 	2.533964e-124 	3.855760e-11 	8.881784e-16 	0.000000e+00
6159 	3.269358e-05 	1.094298e+05 	2.533964e-124 	3.855760e-11 	8.881784e-16 	0.000000e+00
6160 	3.262819e-05 	1.094298e+05 	2.533964e-124 	3.855760e-11 	8.881784e-16 	0.000000e+00
6161 	3.256294e-05 	1.094298e+05 	2.533964e-124 	3.855760e-11 	8.881784e-16 	0.000000e+00
6162 	3.249781e-05 	1.094298e+05 	2.533964e-124 	3.855760e-11 	8.881784e-16 	0.000000e+00
6163 	3.243282e-05 	1.094298e+05 	2.533964e-124 	3.855760e-11 	8.881784e-16 	0.000000e+00
6164 	3.236795e-05 	1.094298e+05 	2.533964e-124 	3.855760e-11 	8.881784e-16 	0.000000e+00
6165 	3.230322e-05 	1.094298e+05 	2.533964e-124 	3.855760e-11 	8.881784e-16 	0.000000e+00
6166 	3.223861e-05 	1.094298e+05 	2.533964e-124 	3.855760e-11 	8.881784e-16 	0.000000e+00
6167 	3.217413e-05 	1.094298e+05 	2.533964e-124 	3.855760e-11 	8.881784e-16 	0.000000e+00
6168 	3.210978e-05 	1.094298e+05 	2.533964e-124 	3.855760e-11 	8.881784e-16 	0.000000e+00
6169 	3.204556e-05 	1.094298e+05 	2.533964e-124 	3.855760e-11 	8.881784e-16 	0.000000e+00
6170 	3.198147e-05 	1.094298e+05 	2.533964e-124 	3.855760e-11 	8.881784e-16 	0.000000e+00
6171 	3.191751e-05 	1.094298e+05 	2.533964e-124 	3.855760e-11 	8.881784e-16 	0.000000e+00
6172 	3.185367e-05 	1.094298e+05 	2.533964e-124 	3.855760e-11 	8.881784e-16 	0.000000e+00
6173 	3.178997e-05 	1.094298e+05 	2.533964e-124 	3.855760e-11 	8.881784e-16 	0.000000e+00
6174 	3.172639e-05 	1.094298e+05 	2.533964e-124 	3.855760e-11 	8.881784e-16 	0.000000e+00
6175 	3.166293e-05 	1.094298e+05 	2.533964e-124 	3.855760e-11 	8.881784e-16 	0.000000e+00
6176 	3.159961e-05 	1.094298e+05 	2.533964e-124 	3.855760e-11 	8.881784e-16 	0.000000e+00
6177 	3.153641e-05 	1.094298e+05 	2.533964e-124 	3.855760e-11 	8.881784e-16 	0.000000e+00
6178 	3.147334e-05 	1.094298e+05 	2.533964e-124 	3.855760e-11 	8.881784e-16 	0.000000e+00
6179 	3.141039e-05 	1.094298e+05 	2.533964e-124 	3.855760e-11 	8.881784e-16 	0.000000e+00
6180 	3.134757e-05 	1.094298e+05 	2.533964e-124 	3.855760e-11 	8.881784e-16 	0.000000e+00
6181 	3.128487e-05 	1.094298e+05 	2.533964e-124 	3.855760e-11 	8.881784e-16 	0.000000e+00
6182 	3.122230e-05 	1.094298e+05 	2.533964e-124 	3.855760e-11 	8.881784e-16 	0.000000e+00
6183 	3.115986e-05 	1.094298e+05 	2.533964e-124 	3.855760e-11 	8.881784e-16 	0.000000e+00
6184 	3.109754e-05 	1.094298e+05 	2.533964e-124 	3.855760e-11 	8.881784e-16 	0.000000e+00
6185 	3.103534e-05 	1.094298e+05 	2.533964e-124 	3.855760e-11 	8.881784e-16 	0.000000e+00
6186 	3.097327e-05 	1.094298e+05 	2.533964e-124 	3.855760e-11 	8.881784e-16 	0.000000e+00
6187 	3.091133e-05 	1.094298e+05 	2.533964e-124 	3.855760e-11 	8.881784e-16 	0.000000e+00
6188 	3.084950e-05 	1.094298e+05 	2.533964e-124 	3.855760e-11 	8.881784e-16 	0.000000e+00
6189 	3.078781e-05 	1.094298e+05 	2.533964e-124 	3.855760e-11 	8.881784e-16 	0.000000e+00
6190 	3.072623e-05 	1.094298e+05 	2.533964e-124 	3.855760e-11 	8.881784e-16 	0.000000e+00
6191 	3.066478e-05 	1.094298e+05 	2.533964e-124 	3.855760e-11 	8.881784e-16 	0.000000e+00
6192 	3.060345e-05 	1.094298e+05 	2.533964e-124 	3.855760e-11 	8.881784e-16 	0.000000e+00
6193 	3.054224e-05 	1.094298e+05 	2.533964e-124 	3.855760e-11 	8.881784e-16 	0.000000e+00
6194 	3.048116e-05 	1.094298e+05 	2.533964e-124 	3.855760e-11 	8.881784e-16 	0.000000e+00
6195 	3.042019e-05 	1.094298e+05 	2.533964e-124 	3.855760e-11 	8.881784e-16 	0.000000e+00
6196 	3.035935e-05 	1.094298e+05 	2.533964e-124 	3.855760e-11 	8.881784e-16 	0.000000e+00
6197 	3.029864e-05 	1.094298e+05 	2.533964e-124 	3.855760e-11 	8.881784e-16 	0.000000e+00
6198 	3.023804e-05 	1.094298e+05 	2.533964e-124 	3.855760e-11 	8.881784e-16 	0.000000e+00
6199 	3.017756e-05 	1.094298e+05 	2.533964e-124 	3.855760e-11 	8.881784e-16 	0.000000e+00
6200 	3.011721e-05 	1.094298e+05 	2.533964e-124 	3.855760e-11 	8.881784e-16 	0.000000e+00
6201 	3.005697e-05 	1.094298e+05 	2.533964e-124 	3.855760e-11 	8.881784e-16 	0.000000e+00
6202 	2.999686e-05 	1.094298e+05 	2.533964e-124 	3.855760e-11 	8.881784e-16 	0.000000e+00
6203 	2.993686e-05 	1.094298e+05 	2.533964e-124 	3.855760e-11 	8.881784e-16 	0.000000e+00
6204 	2.987699e-05 	1.094298e+05 	2.533964e-124 	3.855760e-11 	8.881784e-16 	0.000000e+00
6205 	2.981724e-05 	1.094298e+05 	2.533964e-124 	3.855760e-11 	8.881784e-16 	0.000000e+00
6206 	2.975760e-05 	1.094298e+05 	2.533964e-124 	3.855760e-11 	8.881784e-16 	0.000000e+00
6207 	2.969809e-05 	1.094298e+05 	2.533964e-124 	3.855760e-11 	8.881784e-16 	0.000000e+00
6208 	2.963869e-05 	1.094298e+05 	2.533964e-124 	3.855760e-11 	8.881784e-16 	0.000000e+00
6209 	2.957941e-05 	1.094298e+05 	2.533964e-124 	3.855760e-11 	8.881784e-16 	0.000000e+00
6210 	2.952026e-05 	1.094298e+05 	2.533964e-124 	3.855760e-11 	8.881784e-16 	0.000000e+00
6211 	2.946121e-05 	1.094298e+05 	2.533964e-124 	3.855760e-11 	8.881784e-16 	0.000000e+00
6212 	2.940229e-05 	1.094298e+05 	2.533964e-124 	3.855760e-11 	8.881784e-16 	0.000000e+00
6213 	2.934349e-05 	1.094298e+05 	2.533964e-124 	3.855760e-11 	8.881784e-16 	0.000000e+00
6214 	2.928480e-05 	1.094298e+05 	2.533964e-124 	3.855760e-11 	8.881784e-16 	0.000000e+00
6215 	2.922623e-05 	1.094298e+05 	2.533964e-124 	3.855760e-11 	8.881784e-16 	0.000000e+00
6216 	2.916778e-05 	1.094298e+05 	2.533964e-124 	3.855760e-11 	8.881784e-16 	0.000000e+00
6217 	2.910944e-05 	1.094298e+05 	2.533964e-124 	3.855760e-11 	8.881784e-16 	0.000000e+00
6218 	2.905122e-05 	1.094298e+05 	2.533964e-124 	3.855760e-11 	8.881784e-16 	0.000000e+00
6219 	2.899312e-05 	1.094298e+05 	2.533964e-124 	3.855760e-11 	8.881784e-16 	0.000000e+00
6220 	2.893514e-05 	1.094298e+05 	2.533964e-124 	3.855760e-11 	8.881784e-16 	0.000000e+00
6221 	2.887727e-05 	1.094298e+05 	2.533964e-124 	3.855760e-11 	8.881784e-16 	0.000000e+00
6222 	2.881951e-05 	1.094298e+05 	2.533964e-124 	3.855760e-11 	8.881784e-16 	0.000000e+00
6223 	2.876187e-05 	1.094298e+05 	2.533964e-124 	3.855760e-11 	8.881784e-16 	0.000000e+00
6224 	2.870435e-05 	1.094298e+05 	2.533964e-124 	3.855760e-11 	8.881784e-16 	0.000000e+00
6225 	2.864694e-05 	1.094298e+05 	2.533964e-124 	3.855760e-11 	8.881784e-16 	0.000000e+00
6226 	2.858965e-05 	1.094298e+05 	2.533964e-124 	3.855760e-11 	8.881784e-16 	0.000000e+00
6227 	2.853247e-05 	1.094298e+05 	2.533964e-124 	3.855760e-11 	8.881784e-16 	0.000000e+00
6228 	2.847540e-05 	1.094298e+05 	2.533964e-124 	3.855760e-11 	8.881784e-16 	0.000000e+00
6229 	2.841845e-05 	1.094298e+05 	2.533964e-124 	3.855760e-11 	8.881784e-16 	0.000000e+00
6230 	2.836161e-05 	1.094298e+05 	2.533964e-124 	3.855760e-11 	8.881784e-16 	0.000000e+00
6231 	2.830489e-05 	1.094298e+05 	2.533964e-124 	3.855760e-11 	8.881784e-16 	0.000000e+00
6232 	2.824828e-05 	1.094298e+05 	2.533964e-124 	3.855760e-11 	8.881784e-16 	0.000000e+00
6233 	2.819178e-05 	1.094298e+05 	2.533964e-124 	3.855760e-11 	8.881784e-16 	0.000000e+00
6234 	2.813540e-05 	1.094298e+05 	2.533964e-124 	3.855760e-11 	8.881784e-16 	0.000000e+00
6235 	2.807913e-05 	1.094298e+05 	2.533964e-124 	3.855760e-11 	8.881784e-16 	0.000000e+00
6236 	2.802297e-05 	1.094298e+05 	2.533964e-124 	3.855760e-11 	8.881784e-16 	0.000000e+00
6237 	2.796693e-05 	1.094298e+05 	2.533964e-124 	3.855760e-11 	8.881784e-16 	0.000000e+00
6238 	2.791099e-05 	1.094298e+05 	2.533964e-124 	3.855760e-11 	8.881784e-16 	0.000000e+00
6239 	2.785517e-05 	1.094298e+05 	2.533964e-124 	3.855760e-11 	8.881784e-16 	0.000000e+00
6240 	2.779946e-05 	1.094298e+05 	2.533964e-124 	3.855760e-11 	8.881784e-16 	0.000000e+00
6241 	2.774386e-05 	1.094298e+05 	2.533964e-124 	3.855760e-11 	8.881784e-16 	0.000000e+00
6242 	2.768837e-05 	1.094298e+05 	2.533964e-124 	3.855760e-11 	8.881784e-16 	0.000000e+00
6243 	2.763300e-05 	1.094298e+05 	2.533964e-124 	3.855760e-11 	8.881784e-16 	0.000000e+00
6244 	2.757773e-05 	1.094298e+05 	2.533964e-124 	3.855760e-11 	8.881784e-16 	0.000000e+00
6245 	2.752257e-05 	1.094298e+05 	2.533964e-124 	3.855760e-11 	8.881784e-16 	0.000000e+00
6246 	2.746753e-05 	1.094298e+05 	2.533964e-124 	3.855760e-11 	8.881784e-16 	0.000000e+00
6247 	2.741259e-05 	1.094298e+05 	2.533964e-124 	3.855760e-11 	8.881784e-16 	0.000000e+00
6248 	2.735777e-05 	1.094298e+05 	2.533964e-124 	3.855760e-11 	8.881784e-16 	0.000000e+00
6249 	2.730305e-05 	1.094298e+05 	2.533964e-124 	3.855760e-11 	8.881784e-16 	0.000000e+00
6250 	2.724845e-05 	1.094298e+05 	2.533964e-124 	3.855760e-11 	8.881784e-16 	0.000000e+00
6251 	2.719395e-05 	1.094298e+05 	2.533964e-124 	3.855760e-11 	8.881784e-16 	0.000000e+00
6252 	2.713956e-05 	1.094298e+05 	2.533964e-124 	3.855760e-11 	8.881784e-16 	0.000000e+00
6253 	2.708528e-05 	1.094298e+05 	2.533964e-124 	3.855760e-11 	8.881784e-16 	0.000000e+00
6254 	2.703111e-05 	1.094298e+05 	2.533964e-124 	3.855760e-11 	8.881784e-16 	0.000000e+00
6255 	2.697705e-05 	1.094298e+05 	2.533964e-124 	3.855760e-11 	8.881784e-16 	0.000000e+00
6256 	2.692310e-05 	1.094298e+05 	2.533964e-124 	3.855760e-11 	8.881784e-16 	0.000000e+00
6257 	2.686925e-05 	1.094298e+05 	2.533964e-124 	3.855760e-11 	8.881784e-16 	0.000000e+00
6258 	2.681551e-05 	1.094298e+05 	2.533964e-124 	3.855760e-11 	8.881784e-16 	0.000000e+00
6259 	2.676188e-05 	1.094298e+05 	2.533964e-124 	3.855760e-11 	8.881784e-16 	0.000000e+00
6260 	2.670836e-05 	1.094298e+05 	2.533964e-124 	3.855760e-11 	8.881784e-16 	0.000000e+00
6261 	2.665494e-05 	1.094298e+05 	2.533964e-124 	3.855760e-11 	8.881784e-16 	0.000000e+00
6262 	2.660163e-05 	1.094298e+05 	2.533964e-124 	3.855760e-11 	8.881784e-16 	0.000000e+00
6263 	2.654843e-05 	1.094298e+05 	2.533964e-124 	3.855760e-11 	8.881784e-16 	0.000000e+00
6264 	2.649533e-05 	1.094298e+05 	2.533964e-124 	3.855760e-11 	8.881784e-16 	0.000000e+00
6265 	2.644234e-05 	1.094298e+05 	2.533964e-124 	3.855760e-11 	8.881784e-16 	0.000000e+00
6266 	2.638945e-05 	1.094298e+05 	2.533964e-124 	3.855760e-11 	8.881784e-16 	0.000000e+00
6267 	2.633668e-05 	1.094298e+05 	2.533964e-124 	3.855760e-11 	8.881784e-16 	0.000000e+00
6268 	2.628400e-05 	1.094298e+05 	2.533964e-124 	3.855760e-11 	8.881784e-16 	0.000000e+00
6269 	2.623143e-05 	1.094298e+05 	2.533964e-124 	3.855760e-11 	8.881784e-16 	0.000000e+00
6270 	2.617897e-05 	1.094298e+05 	2.533964e-124 	3.855760e-11 	8.881784e-16 	0.000000e+00
6271 	2.612661e-05 	1.094298e+05 	2.533964e-124 	3.855760e-11 	8.881784e-16 	0.000000e+00
6272 	2.607436e-05 	1.094298e+05 	2.533964e-124 	3.855760e-11 	8.881784e-16 	0.000000e+00
6273 	2.602221e-05 	1.094298e+05 	2.533964e-124 	3.855760e-11 	8.881784e-16 	0.000000e+00
6274 	2.597017e-05 	1.094298e+05 	2.533964e-124 	3.855760e-11 	8.881784e-16 	0.000000e+00
6275 	2.591823e-05 	1.094298e+05 	2.533964e-124 	3.855760e-11 	8.881784e-16 	0.000000e+00
6276 	2.586639e-05 	1.094298e+05 	2.533964e-124 	3.855760e-11 	8.881784e-16 	0.000000e+00
6277 	2.581466e-05 	1.094298e+05 	2.533964e-124 	3.855760e-11 	8.881784e-16 	0.000000e+00
6278 	2.576303e-05 	1.094298e+05 	2.533964e-124 	3.855760e-11 	8.881784e-16 	0.000000e+00
6279 	2.571150e-05 	1.094298e+05 	2.533964e-124 	3.855760e-11 	8.881784e-16 	0.000000e+00
6280 	2.566008e-05 	1.094298e+05 	2.533964e-124 	3.855760e-11 	8.881784e-16 	0.000000e+00
6281 	2.560876e-05 	1.094298e+05 	2.533964e-124 	3.855760e-11 	8.881784e-16 	0.000000e+00
6282 	2.555754e-05 	1.094298e+05 	2.533964e-124 	3.855760e-11 	8.881784e-16 	0.000000e+00
6283 	2.550643e-05 	1.094298e+05 	2.533964e-124 	3.855760e-11 	8.881784e-16 	0.000000e+00
6284 	2.545541e-05 	1.094298e+05 	2.533964e-124 	3.855760e-11 	8.881784e-16 	0.000000e+00
6285 	2.540450e-05 	1.094298e+05 	2.533964e-124 	3.855760e-11 	8.881784e-16 	0.000000e+00
6286 	2.535369e-05 	1.094298e+05 	2.533964e-124 	3.855760e-11 	8.881784e-16 	0.000000e+00
6287 	2.530299e-05 	1.094298e+05 	2.533964e-124 	3.855760e-11 	8.881784e-16 	0.000000e+00
6288 	2.525238e-05 	1.094298e+05 	2.533964e-124 	3.855760e-11 	8.881784e-16 	0.000000e+00
6289 	2.520188e-05 	1.094298e+05 	2.533964e-124 	3.855760e-11 	8.881784e-16 	0.000000e+00
6290 	2.515147e-05 	1.094298e+05 	2.533964e-124 	3.855760e-11 	8.881784e-16 	0.000000e+00
6291 	2.510117e-05 	1.094298e+05 	2.533964e-124 	3.855760e-11 	8.881784e-16 	0.000000e+00
6292 	2.505097e-05 	1.094298e+05 	2.533964e-124 	3.855760e-11 	8.881784e-16 	0.000000e+00
6293 	2.500086e-05 	1.094298e+05 	2.533964e-124 	3.855760e-11 	8.881784e-16 	0.000000e+00
6294 	2.495086e-05 	1.094298e+05 	2.533964e-124 	3.855760e-11 	8.881784e-16 	0.000000e+00
6295 	2.490096e-05 	1.094298e+05 	2.533964e-124 	3.855760e-11 	8.881784e-16 	0.000000e+00
6296 	2.485116e-05 	1.094298e+05 	2.533964e-124 	3.855760e-11 	8.881784e-16 	0.000000e+00
6297 	2.480146e-05 	1.094298e+05 	2.533964e-124 	3.855760e-11 	8.881784e-16 	0.000000e+00
6298 	2.475185e-05 	1.094298e+05 	2.533964e-124 	3.855760e-11 	8.881784e-16 	0.000000e+00
6299 	2.470235e-05 	1.094298e+05 	2.533964e-124 	3.855760e-11 	8.881784e-16 	0.000000e+00
6300 	2.465295e-05 	1.094298e+05 	2.533964e-124 	3.855760e-11 	8.881784e-16 	0.000000e+00
6301 	2.460364e-05 	1.094298e+05 	2.533964e-124 	3.855760e-11 	8.881784e-16 	0.000000e+00
6302 	2.455443e-05 	1.094298e+05 	2.533964e-124 	3.855760e-11 	8.881784e-16 	0.000000e+00
6303 	2.450532e-05 	1.094298e+05 	2.533964e-124 	3.855760e-11 	8.881784e-16 	0.000000e+00
6304 	2.445631e-05 	1.094298e+05 	2.533964e-124 	3.855760e-11 	8.881784e-16 	0.000000e+00
6305 	2.440740e-05 	1.094298e+05 	2.533964e-124 	3.855760e-11 	8.881784e-16 	0.000000e+00
6306 	2.435859e-05 	1.094298e+05 	2.533964e-124 	3.855760e-11 	8.881784e-16 	0.000000e+00
6307 	2.430987e-05 	1.094298e+05 	2.533964e-124 	3.855760e-11 	8.881784e-16 	0.000000e+00
6308 	2.426125e-05 	1.094298e+05 	2.533964e-124 	3.855760e-11 	8.881784e-16 	0.000000e+00
6309 	2.421273e-05 	1.094298e+05 	2.533964e-124 	3.855760e-11 	8.881784e-16 	0.000000e+00
6310 	2.416430e-05 	1.094298e+05 	2.533964e-124 	3.855760e-11 	8.881784e-16 	0.000000e+00
6311 	2.411597e-05 	1.094298e+05 	2.533964e-124 	3.855760e-11 	8.881784e-16 	0.000000e+00
6312 	2.406774e-05 	1.094298e+05 	2.533964e-124 	3.855760e-11 	8.881784e-16 	0.000000e+00
6313 	2.401960e-05 	1.094298e+05 	2.533964e-124 	3.855760e-11 	8.881784e-16 	0.000000e+00
6314 	2.397157e-05 	1.094298e+05 	2.533964e-124 	3.855760e-11 	8.881784e-16 	0.000000e+00
6315 	2.392362e-05 	1.094298e+05 	2.533964e-124 	3.855760e-11 	8.881784e-16 	0.000000e+00
6316 	2.387578e-05 	1.094298e+05 	2.533964e-124 	3.855760e-11 	8.881784e-16 	0.000000e+00
6317 	2.382802e-05 	1.094298e+05 	2.533964e-124 	3.855760e-11 	8.881784e-16 	0.000000e+00
6318 	2.378037e-05 	1.094298e+05 	2.533964e-124 	3.855760e-11 	8.881784e-16 	0.000000e+00
6319 	2.373281e-05 	1.094298e+05 	2.533964e-124 	3.855760e-11 	8.881784e-16 	0.000000e+00
6320 	2.368534e-05 	1.094298e+05 	2.533964e-124 	3.855760e-11 	8.881784e-16 	0.000000e+00
6321 	2.363797e-05 	1.094298e+05 	2.533964e-124 	3.855760e-11 	8.881784e-16 	0.000000e+00
6322 	2.359069e-05 	1.094298e+05 	2.533964e-124 	3.855760e-11 	8.881784e-16 	0.000000e+00
6323 	2.354351e-05 	1.094298e+05 	2.533964e-124 	3.855760e-11 	8.881784e-16 	0.000000e+00
6324 	2.349643e-05 	1.094298e+05 	2.533964e-124 	3.855760e-11 	8.881784e-16 	0.000000e+00
6325 	2.344943e-05 	1.094298e+05 	2.533964e-124 	3.855760e-11 	8.881784e-16 	0.000000e+00
6326 	2.340253e-05 	1.094298e+05 	2.533964e-124 	3.855760e-11 	8.881784e-16 	0.000000e+00
6327 	2.335573e-05 	1.094298e+05 	2.533964e-124 	3.855760e-11 	8.881784e-16 	0.000000e+00
6328 	2.330902e-05 	1.094298e+05 	2.533964e-124 	3.855760e-11 	8.881784e-16 	0.000000e+00
6329 	2.326240e-05 	1.094298e+05 	2.533964e-124 	3.855760e-11 	8.881784e-16 	0.000000e+00
6330 	2.321588e-05 	1.094298e+05 	2.533964e-124 	3.855760e-11 	8.881784e-16 	0.000000e+00
6331 	2.316944e-05 	1.094298e+05 	2.533964e-124 	3.855760e-11 	8.881784e-16 	0.000000e+00
6332 	2.312310e-05 	1.094298e+05 	2.533964e-124 	3.855760e-11 	8.881784e-16 	0.000000e+00
6333 	2.307686e-05 	1.094298e+05 	2.533964e-124 	3.855760e-11 	8.881784e-16 	0.000000e+00
6334 	2.303070e-05 	1.094298e+05 	2.533964e-124 	3.855760e-11 	8.881784e-16 	0.000000e+00
6335 	2.298464e-05 	1.094298e+05 	2.533964e-124 	3.855760e-11 	8.881784e-16 	0.000000e+00
6336 	2.293867e-05 	1.094298e+05 	2.533964e-124 	3.855760e-11 	8.881784e-16 	0.000000e+00
6337 	2.289280e-05 	1.094298e+05 	2.533964e-124 	3.855760e-11 	8.881784e-16 	0.000000e+00
6338 	2.284701e-05 	1.094298e+05 	2.533964e-124 	3.855760e-11 	8.881784e-16 	0.000000e+00
6339 	2.280132e-05 	1.094298e+05 	2.533964e-124 	3.855760e-11 	8.881784e-16 	0.000000e+00
6340 	2.275571e-05 	1.094298e+05 	2.533964e-124 	3.855760e-11 	8.881784e-16 	0.000000e+00
6341 	2.271020e-05 	1.094298e+05 	2.533964e-124 	3.855760e-11 	8.881784e-16 	0.000000e+00
6342 	2.266478e-05 	1.094298e+05 	2.533964e-124 	3.855760e-11 	8.881784e-16 	0.000000e+00
6343 	2.261945e-05 	1.094298e+05 	2.533964e-124 	3.855760e-11 	8.881784e-16 	0.000000e+00
6344 	2.257421e-05 	1.094298e+05 	2.533964e-124 	3.855760e-11 	8.881784e-16 	0.000000e+00
6345 	2.252907e-05 	1.094298e+05 	2.533964e-124 	3.855760e-11 	8.881784e-16 	0.000000e+00
6346 	2.248401e-05 	1.094298e+05 	2.533964e-124 	3.855760e-11 	8.881784e-16 	0.000000e+00
6347 	2.243904e-05 	1.094298e+05 	2.533964e-124 	3.855760e-11 	8.881784e-16 	0.000000e+00
6348 	2.239416e-05 	1.094298e+05 	2.533964e-124 	3.855760e-11 	8.881784e-16 	0.000000e+00
6349 	2.234937e-05 	1.094298e+05 	2.533964e-124 	3.855760e-11 	8.881784e-16 	0.000000e+00
6350 	2.230467e-05 	1.094298e+05 	2.533964e-124 	3.855760e-11 	8.881784e-16 	0.000000e+00
6351 	2.226007e-05 	1.094298e+05 	2.533964e-124 	3.855760e-11 	8.881784e-16 	0.000000e+00
6352 	2.221554e-05 	1.094298e+05 	2.533964e-124 	3.855760e-11 	8.881784e-16 	0.000000e+00
6353 	2.217111e-05 	1.094298e+05 	2.533964e-124 	3.855760e-11 	8.881784e-16 	0.000000e+00
6354 	2.212677e-05 	1.094298e+05 	2.533964e-124 	3.855760e-11 	8.881784e-16 	0.000000e+00
6355 	2.208252e-05 	1.094298e+05 	2.533964e-124 	3.855760e-11 	8.881784e-16 	0.000000e+00
6356 	2.203835e-05 	1.094298e+05 	2.533964e-124 	3.855760e-11 	8.881784e-16 	0.000000e+00
6357 	2.199428e-05 	1.094298e+05 	2.533964e-124 	3.855760e-11 	8.881784e-16 	0.000000e+00
6358 	2.195029e-05 	1.094298e+05 	2.533964e-124 	3.855760e-11 	8.881784e-16 	0.000000e+00
6359 	2.190639e-05 	1.094298e+05 	2.533964e-124 	3.855760e-11 	8.881784e-16 	0.000000e+00
6360 	2.186257e-05 	1.094298e+05 	2.533964e-124 	3.855760e-11 	8.881784e-16 	0.000000e+00
6361 	2.181885e-05 	1.094298e+05 	2.533964e-124 	3.855760e-11 	8.881784e-16 	0.000000e+00
6362 	2.177521e-05 	1.094298e+05 	2.533964e-124 	3.855760e-11 	8.881784e-16 	0.000000e+00
6363 	2.173166e-05 	1.094298e+05 	2.533964e-124 	3.855760e-11 	8.881784e-16 	0.000000e+00
6364 	2.168820e-05 	1.094298e+05 	2.533964e-124 	3.855760e-11 	8.881784e-16 	0.000000e+00
6365 	2.164482e-05 	1.094298e+05 	2.533964e-124 	3.855760e-11 	8.881784e-16 	0.000000e+00
6366 	2.160153e-05 	1.094298e+05 	2.533964e-124 	3.855760e-11 	8.881784e-16 	0.000000e+00
6367 	2.155833e-05 	1.094298e+05 	2.533964e-124 	3.855760e-11 	8.881784e-16 	0.000000e+00
6368 	2.151521e-05 	1.094298e+05 	2.533964e-124 	3.855760e-11 	8.881784e-16 	0.000000e+00
6369 	2.147218e-05 	1.094298e+05 	2.533964e-124 	3.855760e-11 	8.881784e-16 	0.000000e+00
6370 	2.142924e-05 	1.094298e+05 	2.533964e-124 	3.855760e-11 	8.881784e-16 	0.000000e+00
6371 	2.138638e-05 	1.094298e+05 	2.533964e-124 	3.855760e-11 	8.881784e-16 	0.000000e+00
6372 	2.134361e-05 	1.094298e+05 	2.533964e-124 	3.855760e-11 	8.881784e-16 	0.000000e+00
6373 	2.130092e-05 	1.094298e+05 	2.533964e-124 	3.855760e-11 	8.881784e-16 	0.000000e+00
6374 	2.125832e-05 	1.094298e+05 	2.533964e-124 	3.855760e-11 	8.881784e-16 	0.000000e+00
6375 	2.121580e-05 	1.094298e+05 	2.533964e-124 	3.855760e-11 	8.881784e-16 	0.000000e+00
6376 	2.117337e-05 	1.094298e+05 	2.533964e-124 	3.855760e-11 	8.881784e-16 	0.000000e+00
6377 	2.113102e-05 	1.094298e+05 	2.533964e-124 	3.855760e-11 	8.881784e-16 	0.000000e+00
6378 	2.108876e-05 	1.094298e+05 	2.533964e-124 	3.855760e-11 	8.881784e-16 	0.000000e+00
6379 	2.104658e-05 	1.094298e+05 	2.533964e-124 	3.855760e-11 	8.881784e-16 	0.000000e+00
6380 	2.100449e-05 	1.094298e+05 	2.533964e-124 	3.855760e-11 	8.881784e-16 	0.000000e+00
6381 	2.096248e-05 	1.094298e+05 	2.533964e-124 	3.855760e-11 	8.881784e-16 	0.000000e+00
6382 	2.092056e-05 	1.094298e+05 	2.533964e-124 	3.855760e-11 	8.881784e-16 	0.000000e+00
6383 	2.087871e-05 	1.094298e+05 	2.533964e-124 	3.855760e-11 	8.881784e-16 	0.000000e+00
6384 	2.083696e-05 	1.094298e+05 	2.533964e-124 	3.855760e-11 	8.881784e-16 	0.000000e+00
6385 	2.079528e-05 	1.094298e+05 	2.533964e-124 	3.855760e-11 	8.881784e-16 	0.000000e+00
6386 	2.075369e-05 	1.094298e+05 	2.533964e-124 	3.855760e-11 	8.881784e-16 	0.000000e+00
6387 	2.071218e-05 	1.094298e+05 	2.533964e-124 	3.855760e-11 	8.881784e-16 	0.000000e+00
6388 	2.067076e-05 	1.094298e+05 	2.533964e-124 	3.855760e-11 	8.881784e-16 	0.000000e+00
6389 	2.062942e-05 	1.094298e+05 	2.533964e-124 	3.855760e-11 	8.881784e-16 	0.000000e+00
6390 	2.058816e-05 	1.094298e+05 	2.533964e-124 	3.855760e-11 	8.881784e-16 	0.000000e+00
6391 	2.054698e-05 	1.094298e+05 	2.533964e-124 	3.855760e-11 	8.881784e-16 	0.000000e+00
6392 	2.050589e-05 	1.094298e+05 	2.533964e-124 	3.855760e-11 	8.881784e-16 	0.000000e+00
6393 	2.046488e-05 	1.094298e+05 	2.533964e-124 	3.855760e-11 	8.881784e-16 	0.000000e+00
6394 	2.042395e-05 	1.094298e+05 	2.533964e-124 	3.855760e-11 	8.881784e-16 	0.000000e+00
6395 	2.038310e-05 	1.094298e+05 	2.533964e-124 	3.855760e-11 	8.881784e-16 	0.000000e+00
6396 	2.034233e-05 	1.094298e+05 	2.533964e-124 	3.855760e-11 	8.881784e-16 	0.000000e+00
6397 	2.030165e-05 	1.094298e+05 	2.533964e-124 	3.855760e-11 	8.881784e-16 	0.000000e+00
6398 	2.026105e-05 	1.094298e+05 	2.533964e-124 	3.855760e-11 	8.881784e-16 	0.000000e+00
6399 	2.022052e-05 	1.094298e+05 	2.533964e-124 	3.855760e-11 	8.881784e-16 	0.000000e+00
6400 	2.018008e-05 	1.094298e+05 	2.533964e-124 	3.855760e-11 	8.881784e-16 	0.000000e+00
6401 	2.013972e-05 	1.094298e+05 	2.533964e-124 	3.855760e-11 	8.881784e-16 	0.000000e+00
6402 	2.009944e-05 	1.094298e+05 	2.533964e-124 	3.855760e-11 	8.881784e-16 	0.000000e+00
6403 	2.005924e-05 	1.094298e+05 	2.533964e-124 	3.855760e-11 	8.881784e-16 	0.000000e+00
6404 	2.001913e-05 	1.094298e+05 	2.533964e-124 	3.855760e-11 	8.881784e-16 	0.000000e+00
6405 	1.997909e-05 	1.094298e+05 	2.533964e-124 	3.855760e-11 	8.881784e-16 	0.000000e+00
6406 	1.993913e-05 	1.094298e+05 	2.533964e-124 	3.855760e-11 	8.881784e-16 	0.000000e+00
6407 	1.989925e-05 	1.094298e+05 	2.533964e-124 	3.855760e-11 	8.881784e-16 	0.000000e+00
6408 	1.985945e-05 	1.094298e+05 	2.533964e-124 	3.855760e-11 	8.881784e-16 	0.000000e+00
6409 	1.981973e-05 	1.094298e+05 	2.533964e-124 	3.855760e-11 	8.881784e-16 	0.000000e+00
6410 	1.978009e-05 	1.094298e+05 	2.533964e-124 	3.855760e-11 	8.881784e-16 	0.000000e+00
6411 	1.974053e-05 	1.094298e+05 	2.533964e-124 	3.855760e-11 	8.881784e-16 	0.000000e+00
6412 	1.970105e-05 	1.094298e+05 	2.533964e-124 	3.855760e-11 	8.881784e-16 	0.000000e+00
6413 	1.966165e-05 	1.094298e+05 	2.533964e-124 	3.855760e-11 	8.881784e-16 	0.000000e+00
6414 	1.962233e-05 	1.094298e+05 	2.533964e-124 	3.855760e-11 	8.881784e-16 	0.000000e+00
6415 	1.958308e-05 	1.094298e+05 	2.533964e-124 	3.855760e-11 	8.881784e-16 	0.000000e+00
6416 	1.954392e-05 	1.094298e+05 	2.533964e-124 	3.855760e-11 	8.881784e-16 	0.000000e+00
6417 	1.950483e-05 	1.094298e+05 	2.533964e-124 	3.855760e-11 	8.881784e-16 	0.000000e+00
6418 	1.946582e-05 	1.094298e+05 	2.533964e-124 	3.855760e-11 	8.881784e-16 	0.000000e+00
6419 	1.942689e-05 	1.094298e+05 	2.533964e-124 	3.855760e-11 	8.881784e-16 	0.000000e+00
6420 	1.938803e-05 	1.094298e+05 	2.533964e-124 	3.855760e-11 	8.881784e-16 	0.000000e+00
6421 	1.934926e-05 	1.094298e+05 	2.533964e-124 	3.855760e-11 	8.881784e-16 	0.000000e+00
6422 	1.931056e-05 	1.094298e+05 	2.533964e-124 	3.855760e-11 	8.881784e-16 	0.000000e+00
6423 	1.927194e-05 	1.094298e+05 	2.533964e-124 	3.855760e-11 	8.881784e-16 	0.000000e+00
6424 	1.923339e-05 	1.094298e+05 	2.533964e-124 	3.855760e-11 	8.881784e-16 	0.000000e+00
6425 	1.919493e-05 	1.094298e+05 	2.533964e-124 	3.855760e-11 	8.881784e-16 	0.000000e+00
6426 	1.915654e-05 	1.094298e+05 	2.533964e-124 	3.855760e-11 	8.881784e-16 	0.000000e+00
6427 	1.911822e-05 	1.094298e+05 	2.533964e-124 	3.855760e-11 	8.881784e-16 	0.000000e+00
6428 	1.907999e-05 	1.094298e+05 	2.533964e-124 	3.855760e-11 	8.881784e-16 	0.000000e+00
6429 	1.904183e-05 	1.094298e+05 	2.533964e-124 	3.855760e-11 	8.881784e-16 	0.000000e+00
6430 	1.900374e-05 	1.094298e+05 	2.533964e-124 	3.855760e-11 	8.881784e-16 	0.000000e+00
6431 	1.896574e-05 	1.094298e+05 	2.533964e-124 	3.855760e-11 	8.881784e-16 	0.000000e+00
6432 	1.892781e-05 	1.094298e+05 	2.533964e-124 	3.855760e-11 	8.881784e-16 	0.000000e+00
6433 	1.888995e-05 	1.094298e+05 	2.533964e-124 	3.855760e-11 	8.881784e-16 	0.000000e+00
6434 	1.885217e-05 	1.094298e+05 	2.533964e-124 	3.855760e-11 	8.881784e-16 	0.000000e+00
6435 	1.881447e-05 	1.094298e+05 	2.533964e-124 	3.855760e-11 	8.881784e-16 	0.000000e+00
6436 	1.877684e-05 	1.094298e+05 	2.533964e-124 	3.855760e-11 	8.881784e-16 	0.000000e+00
6437 	1.873928e-05 	1.094298e+05 	2.533964e-124 	3.855760e-11 	8.881784e-16 	0.000000e+00
6438 	1.870180e-05 	1.094298e+05 	2.533964e-124 	3.855760e-11 	8.881784e-16 	0.000000e+00
6439 	1.866440e-05 	1.094298e+05 	2.533964e-124 	3.855760e-11 	8.881784e-16 	0.000000e+00
6440 	1.862707e-05 	1.094298e+05 	2.533964e-124 	3.855760e-11 	8.881784e-16 	0.000000e+00
6441 	1.858982e-05 	1.094298e+05 	2.533964e-124 	3.855760e-11 	8.881784e-16 	0.000000e+00
6442 	1.855264e-05 	1.094298e+05 	2.533964e-124 	3.855760e-11 	8.881784e-16 	0.000000e+00
6443 	1.851553e-05 	1.094298e+05 	2.533964e-124 	3.855760e-11 	8.881784e-16 	0.000000e+00
6444 	1.847850e-05 	1.094298e+05 	2.533964e-124 	3.855760e-11 	8.881784e-16 	0.000000e+00
6445 	1.844155e-05 	1.094298e+05 	2.533964e-124 	3.855760e-11 	8.881784e-16 	0.000000e+00
6446 	1.840466e-05 	1.094298e+05 	2.533964e-124 	3.855760e-11 	8.881784e-16 	0.000000e+00
6447 	1.836785e-05 	1.094298e+05 	2.533964e-124 	3.855760e-11 	8.881784e-16 	0.000000e+00
6448 	1.833112e-05 	1.094298e+05 	2.533964e-124 	3.855760e-11 	8.881784e-16 	0.000000e+00
6449 	1.829445e-05 	1.094298e+05 	2.533964e-124 	3.855760e-11 	8.881784e-16 	0.000000e+00
6450 	1.825787e-05 	1.094298e+05 	2.533964e-124 	3.855760e-11 	8.881784e-16 	0.000000e+00
6451 	1.822135e-05 	1.094298e+05 	2.533964e-124 	3.855760e-11 	8.881784e-16 	0.000000e+00
6452 	1.818491e-05 	1.094298e+05 	2.533964e-124 	3.855760e-11 	8.881784e-16 	0.000000e+00
6453 	1.814854e-05 	1.094298e+05 	2.533964e-124 	3.855760e-11 	8.881784e-16 	0.000000e+00
6454 	1.811224e-05 	1.094298e+05 	2.533964e-124 	3.855760e-11 	8.881784e-16 	0.000000e+00
6455 	1.807602e-05 	1.094298e+05 	2.533964e-124 	3.855760e-11 	8.881784e-16 	0.000000e+00
6456 	1.803986e-05 	1.094298e+05 	2.533964e-124 	3.855760e-11 	8.881784e-16 	0.000000e+00
6457 	1.800378e-05 	1.094298e+05 	2.533964e-124 	3.855760e-11 	8.881784e-16 	0.000000e+00
6458 	1.796778e-05 	1.094298e+05 	2.533964e-124 	3.855760e-11 	8.881784e-16 	0.000000e+00
6459 	1.793184e-05 	1.094298e+05 	2.533964e-124 	3.855760e-11 	8.881784e-16 	0.000000e+00
6460 	1.789598e-05 	1.094298e+05 	2.533964e-124 	3.855760e-11 	8.881784e-16 	0.000000e+00
6461 	1.786019e-05 	1.094298e+05 	2.533964e-124 	3.855760e-11 	8.881784e-16 	0.000000e+00
6462 	1.782447e-05 	1.094298e+05 	2.533964e-124 	3.855760e-11 	8.881784e-16 	0.000000e+00
6463 	1.778882e-05 	1.094298e+05 	2.533964e-124 	3.855760e-11 	8.881784e-16 	0.000000e+00
6464 	1.775324e-05 	1.094298e+05 	2.533964e-124 	3.855760e-11 	8.881784e-16 	0.000000e+00
6465 	1.771773e-05 	1.094298e+05 	2.533964e-124 	3.855760e-11 	8.881784e-16 	0.000000e+00
6466 	1.768230e-05 	1.094298e+05 	2.533964e-124 	3.855760e-11 	8.881784e-16 	0.000000e+00
6467 	1.764693e-05 	1.094298e+05 	2.533964e-124 	3.855760e-11 	8.881784e-16 	0.000000e+00
6468 	1.761164e-05 	1.094298e+05 	2.533964e-124 	3.855760e-11 	8.881784e-16 	0.000000e+00
6469 	1.757642e-05 	1.094298e+05 	2.533964e-124 	3.855760e-11 	8.881784e-16 	0.000000e+00
6470 	1.754126e-05 	1.094298e+05 	2.533964e-124 	3.855760e-11 	8.881784e-16 	0.000000e+00
6471 	1.750618e-05 	1.094298e+05 	2.533964e-124 	3.855760e-11 	8.881784e-16 	0.000000e+00
6472 	1.747117e-05 	1.094298e+05 	2.533964e-124 	3.855760e-11 	8.881784e-16 	0.000000e+00
6473 	1.743623e-05 	1.094298e+05 	2.533964e-124 	3.855760e-11 	8.881784e-16 	0.000000e+00
6474 	1.740135e-05 	1.094298e+05 	2.533964e-124 	3.855760e-11 	8.881784e-16 	0.000000e+00
6475 	1.736655e-05 	1.094298e+05 	2.533964e-124 	3.855760e-11 	8.881784e-16 	0.000000e+00
6476 	1.733182e-05 	1.094298e+05 	2.533964e-124 	3.855760e-11 	8.881784e-16 	0.000000e+00
6477 	1.729715e-05 	1.094298e+05 	2.533964e-124 	3.855760e-11 	8.881784e-16 	0.000000e+00
6478 	1.726256e-05 	1.094298e+05 	2.533964e-124 	3.855760e-11 	8.881784e-16 	0.000000e+00
6479 	1.722803e-05 	1.094298e+05 	2.533964e-124 	3.855760e-11 	8.881784e-16 	0.000000e+00
6480 	1.719358e-05 	1.094298e+05 	2.533964e-124 	3.855760e-11 	8.881784e-16 	0.000000e+00
6481 	1.715919e-05 	1.094298e+05 	2.533964e-124 	3.855760e-11 	8.881784e-16 	0.000000e+00
6482 	1.712487e-05 	1.094298e+05 	2.533964e-124 	3.855760e-11 	8.881784e-16 	0.000000e+00
6483 	1.709062e-05 	1.094298e+05 	2.533964e-124 	3.855760e-11 	8.881784e-16 	0.000000e+00
6484 	1.705644e-05 	1.094298e+05 	2.533964e-124 	3.855760e-11 	8.881784e-16 	0.000000e+00
6485 	1.702233e-05 	1.094298e+05 	2.533964e-124 	3.855760e-11 	8.881784e-16 	0.000000e+00
6486 	1.698828e-05 	1.094298e+05 	2.533964e-124 	3.855760e-11 	8.881784e-16 	0.000000e+00
6487 	1.695431e-05 	1.094298e+05 	2.533964e-124 	3.855760e-11 	8.881784e-16 	0.000000e+00
6488 	1.692040e-05 	1.094298e+05 	2.533964e-124 	3.855760e-11 	8.881784e-16 	0.000000e+00
6489 	1.688656e-05 	1.094298e+05 	2.533964e-124 	3.855760e-11 	8.881784e-16 	0.000000e+00
6490 	1.685278e-05 	1.094298e+05 	2.533964e-124 	3.855760e-11 	8.881784e-16 	0.000000e+00
6491 	1.681908e-05 	1.094298e+05 	2.533964e-124 	3.855760e-11 	8.881784e-16 	0.000000e+00
6492 	1.678544e-05 	1.094298e+05 	2.533964e-124 	3.855760e-11 	8.881784e-16 	0.000000e+00
6493 	1.675187e-05 	1.094298e+05 	2.533964e-124 	3.855760e-11 	8.881784e-16 	0.000000e+00
6494 	1.671837e-05 	1.094298e+05 	2.533964e-124 	3.855760e-11 	8.881784e-16 	0.000000e+00
6495 	1.668493e-05 	1.094298e+05 	2.533964e-124 	3.855760e-11 	8.881784e-16 	0.000000e+00
6496 	1.665156e-05 	1.094298e+05 	2.533964e-124 	3.855760e-11 	8.881784e-16 	0.000000e+00
6497 	1.661826e-05 	1.094298e+05 	2.533964e-124 	3.855760e-11 	8.881784e-16 	0.000000e+00
6498 	1.658502e-05 	1.094298e+05 	2.533964e-124 	3.855760e-11 	8.881784e-16 	0.000000e+00
6499 	1.655185e-05 	1.094298e+05 	2.533964e-124 	3.855760e-11 	8.881784e-16 	0.000000e+00
6500 	1.651875e-05 	1.094298e+05 	2.533964e-124 	3.855760e-11 	8.881784e-16 	0.000000e+00
6501 	1.648571e-05 	1.094298e+05 	2.533964e-124 	3.855760e-11 	8.881784e-16 	0.000000e+00
6502 	1.645274e-05 	1.094298e+05 	2.533964e-124 	3.855760e-11 	8.881784e-16 	0.000000e+00
6503 	1.641983e-05 	1.094298e+05 	2.533964e-124 	3.855760e-11 	8.881784e-16 	0.000000e+00
6504 	1.638699e-05 	1.094298e+05 	2.533964e-124 	3.855760e-11 	8.881784e-16 	0.000000e+00
6505 	1.635422e-05 	1.094298e+05 	2.533964e-124 	3.855760e-11 	8.881784e-16 	0.000000e+00
6506 	1.632151e-05 	1.094298e+05 	2.533964e-124 	3.855760e-11 	8.881784e-16 	0.000000e+00
6507 	1.628887e-05 	1.094298e+05 	2.533964e-124 	3.855760e-11 	8.881784e-16 	0.000000e+00
6508 	1.625629e-05 	1.094298e+05 	2.533964e-124 	3.855760e-11 	8.881784e-16 	0.000000e+00
6509 	1.622378e-05 	1.094298e+05 	2.533964e-124 	3.855760e-11 	8.881784e-16 	0.000000e+00
6510 	1.619133e-05 	1.094298e+05 	2.533964e-124 	3.855760e-11 	8.881784e-16 	0.000000e+00
6511 	1.615895e-05 	1.094298e+05 	2.533964e-124 	3.855760e-11 	8.881784e-16 	0.000000e+00
6512 	1.612663e-05 	1.094298e+05 	2.533964e-124 	3.855760e-11 	8.881784e-16 	0.000000e+00
6513 	1.609438e-05 	1.094298e+05 	2.533964e-124 	3.855760e-11 	8.881784e-16 	0.000000e+00
6514 	1.606219e-05 	1.094298e+05 	2.533964e-124 	3.855760e-11 	8.881784e-16 	0.000000e+00
6515 	1.603006e-05 	1.094298e+05 	2.533964e-124 	3.855760e-11 	8.881784e-16 	0.000000e+00
6516 	1.599800e-05 	1.094298e+05 	2.533964e-124 	3.855760e-11 	8.881784e-16 	0.000000e+00
6517 	1.596601e-05 	1.094298e+05 	2.533964e-124 	3.855760e-11 	8.881784e-16 	0.000000e+00
6518 	1.593407e-05 	1.094298e+05 	2.533964e-124 	3.855760e-11 	8.881784e-16 	0.000000e+00
6519 	1.590221e-05 	1.094298e+05 	2.533964e-124 	3.855760e-11 	8.881784e-16 	0.000000e+00
6520 	1.587040e-05 	1.094298e+05 	2.533964e-124 	3.855760e-11 	8.881784e-16 	0.000000e+00
6521 	1.583866e-05 	1.094298e+05 	2.533964e-124 	3.855760e-11 	8.881784e-16 	0.000000e+00
6522 	1.580698e-05 	1.094298e+05 	2.533964e-124 	3.855760e-11 	8.881784e-16 	0.000000e+00
6523 	1.577537e-05 	1.094298e+05 	2.533964e-124 	3.855760e-11 	8.881784e-16 	0.000000e+00
6524 	1.574382e-05 	1.094298e+05 	2.533964e-124 	3.855760e-11 	8.881784e-16 	0.000000e+00
6525 	1.571233e-05 	1.094298e+05 	2.533964e-124 	3.855760e-11 	8.881784e-16 	0.000000e+00
6526 	1.568091e-05 	1.094298e+05 	2.533964e-124 	3.855760e-11 	8.881784e-16 	0.000000e+00
6527 	1.564954e-05 	1.094298e+05 	2.533964e-124 	3.855760e-11 	8.881784e-16 	0.000000e+00
6528 	1.561825e-05 	1.094298e+05 	2.533964e-124 	3.855760e-11 	8.881784e-16 	0.000000e+00
6529 	1.558701e-05 	1.094298e+05 	2.533964e-124 	3.855760e-11 	8.881784e-16 	0.000000e+00
6530 	1.555583e-05 	1.094298e+05 	2.533964e-124 	3.855760e-11 	8.881784e-16 	0.000000e+00
6531 	1.552472e-05 	1.094298e+05 	2.533964e-124 	3.855760e-11 	8.881784e-16 	0.000000e+00
6532 	1.549367e-05 	1.094298e+05 	2.533964e-124 	3.855760e-11 	8.881784e-16 	0.000000e+00
6533 	1.546269e-05 	1.094298e+05 	2.533964e-124 	3.855760e-11 	8.881784e-16 	0.000000e+00
6534 	1.543176e-05 	1.094298e+05 	2.533964e-124 	3.855760e-11 	8.881784e-16 	0.000000e+00
6535 	1.540090e-05 	1.094298e+05 	2.533964e-124 	3.855760e-11 	8.881784e-16 	0.000000e+00
6536 	1.537010e-05 	1.094298e+05 	2.533964e-124 	3.855760e-11 	8.881784e-16 	0.000000e+00
6537 	1.533936e-05 	1.094298e+05 	2.533964e-124 	3.855760e-11 	8.881784e-16 	0.000000e+00
6538 	1.530868e-05 	1.094298e+05 	2.533964e-124 	3.855760e-11 	8.881784e-16 	0.000000e+00
6539 	1.527806e-05 	1.094298e+05 	2.533964e-124 	3.855760e-11 	8.881784e-16 	0.000000e+00
6540 	1.524750e-05 	1.094298e+05 	2.533964e-124 	3.855760e-11 	8.881784e-16 	0.000000e+00
6541 	1.521701e-05 	1.094298e+05 	2.533964e-124 	3.855760e-11 	8.881784e-16 	0.000000e+00
6542 	1.518657e-05 	1.094298e+05 	2.533964e-124 	3.855760e-11 	8.881784e-16 	0.000000e+00
6543 	1.515620e-05 	1.094298e+05 	2.533964e-124 	3.855760e-11 	8.881784e-16 	0.000000e+00
6544 	1.512589e-05 	1.094298e+05 	2.533964e-124 	3.855760e-11 	8.881784e-16 	0.000000e+00
6545 	1.509564e-05 	1.094298e+05 	2.533964e-124 	3.855760e-11 	8.881784e-16 	0.000000e+00
6546 	1.506545e-05 	1.094298e+05 	2.533964e-124 	3.855760e-11 	8.881784e-16 	0.000000e+00
6547 	1.503531e-05 	1.094298e+05 	2.533964e-124 	3.855760e-11 	8.881784e-16 	0.000000e+00
6548 	1.500524e-05 	1.094298e+05 	2.533964e-124 	3.855760e-11 	8.881784e-16 	0.000000e+00
6549 	1.497523e-05 	1.094298e+05 	2.533964e-124 	3.855760e-11 	8.881784e-16 	0.000000e+00
6550 	1.494528e-05 	1.094298e+05 	2.533964e-124 	3.855760e-11 	8.881784e-16 	0.000000e+00
6551 	1.491539e-05 	1.094298e+05 	2.533964e-124 	3.855760e-11 	8.881784e-16 	0.000000e+00
6552 	1.488556e-05 	1.094298e+05 	2.533964e-124 	3.855760e-11 	8.881784e-16 	0.000000e+00
6553 	1.485579e-05 	1.094298e+05 	2.533964e-124 	3.855760e-11 	8.881784e-16 	0.000000e+00
6554 	1.482608e-05 	1.094298e+05 	2.533964e-124 	3.855760e-11 	8.881784e-16 	0.000000e+00
6555 	1.479643e-05 	1.094298e+05 	2.533964e-124 	3.855760e-11 	8.881784e-16 	0.000000e+00
6556 	1.476683e-05 	1.094298e+05 	2.533964e-124 	3.855760e-11 	8.881784e-16 	0.000000e+00
6557 	1.473730e-05 	1.094298e+05 	2.533964e-124 	3.855760e-11 	8.881784e-16 	0.000000e+00
6558 	1.470783e-05 	1.094298e+05 	2.533964e-124 	3.855760e-11 	8.881784e-16 	0.000000e+00
6559 	1.467841e-05 	1.094298e+05 	2.533964e-124 	3.855760e-11 	8.881784e-16 	0.000000e+00
6560 	1.464905e-05 	1.094298e+05 	2.533964e-124 	3.855760e-11 	8.881784e-16 	0.000000e+00
6561 	1.461976e-05 	1.094298e+05 	2.533964e-124 	3.855760e-11 	8.881784e-16 	0.000000e+00
6562 	1.459052e-05 	1.094298e+05 	2.533964e-124 	3.855760e-11 	8.881784e-16 	0.000000e+00
6563 	1.456133e-05 	1.094298e+05 	2.533964e-124 	3.855760e-11 	8.881784e-16 	0.000000e+00
6564 	1.453221e-05 	1.094298e+05 	2.533964e-124 	3.855760e-11 	8.881784e-16 	0.000000e+00
6565 	1.450315e-05 	1.094298e+05 	2.533964e-124 	3.855760e-11 	8.881784e-16 	0.000000e+00
6566 	1.447414e-05 	1.094298e+05 	2.533964e-124 	3.855760e-11 	8.881784e-16 	0.000000e+00
6567 	1.444519e-05 	1.094298e+05 	2.533964e-124 	3.855760e-11 	8.881784e-16 	0.000000e+00
6568 	1.441630e-05 	1.094298e+05 	2.533964e-124 	3.855760e-11 	8.881784e-16 	0.000000e+00
6569 	1.438747e-05 	1.094298e+05 	2.533964e-124 	3.855760e-11 	8.881784e-16 	0.000000e+00
6570 	1.435870e-05 	1.094298e+05 	2.533964e-124 	3.855760e-11 	8.881784e-16 	0.000000e+00
6571 	1.432998e-05 	1.094298e+05 	2.533964e-124 	3.855760e-11 	8.881784e-16 	0.000000e+00
6572 	1.430132e-05 	1.094298e+05 	2.533964e-124 	3.855760e-11 	8.881784e-16 	0.000000e+00
6573 	1.427272e-05 	1.094298e+05 	2.533964e-124 	3.855760e-11 	8.881784e-16 	0.000000e+00
6574 	1.424417e-05 	1.094298e+05 	2.533964e-124 	3.855760e-11 	8.881784e-16 	0.000000e+00
6575 	1.421568e-05 	1.094298e+05 	2.533964e-124 	3.855760e-11 	8.881784e-16 	0.000000e+00
6576 	1.418725e-05 	1.094298e+05 	2.533964e-124 	3.855760e-11 	8.881784e-16 	0.000000e+00
6577 	1.415888e-05 	1.094298e+05 	2.533964e-124 	3.855760e-11 	8.881784e-16 	0.000000e+00
6578 	1.413056e-05 	1.094298e+05 	2.533964e-124 	3.855760e-11 	8.881784e-16 	0.000000e+00
6579 	1.410230e-05 	1.094298e+05 	2.533964e-124 	3.855760e-11 	8.881784e-16 	0.000000e+00
6580 	1.407409e-05 	1.094298e+05 	2.533964e-124 	3.855760e-11 	8.881784e-16 	0.000000e+00
6581 	1.404594e-05 	1.094298e+05 	2.533964e-124 	3.855760e-11 	8.881784e-16 	0.000000e+00
6582 	1.401785e-05 	1.094298e+05 	2.533964e-124 	3.855760e-11 	8.881784e-16 	0.000000e+00
6583 	1.398982e-05 	1.094298e+05 	2.533964e-124 	3.855760e-11 	8.881784e-16 	0.000000e+00
6584 	1.396184e-05 	1.094298e+05 	2.533964e-124 	3.855760e-11 	8.881784e-16 	0.000000e+00
6585 	1.393391e-05 	1.094298e+05 	2.533964e-124 	3.855760e-11 	8.881784e-16 	0.000000e+00
6586 	1.390605e-05 	1.094298e+05 	2.533964e-124 	3.855760e-11 	8.881784e-16 	0.000000e+00
6587 	1.387823e-05 	1.094298e+05 	2.533964e-124 	3.855760e-11 	8.881784e-16 	0.000000e+00
6588 	1.385048e-05 	1.094298e+05 	2.533964e-124 	3.855760e-11 	8.881784e-16 	0.000000e+00
6589 	1.382278e-05 	1.094298e+05 	2.533964e-124 	3.855760e-11 	8.881784e-16 	0.000000e+00
6590 	1.379513e-05 	1.094298e+05 	2.533964e-124 	3.855760e-11 	8.881784e-16 	0.000000e+00
6591 	1.376754e-05 	1.094298e+05 	2.533964e-124 	3.855760e-11 	8.881784e-16 	0.000000e+00
6592 	1.374000e-05 	1.094298e+05 	2.533964e-124 	3.855760e-11 	8.881784e-16 	0.000000e+00
6593 	1.371252e-05 	1.094298e+05 	2.533964e-124 	3.855760e-11 	8.881784e-16 	0.000000e+00
6594 	1.368510e-05 	1.094298e+05 	2.533964e-124 	3.855760e-11 	8.881784e-16 	0.000000e+00
6595 	1.365773e-05 	1.094298e+05 	2.533964e-124 	3.855760e-11 	8.881784e-16 	0.000000e+00
6596 	1.363041e-05 	1.094298e+05 	2.533964e-124 	3.855760e-11 	8.881784e-16 	0.000000e+00
6597 	1.360315e-05 	1.094298e+05 	2.533964e-124 	3.855760e-11 	8.881784e-16 	0.000000e+00
6598 	1.357595e-05 	1.094298e+05 	2.533964e-124 	3.855760e-11 	8.881784e-16 	0.000000e+00
6599 	1.354879e-05 	1.094298e+05 	2.533964e-124 	3.855760e-11 	8.881784e-16 	0.000000e+00
6600 	1.352170e-05 	1.094298e+05 	2.533964e-124 	3.855760e-11 	8.881784e-16 	0.000000e+00
6601 	1.349465e-05 	1.094298e+05 	2.533964e-124 	3.855760e-11 	8.881784e-16 	0.000000e+00
6602 	1.346766e-05 	1.094298e+05 	2.533964e-124 	3.855760e-11 	8.881784e-16 	0.000000e+00
6603 	1.344073e-05 	1.094298e+05 	2.533964e-124 	3.855760e-11 	8.881784e-16 	0.000000e+00
6604 	1.341385e-05 	1.094298e+05 	2.533964e-124 	3.855760e-11 	8.881784e-16 	0.000000e+00
6605 	1.338702e-05 	1.094298e+05 	2.533964e-124 	3.855760e-11 	8.881784e-16 	0.000000e+00
6606 	1.336025e-05 	1.094298e+05 	2.533964e-124 	3.855760e-11 	8.881784e-16 	0.000000e+00
6607 	1.333353e-05 	1.094298e+05 	2.533964e-124 	3.855760e-11 	8.881784e-16 	0.000000e+00
6608 	1.330686e-05 	1.094298e+05 	2.533964e-124 	3.855760e-11 	8.881784e-16 	0.000000e+00
6609 	1.328024e-05 	1.094298e+05 	2.533964e-124 	3.855760e-11 	8.881784e-16 	0.000000e+00
6610 	1.325368e-05 	1.094298e+05 	2.533964e-124 	3.855760e-11 	8.881784e-16 	0.000000e+00
6611 	1.322718e-05 	1.094298e+05 	2.533964e-124 	3.855760e-11 	8.881784e-16 	0.000000e+00
6612 	1.320072e-05 	1.094298e+05 	2.533964e-124 	3.855760e-11 	8.881784e-16 	0.000000e+00
6613 	1.317432e-05 	1.094298e+05 	2.533964e-124 	3.855760e-11 	8.881784e-16 	0.000000e+00
6614 	1.314797e-05 	1.094298e+05 	2.533964e-124 	3.855760e-11 	8.881784e-16 	0.000000e+00
6615 	1.312168e-05 	1.094298e+05 	2.533964e-124 	3.855760e-11 	8.881784e-16 	0.000000e+00
6616 	1.309543e-05 	1.094298e+05 	2.533964e-124 	3.855760e-11 	8.881784e-16 	0.000000e+00
6617 	1.306924e-05 	1.094298e+05 	2.533964e-124 	3.855760e-11 	8.881784e-16 	0.000000e+00
6618 	1.304310e-05 	1.094298e+05 	2.533964e-124 	3.855760e-11 	8.881784e-16 	0.000000e+00
6619 	1.301702e-05 	1.094298e+05 	2.533964e-124 	3.855760e-11 	8.881784e-16 	0.000000e+00
6620 	1.299098e-05 	1.094298e+05 	2.533964e-124 	3.855760e-11 	8.881784e-16 	0.000000e+00
6621 	1.296500e-05 	1.094298e+05 	2.533964e-124 	3.855760e-11 	8.881784e-16 	0.000000e+00
6622 	1.293907e-05 	1.094298e+05 	2.533964e-124 	3.855760e-11 	8.881784e-16 	0.000000e+00
6623 	1.291319e-05 	1.094298e+05 	2.533964e-124 	3.855760e-11 	8.881784e-16 	0.000000e+00
6624 	1.288737e-05 	1.094298e+05 	2.533964e-124 	3.855760e-11 	8.881784e-16 	0.000000e+00
6625 	1.286159e-05 	1.094298e+05 	2.533964e-124 	3.855760e-11 	8.881784e-16 	0.000000e+00
6626 	1.283587e-05 	1.094298e+05 	2.533964e-124 	3.855760e-11 	8.881784e-16 	0.000000e+00
6627 	1.281020e-05 	1.094298e+05 	2.533964e-124 	3.855760e-11 	8.881784e-16 	0.000000e+00
6628 	1.278458e-05 	1.094298e+05 	2.533964e-124 	3.855760e-11 	8.881784e-16 	0.000000e+00
6629 	1.275901e-05 	1.094298e+05 	2.533964e-124 	3.855760e-11 	8.881784e-16 	0.000000e+00
6630 	1.273349e-05 	1.094298e+05 	2.533964e-124 	3.855760e-11 	8.881784e-16 	0.000000e+00
6631 	1.270802e-05 	1.094298e+05 	2.533964e-124 	3.855760e-11 	8.881784e-16 	0.000000e+00
6632 	1.268261e-05 	1.094298e+05 	2.533964e-124 	3.855760e-11 	8.881784e-16 	0.000000e+00
6633 	1.265724e-05 	1.094298e+05 	2.533964e-124 	3.855760e-11 	8.881784e-16 	0.000000e+00
6634 	1.263193e-05 	1.094298e+05 	2.533964e-124 	3.855760e-11 	8.881784e-16 	0.000000e+00
6635 	1.260666e-05 	1.094298e+05 	2.533964e-124 	3.855760e-11 	8.881784e-16 	0.000000e+00
6636 	1.258145e-05 	1.094298e+05 	2.533964e-124 	3.855760e-11 	8.881784e-16 	0.000000e+00
6637 	1.255629e-05 	1.094298e+05 	2.533964e-124 	3.855760e-11 	8.881784e-16 	0.000000e+00
6638 	1.253117e-05 	1.094298e+05 	2.533964e-124 	3.855760e-11 	8.881784e-16 	0.000000e+00
6639 	1.250611e-05 	1.094298e+05 	2.533964e-124 	3.855760e-11 	8.881784e-16 	0.000000e+00
6640 	1.248110e-05 	1.094298e+05 	2.533964e-124 	3.855760e-11 	8.881784e-16 	0.000000e+00
6641 	1.245614e-05 	1.094298e+05 	2.533964e-124 	3.855760e-11 	8.881784e-16 	0.000000e+00
6642 	1.243123e-05 	1.094298e+05 	2.533964e-124 	3.855760e-11 	8.881784e-16 	0.000000e+00
6643 	1.240636e-05 	1.094298e+05 	2.533964e-124 	3.855760e-11 	8.881784e-16 	0.000000e+00
6644 	1.238155e-05 	1.094298e+05 	2.533964e-124 	3.855760e-11 	8.881784e-16 	0.000000e+00
6645 	1.235679e-05 	1.094298e+05 	2.533964e-124 	3.855760e-11 	8.881784e-16 	0.000000e+00
6646 	1.233207e-05 	1.094298e+05 	2.533964e-124 	3.855760e-11 	8.881784e-16 	0.000000e+00
6647 	1.230741e-05 	1.094298e+05 	2.533964e-124 	3.855760e-11 	8.881784e-16 	0.000000e+00
6648 	1.228279e-05 	1.094298e+05 	2.533964e-124 	3.855760e-11 	8.881784e-16 	0.000000e+00
6649 	1.225823e-05 	1.094298e+05 	2.533964e-124 	3.855760e-11 	8.881784e-16 	0.000000e+00
6650 	1.223371e-05 	1.094298e+05 	2.533964e-124 	3.855760e-11 	8.881784e-16 	0.000000e+00
6651 	1.220925e-05 	1.094298e+05 	2.533964e-124 	3.855760e-11 	8.881784e-16 	0.000000e+00
6652 	1.218483e-05 	1.094298e+05 	2.533964e-124 	3.855760e-11 	8.881784e-16 	0.000000e+00
6653 	1.216046e-05 	1.094298e+05 	2.533964e-124 	3.855760e-11 	8.881784e-16 	0.000000e+00
6654 	1.213614e-05 	1.094298e+05 	2.533964e-124 	3.855760e-11 	8.881784e-16 	0.000000e+00
6655 	1.211186e-05 	1.094298e+05 	2.533964e-124 	3.855760e-11 	8.881784e-16 	0.000000e+00
6656 	1.208764e-05 	1.094298e+05 	2.533964e-124 	3.855760e-11 	8.881784e-16 	0.000000e+00
6657 	1.206346e-05 	1.094298e+05 	2.533964e-124 	3.855760e-11 	8.881784e-16 	0.000000e+00
6658 	1.203934e-05 	1.094298e+05 	2.533964e-124 	3.855760e-11 	8.881784e-16 	0.000000e+00
6659 	1.201526e-05 	1.094298e+05 	2.533964e-124 	3.855760e-11 	8.881784e-16 	0.000000e+00
6660 	1.199123e-05 	1.094298e+05 	2.533964e-124 	3.855760e-11 	8.881784e-16 	0.000000e+00
6661 	1.196725e-05 	1.094298e+05 	2.533964e-124 	3.855760e-11 	8.881784e-16 	0.000000e+00
6662 	1.194331e-05 	1.094298e+05 	2.533964e-124 	3.855760e-11 	8.881784e-16 	0.000000e+00
6663 	1.191943e-05 	1.094298e+05 	2.533964e-124 	3.855760e-11 	8.881784e-16 	0.000000e+00
6664 	1.189559e-05 	1.094298e+05 	2.533964e-124 	3.855760e-11 	8.881784e-16 	0.000000e+00
6665 	1.187180e-05 	1.094298e+05 	2.533964e-124 	3.855760e-11 	8.881784e-16 	0.000000e+00
6666 	1.184805e-05 	1.094298e+05 	2.533964e-124 	3.855760e-11 	8.881784e-16 	0.000000e+00
6667 	1.182436e-05 	1.094298e+05 	2.533964e-124 	3.855760e-11 	8.881784e-16 	0.000000e+00
6668 	1.180071e-05 	1.094298e+05 	2.533964e-124 	3.855760e-11 	8.881784e-16 	0.000000e+00
6669 	1.177711e-05 	1.094298e+05 	2.533964e-124 	3.855760e-11 	8.881784e-16 	0.000000e+00
6670 	1.175355e-05 	1.094298e+05 	2.533964e-124 	3.855760e-11 	8.881784e-16 	0.000000e+00
6671 	1.173004e-05 	1.094298e+05 	2.533964e-124 	3.855760e-11 	8.881784e-16 	0.000000e+00
6672 	1.170658e-05 	1.094298e+05 	2.533964e-124 	3.855760e-11 	8.881784e-16 	0.000000e+00
6673 	1.168317e-05 	1.094298e+05 	2.533964e-124 	3.855760e-11 	8.881784e-16 	0.000000e+00
6674 	1.165980e-05 	1.094298e+05 	2.533964e-124 	3.855760e-11 	8.881784e-16 	0.000000e+00
6675 	1.163648e-05 	1.094298e+05 	2.533964e-124 	3.855760e-11 	8.881784e-16 	0.000000e+00
6676 	1.161321e-05 	1.094298e+05 	2.533964e-124 	3.855760e-11 	8.881784e-16 	0.000000e+00
6677 	1.158999e-05 	1.094298e+05 	2.533964e-124 	3.855760e-11 	8.881784e-16 	0.000000e+00
6678 	1.156681e-05 	1.094298e+05 	2.533964e-124 	3.855760e-11 	8.881784e-16 	0.000000e+00
6679 	1.154367e-05 	1.094298e+05 	2.533964e-124 	3.855760e-11 	8.881784e-16 	0.000000e+00
6680 	1.152058e-05 	1.094298e+05 	2.533964e-124 	3.855760e-11 	8.881784e-16 	0.000000e+00
6681 	1.149754e-05 	1.094298e+05 	2.533964e-124 	3.855760e-11 	8.881784e-16 	0.000000e+00
6682 	1.147455e-05 	1.094298e+05 	2.533964e-124 	3.855760e-11 	8.881784e-16 	0.000000e+00
6683 	1.145160e-05 	1.094298e+05 	2.533964e-124 	3.855760e-11 	8.881784e-16 	0.000000e+00
6684 	1.142870e-05 	1.094298e+05 	2.533964e-124 	3.855760e-11 	8.881784e-16 	0.000000e+00
6685 	1.140584e-05 	1.094298e+05 	2.533964e-124 	3.855760e-11 	8.881784e-16 	0.000000e+00
6686 	1.138303e-05 	1.094298e+05 	2.533964e-124 	3.855760e-11 	8.881784e-16 	0.000000e+00
6687 	1.136026e-05 	1.094298e+05 	2.533964e-124 	3.855760e-11 	8.881784e-16 	0.000000e+00
6688 	1.133754e-05 	1.094298e+05 	2.533964e-124 	3.855760e-11 	8.881784e-16 	0.000000e+00
6689 	1.131487e-05 	1.094298e+05 	2.533964e-124 	3.855760e-11 	8.881784e-16 	0.000000e+00
6690 	1.129224e-05 	1.094298e+05 	2.533964e-124 	3.855760e-11 	8.881784e-16 	0.000000e+00
6691 	1.126965e-05 	1.094298e+05 	2.533964e-124 	3.855760e-11 	8.881784e-16 	0.000000e+00
6692 	1.124711e-05 	1.094298e+05 	2.533964e-124 	3.855760e-11 	8.881784e-16 	0.000000e+00
6693 	1.122462e-05 	1.094298e+05 	2.533964e-124 	3.855760e-11 	8.881784e-16 	0.000000e+00
6694 	1.120217e-05 	1.094298e+05 	2.533964e-124 	3.855760e-11 	8.881784e-16 	0.000000e+00
6695 	1.117976e-05 	1.094298e+05 	2.533964e-124 	3.855760e-11 	8.881784e-16 	0.000000e+00
6696 	1.115740e-05 	1.094298e+05 	2.533964e-124 	3.855760e-11 	8.881784e-16 	0.000000e+00
6697 	1.113509e-05 	1.094298e+05 	2.533964e-124 	3.855760e-11 	8.881784e-16 	0.000000e+00
6698 	1.111282e-05 	1.094298e+05 	2.533964e-124 	3.855760e-11 	8.881784e-16 	0.000000e+00
6699 	1.109059e-05 	1.094298e+05 	2.533964e-124 	3.855760e-11 	8.881784e-16 	0.000000e+00
6700 	1.106841e-05 	1.094298e+05 	2.533964e-124 	3.855760e-11 	8.881784e-16 	0.000000e+00
6701 	1.104628e-05 	1.094298e+05 	2.533964e-124 	3.855760e-11 	8.881784e-16 	0.000000e+00
6702 	1.102418e-05 	1.094298e+05 	2.533964e-124 	3.855760e-11 	8.881784e-16 	0.000000e+00
6703 	1.100213e-05 	1.094298e+05 	2.533964e-124 	3.855760e-11 	8.881784e-16 	0.000000e+00
6704 	1.098013e-05 	1.094298e+05 	2.533964e-124 	3.855760e-11 	8.881784e-16 	0.000000e+00
6705 	1.095817e-05 	1.094298e+05 	2.533964e-124 	3.855760e-11 	8.881784e-16 	0.000000e+00
6706 	1.093625e-05 	1.094298e+05 	2.533964e-124 	3.855760e-11 	8.881784e-16 	0.000000e+00
6707 	1.091438e-05 	1.094298e+05 	2.533964e-124 	3.855760e-11 	8.881784e-16 	0.000000e+00
6708 	1.089255e-05 	1.094298e+05 	2.533964e-124 	3.855760e-11 	8.881784e-16 	0.000000e+00
6709 	1.087077e-05 	1.094298e+05 	2.533964e-124 	3.855760e-11 	8.881784e-16 	0.000000e+00
6710 	1.084903e-05 	1.094298e+05 	2.533964e-124 	3.855760e-11 	8.881784e-16 	0.000000e+00
6711 	1.082733e-05 	1.094298e+05 	2.533964e-124 	3.855760e-11 	8.881784e-16 	0.000000e+00
6712 	1.080567e-05 	1.094298e+05 	2.533964e-124 	3.855760e-11 	8.881784e-16 	0.000000e+00
6713 	1.078406e-05 	1.094298e+05 	2.533964e-124 	3.855760e-11 	8.881784e-16 	0.000000e+00
6714 	1.076249e-05 	1.094298e+05 	2.533964e-124 	3.855760e-11 	8.881784e-16 	0.000000e+00
6715 	1.074097e-05 	1.094298e+05 	2.533964e-124 	3.855760e-11 	8.881784e-16 	0.000000e+00
6716 	1.071949e-05 	1.094298e+05 	2.533964e-124 	3.855760e-11 	8.881784e-16 	0.000000e+00
6717 	1.069805e-05 	1.094298e+05 	2.533964e-124 	3.855760e-11 	8.881784e-16 	0.000000e+00
6718 	1.067665e-05 	1.094298e+05 	2.533964e-124 	3.855760e-11 	8.881784e-16 	0.000000e+00
6719 	1.065530e-05 	1.094298e+05 	2.533964e-124 	3.855760e-11 	8.881784e-16 	0.000000e+00
6720 	1.063399e-05 	1.094298e+05 	2.533964e-124 	3.855760e-11 	8.881784e-16 	0.000000e+00
6721 	1.061272e-05 	1.094298e+05 	2.533964e-124 	3.855760e-11 	8.881784e-16 	0.000000e+00
6722 	1.059149e-05 	1.094298e+05 	2.533964e-124 	3.855760e-11 	8.881784e-16 	0.000000e+00
6723 	1.057031e-05 	1.094298e+05 	2.533964e-124 	3.855760e-11 	8.881784e-16 	0.000000e+00
6724 	1.054917e-05 	1.094298e+05 	2.533964e-124 	3.855760e-11 	8.881784e-16 	0.000000e+00
6725 	1.052807e-05 	1.094298e+05 	2.533964e-124 	3.855760e-11 	8.881784e-16 	0.000000e+00
6726 	1.050702e-05 	1.094298e+05 	2.533964e-124 	3.855760e-11 	8.881784e-16 	0.000000e+00
6727 	1.048600e-05 	1.094298e+05 	2.533964e-124 	3.855760e-11 	8.881784e-16 	0.000000e+00
6728 	1.046503e-05 	1.094298e+05 	2.533964e-124 	3.855760e-11 	8.881784e-16 	0.000000e+00
6729 	1.044410e-05 	1.094298e+05 	2.533964e-124 	3.855760e-11 	8.881784e-16 	0.000000e+00
6730 	1.042321e-05 	1.094298e+05 	2.533964e-124 	3.855760e-11 	8.881784e-16 	0.000000e+00
6731 	1.040237e-05 	1.094298e+05 	2.533964e-124 	3.855760e-11 	8.881784e-16 	0.000000e+00
6732 	1.038156e-05 	1.094298e+05 	2.533964e-124 	3.855760e-11 	8.881784e-16 	0.000000e+00
6733 	1.036080e-05 	1.094298e+05 	2.533964e-124 	3.855760e-11 	8.881784e-16 	0.000000e+00
6734 	1.034008e-05 	1.094298e+05 	2.533964e-124 	3.855760e-11 	8.881784e-16 	0.000000e+00
6735 	1.031940e-05 	1.094298e+05 	2.533964e-124 	3.855760e-11 	8.881784e-16 	0.000000e+00
6736 	1.029876e-05 	1.094298e+05 	2.533964e-124 	3.855760e-11 	8.881784e-16 	0.000000e+00
6737 	1.027816e-05 	1.094298e+05 	2.533964e-124 	3.855760e-11 	8.881784e-16 	0.000000e+00
6738 	1.025760e-05 	1.094298e+05 	2.533964e-124 	3.855760e-11 	8.881784e-16 	0.000000e+00
6739 	1.023709e-05 	1.094298e+05 	2.533964e-124 	3.855760e-11 	8.881784e-16 	0.000000e+00
6740 	1.021661e-05 	1.094298e+05 	2.533964e-124 	3.855760e-11 	8.881784e-16 	0.000000e+00
6741 	1.019618e-05 	1.094298e+05 	2.533964e-124 	3.855760e-11 	8.881784e-16 	0.000000e+00
6742 	1.017579e-05 	1.094298e+05 	2.533964e-124 	3.855760e-11 	8.881784e-16 	0.000000e+00
6743 	1.015544e-05 	1.094298e+05 	2.533964e-124 	3.855760e-11 	8.881784e-16 	0.000000e+00
6744 	1.013513e-05 	1.094298e+05 	2.533964e-124 	3.855760e-11 	8.881784e-16 	0.000000e+00
6745 	1.011486e-05 	1.094298e+05 	2.533964e-124 	3.855760e-11 	8.881784e-16 	0.000000e+00
6746 	1.009463e-05 	1.094298e+05 	2.533964e-124 	3.855760e-11 	8.881784e-16 	0.000000e+00
6747 	1.007444e-05 	1.094298e+05 	2.533964e-124 	3.855760e-11 	8.881784e-16 	0.000000e+00
6748 	1.005429e-05 	1.094298e+05 	2.533964e-124 	3.855760e-11 	8.881784e-16 	0.000000e+00
6749 	1.003418e-05 	1.094298e+05 	2.533964e-124 	3.855760e-11 	8.881784e-16 	0.000000e+00
6750 	1.001411e-05 	1.094298e+05 	2.533964e-124 	3.855760e-11 	8.881784e-16 	0.000000e+00
6751 	1.000000e-05 	1.094298e+05 	2.533964e-124 	3.855760e-11 	8.881784e-16 	0.000000e+00
6752 	1.000000e-05 	1.094298e+05 	2.533964e-124 	3.855760e-11 	8.881784e-16 	0.000000e+00
6753 	1.000000e-05 	1.094298e+05 	2.533964e-124 	3.855760e-11 	8.881784e-16 	0.000000e+00
6754 	1.000000e-05 	1.094298e+05 	2.533964e-124 	3.855760e-11 	8.881784e-16 	0.000000e+00
6755 	1.000000e-05 	1.094298e+05 	2.533964e-124 	3.855760e-11 	8.881784e-16 	0.000000e+00
6756 	1.000000e-05 	1.094298e+05 	2.533964e-124 	3.855760e-11 	8.881784e-16 	0.000000e+00
6757 	1.000000e-05 	1.094298e+05 	2.533964e-124 	3.855760e-11 	8.881784e-16 	0.000000e+00
6758 	1.000000e-05 	1.094298e+05 	2.533964e-124 	3.855760e-11 	8.881784e-16 	0.000000e+00
6759 	1.000000e-05 	1.094298e+05 	2.533964e-124 	3.855760e-11 	8.881784e-16 	0.000000e+00
6760 	1.000000e-05 	1.094298e+05 	2.533964e-124 	3.855760e-11 	8.881784e-16 	0.000000e+00
6761 	1.000000e-05 	1.094298e+05 	2.533964e-124 	3.855760e-11 	8.881784e-16 	0.000000e+00
6762 	1.000000e-05 	1.094298e+05 	2.533964e-124 	3.855760e-11 	8.881784e-16 	0.000000e+00
6763 	1.000000e-05 	1.094298e+05 	2.533964e-124 	3.855760e-11 	8.881784e-16 	0.000000e+00
6764 	1.000000e-05 	1.094298e+05 	2.533964e-124 	3.855760e-11 	8.881784e-16 	0.000000e+00
6765 	1.000000e-05 	1.094298e+05 	2.533964e-124 	3.855760e-11 	8.881784e-16 	0.000000e+00
6766 	1.000000e-05 	1.094298e+05 	2.533964e-124 	3.855760e-11 	8.881784e-16 	0.000000e+00
6767 	1.000000e-05 	1.094298e+05 	2.533964e-124 	3.855760e-11 	8.881784e-16 	0.000000e+00
6768 	1.000000e-05 	1.094298e+05 	2.533964e-124 	3.855760e-11 	8.881784e-16 	0.000000e+00
6769 	1.000000e-05 	1.094298e+05 	2.533964e-124 	3.855760e-11 	8.881784e-16 	0.000000e+00
6770 	1.000000e-05 	1.094298e+05 	2.533964e-124 	3.855760e-11 	8.881784e-16 	0.000000e+00
6771 	1.000000e-05 	1.094298e+05 	2.533964e-124 	3.855760e-11 	8.881784e-16 	0.000000e+00
6772 	1.000000e-05 	1.094298e+05 	2.533964e-124 	3.855760e-11 	8.881784e-16 	0.000000e+00
6773 	1.000000e-05 	1.094298e+05 	2.533964e-124 	3.855760e-11 	8.881784e-16 	0.000000e+00
6774 	1.000000e-05 	1.094298e+05 	2.533964e-124 	3.855760e-11 	8.881784e-16 	0.000000e+00
6775 	1.000000e-05 	1.094298e+05 	2.533964e-124 	3.855760e-11 	8.881784e-16 	0.000000e+00
6776 	1.000000e-05 	1.094298e+05 	2.533964e-124 	3.855760e-11 	8.881784e-16 	0.000000e+00
6777 	1.000000e-05 	1.094298e+05 	2.533964e-124 	3.855760e-11 	8.881784e-16 	0.000000e+00
6778 	1.000000e-05 	1.094298e+05 	2.533964e-124 	3.855760e-11 	8.881784e-16 	0.000000e+00
6779 	1.000000e-05 	1.094298e+05 	2.533964e-124 	3.855760e-11 	8.881784e-16 	0.000000e+00
6780 	1.000000e-05 	1.094298e+05 	2.533964e-124 	3.855760e-11 	8.881784e-16 	0.000000e+00
6781 	1.000000e-05 	1.094298e+05 	2.533964e-124 	3.855760e-11 	8.881784e-16 	0.000000e+00
6782 	1.000000e-05 	1.094298e+05 	2.533964e-124 	3.855760e-11 	8.881784e-16 	0.000000e+00
6783 	1.000000e-05 	1.094298e+05 	2.533964e-124 	3.855760e-11 	8.881784e-16 	0.000000e+00
6784 	1.000000e-05 	1.094298e+05 	2.533964e-124 	3.855760e-11 	8.881784e-16 	0.000000e+00
6785 	1.000000e-05 	1.094298e+05 	2.533964e-124 	3.855760e-11 	8.881784e-16 	0.000000e+00
6786 	1.000000e-05 	1.094298e+05 	2.533964e-124 	3.855760e-11 	8.881784e-16 	0.000000e+00
6787 	1.000000e-05 	1.094298e+05 	2.533964e-124 	3.855760e-11 	8.881784e-16 	0.000000e+00
6788 	1.000000e-05 	1.094298e+05 	2.533964e-124 	3.855760e-11 	8.881784e-16 	0.000000e+00
6789 	1.000000e-05 	1.094298e+05 	2.533964e-124 	3.855760e-11 	8.881784e-16 	0.000000e+00
6790 	1.000000e-05 	1.094298e+05 	2.533964e-124 	3.855760e-11 	8.881784e-16 	0.000000e+00
6791 	1.000000e-05 	1.094298e+05 	2.533964e-124 	3.855760e-11 	8.881784e-16 	0.000000e+00
6792 	1.000000e-05 	1.094298e+05 	2.533964e-124 	3.855760e-11 	8.881784e-16 	0.000000e+00
6793 	1.000000e-05 	1.094298e+05 	2.533964e-124 	3.855760e-11 	8.881784e-16 	0.000000e+00
6794 	1.000000e-05 	1.094298e+05 	2.533964e-124 	3.855760e-11 	8.881784e-16 	0.000000e+00
6795 	1.000000e-05 	1.094298e+05 	2.533964e-124 	3.855760e-11 	8.881784e-16 	0.000000e+00
6796 	1.000000e-05 	1.094298e+05 	2.533964e-124 	3.855760e-11 	8.881784e-16 	0.000000e+00
6797 	1.000000e-05 	1.094298e+05 	2.533964e-124 	3.855760e-11 	8.881784e-16 	0.000000e+00
6798 	1.000000e-05 	1.094298e+05 	2.533964e-124 	3.855760e-11 	8.881784e-16 	0.000000e+00
6799 	1.000000e-05 	1.094298e+05 	2.533964e-124 	3.855760e-11 	8.881784e-16 	0.000000e+00
6800 	1.000000e-05 	1.094298e+05 	2.533964e-124 	3.855760e-11 	8.881784e-16 	0.000000e+00
6801 	1.000000e-05 	1.094298e+05 	2.533964e-124 	3.855760e-11 	8.881784e-16 	0.000000e+00
6802 	1.000000e-05 	1.094298e+05 	2.533964e-124 	3.855760e-11 	8.881784e-16 	0.000000e+00
6803 	1.000000e-05 	1.094298e+05 	2.533964e-124 	3.855760e-11 	8.881784e-16 	0.000000e+00
6804 	1.000000e-05 	1.094298e+05 	2.533964e-124 	3.855760e-11 	8.881784e-16 	0.000000e+00
6805 	1.000000e-05 	1.094298e+05 	2.533964e-124 	3.855760e-11 	8.881784e-16 	0.000000e+00
6806 	1.000000e-05 	1.094298e+05 	2.533964e-124 	3.855760e-11 	8.881784e-16 	0.000000e+00
6807 	1.000000e-05 	1.094298e+05 	2.533964e-124 	3.855760e-11 	8.881784e-16 	0.000000e+00
6808 	1.000000e-05 	1.094298e+05 	2.533964e-124 	3.855760e-11 	8.881784e-16 	0.000000e+00
6809 	1.000000e-05 	1.094298e+05 	2.533964e-124 	3.855760e-11 	8.881784e-16 	0.000000e+00
6810 	1.000000e-05 	1.094298e+05 	2.533964e-124 	3.855760e-11 	8.881784e-16 	0.000000e+00
6811 	1.000000e-05 	1.094298e+05 	2.533964e-124 	3.855760e-11 	8.881784e-16 	0.000000e+00
6812 	1.000000e-05 	1.094298e+05 	2.533964e-124 	3.855760e-11 	8.881784e-16 	0.000000e+00
6813 	1.000000e-05 	1.094298e+05 	2.533964e-124 	3.855760e-11 	8.881784e-16 	0.000000e+00
6814 	1.000000e-05 	1.094298e+05 	2.533964e-124 	3.855760e-11 	8.881784e-16 	0.000000e+00
6815 	1.000000e-05 	1.094298e+05 	2.533964e-124 	3.855760e-11 	8.881784e-16 	0.000000e+00
6816 	1.000000e-05 	1.094298e+05 	2.533964e-124 	3.855760e-11 	8.881784e-16 	0.000000e+00
6817 	1.000000e-05 	1.094298e+05 	2.533964e-124 	3.855760e-11 	8.881784e-16 	0.000000e+00
6818 	1.000000e-05 	1.094298e+05 	2.533964e-124 	3.855760e-11 	8.881784e-16 	0.000000e+00
6819 	1.000000e-05 	1.094298e+05 	2.533964e-124 	3.855760e-11 	8.881784e-16 	0.000000e+00
6820 	1.000000e-05 	1.094298e+05 	2.533964e-124 	3.855760e-11 	8.881784e-16 	0.000000e+00
6821 	1.000000e-05 	1.094298e+05 	2.533964e-124 	3.855760e-11 	8.881784e-16 	0.000000e+00
6822 	1.000000e-05 	1.094298e+05 	2.533964e-124 	3.855760e-11 	8.881784e-16 	0.000000e+00
6823 	1.000000e-05 	1.094298e+05 	2.533964e-124 	3.855760e-11 	8.881784e-16 	0.000000e+00
6824 	1.000000e-05 	1.094298e+05 	2.533964e-124 	3.855760e-11 	8.881784e-16 	0.000000e+00
6825 	1.000000e-05 	1.094298e+05 	2.533964e-124 	3.855760e-11 	8.881784e-16 	0.000000e+00
6826 	1.000000e-05 	1.094298e+05 	2.533964e-124 	3.855760e-11 	8.881784e-16 	0.000000e+00
6827 	1.000000e-05 	1.094298e+05 	2.533964e-124 	3.855760e-11 	8.881784e-16 	0.000000e+00
6828 	1.000000e-05 	1.094298e+05 	2.533964e-124 	3.855760e-11 	8.881784e-16 	0.000000e+00
6829 	1.000000e-05 	1.094298e+05 	2.533964e-124 	3.855760e-11 	8.881784e-16 	0.000000e+00
6830 	1.000000e-05 	1.094298e+05 	2.533964e-124 	3.855760e-11 	8.881784e-16 	0.000000e+00
6831 	1.000000e-05 	1.094298e+05 	2.533964e-124 	3.855760e-11 	8.881784e-16 	0.000000e+00
6832 	1.000000e-05 	1.094298e+05 	2.533964e-124 	3.855760e-11 	8.881784e-16 	0.000000e+00
6833 	1.000000e-05 	1.094298e+05 	2.533964e-124 	3.855760e-11 	8.881784e-16 	0.000000e+00
6834 	1.000000e-05 	1.094298e+05 	2.533964e-124 	3.855760e-11 	8.881784e-16 	0.000000e+00
6835 	1.000000e-05 	1.094298e+05 	2.533964e-124 	3.855760e-11 	8.881784e-16 	0.000000e+00
6836 	1.000000e-05 	1.094298e+05 	2.533964e-124 	3.855760e-11 	8.881784e-16 	0.000000e+00
6837 	1.000000e-05 	1.094298e+05 	2.533964e-124 	3.855760e-11 	8.881784e-16 	0.000000e+00
6838 	1.000000e-05 	1.094298e+05 	2.533964e-124 	3.855760e-11 	8.881784e-16 	0.000000e+00
6839 	1.000000e-05 	1.094298e+05 	2.533964e-124 	3.855760e-11 	8.881784e-16 	0.000000e+00
6840 	1.000000e-05 	1.094298e+05 	2.533964e-124 	3.855760e-11 	8.881784e-16 	0.000000e+00
6841 	1.000000e-05 	1.094298e+05 	2.533964e-124 	3.855760e-11 	8.881784e-16 	0.000000e+00
6842 	1.000000e-05 	1.094298e+05 	2.533964e-124 	3.855760e-11 	8.881784e-16 	0.000000e+00
6843 	1.000000e-05 	1.094298e+05 	2.533964e-124 	3.855760e-11 	8.881784e-16 	0.000000e+00
6844 	1.000000e-05 	1.094298e+05 	2.533964e-124 	3.855760e-11 	8.881784e-16 	0.000000e+00
6845 	1.000000e-05 	1.094298e+05 	2.533964e-124 	3.855760e-11 	8.881784e-16 	0.000000e+00
6846 	1.000000e-05 	1.094298e+05 	2.533964e-124 	3.855760e-11 	8.881784e-16 	0.000000e+00
6847 	1.000000e-05 	1.094298e+05 	2.533964e-124 	3.855760e-11 	8.881784e-16 	0.000000e+00
6848 	1.000000e-05 	1.094298e+05 	2.533964e-124 	3.855760e-11 	8.881784e-16 	0.000000e+00
6849 	1.000000e-05 	1.094298e+05 	2.533964e-124 	3.855760e-11 	8.881784e-16 	0.000000e+00
6850 	1.000000e-05 	1.094298e+05 	2.533964e-124 	3.855760e-11 	8.881784e-16 	0.000000e+00
6851 	1.000000e-05 	1.094298e+05 	2.533964e-124 	3.855760e-11 	8.881784e-16 	0.000000e+00
6852 	1.000000e-05 	1.094298e+05 	2.533964e-124 	3.855760e-11 	8.881784e-16 	0.000000e+00
6853 	1.000000e-05 	1.094298e+05 	2.533964e-124 	3.855760e-11 	8.881784e-16 	0.000000e+00
6854 	1.000000e-05 	1.094298e+05 	2.533964e-124 	3.855760e-11 	8.881784e-16 	0.000000e+00
6855 	1.000000e-05 	1.094298e+05 	2.533964e-124 	3.855760e-11 	8.881784e-16 	0.000000e+00
6856 	1.000000e-05 	1.094298e+05 	2.533964e-124 	3.855760e-11 	8.881784e-16 	0.000000e+00
6857 	1.000000e-05 	1.094298e+05 	2.533964e-124 	3.855760e-11 	8.881784e-16 	0.000000e+00
6858 	1.000000e-05 	1.094298e+05 	2.533964e-124 	3.855760e-11 	8.881784e-16 	0.000000e+00
6859 	1.000000e-05 	1.094298e+05 	2.533964e-124 	3.855760e-11 	8.881784e-16 	0.000000e+00
6860 	1.000000e-05 	1.094298e+05 	2.533964e-124 	3.855760e-11 	8.881784e-16 	0.000000e+00
6861 	1.000000e-05 	1.094298e+05 	2.533964e-124 	3.855760e-11 	8.881784e-16 	0.000000e+00
6862 	1.000000e-05 	1.094298e+05 	2.533964e-124 	3.855760e-11 	8.881784e-16 	0.000000e+00
6863 	1.000000e-05 	1.094298e+05 	2.533964e-124 	3.855760e-11 	8.881784e-16 	0.000000e+00
6864 	1.000000e-05 	1.094298e+05 	2.533964e-124 	3.855760e-11 	8.881784e-16 	0.000000e+00
6865 	1.000000e-05 	1.094298e+05 	2.533964e-124 	3.855760e-11 	8.881784e-16 	0.000000e+00
6866 	1.000000e-05 	1.094298e+05 	2.533964e-124 	3.855760e-11 	8.881784e-16 	0.000000e+00
6867 	1.000000e-05 	1.094298e+05 	2.533964e-124 	3.855760e-11 	8.881784e-16 	0.000000e+00
6868 	1.000000e-05 	1.094298e+05 	2.533964e-124 	3.855760e-11 	8.881784e-16 	0.000000e+00
6869 	1.000000e-05 	1.094298e+05 	2.533964e-124 	3.855760e-11 	8.881784e-16 	0.000000e+00
6870 	1.000000e-05 	1.094298e+05 	2.533964e-124 	3.855760e-11 	8.881784e-16 	0.000000e+00
6871 	1.000000e-05 	1.094298e+05 	2.533964e-124 	3.855760e-11 	8.881784e-16 	0.000000e+00
6872 	1.000000e-05 	1.094298e+05 	2.533964e-124 	3.855760e-11 	8.881784e-16 	0.000000e+00
6873 	1.000000e-05 	1.094298e+05 	2.533964e-124 	3.855760e-11 	8.881784e-16 	0.000000e+00
6874 	1.000000e-05 	1.094298e+05 	2.533964e-124 	3.855760e-11 	8.881784e-16 	0.000000e+00
6875 	1.000000e-05 	1.094298e+05 	2.533964e-124 	3.855760e-11 	8.881784e-16 	0.000000e+00
6876 	1.000000e-05 	1.094298e+05 	2.533964e-124 	3.855760e-11 	8.881784e-16 	0.000000e+00
6877 	1.000000e-05 	1.094298e+05 	2.533964e-124 	3.855760e-11 	8.881784e-16 	0.000000e+00
6878 	1.000000e-05 	1.094298e+05 	2.533964e-124 	3.855760e-11 	8.881784e-16 	0.000000e+00
6879 	1.000000e-05 	1.094298e+05 	2.533964e-124 	3.855760e-11 	8.881784e-16 	0.000000e+00
6880 	1.000000e-05 	1.094298e+05 	2.533964e-124 	3.855760e-11 	8.881784e-16 	0.000000e+00
6881 	1.000000e-05 	1.094298e+05 	2.533964e-124 	3.855760e-11 	8.881784e-16 	0.000000e+00
6882 	1.000000e-05 	1.094298e+05 	2.533964e-124 	3.855760e-11 	8.881784e-16 	0.000000e+00
6883 	1.000000e-05 	1.094298e+05 	2.533964e-124 	3.855760e-11 	8.881784e-16 	0.000000e+00
6884 	1.000000e-05 	1.094298e+05 	2.533964e-124 	3.855760e-11 	8.881784e-16 	0.000000e+00
6885 	1.000000e-05 	1.094298e+05 	2.533964e-124 	3.855760e-11 	8.881784e-16 	0.000000e+00
6886 	1.000000e-05 	1.094298e+05 	2.533964e-124 	3.855760e-11 	8.881784e-16 	0.000000e+00
6887 	1.000000e-05 	1.094298e+05 	2.533964e-124 	3.855760e-11 	8.881784e-16 	0.000000e+00
6888 	1.000000e-05 	1.094298e+05 	2.533964e-124 	3.855760e-11 	8.881784e-16 	0.000000e+00
6889 	1.000000e-05 	1.094298e+05 	2.533964e-124 	3.855760e-11 	8.881784e-16 	0.000000e+00
6890 	1.000000e-05 	1.094298e+05 	2.533964e-124 	3.855760e-11 	8.881784e-16 	0.000000e+00
6891 	1.000000e-05 	1.094298e+05 	2.533964e-124 	3.855760e-11 	8.881784e-16 	0.000000e+00
6892 	1.000000e-05 	1.094298e+05 	2.533964e-124 	3.855760e-11 	8.881784e-16 	0.000000e+00
6893 	1.000000e-05 	1.094298e+05 	2.533964e-124 	3.855760e-11 	8.881784e-16 	0.000000e+00
6894 	1.000000e-05 	1.094298e+05 	2.533964e-124 	3.855760e-11 	8.881784e-16 	0.000000e+00
6895 	1.000000e-05 	1.094298e+05 	2.533964e-124 	3.855760e-11 	8.881784e-16 	0.000000e+00
6896 	1.000000e-05 	1.094298e+05 	2.533964e-124 	3.855760e-11 	8.881784e-16 	0.000000e+00
6897 	1.000000e-05 	1.094298e+05 	2.533964e-124 	3.855760e-11 	8.881784e-16 	0.000000e+00
6898 	1.000000e-05 	1.094298e+05 	2.533964e-124 	3.855760e-11 	8.881784e-16 	0.000000e+00
6899 	1.000000e-05 	1.094298e+05 	2.533964e-124 	3.855760e-11 	8.881784e-16 	0.000000e+00
6900 	1.000000e-05 	1.094298e+05 	2.533964e-124 	3.855760e-11 	8.881784e-16 	0.000000e+00
6901 	1.000000e-05 	1.094298e+05 	2.533964e-124 	3.855760e-11 	8.881784e-16 	0.000000e+00
6902 	1.000000e-05 	1.094298e+05 	2.533964e-124 	3.855760e-11 	8.881784e-16 	0.000000e+00
6903 	1.000000e-05 	1.094298e+05 	2.533964e-124 	3.855760e-11 	8.881784e-16 	0.000000e+00
6904 	1.000000e-05 	1.094298e+05 	2.533964e-124 	3.855760e-11 	8.881784e-16 	0.000000e+00
6905 	1.000000e-05 	1.094298e+05 	2.533964e-124 	3.855760e-11 	8.881784e-16 	0.000000e+00
6906 	1.000000e-05 	1.094298e+05 	2.533964e-124 	3.855760e-11 	8.881784e-16 	0.000000e+00
6907 	1.000000e-05 	1.094298e+05 	2.533964e-124 	3.855760e-11 	8.881784e-16 	0.000000e+00
6908 	1.000000e-05 	1.094298e+05 	2.533964e-124 	3.855760e-11 	8.881784e-16 	0.000000e+00
6909 	1.000000e-05 	1.094298e+05 	2.533964e-124 	3.855760e-11 	8.881784e-16 	0.000000e+00
6910 	1.000000e-05 	1.094298e+05 	2.533964e-124 	3.855760e-11 	8.881784e-16 	0.000000e+00
6911 	1.000000e-05 	1.094298e+05 	2.533964e-124 	3.855760e-11 	8.881784e-16 	0.000000e+00
6912 	1.000000e-05 	1.094298e+05 	2.533964e-124 	3.855760e-11 	8.881784e-16 	0.000000e+00
6913 	1.000000e-05 	1.094298e+05 	2.533964e-124 	3.855760e-11 	8.881784e-16 	0.000000e+00
6914 	1.000000e-05 	1.094298e+05 	2.533964e-124 	3.855760e-11 	8.881784e-16 	0.000000e+00
6915 	1.000000e-05 	1.094298e+05 	2.533964e-124 	3.855760e-11 	8.881784e-16 	0.000000e+00
6916 	1.000000e-05 	1.094298e+05 	2.533964e-124 	3.855760e-11 	8.881784e-16 	0.000000e+00
6917 	1.000000e-05 	1.094298e+05 	2.533964e-124 	3.855760e-11 	8.881784e-16 	0.000000e+00
6918 	1.000000e-05 	1.094298e+05 	2.533964e-124 	3.855760e-11 	8.881784e-16 	0.000000e+00
6919 	1.000000e-05 	1.094298e+05 	2.533964e-124 	3.855760e-11 	8.881784e-16 	0.000000e+00
6920 	1.000000e-05 	1.094298e+05 	2.533964e-124 	3.855760e-11 	8.881784e-16 	0.000000e+00
6921 	1.000000e-05 	1.094298e+05 	2.533964e-124 	3.855760e-11 	8.881784e-16 	0.000000e+00
6922 	1.000000e-05 	1.094298e+05 	2.533964e-124 	3.855760e-11 	8.881784e-16 	0.000000e+00
6923 	1.000000e-05 	1.094298e+05 	2.533964e-124 	3.855760e-11 	8.881784e-16 	0.000000e+00
6924 	1.000000e-05 	1.094298e+05 	2.533964e-124 	3.855760e-11 	8.881784e-16 	0.000000e+00
6925 	1.000000e-05 	1.094298e+05 	2.533964e-124 	3.855760e-11 	8.881784e-16 	0.000000e+00
6926 	1.000000e-05 	1.094298e+05 	2.533964e-124 	3.855760e-11 	8.881784e-16 	0.000000e+00
6927 	1.000000e-05 	1.094298e+05 	2.533964e-124 	3.855760e-11 	8.881784e-16 	0.000000e+00
6928 	1.000000e-05 	1.094298e+05 	2.533964e-124 	3.855760e-11 	8.881784e-16 	0.000000e+00
6929 	1.000000e-05 	1.094298e+05 	2.533964e-124 	3.855760e-11 	8.881784e-16 	0.000000e+00
6930 	1.000000e-05 	1.094298e+05 	2.533964e-124 	3.855760e-11 	8.881784e-16 	0.000000e+00
6931 	1.000000e-05 	1.094298e+05 	2.533964e-124 	3.855760e-11 	8.881784e-16 	0.000000e+00
6932 	1.000000e-05 	1.094298e+05 	2.533964e-124 	3.855760e-11 	8.881784e-16 	0.000000e+00
6933 	1.000000e-05 	1.094298e+05 	2.533964e-124 	3.855760e-11 	8.881784e-16 	0.000000e+00
6934 	1.000000e-05 	1.094298e+05 	2.533964e-124 	3.855760e-11 	8.881784e-16 	0.000000e+00
6935 	1.000000e-05 	1.094298e+05 	2.533964e-124 	3.855760e-11 	8.881784e-16 	0.000000e+00
6936 	1.000000e-05 	1.094298e+05 	2.533964e-124 	3.855760e-11 	8.881784e-16 	0.000000e+00
6937 	1.000000e-05 	1.094298e+05 	2.533964e-124 	3.855760e-11 	8.881784e-16 	0.000000e+00
6938 	1.000000e-05 	1.094298e+05 	2.533964e-124 	3.855760e-11 	8.881784e-16 	0.000000e+00
6939 	1.000000e-05 	1.094298e+05 	2.533964e-124 	3.855760e-11 	8.881784e-16 	0.000000e+00
6940 	1.000000e-05 	1.094298e+05 	2.533964e-124 	3.855760e-11 	8.881784e-16 	0.000000e+00
6941 	1.000000e-05 	1.094298e+05 	2.533964e-124 	3.855760e-11 	8.881784e-16 	0.000000e+00
6942 	1.000000e-05 	1.094298e+05 	2.533964e-124 	3.855760e-11 	8.881784e-16 	0.000000e+00
6943 	1.000000e-05 	1.094298e+05 	2.533964e-124 	3.855760e-11 	8.881784e-16 	0.000000e+00
6944 	1.000000e-05 	1.094298e+05 	2.533964e-124 	3.855760e-11 	8.881784e-16 	0.000000e+00
6945 	1.000000e-05 	1.094298e+05 	2.533964e-124 	3.855760e-11 	8.881784e-16 	0.000000e+00
6946 	1.000000e-05 	1.094298e+05 	2.533964e-124 	3.855760e-11 	8.881784e-16 	0.000000e+00
6947 	1.000000e-05 	1.094298e+05 	2.533964e-124 	3.855760e-11 	8.881784e-16 	0.000000e+00
6948 	1.000000e-05 	1.094298e+05 	2.533964e-124 	3.855760e-11 	8.881784e-16 	0.000000e+00
6949 	1.000000e-05 	1.094298e+05 	2.533964e-124 	3.855760e-11 	8.881784e-16 	0.000000e+00
6950 	1.000000e-05 	1.094298e+05 	2.533964e-124 	3.855760e-11 	8.881784e-16 	0.000000e+00
6951 	1.000000e-05 	1.094298e+05 	2.533964e-124 	3.855760e-11 	8.881784e-16 	0.000000e+00
6952 	1.000000e-05 	1.094298e+05 	2.533964e-124 	3.855760e-11 	8.881784e-16 	0.000000e+00
6953 	1.000000e-05 	1.094298e+05 	2.533964e-124 	3.855760e-11 	8.881784e-16 	0.000000e+00
6954 	1.000000e-05 	1.094298e+05 	2.533964e-124 	3.855760e-11 	8.881784e-16 	0.000000e+00
6955 	1.000000e-05 	1.094298e+05 	2.533964e-124 	3.855760e-11 	8.881784e-16 	0.000000e+00
6956 	1.000000e-05 	1.094298e+05 	2.533964e-124 	3.855760e-11 	8.881784e-16 	0.000000e+00
6957 	1.000000e-05 	1.094298e+05 	2.533964e-124 	3.855760e-11 	8.881784e-16 	0.000000e+00
6958 	1.000000e-05 	1.094298e+05 	2.533964e-124 	3.855760e-11 	8.881784e-16 	0.000000e+00
6959 	1.000000e-05 	1.094298e+05 	2.533964e-124 	3.855760e-11 	8.881784e-16 	0.000000e+00
6960 	1.000000e-05 	1.094298e+05 	2.533964e-124 	3.855760e-11 	8.881784e-16 	0.000000e+00
6961 	1.000000e-05 	1.094298e+05 	2.533964e-124 	3.855760e-11 	8.881784e-16 	0.000000e+00
6962 	1.000000e-05 	1.094298e+05 	2.533964e-124 	3.855760e-11 	8.881784e-16 	0.000000e+00
6963 	1.000000e-05 	1.094298e+05 	2.533964e-124 	3.855760e-11 	8.881784e-16 	0.000000e+00
6964 	1.000000e-05 	1.094298e+05 	2.533964e-124 	3.855760e-11 	8.881784e-16 	0.000000e+00
6965 	1.000000e-05 	1.094298e+05 	2.533964e-124 	3.855760e-11 	8.881784e-16 	0.000000e+00
6966 	1.000000e-05 	1.094298e+05 	2.533964e-124 	3.855760e-11 	8.881784e-16 	0.000000e+00
6967 	1.000000e-05 	1.094298e+05 	2.533964e-124 	3.855760e-11 	8.881784e-16 	0.000000e+00
6968 	1.000000e-05 	1.094298e+05 	2.533964e-124 	3.855760e-11 	8.881784e-16 	0.000000e+00
6969 	1.000000e-05 	1.094298e+05 	2.533964e-124 	3.855760e-11 	8.881784e-16 	0.000000e+00
6970 	1.000000e-05 	1.094298e+05 	2.533964e-124 	3.855760e-11 	8.881784e-16 	0.000000e+00
6971 	1.000000e-05 	1.094298e+05 	2.533964e-124 	3.855760e-11 	8.881784e-16 	0.000000e+00
6972 	1.000000e-05 	1.094298e+05 	2.533964e-124 	3.855760e-11 	8.881784e-16 	0.000000e+00
6973 	1.000000e-05 	1.094298e+05 	2.533964e-124 	3.855760e-11 	8.881784e-16 	0.000000e+00
6974 	1.000000e-05 	1.094298e+05 	2.533964e-124 	3.855760e-11 	8.881784e-16 	0.000000e+00
6975 	1.000000e-05 	1.094298e+05 	2.533964e-124 	3.855760e-11 	8.881784e-16 	0.000000e+00
6976 	1.000000e-05 	1.094298e+05 	2.533964e-124 	3.855760e-11 	8.881784e-16 	0.000000e+00
6977 	1.000000e-05 	1.094298e+05 	2.533964e-124 	3.855760e-11 	8.881784e-16 	0.000000e+00
6978 	1.000000e-05 	1.094298e+05 	2.533964e-124 	3.855760e-11 	8.881784e-16 	0.000000e+00
6979 	1.000000e-05 	1.094298e+05 	2.533964e-124 	3.855760e-11 	8.881784e-16 	0.000000e+00
6980 	1.000000e-05 	1.094298e+05 	2.533964e-124 	3.855760e-11 	8.881784e-16 	0.000000e+00
6981 	1.000000e-05 	1.094298e+05 	2.533964e-124 	3.855760e-11 	8.881784e-16 	0.000000e+00
6982 	1.000000e-05 	1.094298e+05 	2.533964e-124 	3.855760e-11 	8.881784e-16 	0.000000e+00
6983 	1.000000e-05 	1.094298e+05 	2.533964e-124 	3.855760e-11 	8.881784e-16 	0.000000e+00
6984 	1.000000e-05 	1.094298e+05 	2.533964e-124 	3.855760e-11 	8.881784e-16 	0.000000e+00
6985 	1.000000e-05 	1.094298e+05 	2.533964e-124 	3.855760e-11 	8.881784e-16 	0.000000e+00
6986 	1.000000e-05 	1.094298e+05 	2.533964e-124 	3.855760e-11 	8.881784e-16 	0.000000e+00
6987 	1.000000e-05 	1.094298e+05 	2.533964e-124 	3.855760e-11 	8.881784e-16 	0.000000e+00
6988 	1.000000e-05 	1.094298e+05 	2.533964e-124 	3.855760e-11 	8.881784e-16 	0.000000e+00
6989 	1.000000e-05 	1.094298e+05 	2.533964e-124 	3.855760e-11 	8.881784e-16 	0.000000e+00
6990 	1.000000e-05 	1.094298e+05 	2.533964e-124 	3.855760e-11 	8.881784e-16 	0.000000e+00
6991 	1.000000e-05 	1.094298e+05 	2.533964e-124 	3.855760e-11 	8.881784e-16 	0.000000e+00
6992 	1.000000e-05 	1.094298e+05 	2.533964e-124 	3.855760e-11 	8.881784e-16 	0.000000e+00
6993 	1.000000e-05 	1.094298e+05 	2.533964e-124 	3.855760e-11 	8.881784e-16 	0.000000e+00
6994 	1.000000e-05 	1.094298e+05 	2.533964e-124 	3.855760e-11 	8.881784e-16 	0.000000e+00
6995 	1.000000e-05 	1.094298e+05 	2.533964e-124 	3.855760e-11 	8.881784e-16 	0.000000e+00
6996 	1.000000e-05 	1.094298e+05 	2.533964e-124 	3.855760e-11 	8.881784e-16 	0.000000e+00
6997 	1.000000e-05 	1.094298e+05 	2.533964e-124 	3.855760e-11 	8.881784e-16 	0.000000e+00
6998 	1.000000e-05 	1.094298e+05 	2.533964e-124 	3.855760e-11 	8.881784e-16 	0.000000e+00
6999 	1.000000e-05 	1.094298e+05 	2.533964e-124 	3.855760e-11 	8.881784e-16 	0.000000e+00
7000 	1.000000e-05 	1.094298e+05 	2.533964e-124 	3.855760e-11 	8.881784e-16 	0.000000e+00
7001 	1.000000e-05 	1.094298e+05 	2.533964e-124 	3.855760e-11 	8.881784e-16 	0.000000e+00
7002 	1.000000e-05 	1.094298e+05 	2.533964e-124 	3.855760e-11 	8.881784e-16 	0.000000e+00
7003 	1.000000e-05 	1.094298e+05 	2.533964e-124 	3.855760e-11 	8.881784e-16 	0.000000e+00
7004 	1.000000e-05 	1.094298e+05 	2.533964e-124 	3.855760e-11 	8.881784e-16 	0.000000e+00
7005 	1.000000e-05 	1.094298e+05 	2.533964e-124 	3.855760e-11 	8.881784e-16 	0.000000e+00
7006 	1.000000e-05 	1.094298e+05 	2.533964e-124 	3.855760e-11 	8.881784e-16 	0.000000e+00
7007 	1.000000e-05 	1.094298e+05 	2.533964e-124 	3.855760e-11 	8.881784e-16 	0.000000e+00
7008 	1.000000e-05 	1.094298e+05 	2.533964e-124 	3.855760e-11 	8.881784e-16 	0.000000e+00
7009 	1.000000e-05 	1.094298e+05 	2.533964e-124 	3.855760e-11 	8.881784e-16 	0.000000e+00
7010 	1.000000e-05 	1.094298e+05 	2.533964e-124 	3.855760e-11 	8.881784e-16 	0.000000e+00
7011 	1.000000e-05 	1.094298e+05 	2.533964e-124 	3.855760e-11 	8.881784e-16 	0.000000e+00
7012 	1.000000e-05 	1.094298e+05 	2.533964e-124 	3.855760e-11 	8.881784e-16 	0.000000e+00
7013 	1.000000e-05 	1.094298e+05 	2.533964e-124 	3.855760e-11 	8.881784e-16 	0.000000e+00
7014 	1.000000e-05 	1.094298e+05 	2.533964e-124 	3.855760e-11 	8.881784e-16 	0.000000e+00
7015 	1.000000e-05 	1.094298e+05 	2.533964e-124 	3.855760e-11 	8.881784e-16 	0.000000e+00
7016 	1.000000e-05 	1.094298e+05 	2.533964e-124 	3.855760e-11 	8.881784e-16 	0.000000e+00
7017 	1.000000e-05 	1.094298e+05 	2.533964e-124 	3.855760e-11 	8.881784e-16 	0.000000e+00
7018 	1.000000e-05 	1.094298e+05 	2.533964e-124 	3.855760e-11 	8.881784e-16 	0.000000e+00
7019 	1.000000e-05 	1.094298e+05 	2.533964e-124 	3.855760e-11 	8.881784e-16 	0.000000e+00
7020 	1.000000e-05 	1.094298e+05 	2.533964e-124 	3.855760e-11 	8.881784e-16 	0.000000e+00
7021 	1.000000e-05 	1.094298e+05 	2.533964e-124 	3.855760e-11 	8.881784e-16 	0.000000e+00
7022 	1.000000e-05 	1.094298e+05 	2.533964e-124 	3.855760e-11 	8.881784e-16 	0.000000e+00
7023 	1.000000e-05 	1.094298e+05 	2.533964e-124 	3.855760e-11 	8.881784e-16 	0.000000e+00
7024 	1.000000e-05 	1.094298e+05 	2.533964e-124 	3.855760e-11 	8.881784e-16 	0.000000e+00
7025 	1.000000e-05 	1.094298e+05 	2.533964e-124 	3.855760e-11 	8.881784e-16 	0.000000e+00
7026 	1.000000e-05 	1.094298e+05 	2.533964e-124 	3.855760e-11 	8.881784e-16 	0.000000e+00
7027 	1.000000e-05 	1.094298e+05 	2.533964e-124 	3.855760e-11 	8.881784e-16 	0.000000e+00
7028 	1.000000e-05 	1.094298e+05 	2.533964e-124 	3.855760e-11 	8.881784e-16 	0.000000e+00
7029 	1.000000e-05 	1.094298e+05 	2.533964e-124 	3.855760e-11 	8.881784e-16 	0.000000e+00
7030 	1.000000e-05 	1.094298e+05 	2.533964e-124 	3.855760e-11 	8.881784e-16 	0.000000e+00
7031 	1.000000e-05 	1.094298e+05 	2.533964e-124 	3.855760e-11 	8.881784e-16 	0.000000e+00
7032 	1.000000e-05 	1.094298e+05 	2.533964e-124 	3.855760e-11 	8.881784e-16 	0.000000e+00
7033 	1.000000e-05 	1.094298e+05 	2.533964e-124 	3.855760e-11 	8.881784e-16 	0.000000e+00
7034 	1.000000e-05 	1.094298e+05 	2.533964e-124 	3.855760e-11 	8.881784e-16 	0.000000e+00
7035 	1.000000e-05 	1.094298e+05 	2.533964e-124 	3.855760e-11 	8.881784e-16 	0.000000e+00
7036 	1.000000e-05 	1.094298e+05 	2.533964e-124 	3.855760e-11 	8.881784e-16 	0.000000e+00
7037 	1.000000e-05 	1.094298e+05 	2.533964e-124 	3.855760e-11 	8.881784e-16 	0.000000e+00
7038 	1.000000e-05 	1.094298e+05 	2.533964e-124 	3.855760e-11 	8.881784e-16 	0.000000e+00
7039 	1.000000e-05 	1.094298e+05 	2.533964e-124 	3.855760e-11 	8.881784e-16 	0.000000e+00
7040 	1.000000e-05 	1.094298e+05 	2.533964e-124 	3.855760e-11 	8.881784e-16 	0.000000e+00
7041 	1.000000e-05 	1.094298e+05 	2.533964e-124 	3.855760e-11 	8.881784e-16 	0.000000e+00
7042 	1.000000e-05 	1.094298e+05 	2.533964e-124 	3.855760e-11 	8.881784e-16 	0.000000e+00
7043 	1.000000e-05 	1.094298e+05 	2.533964e-124 	3.855760e-11 	8.881784e-16 	0.000000e+00
7044 	1.000000e-05 	1.094298e+05 	2.533964e-124 	3.855760e-11 	8.881784e-16 	0.000000e+00
7045 	1.000000e-05 	1.094298e+05 	2.533964e-124 	3.855760e-11 	8.881784e-16 	0.000000e+00
7046 	1.000000e-05 	1.094298e+05 	2.533964e-124 	3.855760e-11 	8.881784e-16 	0.000000e+00
7047 	1.000000e-05 	1.094298e+05 	2.533964e-124 	3.855760e-11 	8.881784e-16 	0.000000e+00
7048 	1.000000e-05 	1.094298e+05 	2.533964e-124 	3.855760e-11 	8.881784e-16 	0.000000e+00
7049 	1.000000e-05 	1.094298e+05 	2.533964e-124 	3.855760e-11 	8.881784e-16 	0.000000e+00
7050 	1.000000e-05 	1.094298e+05 	2.533964e-124 	3.855760e-11 	8.881784e-16 	0.000000e+00
7051 	1.000000e-05 	1.094298e+05 	2.533964e-124 	3.855760e-11 	8.881784e-16 	0.000000e+00
7052 	1.000000e-05 	1.094298e+05 	2.533964e-124 	3.855760e-11 	8.881784e-16 	0.000000e+00
7053 	1.000000e-05 	1.094298e+05 	2.533964e-124 	3.855760e-11 	8.881784e-16 	0.000000e+00
7054 	1.000000e-05 	1.094298e+05 	2.533964e-124 	3.855760e-11 	8.881784e-16 	0.000000e+00
7055 	1.000000e-05 	1.094298e+05 	2.533964e-124 	3.855760e-11 	8.881784e-16 	0.000000e+00
7056 	1.000000e-05 	1.094298e+05 	2.533964e-124 	3.855760e-11 	8.881784e-16 	0.000000e+00
7057 	1.000000e-05 	1.094298e+05 	2.533964e-124 	3.855760e-11 	8.881784e-16 	0.000000e+00
7058 	1.000000e-05 	1.094298e+05 	2.533964e-124 	3.855760e-11 	8.881784e-16 	0.000000e+00
7059 	1.000000e-05 	1.094298e+05 	2.533964e-124 	3.855760e-11 	8.881784e-16 	0.000000e+00
7060 	1.000000e-05 	1.094298e+05 	2.533964e-124 	3.855760e-11 	8.881784e-16 	0.000000e+00
7061 	1.000000e-05 	1.094298e+05 	2.533964e-124 	3.855760e-11 	8.881784e-16 	0.000000e+00
7062 	1.000000e-05 	1.094298e+05 	2.533964e-124 	3.855760e-11 	8.881784e-16 	0.000000e+00
7063 	1.000000e-05 	1.094298e+05 	2.533964e-124 	3.855760e-11 	8.881784e-16 	0.000000e+00
7064 	1.000000e-05 	1.094298e+05 	2.533964e-124 	3.855760e-11 	8.881784e-16 	0.000000e+00
7065 	1.000000e-05 	1.094298e+05 	2.533964e-124 	3.855760e-11 	8.881784e-16 	0.000000e+00
7066 	1.000000e-05 	1.094298e+05 	2.533964e-124 	3.855760e-11 	8.881784e-16 	0.000000e+00
7067 	1.000000e-05 	1.094298e+05 	2.533964e-124 	3.855760e-11 	8.881784e-16 	0.000000e+00
7068 	1.000000e-05 	1.094298e+05 	2.533964e-124 	3.855760e-11 	8.881784e-16 	0.000000e+00
7069 	1.000000e-05 	1.094298e+05 	2.533964e-124 	3.855760e-11 	8.881784e-16 	0.000000e+00
7070 	1.000000e-05 	1.094298e+05 	2.533964e-124 	3.855760e-11 	8.881784e-16 	0.000000e+00
7071 	1.000000e-05 	1.094298e+05 	2.533964e-124 	3.855760e-11 	8.881784e-16 	0.000000e+00
7072 	1.000000e-05 	1.094298e+05 	2.533964e-124 	3.855760e-11 	8.881784e-16 	0.000000e+00
7073 	1.000000e-05 	1.094298e+05 	2.533964e-124 	3.855760e-11 	8.881784e-16 	0.000000e+00
7074 	1.000000e-05 	1.094298e+05 	2.533964e-124 	3.855760e-11 	8.881784e-16 	0.000000e+00
7075 	1.000000e-05 	1.094298e+05 	2.533964e-124 	3.855760e-11 	8.881784e-16 	0.000000e+00
7076 	1.000000e-05 	1.094298e+05 	2.533964e-124 	3.855760e-11 	8.881784e-16 	0.000000e+00
7077 	1.000000e-05 	1.094298e+05 	2.533964e-124 	3.855760e-11 	8.881784e-16 	0.000000e+00
7078 	1.000000e-05 	1.094298e+05 	2.533964e-124 	3.855760e-11 	8.881784e-16 	0.000000e+00
7079 	1.000000e-05 	1.094298e+05 	2.533964e-124 	3.855760e-11 	8.881784e-16 	0.000000e+00
7080 	1.000000e-05 	1.094298e+05 	2.533964e-124 	3.855760e-11 	8.881784e-16 	0.000000e+00
7081 	1.000000e-05 	1.094298e+05 	2.533964e-124 	3.855760e-11 	8.881784e-16 	0.000000e+00
7082 	1.000000e-05 	1.094298e+05 	2.533964e-124 	3.855760e-11 	8.881784e-16 	0.000000e+00
7083 	1.000000e-05 	1.094298e+05 	2.533964e-124 	3.855760e-11 	8.881784e-16 	0.000000e+00
7084 	1.000000e-05 	1.094298e+05 	2.533964e-124 	3.855760e-11 	8.881784e-16 	0.000000e+00
7085 	1.000000e-05 	1.094298e+05 	2.533964e-124 	3.855760e-11 	8.881784e-16 	0.000000e+00
7086 	1.000000e-05 	1.094298e+05 	2.533964e-124 	3.855760e-11 	8.881784e-16 	0.000000e+00
7087 	1.000000e-05 	1.094298e+05 	2.533964e-124 	3.855760e-11 	8.881784e-16 	0.000000e+00
7088 	1.000000e-05 	1.094298e+05 	2.533964e-124 	3.855760e-11 	8.881784e-16 	0.000000e+00
7089 	1.000000e-05 	1.094298e+05 	2.533964e-124 	3.855760e-11 	8.881784e-16 	0.000000e+00
7090 	1.000000e-05 	1.094298e+05 	2.533964e-124 	3.855760e-11 	8.881784e-16 	0.000000e+00
7091 	1.000000e-05 	1.094298e+05 	2.533964e-124 	3.855760e-11 	8.881784e-16 	0.000000e+00
7092 	1.000000e-05 	1.094298e+05 	2.533964e-124 	3.855760e-11 	8.881784e-16 	0.000000e+00
7093 	1.000000e-05 	1.094298e+05 	2.533964e-124 	3.855760e-11 	8.881784e-16 	0.000000e+00
7094 	1.000000e-05 	1.094298e+05 	2.533964e-124 	3.855760e-11 	8.881784e-16 	0.000000e+00
7095 	1.000000e-05 	1.094298e+05 	2.533964e-124 	3.855760e-11 	8.881784e-16 	0.000000e+00
7096 	1.000000e-05 	1.094298e+05 	2.533964e-124 	3.855760e-11 	8.881784e-16 	0.000000e+00
7097 	1.000000e-05 	1.094298e+05 	2.533964e-124 	3.855760e-11 	8.881784e-16 	0.000000e+00
7098 	1.000000e-05 	1.094298e+05 	2.533964e-124 	3.855760e-11 	8.881784e-16 	0.000000e+00
7099 	1.000000e-05 	1.094298e+05 	2.533964e-124 	3.855760e-11 	8.881784e-16 	0.000000e+00
7100 	1.000000e-05 	1.094298e+05 	2.533964e-124 	3.855760e-11 	8.881784e-16 	0.000000e+00
7101 	1.000000e-05 	1.094298e+05 	2.533964e-124 	3.855760e-11 	8.881784e-16 	0.000000e+00
7102 	1.000000e-05 	1.094298e+05 	2.533964e-124 	3.855760e-11 	8.881784e-16 	0.000000e+00
7103 	1.000000e-05 	1.094298e+05 	2.533964e-124 	3.855760e-11 	8.881784e-16 	0.000000e+00
7104 	1.000000e-05 	1.094298e+05 	2.533964e-124 	3.855760e-11 	8.881784e-16 	0.000000e+00
7105 	1.000000e-05 	1.094298e+05 	2.533964e-124 	3.855760e-11 	8.881784e-16 	0.000000e+00
7106 	1.000000e-05 	1.094298e+05 	2.533964e-124 	3.855760e-11 	8.881784e-16 	0.000000e+00
7107 	1.000000e-05 	1.094298e+05 	2.533964e-124 	3.855760e-11 	8.881784e-16 	0.000000e+00
7108 	1.000000e-05 	1.094298e+05 	2.533964e-124 	3.855760e-11 	8.881784e-16 	0.000000e+00
7109 	1.000000e-05 	1.094298e+05 	2.533964e-124 	3.855760e-11 	8.881784e-16 	0.000000e+00
7110 	1.000000e-05 	1.094298e+05 	2.533964e-124 	3.855760e-11 	8.881784e-16 	0.000000e+00
7111 	1.000000e-05 	1.094298e+05 	2.533964e-124 	3.855760e-11 	8.881784e-16 	0.000000e+00
7112 	1.000000e-05 	1.094298e+05 	2.533964e-124 	3.855760e-11 	8.881784e-16 	0.000000e+00
7113 	1.000000e-05 	1.094298e+05 	2.533964e-124 	3.855760e-11 	8.881784e-16 	0.000000e+00
7114 	1.000000e-05 	1.094298e+05 	2.533964e-124 	3.855760e-11 	8.881784e-16 	0.000000e+00
7115 	1.000000e-05 	1.094298e+05 	2.533964e-124 	3.855760e-11 	8.881784e-16 	0.000000e+00
7116 	1.000000e-05 	1.094298e+05 	2.533964e-124 	3.855760e-11 	8.881784e-16 	0.000000e+00
7117 	1.000000e-05 	1.094298e+05 	2.533964e-124 	3.855760e-11 	8.881784e-16 	0.000000e+00
7118 	1.000000e-05 	1.094298e+05 	2.533964e-124 	3.855760e-11 	8.881784e-16 	0.000000e+00
7119 	1.000000e-05 	1.094298e+05 	2.533964e-124 	3.855760e-11 	8.881784e-16 	0.000000e+00
7120 	1.000000e-05 	1.094298e+05 	2.533964e-124 	3.855760e-11 	8.881784e-16 	0.000000e+00
7121 	1.000000e-05 	1.094298e+05 	2.533964e-124 	3.855760e-11 	8.881784e-16 	0.000000e+00
7122 	1.000000e-05 	1.094298e+05 	2.533964e-124 	3.855760e-11 	8.881784e-16 	0.000000e+00
7123 	1.000000e-05 	1.094298e+05 	2.533964e-124 	3.855760e-11 	8.881784e-16 	0.000000e+00
7124 	1.000000e-05 	1.094298e+05 	2.533964e-124 	3.855760e-11 	8.881784e-16 	0.000000e+00
7125 	1.000000e-05 	1.094298e+05 	2.533964e-124 	3.855760e-11 	8.881784e-16 	0.000000e+00
7126 	1.000000e-05 	1.094298e+05 	2.533964e-124 	3.855760e-11 	8.881784e-16 	0.000000e+00
7127 	1.000000e-05 	1.094298e+05 	2.533964e-124 	3.855760e-11 	8.881784e-16 	0.000000e+00
7128 	1.000000e-05 	1.094298e+05 	2.533964e-124 	3.855760e-11 	8.881784e-16 	0.000000e+00
7129 	1.000000e-05 	1.094298e+05 	2.533964e-124 	3.855760e-11 	8.881784e-16 	0.000000e+00
7130 	1.000000e-05 	1.094298e+05 	2.533964e-124 	3.855760e-11 	8.881784e-16 	0.000000e+00
7131 	1.000000e-05 	1.094298e+05 	2.533964e-124 	3.855760e-11 	8.881784e-16 	0.000000e+00
7132 	1.000000e-05 	1.094298e+05 	2.533964e-124 	3.855760e-11 	8.881784e-16 	0.000000e+00
7133 	1.000000e-05 	1.094298e+05 	2.533964e-124 	3.855760e-11 	8.881784e-16 	0.000000e+00
7134 	1.000000e-05 	1.094298e+05 	2.533964e-124 	3.855760e-11 	8.881784e-16 	0.000000e+00
7135 	1.000000e-05 	1.094298e+05 	2.533964e-124 	3.855760e-11 	8.881784e-16 	0.000000e+00
7136 	1.000000e-05 	1.094298e+05 	2.533964e-124 	3.855760e-11 	8.881784e-16 	0.000000e+00
7137 	1.000000e-05 	1.094298e+05 	2.533964e-124 	3.855760e-11 	8.881784e-16 	0.000000e+00
7138 	1.000000e-05 	1.094298e+05 	2.533964e-124 	3.855760e-11 	8.881784e-16 	0.000000e+00
7139 	1.000000e-05 	1.094298e+05 	2.533964e-124 	3.855760e-11 	8.881784e-16 	0.000000e+00
7140 	1.000000e-05 	1.094298e+05 	2.533964e-124 	3.855760e-11 	8.881784e-16 	0.000000e+00
7141 	1.000000e-05 	1.094298e+05 	2.533964e-124 	3.855760e-11 	8.881784e-16 	0.000000e+00
7142 	1.000000e-05 	1.094298e+05 	2.533964e-124 	3.855760e-11 	8.881784e-16 	0.000000e+00
7143 	1.000000e-05 	1.094298e+05 	2.533964e-124 	3.855760e-11 	8.881784e-16 	0.000000e+00
7144 	1.000000e-05 	1.094298e+05 	2.533964e-124 	3.855760e-11 	8.881784e-16 	0.000000e+00
7145 	1.000000e-05 	1.094298e+05 	2.533964e-124 	3.855760e-11 	8.881784e-16 	0.000000e+00
7146 	1.000000e-05 	1.094298e+05 	2.533964e-124 	3.855760e-11 	8.881784e-16 	0.000000e+00
7147 	1.000000e-05 	1.094298e+05 	2.533964e-124 	3.855760e-11 	8.881784e-16 	0.000000e+00
7148 	1.000000e-05 	1.094298e+05 	2.533964e-124 	3.855760e-11 	8.881784e-16 	0.000000e+00
7149 	1.000000e-05 	1.094298e+05 	2.533964e-124 	3.855760e-11 	8.881784e-16 	0.000000e+00
7150 	1.000000e-05 	1.094298e+05 	2.533964e-124 	3.855760e-11 	8.881784e-16 	0.000000e+00
7151 	1.000000e-05 	1.094298e+05 	2.533964e-124 	3.855760e-11 	8.881784e-16 	0.000000e+00
7152 	1.000000e-05 	1.094298e+05 	2.533964e-124 	3.855760e-11 	8.881784e-16 	0.000000e+00
7153 	1.000000e-05 	1.094298e+05 	2.533964e-124 	3.855760e-11 	8.881784e-16 	0.000000e+00
7154 	1.000000e-05 	1.094298e+05 	2.533964e-124 	3.855760e-11 	8.881784e-16 	0.000000e+00
7155 	1.000000e-05 	1.094298e+05 	2.533964e-124 	3.855760e-11 	8.881784e-16 	0.000000e+00
7156 	1.000000e-05 	1.094298e+05 	2.533964e-124 	3.855760e-11 	8.881784e-16 	0.000000e+00
7157 	1.000000e-05 	1.094298e+05 	2.533964e-124 	3.855760e-11 	8.881784e-16 	0.000000e+00
7158 	1.000000e-05 	1.094298e+05 	2.533964e-124 	3.855760e-11 	8.881784e-16 	0.000000e+00
7159 	1.000000e-05 	1.094298e+05 	2.533964e-124 	3.855760e-11 	8.881784e-16 	0.000000e+00
7160 	1.000000e-05 	1.094298e+05 	2.533964e-124 	3.855760e-11 	8.881784e-16 	0.000000e+00
7161 	1.000000e-05 	1.094298e+05 	2.533964e-124 	3.855760e-11 	8.881784e-16 	0.000000e+00
7162 	1.000000e-05 	1.094298e+05 	2.533964e-124 	3.855760e-11 	8.881784e-16 	0.000000e+00
7163 	1.000000e-05 	1.094298e+05 	2.533964e-124 	3.855760e-11 	8.881784e-16 	0.000000e+00
7164 	1.000000e-05 	1.094298e+05 	2.533964e-124 	3.855760e-11 	8.881784e-16 	0.000000e+00
7165 	1.000000e-05 	1.094298e+05 	2.533964e-124 	3.855760e-11 	8.881784e-16 	0.000000e+00
7166 	1.000000e-05 	1.094298e+05 	2.533964e-124 	3.855760e-11 	8.881784e-16 	0.000000e+00
7167 	1.000000e-05 	1.094298e+05 	2.533964e-124 	3.855760e-11 	8.881784e-16 	0.000000e+00
7168 	1.000000e-05 	1.094298e+05 	2.533964e-124 	3.855760e-11 	8.881784e-16 	0.000000e+00
7169 	1.000000e-05 	1.094298e+05 	2.533964e-124 	3.855760e-11 	8.881784e-16 	0.000000e+00
7170 	1.000000e-05 	1.094298e+05 	2.533964e-124 	3.855760e-11 	8.881784e-16 	0.000000e+00
7171 	1.000000e-05 	1.094298e+05 	2.533964e-124 	3.855760e-11 	8.881784e-16 	0.000000e+00
7172 	1.000000e-05 	1.094298e+05 	2.533964e-124 	3.855760e-11 	8.881784e-16 	0.000000e+00
7173 	1.000000e-05 	1.094298e+05 	2.533964e-124 	3.855760e-11 	8.881784e-16 	0.000000e+00
7174 	1.000000e-05 	1.094298e+05 	2.533964e-124 	3.855760e-11 	8.881784e-16 	0.000000e+00
7175 	1.000000e-05 	1.094298e+05 	2.533964e-124 	3.855760e-11 	8.881784e-16 	0.000000e+00
7176 	1.000000e-05 	1.094298e+05 	2.533964e-124 	3.855760e-11 	8.881784e-16 	0.000000e+00
7177 	1.000000e-05 	1.094298e+05 	2.533964e-124 	3.855760e-11 	8.881784e-16 	0.000000e+00
7178 	1.000000e-05 	1.094298e+05 	2.533964e-124 	3.855760e-11 	8.881784e-16 	0.000000e+00
7179 	1.000000e-05 	1.094298e+05 	2.533964e-124 	3.855760e-11 	8.881784e-16 	0.000000e+00
7180 	1.000000e-05 	1.094298e+05 	2.533964e-124 	3.855760e-11 	8.881784e-16 	0.000000e+00
7181 	1.000000e-05 	1.094298e+05 	2.533964e-124 	3.855760e-11 	8.881784e-16 	0.000000e+00
7182 	1.000000e-05 	1.094298e+05 	2.533964e-124 	3.855760e-11 	8.881784e-16 	0.000000e+00
7183 	1.000000e-05 	1.094298e+05 	2.533964e-124 	3.855760e-11 	8.881784e-16 	0.000000e+00
7184 	1.000000e-05 	1.094298e+05 	2.533964e-124 	3.855760e-11 	8.881784e-16 	0.000000e+00
7185 	1.000000e-05 	1.094298e+05 	2.533964e-124 	3.855760e-11 	8.881784e-16 	0.000000e+00
7186 	1.000000e-05 	1.094298e+05 	2.533964e-124 	3.855760e-11 	8.881784e-16 	0.000000e+00
7187 	1.000000e-05 	1.094298e+05 	2.533964e-124 	3.855760e-11 	8.881784e-16 	0.000000e+00
7188 	1.000000e-05 	1.094298e+05 	2.533964e-124 	3.855760e-11 	8.881784e-16 	0.000000e+00
7189 	1.000000e-05 	1.094298e+05 	2.533964e-124 	3.855760e-11 	8.881784e-16 	0.000000e+00
7190 	1.000000e-05 	1.094298e+05 	2.533964e-124 	3.855760e-11 	8.881784e-16 	0.000000e+00
7191 	1.000000e-05 	1.094298e+05 	2.533964e-124 	3.855760e-11 	8.881784e-16 	0.000000e+00
7192 	1.000000e-05 	1.094298e+05 	2.533964e-124 	3.855760e-11 	8.881784e-16 	0.000000e+00
7193 	1.000000e-05 	1.094298e+05 	2.533964e-124 	3.855760e-11 	8.881784e-16 	0.000000e+00
7194 	1.000000e-05 	1.094298e+05 	2.533964e-124 	3.855760e-11 	8.881784e-16 	0.000000e+00
7195 	1.000000e-05 	1.094298e+05 	2.533964e-124 	3.855760e-11 	8.881784e-16 	0.000000e+00
7196 	1.000000e-05 	1.094298e+05 	2.533964e-124 	3.855760e-11 	8.881784e-16 	0.000000e+00
7197 	1.000000e-05 	1.094298e+05 	2.533964e-124 	3.855760e-11 	8.881784e-16 	0.000000e+00
7198 	1.000000e-05 	1.094298e+05 	2.533964e-124 	3.855760e-11 	8.881784e-16 	0.000000e+00
7199 	1.000000e-05 	1.094298e+05 	2.533964e-124 	3.855760e-11 	8.881784e-16 	0.000000e+00
7200 	1.000000e-05 	1.094298e+05 	2.533964e-124 	3.855760e-11 	8.881784e-16 	0.000000e+00
7201 	1.000000e-05 	1.094298e+05 	2.533964e-124 	3.855760e-11 	8.881784e-16 	0.000000e+00
7202 	1.000000e-05 	1.094298e+05 	2.533964e-124 	3.855760e-11 	8.881784e-16 	0.000000e+00
7203 	1.000000e-05 	1.094298e+05 	2.533964e-124 	3.855760e-11 	8.881784e-16 	0.000000e+00
7204 	1.000000e-05 	1.094298e+05 	2.533964e-124 	3.855760e-11 	8.881784e-16 	0.000000e+00
7205 	1.000000e-05 	1.094298e+05 	2.533964e-124 	3.855760e-11 	8.881784e-16 	0.000000e+00
7206 	1.000000e-05 	1.094298e+05 	2.533964e-124 	3.855760e-11 	8.881784e-16 	0.000000e+00
7207 	1.000000e-05 	1.094298e+05 	2.533964e-124 	3.855760e-11 	8.881784e-16 	0.000000e+00
7208 	1.000000e-05 	1.094298e+05 	2.533964e-124 	3.855760e-11 	8.881784e-16 	0.000000e+00
7209 	1.000000e-05 	1.094298e+05 	2.533964e-124 	3.855760e-11 	8.881784e-16 	0.000000e+00
7210 	1.000000e-05 	1.094298e+05 	2.533964e-124 	3.855760e-11 	8.881784e-16 	0.000000e+00
7211 	1.000000e-05 	1.094298e+05 	2.533964e-124 	3.855760e-11 	8.881784e-16 	0.000000e+00
7212 	1.000000e-05 	1.094298e+05 	2.533964e-124 	3.855760e-11 	8.881784e-16 	0.000000e+00
7213 	1.000000e-05 	1.094298e+05 	2.533964e-124 	3.855760e-11 	8.881784e-16 	0.000000e+00
7214 	1.000000e-05 	1.094298e+05 	2.533964e-124 	3.855760e-11 	8.881784e-16 	0.000000e+00
7215 	1.000000e-05 	1.094298e+05 	2.533964e-124 	3.855760e-11 	8.881784e-16 	0.000000e+00
7216 	1.000000e-05 	1.094298e+05 	2.533964e-124 	3.855760e-11 	8.881784e-16 	0.000000e+00
7217 	1.000000e-05 	1.094298e+05 	2.533964e-124 	3.855760e-11 	8.881784e-16 	0.000000e+00
7218 	1.000000e-05 	1.094298e+05 	2.533964e-124 	3.855760e-11 	8.881784e-16 	0.000000e+00
7219 	1.000000e-05 	1.094298e+05 	2.533964e-124 	3.855760e-11 	8.881784e-16 	0.000000e+00
7220 	1.000000e-05 	1.094298e+05 	2.533964e-124 	3.855760e-11 	8.881784e-16 	0.000000e+00
7221 	1.000000e-05 	1.094298e+05 	2.533964e-124 	3.855760e-11 	8.881784e-16 	0.000000e+00
7222 	1.000000e-05 	1.094298e+05 	2.533964e-124 	3.855760e-11 	8.881784e-16 	0.000000e+00
7223 	1.000000e-05 	1.094298e+05 	2.533964e-124 	3.855760e-11 	8.881784e-16 	0.000000e+00
7224 	1.000000e-05 	1.094298e+05 	2.533964e-124 	3.855760e-11 	8.881784e-16 	0.000000e+00
7225 	1.000000e-05 	1.094298e+05 	2.533964e-124 	3.855760e-11 	8.881784e-16 	0.000000e+00
7226 	1.000000e-05 	1.094298e+05 	2.533964e-124 	3.855760e-11 	8.881784e-16 	0.000000e+00
7227 	1.000000e-05 	1.094298e+05 	2.533964e-124 	3.855760e-11 	8.881784e-16 	0.000000e+00
7228 	1.000000e-05 	1.094298e+05 	2.533964e-124 	3.855760e-11 	8.881784e-16 	0.000000e+00
7229 	1.000000e-05 	1.094298e+05 	2.533964e-124 	3.855760e-11 	8.881784e-16 	0.000000e+00
7230 	1.000000e-05 	1.094298e+05 	2.533964e-124 	3.855760e-11 	8.881784e-16 	0.000000e+00
7231 	1.000000e-05 	1.094298e+05 	2.533964e-124 	3.855760e-11 	8.881784e-16 	0.000000e+00
7232 	1.000000e-05 	1.094298e+05 	2.533964e-124 	3.855760e-11 	8.881784e-16 	0.000000e+00
7233 	1.000000e-05 	1.094298e+05 	2.533964e-124 	3.855760e-11 	8.881784e-16 	0.000000e+00
7234 	1.000000e-05 	1.094298e+05 	2.533964e-124 	3.855760e-11 	8.881784e-16 	0.000000e+00
7235 	1.000000e-05 	1.094298e+05 	2.533964e-124 	3.855760e-11 	8.881784e-16 	0.000000e+00
7236 	1.000000e-05 	1.094298e+05 	2.533964e-124 	3.855760e-11 	8.881784e-16 	0.000000e+00
7237 	1.000000e-05 	1.094298e+05 	2.533964e-124 	3.855760e-11 	8.881784e-16 	0.000000e+00
7238 	1.000000e-05 	1.094298e+05 	2.533964e-124 	3.855760e-11 	8.881784e-16 	0.000000e+00
7239 	1.000000e-05 	1.094298e+05 	2.533964e-124 	3.855760e-11 	8.881784e-16 	0.000000e+00
7240 	1.000000e-05 	1.094298e+05 	2.533964e-124 	3.855760e-11 	8.881784e-16 	0.000000e+00
7241 	1.000000e-05 	1.094298e+05 	2.533964e-124 	3.855760e-11 	8.881784e-16 	0.000000e+00
7242 	1.000000e-05 	1.094298e+05 	2.533964e-124 	3.855760e-11 	8.881784e-16 	0.000000e+00
7243 	1.000000e-05 	1.094298e+05 	2.533964e-124 	3.855760e-11 	8.881784e-16 	0.000000e+00
7244 	1.000000e-05 	1.094298e+05 	2.533964e-124 	3.855760e-11 	8.881784e-16 	0.000000e+00
7245 	1.000000e-05 	1.094298e+05 	2.533964e-124 	3.855760e-11 	8.881784e-16 	0.000000e+00
7246 	1.000000e-05 	1.094298e+05 	2.533964e-124 	3.855760e-11 	8.881784e-16 	0.000000e+00
7247 	1.000000e-05 	1.094298e+05 	2.533964e-124 	3.855760e-11 	8.881784e-16 	0.000000e+00
7248 	1.000000e-05 	1.094298e+05 	2.533964e-124 	3.855760e-11 	8.881784e-16 	0.000000e+00
7249 	1.000000e-05 	1.094298e+05 	2.533964e-124 	3.855760e-11 	8.881784e-16 	0.000000e+00
7250 	1.000000e-05 	1.094298e+05 	2.533964e-124 	3.855760e-11 	8.881784e-16 	0.000000e+00
7251 	1.000000e-05 	1.094298e+05 	2.533964e-124 	3.855760e-11 	8.881784e-16 	0.000000e+00
7252 	1.000000e-05 	1.094298e+05 	2.533964e-124 	3.855760e-11 	8.881784e-16 	0.000000e+00
7253 	1.000000e-05 	1.094298e+05 	2.533964e-124 	3.855760e-11 	8.881784e-16 	0.000000e+00
7254 	1.000000e-05 	1.094298e+05 	2.533964e-124 	3.855760e-11 	8.881784e-16 	0.000000e+00
7255 	1.000000e-05 	1.094298e+05 	2.533964e-124 	3.855760e-11 	8.881784e-16 	0.000000e+00
7256 	1.000000e-05 	1.094298e+05 	2.533964e-124 	3.855760e-11 	8.881784e-16 	0.000000e+00
7257 	1.000000e-05 	1.094298e+05 	2.533964e-124 	3.855760e-11 	8.881784e-16 	0.000000e+00
7258 	1.000000e-05 	1.094298e+05 	2.533964e-124 	3.855760e-11 	8.881784e-16 	0.000000e+00
7259 	1.000000e-05 	1.094298e+05 	2.533964e-124 	3.855760e-11 	8.881784e-16 	0.000000e+00
7260 	1.000000e-05 	1.094298e+05 	2.533964e-124 	3.855760e-11 	8.881784e-16 	0.000000e+00
7261 	1.000000e-05 	1.094298e+05 	2.533964e-124 	3.855760e-11 	8.881784e-16 	0.000000e+00
7262 	1.000000e-05 	1.094298e+05 	2.533964e-124 	3.855760e-11 	8.881784e-16 	0.000000e+00
7263 	1.000000e-05 	1.094298e+05 	2.533964e-124 	3.855760e-11 	8.881784e-16 	0.000000e+00
7264 	1.000000e-05 	1.094298e+05 	2.533964e-124 	3.855760e-11 	8.881784e-16 	0.000000e+00
7265 	1.000000e-05 	1.094298e+05 	2.533964e-124 	3.855760e-11 	8.881784e-16 	0.000000e+00
7266 	1.000000e-05 	1.094298e+05 	2.533964e-124 	3.855760e-11 	8.881784e-16 	0.000000e+00
7267 	1.000000e-05 	1.094298e+05 	2.533964e-124 	3.855760e-11 	8.881784e-16 	0.000000e+00
7268 	1.000000e-05 	1.094298e+05 	2.533964e-124 	3.855760e-11 	8.881784e-16 	0.000000e+00
7269 	1.000000e-05 	1.094298e+05 	2.533964e-124 	3.855760e-11 	8.881784e-16 	0.000000e+00
7270 	1.000000e-05 	1.094298e+05 	2.533964e-124 	3.855760e-11 	8.881784e-16 	0.000000e+00
7271 	1.000000e-05 	1.094298e+05 	2.533964e-124 	3.855760e-11 	8.881784e-16 	0.000000e+00
7272 	1.000000e-05 	1.094298e+05 	2.533964e-124 	3.855760e-11 	8.881784e-16 	0.000000e+00
7273 	1.000000e-05 	1.094298e+05 	2.533964e-124 	3.855760e-11 	8.881784e-16 	0.000000e+00
7274 	1.000000e-05 	1.094298e+05 	2.533964e-124 	3.855760e-11 	8.881784e-16 	0.000000e+00
7275 	1.000000e-05 	1.094298e+05 	2.533964e-124 	3.855760e-11 	8.881784e-16 	0.000000e+00
7276 	1.000000e-05 	1.094298e+05 	2.533964e-124 	3.855760e-11 	8.881784e-16 	0.000000e+00
7277 	1.000000e-05 	1.094298e+05 	2.533964e-124 	3.855760e-11 	8.881784e-16 	0.000000e+00
7278 	1.000000e-05 	1.094298e+05 	2.533964e-124 	3.855760e-11 	8.881784e-16 	0.000000e+00
7279 	1.000000e-05 	1.094298e+05 	2.533964e-124 	3.855760e-11 	8.881784e-16 	0.000000e+00
7280 	1.000000e-05 	1.094298e+05 	2.533964e-124 	3.855760e-11 	8.881784e-16 	0.000000e+00
7281 	1.000000e-05 	1.094298e+05 	2.533964e-124 	3.855760e-11 	8.881784e-16 	0.000000e+00
7282 	1.000000e-05 	1.094298e+05 	2.533964e-124 	3.855760e-11 	8.881784e-16 	0.000000e+00
7283 	1.000000e-05 	1.094298e+05 	2.533964e-124 	3.855760e-11 	8.881784e-16 	0.000000e+00
7284 	1.000000e-05 	1.094298e+05 	2.533964e-124 	3.855760e-11 	8.881784e-16 	0.000000e+00
7285 	1.000000e-05 	1.094298e+05 	2.533964e-124 	3.855760e-11 	8.881784e-16 	0.000000e+00
7286 	1.000000e-05 	1.094298e+05 	2.533964e-124 	3.855760e-11 	8.881784e-16 	0.000000e+00
7287 	1.000000e-05 	1.094298e+05 	2.533964e-124 	3.855760e-11 	8.881784e-16 	0.000000e+00
7288 	1.000000e-05 	1.094298e+05 	2.533964e-124 	3.855760e-11 	8.881784e-16 	0.000000e+00
7289 	1.000000e-05 	1.094298e+05 	2.533964e-124 	3.855760e-11 	8.881784e-16 	0.000000e+00
7290 	1.000000e-05 	1.094298e+05 	2.533964e-124 	3.855760e-11 	8.881784e-16 	0.000000e+00
7291 	1.000000e-05 	1.094298e+05 	2.533964e-124 	3.855760e-11 	8.881784e-16 	0.000000e+00
7292 	1.000000e-05 	1.094298e+05 	2.533964e-124 	3.855760e-11 	8.881784e-16 	0.000000e+00
7293 	1.000000e-05 	1.094298e+05 	2.533964e-124 	3.855760e-11 	8.881784e-16 	0.000000e+00
7294 	1.000000e-05 	1.094298e+05 	2.533964e-124 	3.855760e-11 	8.881784e-16 	0.000000e+00
7295 	1.000000e-05 	1.094298e+05 	2.533964e-124 	3.855760e-11 	8.881784e-16 	0.000000e+00
7296 	1.000000e-05 	1.094298e+05 	2.533964e-124 	3.855760e-11 	8.881784e-16 	0.000000e+00
7297 	1.000000e-05 	1.094298e+05 	2.533964e-124 	3.855760e-11 	8.881784e-16 	0.000000e+00
7298 	1.000000e-05 	1.094298e+05 	2.533964e-124 	3.855760e-11 	8.881784e-16 	0.000000e+00
7299 	1.000000e-05 	1.094298e+05 	2.533964e-124 	3.855760e-11 	8.881784e-16 	0.000000e+00
7300 	1.000000e-05 	1.094298e+05 	2.533964e-124 	3.855760e-11 	8.881784e-16 	0.000000e+00
7301 	1.000000e-05 	1.094298e+05 	2.533964e-124 	3.855760e-11 	8.881784e-16 	0.000000e+00
7302 	1.000000e-05 	1.094298e+05 	2.533964e-124 	3.855760e-11 	8.881784e-16 	0.000000e+00
7303 	1.000000e-05 	1.094298e+05 	2.533964e-124 	3.855760e-11 	8.881784e-16 	0.000000e+00
7304 	1.000000e-05 	1.094298e+05 	2.533964e-124 	3.855760e-11 	8.881784e-16 	0.000000e+00
7305 	1.000000e-05 	1.094298e+05 	2.533964e-124 	3.855760e-11 	8.881784e-16 	0.000000e+00
7306 	1.000000e-05 	1.094298e+05 	2.533964e-124 	3.855760e-11 	8.881784e-16 	0.000000e+00
7307 	1.000000e-05 	1.094298e+05 	2.533964e-124 	3.855760e-11 	8.881784e-16 	0.000000e+00
7308 	1.000000e-05 	1.094298e+05 	2.533964e-124 	3.855760e-11 	8.881784e-16 	0.000000e+00
7309 	1.000000e-05 	1.094298e+05 	2.533964e-124 	3.855760e-11 	8.881784e-16 	0.000000e+00
7310 	1.000000e-05 	1.094298e+05 	2.533964e-124 	3.855760e-11 	8.881784e-16 	0.000000e+00
7311 	1.000000e-05 	1.094298e+05 	2.533964e-124 	3.855760e-11 	8.881784e-16 	0.000000e+00
7312 	1.000000e-05 	1.094298e+05 	2.533964e-124 	3.855760e-11 	8.881784e-16 	0.000000e+00
7313 	1.000000e-05 	1.094298e+05 	2.533964e-124 	3.855760e-11 	8.881784e-16 	0.000000e+00
7314 	1.000000e-05 	1.094298e+05 	2.533964e-124 	3.855760e-11 	8.881784e-16 	0.000000e+00
7315 	1.000000e-05 	1.094298e+05 	2.533964e-124 	3.855760e-11 	8.881784e-16 	0.000000e+00
7316 	1.000000e-05 	1.094298e+05 	2.533964e-124 	3.855760e-11 	8.881784e-16 	0.000000e+00
7317 	1.000000e-05 	1.094298e+05 	2.533964e-124 	3.855760e-11 	8.881784e-16 	0.000000e+00
7318 	1.000000e-05 	1.094298e+05 	2.533964e-124 	3.855760e-11 	8.881784e-16 	0.000000e+00
7319 	1.000000e-05 	1.094298e+05 	2.533964e-124 	3.855760e-11 	8.881784e-16 	0.000000e+00
7320 	1.000000e-05 	1.094298e+05 	2.533964e-124 	3.855760e-11 	8.881784e-16 	0.000000e+00
7321 	1.000000e-05 	1.094298e+05 	2.533964e-124 	3.855760e-11 	8.881784e-16 	0.000000e+00
7322 	1.000000e-05 	1.094298e+05 	2.533964e-124 	3.855760e-11 	8.881784e-16 	0.000000e+00
7323 	1.000000e-05 	1.094298e+05 	2.533964e-124 	3.855760e-11 	8.881784e-16 	0.000000e+00
7324 	1.000000e-05 	1.094298e+05 	2.533964e-124 	3.855760e-11 	8.881784e-16 	0.000000e+00
7325 	1.000000e-05 	1.094298e+05 	2.533964e-124 	3.855760e-11 	8.881784e-16 	0.000000e+00
7326 	1.000000e-05 	1.094298e+05 	2.533964e-124 	3.855760e-11 	8.881784e-16 	0.000000e+00
7327 	1.000000e-05 	1.094298e+05 	2.533964e-124 	3.855760e-11 	8.881784e-16 	0.000000e+00
7328 	1.000000e-05 	1.094298e+05 	2.533964e-124 	3.855760e-11 	8.881784e-16 	0.000000e+00
7329 	1.000000e-05 	1.094298e+05 	2.533964e-124 	3.855760e-11 	8.881784e-16 	0.000000e+00
7330 	1.000000e-05 	1.094298e+05 	2.533964e-124 	3.855760e-11 	8.881784e-16 	0.000000e+00
7331 	1.000000e-05 	1.094298e+05 	2.533964e-124 	3.855760e-11 	8.881784e-16 	0.000000e+00
7332 	1.000000e-05 	1.094298e+05 	2.533964e-124 	3.855760e-11 	8.881784e-16 	0.000000e+00
7333 	1.000000e-05 	1.094298e+05 	2.533964e-124 	3.855760e-11 	8.881784e-16 	0.000000e+00
7334 	1.000000e-05 	1.094298e+05 	2.533964e-124 	3.855760e-11 	8.881784e-16 	0.000000e+00
7335 	1.000000e-05 	1.094298e+05 	2.533964e-124 	3.855760e-11 	8.881784e-16 	0.000000e+00
7336 	1.000000e-05 	1.094298e+05 	2.533964e-124 	3.855760e-11 	8.881784e-16 	0.000000e+00
7337 	1.000000e-05 	1.094298e+05 	2.533964e-124 	3.855760e-11 	8.881784e-16 	0.000000e+00
7338 	1.000000e-05 	1.094298e+05 	2.533964e-124 	3.855760e-11 	8.881784e-16 	0.000000e+00
7339 	1.000000e-05 	1.094298e+05 	2.533964e-124 	3.855760e-11 	8.881784e-16 	0.000000e+00
7340 	1.000000e-05 	1.094298e+05 	2.533964e-124 	3.855760e-11 	8.881784e-16 	0.000000e+00
7341 	1.000000e-05 	1.094298e+05 	2.533964e-124 	3.855760e-11 	8.881784e-16 	0.000000e+00
7342 	1.000000e-05 	1.094298e+05 	2.533964e-124 	3.855760e-11 	8.881784e-16 	0.000000e+00
7343 	1.000000e-05 	1.094298e+05 	2.533964e-124 	3.855760e-11 	8.881784e-16 	0.000000e+00
7344 	1.000000e-05 	1.094298e+05 	2.533964e-124 	3.855760e-11 	8.881784e-16 	0.000000e+00
7345 	1.000000e-05 	1.094298e+05 	2.533964e-124 	3.855760e-11 	8.881784e-16 	0.000000e+00
7346 	1.000000e-05 	1.094298e+05 	2.533964e-124 	3.855760e-11 	8.881784e-16 	0.000000e+00
7347 	1.000000e-05 	1.094298e+05 	2.533964e-124 	3.855760e-11 	8.881784e-16 	0.000000e+00
7348 	1.000000e-05 	1.094298e+05 	2.533964e-124 	3.855760e-11 	8.881784e-16 	0.000000e+00
7349 	1.000000e-05 	1.094298e+05 	2.533964e-124 	3.855760e-11 	8.881784e-16 	0.000000e+00
7350 	1.000000e-05 	1.094298e+05 	2.533964e-124 	3.855760e-11 	8.881784e-16 	0.000000e+00
7351 	1.000000e-05 	1.094298e+05 	2.533964e-124 	3.855760e-11 	8.881784e-16 	0.000000e+00
7352 	1.000000e-05 	1.094298e+05 	2.533964e-124 	3.855760e-11 	8.881784e-16 	0.000000e+00
7353 	1.000000e-05 	1.094298e+05 	2.533964e-124 	3.855760e-11 	8.881784e-16 	0.000000e+00
7354 	1.000000e-05 	1.094298e+05 	2.533964e-124 	3.855760e-11 	8.881784e-16 	0.000000e+00
7355 	1.000000e-05 	1.094298e+05 	2.533964e-124 	3.855760e-11 	8.881784e-16 	0.000000e+00
7356 	1.000000e-05 	1.094298e+05 	2.533964e-124 	3.855760e-11 	8.881784e-16 	0.000000e+00
7357 	1.000000e-05 	1.094298e+05 	2.533964e-124 	3.855760e-11 	8.881784e-16 	0.000000e+00
7358 	1.000000e-05 	1.094298e+05 	2.533964e-124 	3.855760e-11 	8.881784e-16 	0.000000e+00
7359 	1.000000e-05 	1.094298e+05 	2.533964e-124 	3.855760e-11 	8.881784e-16 	0.000000e+00
7360 	1.000000e-05 	1.094298e+05 	2.533964e-124 	3.855760e-11 	8.881784e-16 	0.000000e+00
7361 	1.000000e-05 	1.094298e+05 	2.533964e-124 	3.855760e-11 	8.881784e-16 	0.000000e+00
7362 	1.000000e-05 	1.094298e+05 	2.533964e-124 	3.855760e-11 	8.881784e-16 	0.000000e+00
7363 	1.000000e-05 	1.094298e+05 	2.533964e-124 	3.855760e-11 	8.881784e-16 	0.000000e+00
7364 	1.000000e-05 	1.094298e+05 	2.533964e-124 	3.855760e-11 	8.881784e-16 	0.000000e+00
7365 	1.000000e-05 	1.094298e+05 	2.533964e-124 	3.855760e-11 	8.881784e-16 	0.000000e+00
7366 	1.000000e-05 	1.094298e+05 	2.533964e-124 	3.855760e-11 	8.881784e-16 	0.000000e+00
7367 	1.000000e-05 	1.094298e+05 	2.533964e-124 	3.855760e-11 	8.881784e-16 	0.000000e+00
7368 	1.000000e-05 	1.094298e+05 	2.533964e-124 	3.855760e-11 	8.881784e-16 	0.000000e+00
7369 	1.000000e-05 	1.094298e+05 	2.533964e-124 	3.855760e-11 	8.881784e-16 	0.000000e+00
7370 	1.000000e-05 	1.094298e+05 	2.533964e-124 	3.855760e-11 	8.881784e-16 	0.000000e+00
7371 	1.000000e-05 	1.094298e+05 	2.533964e-124 	3.855760e-11 	8.881784e-16 	0.000000e+00
7372 	1.000000e-05 	1.094298e+05 	2.533964e-124 	3.855760e-11 	8.881784e-16 	0.000000e+00
7373 	1.000000e-05 	1.094298e+05 	2.533964e-124 	3.855760e-11 	8.881784e-16 	0.000000e+00
7374 	1.000000e-05 	1.094298e+05 	2.533964e-124 	3.855760e-11 	8.881784e-16 	0.000000e+00
7375 	1.000000e-05 	1.094298e+05 	2.533964e-124 	3.855760e-11 	8.881784e-16 	0.000000e+00
7376 	1.000000e-05 	1.094298e+05 	2.533964e-124 	3.855760e-11 	8.881784e-16 	0.000000e+00
7377 	1.000000e-05 	1.094298e+05 	2.533964e-124 	3.855760e-11 	8.881784e-16 	0.000000e+00
7378 	1.000000e-05 	1.094298e+05 	2.533964e-124 	3.855760e-11 	8.881784e-16 	0.000000e+00
7379 	1.000000e-05 	1.094298e+05 	2.533964e-124 	3.855760e-11 	8.881784e-16 	0.000000e+00
7380 	1.000000e-05 	1.094298e+05 	2.533964e-124 	3.855760e-11 	8.881784e-16 	0.000000e+00
7381 	1.000000e-05 	1.094298e+05 	2.533964e-124 	3.855760e-11 	8.881784e-16 	0.000000e+00
7382 	1.000000e-05 	1.094298e+05 	2.533964e-124 	3.855760e-11 	8.881784e-16 	0.000000e+00
7383 	1.000000e-05 	1.094298e+05 	2.533964e-124 	3.855760e-11 	8.881784e-16 	0.000000e+00
7384 	1.000000e-05 	1.094298e+05 	2.533964e-124 	3.855760e-11 	8.881784e-16 	0.000000e+00
7385 	1.000000e-05 	1.094298e+05 	2.533964e-124 	3.855760e-11 	8.881784e-16 	0.000000e+00
7386 	1.000000e-05 	1.094298e+05 	2.533964e-124 	3.855760e-11 	8.881784e-16 	0.000000e+00
7387 	1.000000e-05 	1.094298e+05 	2.533964e-124 	3.855760e-11 	8.881784e-16 	0.000000e+00
7388 	1.000000e-05 	1.094298e+05 	2.533964e-124 	3.855760e-11 	8.881784e-16 	0.000000e+00
7389 	1.000000e-05 	1.094298e+05 	2.533964e-124 	3.855760e-11 	8.881784e-16 	0.000000e+00
7390 	1.000000e-05 	1.094298e+05 	2.533964e-124 	3.855760e-11 	8.881784e-16 	0.000000e+00
7391 	1.000000e-05 	1.094298e+05 	2.533964e-124 	3.855760e-11 	8.881784e-16 	0.000000e+00
7392 	1.000000e-05 	1.094298e+05 	2.533964e-124 	3.855760e-11 	8.881784e-16 	0.000000e+00
7393 	1.000000e-05 	1.094298e+05 	2.533964e-124 	3.855760e-11 	8.881784e-16 	0.000000e+00
7394 	1.000000e-05 	1.094298e+05 	2.533964e-124 	3.855760e-11 	8.881784e-16 	0.000000e+00
7395 	1.000000e-05 	1.094298e+05 	2.533964e-124 	3.855760e-11 	8.881784e-16 	0.000000e+00
7396 	1.000000e-05 	1.094298e+05 	2.533964e-124 	3.855760e-11 	8.881784e-16 	0.000000e+00
7397 	1.000000e-05 	1.094298e+05 	2.533964e-124 	3.855760e-11 	8.881784e-16 	0.000000e+00
7398 	1.000000e-05 	1.094298e+05 	2.533964e-124 	3.855760e-11 	8.881784e-16 	0.000000e+00
7399 	1.000000e-05 	1.094298e+05 	2.533964e-124 	3.855760e-11 	8.881784e-16 	0.000000e+00
7400 	1.000000e-05 	1.094298e+05 	2.533964e-124 	3.855760e-11 	8.881784e-16 	0.000000e+00
7401 	1.000000e-05 	1.094298e+05 	2.533964e-124 	3.855760e-11 	8.881784e-16 	0.000000e+00
7402 	1.000000e-05 	1.094298e+05 	2.533964e-124 	3.855760e-11 	8.881784e-16 	0.000000e+00
7403 	1.000000e-05 	1.094298e+05 	2.533964e-124 	3.855760e-11 	8.881784e-16 	0.000000e+00
7404 	1.000000e-05 	1.094298e+05 	2.533964e-124 	3.855760e-11 	8.881784e-16 	0.000000e+00
7405 	1.000000e-05 	1.094298e+05 	2.533964e-124 	3.855760e-11 	8.881784e-16 	0.000000e+00
7406 	1.000000e-05 	1.094298e+05 	2.533964e-124 	3.855760e-11 	8.881784e-16 	0.000000e+00
7407 	1.000000e-05 	1.094298e+05 	2.533964e-124 	3.855760e-11 	8.881784e-16 	0.000000e+00
7408 	1.000000e-05 	1.094298e+05 	2.533964e-124 	3.855760e-11 	8.881784e-16 	0.000000e+00
7409 	1.000000e-05 	1.094298e+05 	2.533964e-124 	3.855760e-11 	8.881784e-16 	0.000000e+00
7410 	1.000000e-05 	1.094298e+05 	2.533964e-124 	3.855760e-11 	8.881784e-16 	0.000000e+00
7411 	1.000000e-05 	1.094298e+05 	2.533964e-124 	3.855760e-11 	8.881784e-16 	0.000000e+00
7412 	1.000000e-05 	1.094298e+05 	2.533964e-124 	3.855760e-11 	8.881784e-16 	0.000000e+00
7413 	1.000000e-05 	1.094298e+05 	2.533964e-124 	3.855760e-11 	8.881784e-16 	0.000000e+00
7414 	1.000000e-05 	1.094298e+05 	2.533964e-124 	3.855760e-11 	8.881784e-16 	0.000000e+00
7415 	1.000000e-05 	1.094298e+05 	2.533964e-124 	3.855760e-11 	8.881784e-16 	0.000000e+00
7416 	1.000000e-05 	1.094298e+05 	2.533964e-124 	3.855760e-11 	8.881784e-16 	0.000000e+00
7417 	1.000000e-05 	1.094298e+05 	2.533964e-124 	3.855760e-11 	8.881784e-16 	0.000000e+00
7418 	1.000000e-05 	1.094298e+05 	2.533964e-124 	3.855760e-11 	8.881784e-16 	0.000000e+00
7419 	1.000000e-05 	1.094298e+05 	2.533964e-124 	3.855760e-11 	8.881784e-16 	0.000000e+00
7420 	1.000000e-05 	1.094298e+05 	2.533964e-124 	3.855760e-11 	8.881784e-16 	0.000000e+00
7421 	1.000000e-05 	1.094298e+05 	2.533964e-124 	3.855760e-11 	8.881784e-16 	0.000000e+00
7422 	1.000000e-05 	1.094298e+05 	2.533964e-124 	3.855760e-11 	8.881784e-16 	0.000000e+00
7423 	1.000000e-05 	1.094298e+05 	2.533964e-124 	3.855760e-11 	8.881784e-16 	0.000000e+00
7424 	1.000000e-05 	1.094298e+05 	2.533964e-124 	3.855760e-11 	8.881784e-16 	0.000000e+00
7425 	1.000000e-05 	1.094298e+05 	2.533964e-124 	3.855760e-11 	8.881784e-16 	0.000000e+00
7426 	1.000000e-05 	1.094298e+05 	2.533964e-124 	3.855760e-11 	8.881784e-16 	0.000000e+00
7427 	1.000000e-05 	1.094298e+05 	2.533964e-124 	3.855760e-11 	8.881784e-16 	0.000000e+00
7428 	1.000000e-05 	1.094298e+05 	2.533964e-124 	3.855760e-11 	8.881784e-16 	0.000000e+00
7429 	1.000000e-05 	1.094298e+05 	2.533964e-124 	3.855760e-11 	8.881784e-16 	0.000000e+00
7430 	1.000000e-05 	1.094298e+05 	2.533964e-124 	3.855760e-11 	8.881784e-16 	0.000000e+00
7431 	1.000000e-05 	1.094298e+05 	2.533964e-124 	3.855760e-11 	8.881784e-16 	0.000000e+00
7432 	1.000000e-05 	1.094298e+05 	2.533964e-124 	3.855760e-11 	8.881784e-16 	0.000000e+00
7433 	1.000000e-05 	1.094298e+05 	2.533964e-124 	3.855760e-11 	8.881784e-16 	0.000000e+00
7434 	1.000000e-05 	1.094298e+05 	2.533964e-124 	3.855760e-11 	8.881784e-16 	0.000000e+00
7435 	1.000000e-05 	1.094298e+05 	2.533964e-124 	3.855760e-11 	8.881784e-16 	0.000000e+00
7436 	1.000000e-05 	1.094298e+05 	2.533964e-124 	3.855760e-11 	8.881784e-16 	0.000000e+00
7437 	1.000000e-05 	1.094298e+05 	2.533964e-124 	3.855760e-11 	8.881784e-16 	0.000000e+00
7438 	1.000000e-05 	1.094298e+05 	2.533964e-124 	3.855760e-11 	8.881784e-16 	0.000000e+00
7439 	1.000000e-05 	1.094298e+05 	2.533964e-124 	3.855760e-11 	8.881784e-16 	0.000000e+00
7440 	1.000000e-05 	1.094298e+05 	2.533964e-124 	3.855760e-11 	8.881784e-16 	0.000000e+00
7441 	1.000000e-05 	1.094298e+05 	2.533964e-124 	3.855760e-11 	8.881784e-16 	0.000000e+00
7442 	1.000000e-05 	1.094298e+05 	2.533964e-124 	3.855760e-11 	8.881784e-16 	0.000000e+00
7443 	1.000000e-05 	1.094298e+05 	2.533964e-124 	3.855760e-11 	8.881784e-16 	0.000000e+00
7444 	1.000000e-05 	1.094298e+05 	2.533964e-124 	3.855760e-11 	8.881784e-16 	0.000000e+00
7445 	1.000000e-05 	1.094298e+05 	2.533964e-124 	3.855760e-11 	8.881784e-16 	0.000000e+00
7446 	1.000000e-05 	1.094298e+05 	2.533964e-124 	3.855760e-11 	8.881784e-16 	0.000000e+00
7447 	1.000000e-05 	1.094298e+05 	2.533964e-124 	3.855760e-11 	8.881784e-16 	0.000000e+00
7448 	1.000000e-05 	1.094298e+05 	2.533964e-124 	3.855760e-11 	8.881784e-16 	0.000000e+00
7449 	1.000000e-05 	1.094298e+05 	2.533964e-124 	3.855760e-11 	8.881784e-16 	0.000000e+00
7450 	1.000000e-05 	1.094298e+05 	2.533964e-124 	3.855760e-11 	8.881784e-16 	0.000000e+00
7451 	1.000000e-05 	1.094298e+05 	2.533964e-124 	3.855760e-11 	8.881784e-16 	0.000000e+00
7452 	1.000000e-05 	1.094298e+05 	2.533964e-124 	3.855760e-11 	8.881784e-16 	0.000000e+00
7453 	1.000000e-05 	1.094298e+05 	2.533964e-124 	3.855760e-11 	8.881784e-16 	0.000000e+00
7454 	1.000000e-05 	1.094298e+05 	2.533964e-124 	3.855760e-11 	8.881784e-16 	0.000000e+00
7455 	1.000000e-05 	1.094298e+05 	2.533964e-124 	3.855760e-11 	8.881784e-16 	0.000000e+00
7456 	1.000000e-05 	1.094298e+05 	2.533964e-124 	3.855760e-11 	8.881784e-16 	0.000000e+00
7457 	1.000000e-05 	1.094298e+05 	2.533964e-124 	3.855760e-11 	8.881784e-16 	0.000000e+00
7458 	1.000000e-05 	1.094298e+05 	2.533964e-124 	3.855760e-11 	8.881784e-16 	0.000000e+00
7459 	1.000000e-05 	1.094298e+05 	2.533964e-124 	3.855760e-11 	8.881784e-16 	0.000000e+00
7460 	1.000000e-05 	1.094298e+05 	2.533964e-124 	3.855760e-11 	8.881784e-16 	0.000000e+00
7461 	1.000000e-05 	1.094298e+05 	2.533964e-124 	3.855760e-11 	8.881784e-16 	0.000000e+00
7462 	1.000000e-05 	1.094298e+05 	2.533964e-124 	3.855760e-11 	8.881784e-16 	0.000000e+00
7463 	1.000000e-05 	1.094298e+05 	2.533964e-124 	3.855760e-11 	8.881784e-16 	0.000000e+00
7464 	1.000000e-05 	1.094298e+05 	2.533964e-124 	3.855760e-11 	8.881784e-16 	0.000000e+00
7465 	1.000000e-05 	1.094298e+05 	2.533964e-124 	3.855760e-11 	8.881784e-16 	0.000000e+00
7466 	1.000000e-05 	1.094298e+05 	2.533964e-124 	3.855760e-11 	8.881784e-16 	0.000000e+00
7467 	1.000000e-05 	1.094298e+05 	2.533964e-124 	3.855760e-11 	8.881784e-16 	0.000000e+00
7468 	1.000000e-05 	1.094298e+05 	2.533964e-124 	3.855760e-11 	8.881784e-16 	0.000000e+00
7469 	1.000000e-05 	1.094298e+05 	2.533964e-124 	3.855760e-11 	8.881784e-16 	0.000000e+00
7470 	1.000000e-05 	1.094298e+05 	2.533964e-124 	3.855760e-11 	8.881784e-16 	0.000000e+00
7471 	1.000000e-05 	1.094298e+05 	2.533964e-124 	3.855760e-11 	8.881784e-16 	0.000000e+00
7472 	1.000000e-05 	1.094298e+05 	2.533964e-124 	3.855760e-11 	8.881784e-16 	0.000000e+00
7473 	1.000000e-05 	1.094298e+05 	2.533964e-124 	3.855760e-11 	8.881784e-16 	0.000000e+00
7474 	1.000000e-05 	1.094298e+05 	2.533964e-124 	3.855760e-11 	8.881784e-16 	0.000000e+00
7475 	1.000000e-05 	1.094298e+05 	2.533964e-124 	3.855760e-11 	8.881784e-16 	0.000000e+00
7476 	1.000000e-05 	1.094298e+05 	2.533964e-124 	3.855760e-11 	8.881784e-16 	0.000000e+00
7477 	1.000000e-05 	1.094298e+05 	2.533964e-124 	3.855760e-11 	8.881784e-16 	0.000000e+00
7478 	1.000000e-05 	1.094298e+05 	2.533964e-124 	3.855760e-11 	8.881784e-16 	0.000000e+00
7479 	1.000000e-05 	1.094298e+05 	2.533964e-124 	3.855760e-11 	8.881784e-16 	0.000000e+00
7480 	1.000000e-05 	1.094298e+05 	2.533964e-124 	3.855760e-11 	8.881784e-16 	0.000000e+00
7481 	1.000000e-05 	1.094298e+05 	2.533964e-124 	3.855760e-11 	8.881784e-16 	0.000000e+00
7482 	1.000000e-05 	1.094298e+05 	2.533964e-124 	3.855760e-11 	8.881784e-16 	0.000000e+00
7483 	1.000000e-05 	1.094298e+05 	2.533964e-124 	3.855760e-11 	8.881784e-16 	0.000000e+00
7484 	1.000000e-05 	1.094298e+05 	2.533964e-124 	3.855760e-11 	8.881784e-16 	0.000000e+00
7485 	1.000000e-05 	1.094298e+05 	2.533964e-124 	3.855760e-11 	8.881784e-16 	0.000000e+00
7486 	1.000000e-05 	1.094298e+05 	2.533964e-124 	3.855760e-11 	8.881784e-16 	0.000000e+00
7487 	1.000000e-05 	1.094298e+05 	2.533964e-124 	3.855760e-11 	8.881784e-16 	0.000000e+00
7488 	1.000000e-05 	1.094298e+05 	2.533964e-124 	3.855760e-11 	8.881784e-16 	0.000000e+00
7489 	1.000000e-05 	1.094298e+05 	2.533964e-124 	3.855760e-11 	8.881784e-16 	0.000000e+00
7490 	1.000000e-05 	1.094298e+05 	2.533964e-124 	3.855760e-11 	8.881784e-16 	0.000000e+00
7491 	1.000000e-05 	1.094298e+05 	2.533964e-124 	3.855760e-11 	8.881784e-16 	0.000000e+00
7492 	1.000000e-05 	1.094298e+05 	2.533964e-124 	3.855760e-11 	8.881784e-16 	0.000000e+00
7493 	1.000000e-05 	1.094298e+05 	2.533964e-124 	3.855760e-11 	8.881784e-16 	0.000000e+00
7494 	1.000000e-05 	1.094298e+05 	2.533964e-124 	3.855760e-11 	8.881784e-16 	0.000000e+00
7495 	1.000000e-05 	1.094298e+05 	2.533964e-124 	3.855760e-11 	8.881784e-16 	0.000000e+00
7496 	1.000000e-05 	1.094298e+05 	2.533964e-124 	3.855760e-11 	8.881784e-16 	0.000000e+00
7497 	1.000000e-05 	1.094298e+05 	2.533964e-124 	3.855760e-11 	8.881784e-16 	0.000000e+00
7498 	1.000000e-05 	1.094298e+05 	2.533964e-124 	3.855760e-11 	8.881784e-16 	0.000000e+00
7499 	1.000000e-05 	1.094298e+05 	2.533964e-124 	3.855760e-11 	8.881784e-16 	0.000000e+00
7500 	1.000000e-05 	1.094298e+05 	2.533964e-124 	3.855760e-11 	8.881784e-16 	0.000000e+00
7501 	1.000000e-05 	1.094298e+05 	2.533964e-124 	3.855760e-11 	8.881784e-16 	0.000000e+00
7502 	1.000000e-05 	1.094298e+05 	2.533964e-124 	3.855760e-11 	8.881784e-16 	0.000000e+00
7503 	1.000000e-05 	1.094298e+05 	2.533964e-124 	3.855760e-11 	8.881784e-16 	0.000000e+00
7504 	1.000000e-05 	1.094298e+05 	2.533964e-124 	3.855760e-11 	8.881784e-16 	0.000000e+00
7505 	1.000000e-05 	1.094298e+05 	2.533964e-124 	3.855760e-11 	8.881784e-16 	0.000000e+00
7506 	1.000000e-05 	1.094298e+05 	2.533964e-124 	3.855760e-11 	8.881784e-16 	0.000000e+00
7507 	1.000000e-05 	1.094298e+05 	2.533964e-124 	3.855760e-11 	8.881784e-16 	0.000000e+00
7508 	1.000000e-05 	1.094298e+05 	2.533964e-124 	3.855760e-11 	8.881784e-16 	0.000000e+00
7509 	1.000000e-05 	1.094298e+05 	2.533964e-124 	3.855760e-11 	8.881784e-16 	0.000000e+00
7510 	1.000000e-05 	1.094298e+05 	2.533964e-124 	3.855760e-11 	8.881784e-16 	0.000000e+00
7511 	1.000000e-05 	1.094298e+05 	2.533964e-124 	3.855760e-11 	8.881784e-16 	0.000000e+00
7512 	1.000000e-05 	1.094298e+05 	2.533964e-124 	3.855760e-11 	8.881784e-16 	0.000000e+00
7513 	1.000000e-05 	1.094298e+05 	2.533964e-124 	3.855760e-11 	8.881784e-16 	0.000000e+00
7514 	1.000000e-05 	1.094298e+05 	2.533964e-124 	3.855760e-11 	8.881784e-16 	0.000000e+00
7515 	1.000000e-05 	1.094298e+05 	2.533964e-124 	3.855760e-11 	8.881784e-16 	0.000000e+00
7516 	1.000000e-05 	1.094298e+05 	2.533964e-124 	3.855760e-11 	8.881784e-16 	0.000000e+00
7517 	1.000000e-05 	1.094298e+05 	2.533964e-124 	3.855760e-11 	8.881784e-16 	0.000000e+00
7518 	1.000000e-05 	1.094298e+05 	2.533964e-124 	3.855760e-11 	8.881784e-16 	0.000000e+00
7519 	1.000000e-05 	1.094298e+05 	2.533964e-124 	3.855760e-11 	8.881784e-16 	0.000000e+00
7520 	1.000000e-05 	1.094298e+05 	2.533964e-124 	3.855760e-11 	8.881784e-16 	0.000000e+00
7521 	1.000000e-05 	1.094298e+05 	2.533964e-124 	3.855760e-11 	8.881784e-16 	0.000000e+00
7522 	1.000000e-05 	1.094298e+05 	2.533964e-124 	3.855760e-11 	8.881784e-16 	0.000000e+00
7523 	1.000000e-05 	1.094298e+05 	2.533964e-124 	3.855760e-11 	8.881784e-16 	0.000000e+00
7524 	1.000000e-05 	1.094298e+05 	2.533964e-124 	3.855760e-11 	8.881784e-16 	0.000000e+00
7525 	1.000000e-05 	1.094298e+05 	2.533964e-124 	3.855760e-11 	8.881784e-16 	0.000000e+00
7526 	1.000000e-05 	1.094298e+05 	2.533964e-124 	3.855760e-11 	8.881784e-16 	0.000000e+00
7527 	1.000000e-05 	1.094298e+05 	2.533964e-124 	3.855760e-11 	8.881784e-16 	0.000000e+00
7528 	1.000000e-05 	1.094298e+05 	2.533964e-124 	3.855760e-11 	8.881784e-16 	0.000000e+00
7529 	1.000000e-05 	1.094298e+05 	2.533964e-124 	3.855760e-11 	8.881784e-16 	0.000000e+00
7530 	1.000000e-05 	1.094298e+05 	2.533964e-124 	3.855760e-11 	8.881784e-16 	0.000000e+00
7531 	1.000000e-05 	1.094298e+05 	2.533964e-124 	3.855760e-11 	8.881784e-16 	0.000000e+00
7532 	1.000000e-05 	1.094298e+05 	2.533964e-124 	3.855760e-11 	8.881784e-16 	0.000000e+00
7533 	1.000000e-05 	1.094298e+05 	2.533964e-124 	3.855760e-11 	8.881784e-16 	0.000000e+00
7534 	1.000000e-05 	1.094298e+05 	2.533964e-124 	3.855760e-11 	8.881784e-16 	0.000000e+00
7535 	1.000000e-05 	1.094298e+05 	2.533964e-124 	3.855760e-11 	8.881784e-16 	0.000000e+00
7536 	1.000000e-05 	1.094298e+05 	2.533964e-124 	3.855760e-11 	8.881784e-16 	0.000000e+00
7537 	1.000000e-05 	1.094298e+05 	2.533964e-124 	3.855760e-11 	8.881784e-16 	0.000000e+00
7538 	1.000000e-05 	1.094298e+05 	2.533964e-124 	3.855760e-11 	8.881784e-16 	0.000000e+00
7539 	1.000000e-05 	1.094298e+05 	2.533964e-124 	3.855760e-11 	8.881784e-16 	0.000000e+00
7540 	1.000000e-05 	1.094298e+05 	2.533964e-124 	3.855760e-11 	8.881784e-16 	0.000000e+00
7541 	1.000000e-05 	1.094298e+05 	2.533964e-124 	3.855760e-11 	8.881784e-16 	0.000000e+00
7542 	1.000000e-05 	1.094298e+05 	2.533964e-124 	3.855760e-11 	8.881784e-16 	0.000000e+00
7543 	1.000000e-05 	1.094298e+05 	2.533964e-124 	3.855760e-11 	8.881784e-16 	0.000000e+00
7544 	1.000000e-05 	1.094298e+05 	2.533964e-124 	3.855760e-11 	8.881784e-16 	0.000000e+00
7545 	1.000000e-05 	1.094298e+05 	2.533964e-124 	3.855760e-11 	8.881784e-16 	0.000000e+00
7546 	1.000000e-05 	1.094298e+05 	2.533964e-124 	3.855760e-11 	8.881784e-16 	0.000000e+00
7547 	1.000000e-05 	1.094298e+05 	2.533964e-124 	3.855760e-11 	8.881784e-16 	0.000000e+00
7548 	1.000000e-05 	1.094298e+05 	2.533964e-124 	3.855760e-11 	8.881784e-16 	0.000000e+00
7549 	1.000000e-05 	1.094298e+05 	2.533964e-124 	3.855760e-11 	8.881784e-16 	0.000000e+00
7550 	1.000000e-05 	1.094298e+05 	2.533964e-124 	3.855760e-11 	8.881784e-16 	0.000000e+00
7551 	1.000000e-05 	1.094298e+05 	2.533964e-124 	3.855760e-11 	8.881784e-16 	0.000000e+00
7552 	1.000000e-05 	1.094298e+05 	2.533964e-124 	3.855760e-11 	8.881784e-16 	0.000000e+00
7553 	1.000000e-05 	1.094298e+05 	2.533964e-124 	3.855760e-11 	8.881784e-16 	0.000000e+00
7554 	1.000000e-05 	1.094298e+05 	2.533964e-124 	3.855760e-11 	8.881784e-16 	0.000000e+00
7555 	1.000000e-05 	1.094298e+05 	2.533964e-124 	3.855760e-11 	8.881784e-16 	0.000000e+00
7556 	1.000000e-05 	1.094298e+05 	2.533964e-124 	3.855760e-11 	8.881784e-16 	0.000000e+00
7557 	1.000000e-05 	1.094298e+05 	2.533964e-124 	3.855760e-11 	8.881784e-16 	0.000000e+00
7558 	1.000000e-05 	1.094298e+05 	2.533964e-124 	3.855760e-11 	8.881784e-16 	0.000000e+00
7559 	1.000000e-05 	1.094298e+05 	2.533964e-124 	3.855760e-11 	8.881784e-16 	0.000000e+00
7560 	1.000000e-05 	1.094298e+05 	2.533964e-124 	3.855760e-11 	8.881784e-16 	0.000000e+00
7561 	1.000000e-05 	1.094298e+05 	2.533964e-124 	3.855760e-11 	8.881784e-16 	0.000000e+00
7562 	1.000000e-05 	1.094298e+05 	2.533964e-124 	3.855760e-11 	8.881784e-16 	0.000000e+00
7563 	1.000000e-05 	1.094298e+05 	2.533964e-124 	3.855760e-11 	8.881784e-16 	0.000000e+00
7564 	1.000000e-05 	1.094298e+05 	2.533964e-124 	3.855760e-11 	8.881784e-16 	0.000000e+00
7565 	1.000000e-05 	1.094298e+05 	2.533964e-124 	3.855760e-11 	8.881784e-16 	0.000000e+00
7566 	1.000000e-05 	1.094298e+05 	2.533964e-124 	3.855760e-11 	8.881784e-16 	0.000000e+00
7567 	1.000000e-05 	1.094298e+05 	2.533964e-124 	3.855760e-11 	8.881784e-16 	0.000000e+00
7568 	1.000000e-05 	1.094298e+05 	2.533964e-124 	3.855760e-11 	8.881784e-16 	0.000000e+00
7569 	1.000000e-05 	1.094298e+05 	2.533964e-124 	3.855760e-11 	8.881784e-16 	0.000000e+00
7570 	1.000000e-05 	1.094298e+05 	2.533964e-124 	3.855760e-11 	8.881784e-16 	0.000000e+00
7571 	1.000000e-05 	1.094298e+05 	2.533964e-124 	3.855760e-11 	8.881784e-16 	0.000000e+00
7572 	1.000000e-05 	1.094298e+05 	2.533964e-124 	3.855760e-11 	8.881784e-16 	0.000000e+00
7573 	1.000000e-05 	1.094298e+05 	2.533964e-124 	3.855760e-11 	8.881784e-16 	0.000000e+00
7574 	1.000000e-05 	1.094298e+05 	2.533964e-124 	3.855760e-11 	8.881784e-16 	0.000000e+00
7575 	1.000000e-05 	1.094298e+05 	2.533964e-124 	3.855760e-11 	8.881784e-16 	0.000000e+00
7576 	1.000000e-05 	1.094298e+05 	2.533964e-124 	3.855760e-11 	8.881784e-16 	0.000000e+00
7577 	1.000000e-05 	1.094298e+05 	2.533964e-124 	3.855760e-11 	8.881784e-16 	0.000000e+00
7578 	1.000000e-05 	1.094298e+05 	2.533964e-124 	3.855760e-11 	8.881784e-16 	0.000000e+00
7579 	1.000000e-05 	1.094298e+05 	2.533964e-124 	3.855760e-11 	8.881784e-16 	0.000000e+00
7580 	1.000000e-05 	1.094298e+05 	2.533964e-124 	3.855760e-11 	8.881784e-16 	0.000000e+00
7581 	1.000000e-05 	1.094298e+05 	2.533964e-124 	3.855760e-11 	8.881784e-16 	0.000000e+00
7582 	1.000000e-05 	1.094298e+05 	2.533964e-124 	3.855760e-11 	8.881784e-16 	0.000000e+00
7583 	1.000000e-05 	1.094298e+05 	2.533964e-124 	3.855760e-11 	8.881784e-16 	0.000000e+00
7584 	1.000000e-05 	1.094298e+05 	2.533964e-124 	3.855760e-11 	8.881784e-16 	0.000000e+00
7585 	1.000000e-05 	1.094298e+05 	2.533964e-124 	3.855760e-11 	8.881784e-16 	0.000000e+00
7586 	1.000000e-05 	1.094298e+05 	2.533964e-124 	3.855760e-11 	8.881784e-16 	0.000000e+00
7587 	1.000000e-05 	1.094298e+05 	2.533964e-124 	3.855760e-11 	8.881784e-16 	0.000000e+00
7588 	1.000000e-05 	1.094298e+05 	2.533964e-124 	3.855760e-11 	8.881784e-16 	0.000000e+00
7589 	1.000000e-05 	1.094298e+05 	2.533964e-124 	3.855760e-11 	8.881784e-16 	0.000000e+00
7590 	1.000000e-05 	1.094298e+05 	2.533964e-124 	3.855760e-11 	8.881784e-16 	0.000000e+00
7591 	1.000000e-05 	1.094298e+05 	2.533964e-124 	3.855760e-11 	8.881784e-16 	0.000000e+00
7592 	1.000000e-05 	1.094298e+05 	2.533964e-124 	3.855760e-11 	8.881784e-16 	0.000000e+00
7593 	1.000000e-05 	1.094298e+05 	2.533964e-124 	3.855760e-11 	8.881784e-16 	0.000000e+00
7594 	1.000000e-05 	1.094298e+05 	2.533964e-124 	3.855760e-11 	8.881784e-16 	0.000000e+00
7595 	1.000000e-05 	1.094298e+05 	2.533964e-124 	3.855760e-11 	8.881784e-16 	0.000000e+00
7596 	1.000000e-05 	1.094298e+05 	2.533964e-124 	3.855760e-11 	8.881784e-16 	0.000000e+00
7597 	1.000000e-05 	1.094298e+05 	2.533964e-124 	3.855760e-11 	8.881784e-16 	0.000000e+00
7598 	1.000000e-05 	1.094298e+05 	2.533964e-124 	3.855760e-11 	8.881784e-16 	0.000000e+00
7599 	1.000000e-05 	1.094298e+05 	2.533964e-124 	3.855760e-11 	8.881784e-16 	0.000000e+00
7600 	1.000000e-05 	1.094298e+05 	2.533964e-124 	3.855760e-11 	8.881784e-16 	0.000000e+00
7601 	1.000000e-05 	1.094298e+05 	2.533964e-124 	3.855760e-11 	8.881784e-16 	0.000000e+00
7602 	1.000000e-05 	1.094298e+05 	2.533964e-124 	3.855760e-11 	8.881784e-16 	0.000000e+00
7603 	1.000000e-05 	1.094298e+05 	2.533964e-124 	3.855760e-11 	8.881784e-16 	0.000000e+00
7604 	1.000000e-05 	1.094298e+05 	2.533964e-124 	3.855760e-11 	8.881784e-16 	0.000000e+00
7605 	1.000000e-05 	1.094298e+05 	2.533964e-124 	3.855760e-11 	8.881784e-16 	0.000000e+00
7606 	1.000000e-05 	1.094298e+05 	2.533964e-124 	3.855760e-11 	8.881784e-16 	0.000000e+00
7607 	1.000000e-05 	1.094298e+05 	2.533964e-124 	3.855760e-11 	8.881784e-16 	0.000000e+00
7608 	1.000000e-05 	1.094298e+05 	2.533964e-124 	3.855760e-11 	8.881784e-16 	0.000000e+00
7609 	1.000000e-05 	1.094298e+05 	2.533964e-124 	3.855760e-11 	8.881784e-16 	0.000000e+00
7610 	1.000000e-05 	1.094298e+05 	2.533964e-124 	3.855760e-11 	8.881784e-16 	0.000000e+00
7611 	1.000000e-05 	1.094298e+05 	2.533964e-124 	3.855760e-11 	8.881784e-16 	0.000000e+00
7612 	1.000000e-05 	1.094298e+05 	2.533964e-124 	3.855760e-11 	8.881784e-16 	0.000000e+00
7613 	1.000000e-05 	1.094298e+05 	2.533964e-124 	3.855760e-11 	8.881784e-16 	0.000000e+00
7614 	1.000000e-05 	1.094298e+05 	2.533964e-124 	3.855760e-11 	8.881784e-16 	0.000000e+00
7615 	1.000000e-05 	1.094298e+05 	2.533964e-124 	3.855760e-11 	8.881784e-16 	0.000000e+00
7616 	1.000000e-05 	1.094298e+05 	2.533964e-124 	3.855760e-11 	8.881784e-16 	0.000000e+00
7617 	1.000000e-05 	1.094298e+05 	2.533964e-124 	3.855760e-11 	8.881784e-16 	0.000000e+00
7618 	1.000000e-05 	1.094298e+05 	2.533964e-124 	3.855760e-11 	8.881784e-16 	0.000000e+00
7619 	1.000000e-05 	1.094298e+05 	2.533964e-124 	3.855760e-11 	8.881784e-16 	0.000000e+00
7620 	1.000000e-05 	1.094298e+05 	2.533964e-124 	3.855760e-11 	8.881784e-16 	0.000000e+00
7621 	1.000000e-05 	1.094298e+05 	2.533964e-124 	3.855760e-11 	8.881784e-16 	0.000000e+00
7622 	1.000000e-05 	1.094298e+05 	2.533964e-124 	3.855760e-11 	8.881784e-16 	0.000000e+00
7623 	1.000000e-05 	1.094298e+05 	2.533964e-124 	3.855760e-11 	8.881784e-16 	0.000000e+00
7624 	1.000000e-05 	1.094298e+05 	2.533964e-124 	3.855760e-11 	8.881784e-16 	0.000000e+00
7625 	1.000000e-05 	1.094298e+05 	2.533964e-124 	3.855760e-11 	8.881784e-16 	0.000000e+00
7626 	1.000000e-05 	1.094298e+05 	2.533964e-124 	3.855760e-11 	8.881784e-16 	0.000000e+00
7627 	1.000000e-05 	1.094298e+05 	2.533964e-124 	3.855760e-11 	8.881784e-16 	0.000000e+00
7628 	1.000000e-05 	1.094298e+05 	2.533964e-124 	3.855760e-11 	8.881784e-16 	0.000000e+00
7629 	1.000000e-05 	1.094298e+05 	2.533964e-124 	3.855760e-11 	8.881784e-16 	0.000000e+00
7630 	1.000000e-05 	1.094298e+05 	2.533964e-124 	3.855760e-11 	8.881784e-16 	0.000000e+00
7631 	1.000000e-05 	1.094298e+05 	2.533964e-124 	3.855760e-11 	8.881784e-16 	0.000000e+00
7632 	1.000000e-05 	1.094298e+05 	2.533964e-124 	3.855760e-11 	8.881784e-16 	0.000000e+00
7633 	1.000000e-05 	1.094298e+05 	2.533964e-124 	3.855760e-11 	8.881784e-16 	0.000000e+00
7634 	1.000000e-05 	1.094298e+05 	2.533964e-124 	3.855760e-11 	8.881784e-16 	0.000000e+00
7635 	1.000000e-05 	1.094298e+05 	2.533964e-124 	3.855760e-11 	8.881784e-16 	0.000000e+00
7636 	1.000000e-05 	1.094298e+05 	2.533964e-124 	3.855760e-11 	8.881784e-16 	0.000000e+00
7637 	1.000000e-05 	1.094298e+05 	2.533964e-124 	3.855760e-11 	8.881784e-16 	0.000000e+00
7638 	1.000000e-05 	1.094298e+05 	2.533964e-124 	3.855760e-11 	8.881784e-16 	0.000000e+00
7639 	1.000000e-05 	1.094298e+05 	2.533964e-124 	3.855760e-11 	8.881784e-16 	0.000000e+00
7640 	1.000000e-05 	1.094298e+05 	2.533964e-124 	3.855760e-11 	8.881784e-16 	0.000000e+00
7641 	1.000000e-05 	1.094298e+05 	2.533964e-124 	3.855760e-11 	8.881784e-16 	0.000000e+00
7642 	1.000000e-05 	1.094298e+05 	2.533964e-124 	3.855760e-11 	8.881784e-16 	0.000000e+00
7643 	1.000000e-05 	1.094298e+05 	2.533964e-124 	3.855760e-11 	8.881784e-16 	0.000000e+00
7644 	1.000000e-05 	1.094298e+05 	2.533964e-124 	3.855760e-11 	8.881784e-16 	0.000000e+00
7645 	1.000000e-05 	1.094298e+05 	2.533964e-124 	3.855760e-11 	8.881784e-16 	0.000000e+00
7646 	1.000000e-05 	1.094298e+05 	2.533964e-124 	3.855760e-11 	8.881784e-16 	0.000000e+00
7647 	1.000000e-05 	1.094298e+05 	2.533964e-124 	3.855760e-11 	8.881784e-16 	0.000000e+00
7648 	1.000000e-05 	1.094298e+05 	2.533964e-124 	3.855760e-11 	8.881784e-16 	0.000000e+00
7649 	1.000000e-05 	1.094298e+05 	2.533964e-124 	3.855760e-11 	8.881784e-16 	0.000000e+00
7650 	1.000000e-05 	1.094298e+05 	2.533964e-124 	3.855760e-11 	8.881784e-16 	0.000000e+00
7651 	1.000000e-05 	1.094298e+05 	2.533964e-124 	3.855760e-11 	8.881784e-16 	0.000000e+00
7652 	1.000000e-05 	1.094298e+05 	2.533964e-124 	3.855760e-11 	8.881784e-16 	0.000000e+00
7653 	1.000000e-05 	1.094298e+05 	2.533964e-124 	3.855760e-11 	8.881784e-16 	0.000000e+00
7654 	1.000000e-05 	1.094298e+05 	2.533964e-124 	3.855760e-11 	8.881784e-16 	0.000000e+00
7655 	1.000000e-05 	1.094298e+05 	2.533964e-124 	3.855760e-11 	8.881784e-16 	0.000000e+00
7656 	1.000000e-05 	1.094298e+05 	2.533964e-124 	3.855760e-11 	8.881784e-16 	0.000000e+00
7657 	1.000000e-05 	1.094298e+05 	2.533964e-124 	3.855760e-11 	8.881784e-16 	0.000000e+00
7658 	1.000000e-05 	1.094298e+05 	2.533964e-124 	3.855760e-11 	8.881784e-16 	0.000000e+00
7659 	1.000000e-05 	1.094298e+05 	2.533964e-124 	3.855760e-11 	8.881784e-16 	0.000000e+00
7660 	1.000000e-05 	1.094298e+05 	2.533964e-124 	3.855760e-11 	8.881784e-16 	0.000000e+00
7661 	1.000000e-05 	1.094298e+05 	2.533964e-124 	3.855760e-11 	8.881784e-16 	0.000000e+00
7662 	1.000000e-05 	1.094298e+05 	2.533964e-124 	3.855760e-11 	8.881784e-16 	0.000000e+00
7663 	1.000000e-05 	1.094298e+05 	2.533964e-124 	3.855760e-11 	8.881784e-16 	0.000000e+00
7664 	1.000000e-05 	1.094298e+05 	2.533964e-124 	3.855760e-11 	8.881784e-16 	0.000000e+00
7665 	1.000000e-05 	1.094298e+05 	2.533964e-124 	3.855760e-11 	8.881784e-16 	0.000000e+00
7666 	1.000000e-05 	1.094298e+05 	2.533964e-124 	3.855760e-11 	8.881784e-16 	0.000000e+00
7667 	1.000000e-05 	1.094298e+05 	2.533964e-124 	3.855760e-11 	8.881784e-16 	0.000000e+00
7668 	1.000000e-05 	1.094298e+05 	2.533964e-124 	3.855760e-11 	8.881784e-16 	0.000000e+00
7669 	1.000000e-05 	1.094298e+05 	2.533964e-124 	3.855760e-11 	8.881784e-16 	0.000000e+00
7670 	1.000000e-05 	1.094298e+05 	2.533964e-124 	3.855760e-11 	8.881784e-16 	0.000000e+00
7671 	1.000000e-05 	1.094298e+05 	2.533964e-124 	3.855760e-11 	8.881784e-16 	0.000000e+00
7672 	1.000000e-05 	1.094298e+05 	2.533964e-124 	3.855760e-11 	8.881784e-16 	0.000000e+00
7673 	1.000000e-05 	1.094298e+05 	2.533964e-124 	3.855760e-11 	8.881784e-16 	0.000000e+00
7674 	1.000000e-05 	1.094298e+05 	2.533964e-124 	3.855760e-11 	8.881784e-16 	0.000000e+00
7675 	1.000000e-05 	1.094298e+05 	2.533964e-124 	3.855760e-11 	8.881784e-16 	0.000000e+00
7676 	1.000000e-05 	1.094298e+05 	2.533964e-124 	3.855760e-11 	8.881784e-16 	0.000000e+00
7677 	1.000000e-05 	1.094298e+05 	2.533964e-124 	3.855760e-11 	8.881784e-16 	0.000000e+00
7678 	1.000000e-05 	1.094298e+05 	2.533964e-124 	3.855760e-11 	8.881784e-16 	0.000000e+00
7679 	1.000000e-05 	1.094298e+05 	2.533964e-124 	3.855760e-11 	8.881784e-16 	0.000000e+00
7680 	1.000000e-05 	1.094298e+05 	2.533964e-124 	3.855760e-11 	8.881784e-16 	0.000000e+00
7681 	1.000000e-05 	1.094298e+05 	2.533964e-124 	3.855760e-11 	8.881784e-16 	0.000000e+00
7682 	1.000000e-05 	1.094298e+05 	2.533964e-124 	3.855760e-11 	8.881784e-16 	0.000000e+00
7683 	1.000000e-05 	1.094298e+05 	2.533964e-124 	3.855760e-11 	8.881784e-16 	0.000000e+00
7684 	1.000000e-05 	1.094298e+05 	2.533964e-124 	3.855760e-11 	8.881784e-16 	0.000000e+00
7685 	1.000000e-05 	1.094298e+05 	2.533964e-124 	3.855760e-11 	8.881784e-16 	0.000000e+00
7686 	1.000000e-05 	1.094298e+05 	2.533964e-124 	3.855760e-11 	8.881784e-16 	0.000000e+00
7687 	1.000000e-05 	1.094298e+05 	2.533964e-124 	3.855760e-11 	8.881784e-16 	0.000000e+00
7688 	1.000000e-05 	1.094298e+05 	2.533964e-124 	3.855760e-11 	8.881784e-16 	0.000000e+00
7689 	1.000000e-05 	1.094298e+05 	2.533964e-124 	3.855760e-11 	8.881784e-16 	0.000000e+00
7690 	1.000000e-05 	1.094298e+05 	2.533964e-124 	3.855760e-11 	8.881784e-16 	0.000000e+00
7691 	1.000000e-05 	1.094298e+05 	2.533964e-124 	3.855760e-11 	8.881784e-16 	0.000000e+00
7692 	1.000000e-05 	1.094298e+05 	2.533964e-124 	3.855760e-11 	8.881784e-16 	0.000000e+00
7693 	1.000000e-05 	1.094298e+05 	2.533964e-124 	3.855760e-11 	8.881784e-16 	0.000000e+00
7694 	1.000000e-05 	1.094298e+05 	2.533964e-124 	3.855760e-11 	8.881784e-16 	0.000000e+00
7695 	1.000000e-05 	1.094298e+05 	2.533964e-124 	3.855760e-11 	8.881784e-16 	0.000000e+00
7696 	1.000000e-05 	1.094298e+05 	2.533964e-124 	3.855760e-11 	8.881784e-16 	0.000000e+00
7697 	1.000000e-05 	1.094298e+05 	2.533964e-124 	3.855760e-11 	8.881784e-16 	0.000000e+00
7698 	1.000000e-05 	1.094298e+05 	2.533964e-124 	3.855760e-11 	8.881784e-16 	0.000000e+00
7699 	1.000000e-05 	1.094298e+05 	2.533964e-124 	3.855760e-11 	8.881784e-16 	0.000000e+00
7700 	1.000000e-05 	1.094298e+05 	2.533964e-124 	3.855760e-11 	8.881784e-16 	0.000000e+00
7701 	1.000000e-05 	1.094298e+05 	2.533964e-124 	3.855760e-11 	8.881784e-16 	0.000000e+00
7702 	1.000000e-05 	1.094298e+05 	2.533964e-124 	3.855760e-11 	8.881784e-16 	0.000000e+00
7703 	1.000000e-05 	1.094298e+05 	2.533964e-124 	3.855760e-11 	8.881784e-16 	0.000000e+00
7704 	1.000000e-05 	1.094298e+05 	2.533964e-124 	3.855760e-11 	8.881784e-16 	0.000000e+00
7705 	1.000000e-05 	1.094298e+05 	2.533964e-124 	3.855760e-11 	8.881784e-16 	0.000000e+00
7706 	1.000000e-05 	1.094298e+05 	2.533964e-124 	3.855760e-11 	8.881784e-16 	0.000000e+00
7707 	1.000000e-05 	1.094298e+05 	2.533964e-124 	3.855760e-11 	8.881784e-16 	0.000000e+00
7708 	1.000000e-05 	1.094298e+05 	2.533964e-124 	3.855760e-11 	8.881784e-16 	0.000000e+00
7709 	1.000000e-05 	1.094298e+05 	2.533964e-124 	3.855760e-11 	8.881784e-16 	0.000000e+00
7710 	1.000000e-05 	1.094298e+05 	2.533964e-124 	3.855760e-11 	8.881784e-16 	0.000000e+00
7711 	1.000000e-05 	1.094298e+05 	2.533964e-124 	3.855760e-11 	8.881784e-16 	0.000000e+00
7712 	1.000000e-05 	1.094298e+05 	2.533964e-124 	3.855760e-11 	8.881784e-16 	0.000000e+00
7713 	1.000000e-05 	1.094298e+05 	2.533964e-124 	3.855760e-11 	8.881784e-16 	0.000000e+00
7714 	1.000000e-05 	1.094298e+05 	2.533964e-124 	3.855760e-11 	8.881784e-16 	0.000000e+00
7715 	1.000000e-05 	1.094298e+05 	2.533964e-124 	3.855760e-11 	8.881784e-16 	0.000000e+00
7716 	1.000000e-05 	1.094298e+05 	2.533964e-124 	3.855760e-11 	8.881784e-16 	0.000000e+00
7717 	1.000000e-05 	1.094298e+05 	2.533964e-124 	3.855760e-11 	8.881784e-16 	0.000000e+00
7718 	1.000000e-05 	1.094298e+05 	2.533964e-124 	3.855760e-11 	8.881784e-16 	0.000000e+00
7719 	1.000000e-05 	1.094298e+05 	2.533964e-124 	3.855760e-11 	8.881784e-16 	0.000000e+00
7720 	1.000000e-05 	1.094298e+05 	2.533964e-124 	3.855760e-11 	8.881784e-16 	0.000000e+00
7721 	1.000000e-05 	1.094298e+05 	2.533964e-124 	3.855760e-11 	8.881784e-16 	0.000000e+00
7722 	1.000000e-05 	1.094298e+05 	2.533964e-124 	3.855760e-11 	8.881784e-16 	0.000000e+00
7723 	1.000000e-05 	1.094298e+05 	2.533964e-124 	3.855760e-11 	8.881784e-16 	0.000000e+00
7724 	1.000000e-05 	1.094298e+05 	2.533964e-124 	3.855760e-11 	8.881784e-16 	0.000000e+00
7725 	1.000000e-05 	1.094298e+05 	2.533964e-124 	3.855760e-11 	8.881784e-16 	0.000000e+00
7726 	1.000000e-05 	1.094298e+05 	2.533964e-124 	3.855760e-11 	8.881784e-16 	0.000000e+00
7727 	1.000000e-05 	1.094298e+05 	2.533964e-124 	3.855760e-11 	8.881784e-16 	0.000000e+00
7728 	1.000000e-05 	1.094298e+05 	2.533964e-124 	3.855760e-11 	8.881784e-16 	0.000000e+00
7729 	1.000000e-05 	1.094298e+05 	2.533964e-124 	3.855760e-11 	8.881784e-16 	0.000000e+00
7730 	1.000000e-05 	1.094298e+05 	2.533964e-124 	3.855760e-11 	8.881784e-16 	0.000000e+00
7731 	1.000000e-05 	1.094298e+05 	2.533964e-124 	3.855760e-11 	8.881784e-16 	0.000000e+00
7732 	1.000000e-05 	1.094298e+05 	2.533964e-124 	3.855760e-11 	8.881784e-16 	0.000000e+00
7733 	1.000000e-05 	1.094298e+05 	2.533964e-124 	3.855760e-11 	8.881784e-16 	0.000000e+00
7734 	1.000000e-05 	1.094298e+05 	2.533964e-124 	3.855760e-11 	8.881784e-16 	0.000000e+00
7735 	1.000000e-05 	1.094298e+05 	2.533964e-124 	3.855760e-11 	8.881784e-16 	0.000000e+00
7736 	1.000000e-05 	1.094298e+05 	2.533964e-124 	3.855760e-11 	8.881784e-16 	0.000000e+00
7737 	1.000000e-05 	1.094298e+05 	2.533964e-124 	3.855760e-11 	8.881784e-16 	0.000000e+00
7738 	1.000000e-05 	1.094298e+05 	2.533964e-124 	3.855760e-11 	8.881784e-16 	0.000000e+00
7739 	1.000000e-05 	1.094298e+05 	2.533964e-124 	3.855760e-11 	8.881784e-16 	0.000000e+00
7740 	1.000000e-05 	1.094298e+05 	2.533964e-124 	3.855760e-11 	8.881784e-16 	0.000000e+00
7741 	1.000000e-05 	1.094298e+05 	2.533964e-124 	3.855760e-11 	8.881784e-16 	0.000000e+00
7742 	1.000000e-05 	1.094298e+05 	2.533964e-124 	3.855760e-11 	8.881784e-16 	0.000000e+00
7743 	1.000000e-05 	1.094298e+05 	2.533964e-124 	3.855760e-11 	8.881784e-16 	0.000000e+00
7744 	1.000000e-05 	1.094298e+05 	2.533964e-124 	3.855760e-11 	8.881784e-16 	0.000000e+00
7745 	1.000000e-05 	1.094298e+05 	2.533964e-124 	3.855760e-11 	8.881784e-16 	0.000000e+00
7746 	1.000000e-05 	1.094298e+05 	2.533964e-124 	3.855760e-11 	8.881784e-16 	0.000000e+00
7747 	1.000000e-05 	1.094298e+05 	2.533964e-124 	3.855760e-11 	8.881784e-16 	0.000000e+00
7748 	1.000000e-05 	1.094298e+05 	2.533964e-124 	3.855760e-11 	8.881784e-16 	0.000000e+00
7749 	1.000000e-05 	1.094298e+05 	2.533964e-124 	3.855760e-11 	8.881784e-16 	0.000000e+00
7750 	1.000000e-05 	1.094298e+05 	2.533964e-124 	3.855760e-11 	8.881784e-16 	0.000000e+00
7751 	1.000000e-05 	1.094298e+05 	2.533964e-124 	3.855760e-11 	8.881784e-16 	0.000000e+00
7752 	1.000000e-05 	1.094298e+05 	2.533964e-124 	3.855760e-11 	8.881784e-16 	0.000000e+00
7753 	1.000000e-05 	1.094298e+05 	2.533964e-124 	3.855760e-11 	8.881784e-16 	0.000000e+00
7754 	1.000000e-05 	1.094298e+05 	2.533964e-124 	3.855760e-11 	8.881784e-16 	0.000000e+00
7755 	1.000000e-05 	1.094298e+05 	2.533964e-124 	3.855760e-11 	8.881784e-16 	0.000000e+00
7756 	1.000000e-05 	1.094298e+05 	2.533964e-124 	3.855760e-11 	8.881784e-16 	0.000000e+00
7757 	1.000000e-05 	1.094298e+05 	2.533964e-124 	3.855760e-11 	8.881784e-16 	0.000000e+00
7758 	1.000000e-05 	1.094298e+05 	2.533964e-124 	3.855760e-11 	8.881784e-16 	0.000000e+00
7759 	1.000000e-05 	1.094298e+05 	2.533964e-124 	3.855760e-11 	8.881784e-16 	0.000000e+00
7760 	1.000000e-05 	1.094298e+05 	2.533964e-124 	3.855760e-11 	8.881784e-16 	0.000000e+00
7761 	1.000000e-05 	1.094298e+05 	2.533964e-124 	3.855760e-11 	8.881784e-16 	0.000000e+00
7762 	1.000000e-05 	1.094298e+05 	2.533964e-124 	3.855760e-11 	8.881784e-16 	0.000000e+00
7763 	1.000000e-05 	1.094298e+05 	2.533964e-124 	3.855760e-11 	8.881784e-16 	0.000000e+00
7764 	1.000000e-05 	1.094298e+05 	2.533964e-124 	3.855760e-11 	8.881784e-16 	0.000000e+00
7765 	1.000000e-05 	1.094298e+05 	2.533964e-124 	3.855760e-11 	8.881784e-16 	0.000000e+00
7766 	1.000000e-05 	1.094298e+05 	2.533964e-124 	3.855760e-11 	8.881784e-16 	0.000000e+00
7767 	1.000000e-05 	1.094298e+05 	2.533964e-124 	3.855760e-11 	8.881784e-16 	0.000000e+00
7768 	1.000000e-05 	1.094298e+05 	2.533964e-124 	3.855760e-11 	8.881784e-16 	0.000000e+00
7769 	1.000000e-05 	1.094298e+05 	2.533964e-124 	3.855760e-11 	8.881784e-16 	0.000000e+00
7770 	1.000000e-05 	1.094298e+05 	2.533964e-124 	3.855760e-11 	8.881784e-16 	0.000000e+00
7771 	1.000000e-05 	1.094298e+05 	2.533964e-124 	3.855760e-11 	8.881784e-16 	0.000000e+00
7772 	1.000000e-05 	1.094298e+05 	2.533964e-124 	3.855760e-11 	8.881784e-16 	0.000000e+00
7773 	1.000000e-05 	1.094298e+05 	2.533964e-124 	3.855760e-11 	8.881784e-16 	0.000000e+00
7774 	1.000000e-05 	1.094298e+05 	2.533964e-124 	3.855760e-11 	8.881784e-16 	0.000000e+00
7775 	1.000000e-05 	1.094298e+05 	2.533964e-124 	3.855760e-11 	8.881784e-16 	0.000000e+00
7776 	1.000000e-05 	1.094298e+05 	2.533964e-124 	3.855760e-11 	8.881784e-16 	0.000000e+00
7777 	1.000000e-05 	1.094298e+05 	2.533964e-124 	3.855760e-11 	8.881784e-16 	0.000000e+00
7778 	1.000000e-05 	1.094298e+05 	2.533964e-124 	3.855760e-11 	8.881784e-16 	0.000000e+00
7779 	1.000000e-05 	1.094298e+05 	2.533964e-124 	3.855760e-11 	8.881784e-16 	0.000000e+00
7780 	1.000000e-05 	1.094298e+05 	2.533964e-124 	3.855760e-11 	8.881784e-16 	0.000000e+00
7781 	1.000000e-05 	1.094298e+05 	2.533964e-124 	3.855760e-11 	8.881784e-16 	0.000000e+00
7782 	1.000000e-05 	1.094298e+05 	2.533964e-124 	3.855760e-11 	8.881784e-16 	0.000000e+00
7783 	1.000000e-05 	1.094298e+05 	2.533964e-124 	3.855760e-11 	8.881784e-16 	0.000000e+00
7784 	1.000000e-05 	1.094298e+05 	2.533964e-124 	3.855760e-11 	8.881784e-16 	0.000000e+00
7785 	1.000000e-05 	1.094298e+05 	2.533964e-124 	3.855760e-11 	8.881784e-16 	0.000000e+00
7786 	1.000000e-05 	1.094298e+05 	2.533964e-124 	3.855760e-11 	8.881784e-16 	0.000000e+00
7787 	1.000000e-05 	1.094298e+05 	2.533964e-124 	3.855760e-11 	8.881784e-16 	0.000000e+00
7788 	1.000000e-05 	1.094298e+05 	2.533964e-124 	3.855760e-11 	8.881784e-16 	0.000000e+00
7789 	1.000000e-05 	1.094298e+05 	2.533964e-124 	3.855760e-11 	8.881784e-16 	0.000000e+00
7790 	1.000000e-05 	1.094298e+05 	2.533964e-124 	3.855760e-11 	8.881784e-16 	0.000000e+00
7791 	1.000000e-05 	1.094298e+05 	2.533964e-124 	3.855760e-11 	8.881784e-16 	0.000000e+00
7792 	1.000000e-05 	1.094298e+05 	2.533964e-124 	3.855760e-11 	8.881784e-16 	0.000000e+00
7793 	1.000000e-05 	1.094298e+05 	2.533964e-124 	3.855760e-11 	8.881784e-16 	0.000000e+00
7794 	1.000000e-05 	1.094298e+05 	2.533964e-124 	3.855760e-11 	8.881784e-16 	0.000000e+00
7795 	1.000000e-05 	1.094298e+05 	2.533964e-124 	3.855760e-11 	8.881784e-16 	0.000000e+00
7796 	1.000000e-05 	1.094298e+05 	2.533964e-124 	3.855760e-11 	8.881784e-16 	0.000000e+00
7797 	1.000000e-05 	1.094298e+05 	2.533964e-124 	3.855760e-11 	8.881784e-16 	0.000000e+00
7798 	1.000000e-05 	1.094298e+05 	2.533964e-124 	3.855760e-11 	8.881784e-16 	0.000000e+00
7799 	1.000000e-05 	1.094298e+05 	2.533964e-124 	3.855760e-11 	8.881784e-16 	0.000000e+00
7800 	1.000000e-05 	1.094298e+05 	2.533964e-124 	3.855760e-11 	8.881784e-16 	0.000000e+00
7801 	1.000000e-05 	1.094298e+05 	2.533964e-124 	3.855760e-11 	8.881784e-16 	0.000000e+00
7802 	1.000000e-05 	1.094298e+05 	2.533964e-124 	3.855760e-11 	8.881784e-16 	0.000000e+00
7803 	1.000000e-05 	1.094298e+05 	2.533964e-124 	3.855760e-11 	8.881784e-16 	0.000000e+00
7804 	1.000000e-05 	1.094298e+05 	2.533964e-124 	3.855760e-11 	8.881784e-16 	0.000000e+00
7805 	1.000000e-05 	1.094298e+05 	2.533964e-124 	3.855760e-11 	8.881784e-16 	0.000000e+00
7806 	1.000000e-05 	1.094298e+05 	2.533964e-124 	3.855760e-11 	8.881784e-16 	0.000000e+00
7807 	1.000000e-05 	1.094298e+05 	2.533964e-124 	3.855760e-11 	8.881784e-16 	0.000000e+00
7808 	1.000000e-05 	1.094298e+05 	2.533964e-124 	3.855760e-11 	8.881784e-16 	0.000000e+00
7809 	1.000000e-05 	1.094298e+05 	2.533964e-124 	3.855760e-11 	8.881784e-16 	0.000000e+00
7810 	1.000000e-05 	1.094298e+05 	2.533964e-124 	3.855760e-11 	8.881784e-16 	0.000000e+00
7811 	1.000000e-05 	1.094298e+05 	2.533964e-124 	3.855760e-11 	8.881784e-16 	0.000000e+00
7812 	1.000000e-05 	1.094298e+05 	2.533964e-124 	3.855760e-11 	8.881784e-16 	0.000000e+00
7813 	1.000000e-05 	1.094298e+05 	2.533964e-124 	3.855760e-11 	8.881784e-16 	0.000000e+00
7814 	1.000000e-05 	1.094298e+05 	2.533964e-124 	3.855760e-11 	8.881784e-16 	0.000000e+00
7815 	1.000000e-05 	1.094298e+05 	2.533964e-124 	3.855760e-11 	8.881784e-16 	0.000000e+00
7816 	1.000000e-05 	1.094298e+05 	2.533964e-124 	3.855760e-11 	8.881784e-16 	0.000000e+00
7817 	1.000000e-05 	1.094298e+05 	2.533964e-124 	3.855760e-11 	8.881784e-16 	0.000000e+00
7818 	1.000000e-05 	1.094298e+05 	2.533964e-124 	3.855760e-11 	8.881784e-16 	0.000000e+00
7819 	1.000000e-05 	1.094298e+05 	2.533964e-124 	3.855760e-11 	8.881784e-16 	0.000000e+00
7820 	1.000000e-05 	1.094298e+05 	2.533964e-124 	3.855760e-11 	8.881784e-16 	0.000000e+00
7821 	1.000000e-05 	1.094298e+05 	2.533964e-124 	3.855760e-11 	8.881784e-16 	0.000000e+00
7822 	1.000000e-05 	1.094298e+05 	2.533964e-124 	3.855760e-11 	8.881784e-16 	0.000000e+00
7823 	1.000000e-05 	1.094298e+05 	2.533964e-124 	3.855760e-11 	8.881784e-16 	0.000000e+00
7824 	1.000000e-05 	1.094298e+05 	2.533964e-124 	3.855760e-11 	8.881784e-16 	0.000000e+00
7825 	1.000000e-05 	1.094298e+05 	2.533964e-124 	3.855760e-11 	8.881784e-16 	0.000000e+00
7826 	1.000000e-05 	1.094298e+05 	2.533964e-124 	3.855760e-11 	8.881784e-16 	0.000000e+00
7827 	1.000000e-05 	1.094298e+05 	2.533964e-124 	3.855760e-11 	8.881784e-16 	0.000000e+00
7828 	1.000000e-05 	1.094298e+05 	2.533964e-124 	3.855760e-11 	8.881784e-16 	0.000000e+00
7829 	1.000000e-05 	1.094298e+05 	2.533964e-124 	3.855760e-11 	8.881784e-16 	0.000000e+00
7830 	1.000000e-05 	1.094298e+05 	2.533964e-124 	3.855760e-11 	8.881784e-16 	0.000000e+00
7831 	1.000000e-05 	1.094298e+05 	2.533964e-124 	3.855760e-11 	8.881784e-16 	0.000000e+00
7832 	1.000000e-05 	1.094298e+05 	2.533964e-124 	3.855760e-11 	8.881784e-16 	0.000000e+00
7833 	1.000000e-05 	1.094298e+05 	2.533964e-124 	3.855760e-11 	8.881784e-16 	0.000000e+00
7834 	1.000000e-05 	1.094298e+05 	2.533964e-124 	3.855760e-11 	8.881784e-16 	0.000000e+00
7835 	1.000000e-05 	1.094298e+05 	2.533964e-124 	3.855760e-11 	8.881784e-16 	0.000000e+00
7836 	1.000000e-05 	1.094298e+05 	2.533964e-124 	3.855760e-11 	8.881784e-16 	0.000000e+00
7837 	1.000000e-05 	1.094298e+05 	2.533964e-124 	3.855760e-11 	8.881784e-16 	0.000000e+00
7838 	1.000000e-05 	1.094298e+05 	2.533964e-124 	3.855760e-11 	8.881784e-16 	0.000000e+00
7839 	1.000000e-05 	1.094298e+05 	2.533964e-124 	3.855760e-11 	8.881784e-16 	0.000000e+00
7840 	1.000000e-05 	1.094298e+05 	2.533964e-124 	3.855760e-11 	8.881784e-16 	0.000000e+00
7841 	1.000000e-05 	1.094298e+05 	2.533964e-124 	3.855760e-11 	8.881784e-16 	0.000000e+00
7842 	1.000000e-05 	1.094298e+05 	2.533964e-124 	3.855760e-11 	8.881784e-16 	0.000000e+00
7843 	1.000000e-05 	1.094298e+05 	2.533964e-124 	3.855760e-11 	8.881784e-16 	0.000000e+00
7844 	1.000000e-05 	1.094298e+05 	2.533964e-124 	3.855760e-11 	8.881784e-16 	0.000000e+00
7845 	1.000000e-05 	1.094298e+05 	2.533964e-124 	3.855760e-11 	8.881784e-16 	0.000000e+00
7846 	1.000000e-05 	1.094298e+05 	2.533964e-124 	3.855760e-11 	8.881784e-16 	0.000000e+00
7847 	1.000000e-05 	1.094298e+05 	2.533964e-124 	3.855760e-11 	8.881784e-16 	0.000000e+00
7848 	1.000000e-05 	1.094298e+05 	2.533964e-124 	3.855760e-11 	8.881784e-16 	0.000000e+00
7849 	1.000000e-05 	1.094298e+05 	2.533964e-124 	3.855760e-11 	8.881784e-16 	0.000000e+00
7850 	1.000000e-05 	1.094298e+05 	2.533964e-124 	3.855760e-11 	8.881784e-16 	0.000000e+00
7851 	1.000000e-05 	1.094298e+05 	2.533964e-124 	3.855760e-11 	8.881784e-16 	0.000000e+00
7852 	1.000000e-05 	1.094298e+05 	2.533964e-124 	3.855760e-11 	8.881784e-16 	0.000000e+00
7853 	1.000000e-05 	1.094298e+05 	2.533964e-124 	3.855760e-11 	8.881784e-16 	0.000000e+00
7854 	1.000000e-05 	1.094298e+05 	2.533964e-124 	3.855760e-11 	8.881784e-16 	0.000000e+00
7855 	1.000000e-05 	1.094298e+05 	2.533964e-124 	3.855760e-11 	8.881784e-16 	0.000000e+00
7856 	1.000000e-05 	1.094298e+05 	2.533964e-124 	3.855760e-11 	8.881784e-16 	0.000000e+00
7857 	1.000000e-05 	1.094298e+05 	2.533964e-124 	3.855760e-11 	8.881784e-16 	0.000000e+00
7858 	1.000000e-05 	1.094298e+05 	2.533964e-124 	3.855760e-11 	8.881784e-16 	0.000000e+00
7859 	1.000000e-05 	1.094298e+05 	2.533964e-124 	3.855760e-11 	8.881784e-16 	0.000000e+00
7860 	1.000000e-05 	1.094298e+05 	2.533964e-124 	3.855760e-11 	8.881784e-16 	0.000000e+00
7861 	1.000000e-05 	1.094298e+05 	2.533964e-124 	3.855760e-11 	8.881784e-16 	0.000000e+00
7862 	1.000000e-05 	1.094298e+05 	2.533964e-124 	3.855760e-11 	8.881784e-16 	0.000000e+00
7863 	1.000000e-05 	1.094298e+05 	2.533964e-124 	3.855760e-11 	8.881784e-16 	0.000000e+00
7864 	1.000000e-05 	1.094298e+05 	2.533964e-124 	3.855760e-11 	8.881784e-16 	0.000000e+00
7865 	1.000000e-05 	1.094298e+05 	2.533964e-124 	3.855760e-11 	8.881784e-16 	0.000000e+00
7866 	1.000000e-05 	1.094298e+05 	2.533964e-124 	3.855760e-11 	8.881784e-16 	0.000000e+00
7867 	1.000000e-05 	1.094298e+05 	2.533964e-124 	3.855760e-11 	8.881784e-16 	0.000000e+00
7868 	1.000000e-05 	1.094298e+05 	2.533964e-124 	3.855760e-11 	8.881784e-16 	0.000000e+00
7869 	1.000000e-05 	1.094298e+05 	2.533964e-124 	3.855760e-11 	8.881784e-16 	0.000000e+00
7870 	1.000000e-05 	1.094298e+05 	2.533964e-124 	3.855760e-11 	8.881784e-16 	0.000000e+00
7871 	1.000000e-05 	1.094298e+05 	2.533964e-124 	3.855760e-11 	8.881784e-16 	0.000000e+00
7872 	1.000000e-05 	1.094298e+05 	2.533964e-124 	3.855760e-11 	8.881784e-16 	0.000000e+00
7873 	1.000000e-05 	1.094298e+05 	2.533964e-124 	3.855760e-11 	8.881784e-16 	0.000000e+00
7874 	1.000000e-05 	1.094298e+05 	2.533964e-124 	3.855760e-11 	8.881784e-16 	0.000000e+00
7875 	1.000000e-05 	1.094298e+05 	2.533964e-124 	3.855760e-11 	8.881784e-16 	0.000000e+00
7876 	1.000000e-05 	1.094298e+05 	2.533964e-124 	3.855760e-11 	8.881784e-16 	0.000000e+00
7877 	1.000000e-05 	1.094298e+05 	2.533964e-124 	3.855760e-11 	8.881784e-16 	0.000000e+00
7878 	1.000000e-05 	1.094298e+05 	2.533964e-124 	3.855760e-11 	8.881784e-16 	0.000000e+00
7879 	1.000000e-05 	1.094298e+05 	2.533964e-124 	3.855760e-11 	8.881784e-16 	0.000000e+00
7880 	1.000000e-05 	1.094298e+05 	2.533964e-124 	3.855760e-11 	8.881784e-16 	0.000000e+00
7881 	1.000000e-05 	1.094298e+05 	2.533964e-124 	3.855760e-11 	8.881784e-16 	0.000000e+00
7882 	1.000000e-05 	1.094298e+05 	2.533964e-124 	3.855760e-11 	8.881784e-16 	0.000000e+00
7883 	1.000000e-05 	1.094298e+05 	2.533964e-124 	3.855760e-11 	8.881784e-16 	0.000000e+00
7884 	1.000000e-05 	1.094298e+05 	2.533964e-124 	3.855760e-11 	8.881784e-16 	0.000000e+00
7885 	1.000000e-05 	1.094298e+05 	2.533964e-124 	3.855760e-11 	8.881784e-16 	0.000000e+00
7886 	1.000000e-05 	1.094298e+05 	2.533964e-124 	3.855760e-11 	8.881784e-16 	0.000000e+00
7887 	1.000000e-05 	1.094298e+05 	2.533964e-124 	3.855760e-11 	8.881784e-16 	0.000000e+00
7888 	1.000000e-05 	1.094298e+05 	2.533964e-124 	3.855760e-11 	8.881784e-16 	0.000000e+00
7889 	1.000000e-05 	1.094298e+05 	2.533964e-124 	3.855760e-11 	8.881784e-16 	0.000000e+00
7890 	1.000000e-05 	1.094298e+05 	2.533964e-124 	3.855760e-11 	8.881784e-16 	0.000000e+00
7891 	1.000000e-05 	1.094298e+05 	2.533964e-124 	3.855760e-11 	8.881784e-16 	0.000000e+00
7892 	1.000000e-05 	1.094298e+05 	2.533964e-124 	3.855760e-11 	8.881784e-16 	0.000000e+00
7893 	1.000000e-05 	1.094298e+05 	2.533964e-124 	3.855760e-11 	8.881784e-16 	0.000000e+00
7894 	1.000000e-05 	1.094298e+05 	2.533964e-124 	3.855760e-11 	8.881784e-16 	0.000000e+00
7895 	1.000000e-05 	1.094298e+05 	2.533964e-124 	3.855760e-11 	8.881784e-16 	0.000000e+00
7896 	1.000000e-05 	1.094298e+05 	2.533964e-124 	3.855760e-11 	8.881784e-16 	0.000000e+00
7897 	1.000000e-05 	1.094298e+05 	2.533964e-124 	3.855760e-11 	8.881784e-16 	0.000000e+00
7898 	1.000000e-05 	1.094298e+05 	2.533964e-124 	3.855760e-11 	8.881784e-16 	0.000000e+00
7899 	1.000000e-05 	1.094298e+05 	2.533964e-124 	3.855760e-11 	8.881784e-16 	0.000000e+00
7900 	1.000000e-05 	1.094298e+05 	2.533964e-124 	3.855760e-11 	8.881784e-16 	0.000000e+00
7901 	1.000000e-05 	1.094298e+05 	2.533964e-124 	3.855760e-11 	8.881784e-16 	0.000000e+00
7902 	1.000000e-05 	1.094298e+05 	2.533964e-124 	3.855760e-11 	8.881784e-16 	0.000000e+00
7903 	1.000000e-05 	1.094298e+05 	2.533964e-124 	3.855760e-11 	8.881784e-16 	0.000000e+00
7904 	1.000000e-05 	1.094298e+05 	2.533964e-124 	3.855760e-11 	8.881784e-16 	0.000000e+00
7905 	1.000000e-05 	1.094298e+05 	2.533964e-124 	3.855760e-11 	8.881784e-16 	0.000000e+00
7906 	1.000000e-05 	1.094298e+05 	2.533964e-124 	3.855760e-11 	8.881784e-16 	0.000000e+00
7907 	1.000000e-05 	1.094298e+05 	2.533964e-124 	3.855760e-11 	8.881784e-16 	0.000000e+00
7908 	1.000000e-05 	1.094298e+05 	2.533964e-124 	3.855760e-11 	8.881784e-16 	0.000000e+00
7909 	1.000000e-05 	1.094298e+05 	2.533964e-124 	3.855760e-11 	8.881784e-16 	0.000000e+00
7910 	1.000000e-05 	1.094298e+05 	2.533964e-124 	3.855760e-11 	8.881784e-16 	0.000000e+00
7911 	1.000000e-05 	1.094298e+05 	2.533964e-124 	3.855760e-11 	8.881784e-16 	0.000000e+00
7912 	1.000000e-05 	1.094298e+05 	2.533964e-124 	3.855760e-11 	8.881784e-16 	0.000000e+00
7913 	1.000000e-05 	1.094298e+05 	2.533964e-124 	3.855760e-11 	8.881784e-16 	0.000000e+00
7914 	1.000000e-05 	1.094298e+05 	2.533964e-124 	3.855760e-11 	8.881784e-16 	0.000000e+00
7915 	1.000000e-05 	1.094298e+05 	2.533964e-124 	3.855760e-11 	8.881784e-16 	0.000000e+00
7916 	1.000000e-05 	1.094298e+05 	2.533964e-124 	3.855760e-11 	8.881784e-16 	0.000000e+00
7917 	1.000000e-05 	1.094298e+05 	2.533964e-124 	3.855760e-11 	8.881784e-16 	0.000000e+00
7918 	1.000000e-05 	1.094298e+05 	2.533964e-124 	3.855760e-11 	8.881784e-16 	0.000000e+00
7919 	1.000000e-05 	1.094298e+05 	2.533964e-124 	3.855760e-11 	8.881784e-16 	0.000000e+00
7920 	1.000000e-05 	1.094298e+05 	2.533964e-124 	3.855760e-11 	8.881784e-16 	0.000000e+00
7921 	1.000000e-05 	1.094298e+05 	2.533964e-124 	3.855760e-11 	8.881784e-16 	0.000000e+00
7922 	1.000000e-05 	1.094298e+05 	2.533964e-124 	3.855760e-11 	8.881784e-16 	0.000000e+00
7923 	1.000000e-05 	1.094298e+05 	2.533964e-124 	3.855760e-11 	8.881784e-16 	0.000000e+00
7924 	1.000000e-05 	1.094298e+05 	2.533964e-124 	3.855760e-11 	8.881784e-16 	0.000000e+00
7925 	1.000000e-05 	1.094298e+05 	2.533964e-124 	3.855760e-11 	8.881784e-16 	0.000000e+00
7926 	1.000000e-05 	1.094298e+05 	2.533964e-124 	3.855760e-11 	8.881784e-16 	0.000000e+00
7927 	1.000000e-05 	1.094298e+05 	2.533964e-124 	3.855760e-11 	8.881784e-16 	0.000000e+00
7928 	1.000000e-05 	1.094298e+05 	2.533964e-124 	3.855760e-11 	8.881784e-16 	0.000000e+00
7929 	1.000000e-05 	1.094298e+05 	2.533964e-124 	3.855760e-11 	8.881784e-16 	0.000000e+00
7930 	1.000000e-05 	1.094298e+05 	2.533964e-124 	3.855760e-11 	8.881784e-16 	0.000000e+00
7931 	1.000000e-05 	1.094298e+05 	2.533964e-124 	3.855760e-11 	8.881784e-16 	0.000000e+00
7932 	1.000000e-05 	1.094298e+05 	2.533964e-124 	3.855760e-11 	8.881784e-16 	0.000000e+00
7933 	1.000000e-05 	1.094298e+05 	2.533964e-124 	3.855760e-11 	8.881784e-16 	0.000000e+00
7934 	1.000000e-05 	1.094298e+05 	2.533964e-124 	3.855760e-11 	8.881784e-16 	0.000000e+00
7935 	1.000000e-05 	1.094298e+05 	2.533964e-124 	3.855760e-11 	8.881784e-16 	0.000000e+00
7936 	1.000000e-05 	1.094298e+05 	2.533964e-124 	3.855760e-11 	8.881784e-16 	0.000000e+00
7937 	1.000000e-05 	1.094298e+05 	2.533964e-124 	3.855760e-11 	8.881784e-16 	0.000000e+00
7938 	1.000000e-05 	1.094298e+05 	2.533964e-124 	3.855760e-11 	8.881784e-16 	0.000000e+00
7939 	1.000000e-05 	1.094298e+05 	2.533964e-124 	3.855760e-11 	8.881784e-16 	0.000000e+00
7940 	1.000000e-05 	1.094298e+05 	2.533964e-124 	3.855760e-11 	8.881784e-16 	0.000000e+00
7941 	1.000000e-05 	1.094298e+05 	2.533964e-124 	3.855760e-11 	8.881784e-16 	0.000000e+00
7942 	1.000000e-05 	1.094298e+05 	2.533964e-124 	3.855760e-11 	8.881784e-16 	0.000000e+00
7943 	1.000000e-05 	1.094298e+05 	2.533964e-124 	3.855760e-11 	8.881784e-16 	0.000000e+00
7944 	1.000000e-05 	1.094298e+05 	2.533964e-124 	3.855760e-11 	8.881784e-16 	0.000000e+00
7945 	1.000000e-05 	1.094298e+05 	2.533964e-124 	3.855760e-11 	8.881784e-16 	0.000000e+00
7946 	1.000000e-05 	1.094298e+05 	2.533964e-124 	3.855760e-11 	8.881784e-16 	0.000000e+00
7947 	1.000000e-05 	1.094298e+05 	2.533964e-124 	3.855760e-11 	8.881784e-16 	0.000000e+00
7948 	1.000000e-05 	1.094298e+05 	2.533964e-124 	3.855760e-11 	8.881784e-16 	0.000000e+00
7949 	1.000000e-05 	1.094298e+05 	2.533964e-124 	3.855760e-11 	8.881784e-16 	0.000000e+00
7950 	1.000000e-05 	1.094298e+05 	2.533964e-124 	3.855760e-11 	8.881784e-16 	0.000000e+00
7951 	1.000000e-05 	1.094298e+05 	2.533964e-124 	3.855760e-11 	8.881784e-16 	0.000000e+00
7952 	1.000000e-05 	1.094298e+05 	2.533964e-124 	3.855760e-11 	8.881784e-16 	0.000000e+00
7953 	1.000000e-05 	1.094298e+05 	2.533964e-124 	3.855760e-11 	8.881784e-16 	0.000000e+00
7954 	1.000000e-05 	1.094298e+05 	2.533964e-124 	3.855760e-11 	8.881784e-16 	0.000000e+00
7955 	1.000000e-05 	1.094298e+05 	2.533964e-124 	3.855760e-11 	8.881784e-16 	0.000000e+00
7956 	1.000000e-05 	1.094298e+05 	2.533964e-124 	3.855760e-11 	8.881784e-16 	0.000000e+00
7957 	1.000000e-05 	1.094298e+05 	2.533964e-124 	3.855760e-11 	8.881784e-16 	0.000000e+00
7958 	1.000000e-05 	1.094298e+05 	2.533964e-124 	3.855760e-11 	8.881784e-16 	0.000000e+00
7959 	1.000000e-05 	1.094298e+05 	2.533964e-124 	3.855760e-11 	8.881784e-16 	0.000000e+00
7960 	1.000000e-05 	1.094298e+05 	2.533964e-124 	3.855760e-11 	8.881784e-16 	0.000000e+00
7961 	1.000000e-05 	1.094298e+05 	2.533964e-124 	3.855760e-11 	8.881784e-16 	0.000000e+00
7962 	1.000000e-05 	1.094298e+05 	2.533964e-124 	3.855760e-11 	8.881784e-16 	0.000000e+00
7963 	1.000000e-05 	1.094298e+05 	2.533964e-124 	3.855760e-11 	8.881784e-16 	0.000000e+00
7964 	1.000000e-05 	1.094298e+05 	2.533964e-124 	3.855760e-11 	8.881784e-16 	0.000000e+00
7965 	1.000000e-05 	1.094298e+05 	2.533964e-124 	3.855760e-11 	8.881784e-16 	0.000000e+00
7966 	1.000000e-05 	1.094298e+05 	2.533964e-124 	3.855760e-11 	8.881784e-16 	0.000000e+00
7967 	1.000000e-05 	1.094298e+05 	2.533964e-124 	3.855760e-11 	8.881784e-16 	0.000000e+00
7968 	1.000000e-05 	1.094298e+05 	2.533964e-124 	3.855760e-11 	8.881784e-16 	0.000000e+00
7969 	1.000000e-05 	1.094298e+05 	2.533964e-124 	3.855760e-11 	8.881784e-16 	0.000000e+00
7970 	1.000000e-05 	1.094298e+05 	2.533964e-124 	3.855760e-11 	8.881784e-16 	0.000000e+00
7971 	1.000000e-05 	1.094298e+05 	2.533964e-124 	3.855760e-11 	8.881784e-16 	0.000000e+00
7972 	1.000000e-05 	1.094298e+05 	2.533964e-124 	3.855760e-11 	8.881784e-16 	0.000000e+00
7973 	1.000000e-05 	1.094298e+05 	2.533964e-124 	3.855760e-11 	8.881784e-16 	0.000000e+00
7974 	1.000000e-05 	1.094298e+05 	2.533964e-124 	3.855760e-11 	8.881784e-16 	0.000000e+00
7975 	1.000000e-05 	1.094298e+05 	2.533964e-124 	3.855760e-11 	8.881784e-16 	0.000000e+00
7976 	1.000000e-05 	1.094298e+05 	2.533964e-124 	3.855760e-11 	8.881784e-16 	0.000000e+00
7977 	1.000000e-05 	1.094298e+05 	2.533964e-124 	3.855760e-11 	8.881784e-16 	0.000000e+00
7978 	1.000000e-05 	1.094298e+05 	2.533964e-124 	3.855760e-11 	8.881784e-16 	0.000000e+00
7979 	1.000000e-05 	1.094298e+05 	2.533964e-124 	3.855760e-11 	8.881784e-16 	0.000000e+00
7980 	1.000000e-05 	1.094298e+05 	2.533964e-124 	3.855760e-11 	8.881784e-16 	0.000000e+00
7981 	1.000000e-05 	1.094298e+05 	2.533964e-124 	3.855760e-11 	8.881784e-16 	0.000000e+00
7982 	1.000000e-05 	1.094298e+05 	2.533964e-124 	3.855760e-11 	8.881784e-16 	0.000000e+00
7983 	1.000000e-05 	1.094298e+05 	2.533964e-124 	3.855760e-11 	8.881784e-16 	0.000000e+00
7984 	1.000000e-05 	1.094298e+05 	2.533964e-124 	3.855760e-11 	8.881784e-16 	0.000000e+00
7985 	1.000000e-05 	1.094298e+05 	2.533964e-124 	3.855760e-11 	8.881784e-16 	0.000000e+00
7986 	1.000000e-05 	1.094298e+05 	2.533964e-124 	3.855760e-11 	8.881784e-16 	0.000000e+00
7987 	1.000000e-05 	1.094298e+05 	2.533964e-124 	3.855760e-11 	8.881784e-16 	0.000000e+00
7988 	1.000000e-05 	1.094298e+05 	2.533964e-124 	3.855760e-11 	8.881784e-16 	0.000000e+00
7989 	1.000000e-05 	1.094298e+05 	2.533964e-124 	3.855760e-11 	8.881784e-16 	0.000000e+00
7990 	1.000000e-05 	1.094298e+05 	2.533964e-124 	3.855760e-11 	8.881784e-16 	0.000000e+00
7991 	1.000000e-05 	1.094298e+05 	2.533964e-124 	3.855760e-11 	8.881784e-16 	0.000000e+00
7992 	1.000000e-05 	1.094298e+05 	2.533964e-124 	3.855760e-11 	8.881784e-16 	0.000000e+00
7993 	1.000000e-05 	1.094298e+05 	2.533964e-124 	3.855760e-11 	8.881784e-16 	0.000000e+00
7994 	1.000000e-05 	1.094298e+05 	2.533964e-124 	3.855760e-11 	8.881784e-16 	0.000000e+00
7995 	1.000000e-05 	1.094298e+05 	2.533964e-124 	3.855760e-11 	8.881784e-16 	0.000000e+00
7996 	1.000000e-05 	1.094298e+05 	2.533964e-124 	3.855760e-11 	8.881784e-16 	0.000000e+00
7997 	1.000000e-05 	1.094298e+05 	2.533964e-124 	3.855760e-11 	8.881784e-16 	0.000000e+00
7998 	1.000000e-05 	1.094298e+05 	2.533964e-124 	3.855760e-11 	8.881784e-16 	0.000000e+00
7999 	1.000000e-05 	1.094298e+05 	2.533964e-124 	3.855760e-11 	8.881784e-16 	0.000000e+00
8000 	1.000000e-05 	1.094298e+05 	2.533964e-124 	3.855760e-11 	8.881784e-16 	0.000000e+00
8001 	1.000000e-05 	1.094298e+05 	2.533964e-124 	3.855760e-11 	8.881784e-16 	0.000000e+00
8002 	1.000000e-05 	1.094298e+05 	2.533964e-124 	3.855760e-11 	8.881784e-16 	0.000000e+00
8003 	1.000000e-05 	1.094298e+05 	2.533964e-124 	3.855760e-11 	8.881784e-16 	0.000000e+00
8004 	1.000000e-05 	1.094298e+05 	2.533964e-124 	3.855760e-11 	8.881784e-16 	0.000000e+00
8005 	1.000000e-05 	1.094298e+05 	2.533964e-124 	3.855760e-11 	8.881784e-16 	0.000000e+00
8006 	1.000000e-05 	1.094298e+05 	2.533964e-124 	3.855760e-11 	8.881784e-16 	0.000000e+00
8007 	1.000000e-05 	1.094298e+05 	2.533964e-124 	3.855760e-11 	8.881784e-16 	0.000000e+00
8008 	1.000000e-05 	1.094298e+05 	2.533964e-124 	3.855760e-11 	8.881784e-16 	0.000000e+00
8009 	1.000000e-05 	1.094298e+05 	2.533964e-124 	3.855760e-11 	8.881784e-16 	0.000000e+00
8010 	1.000000e-05 	1.094298e+05 	2.533964e-124 	3.855760e-11 	8.881784e-16 	0.000000e+00
8011 	1.000000e-05 	1.094298e+05 	2.533964e-124 	3.855760e-11 	8.881784e-16 	0.000000e+00
8012 	1.000000e-05 	1.094298e+05 	2.533964e-124 	3.855760e-11 	8.881784e-16 	0.000000e+00
8013 	1.000000e-05 	1.094298e+05 	2.533964e-124 	3.855760e-11 	8.881784e-16 	0.000000e+00
8014 	1.000000e-05 	1.094298e+05 	2.533964e-124 	3.855760e-11 	8.881784e-16 	0.000000e+00
8015 	1.000000e-05 	1.094298e+05 	2.533964e-124 	3.855760e-11 	8.881784e-16 	0.000000e+00
8016 	1.000000e-05 	1.094298e+05 	2.533964e-124 	3.855760e-11 	8.881784e-16 	0.000000e+00
8017 	1.000000e-05 	1.094298e+05 	2.533964e-124 	3.855760e-11 	8.881784e-16 	0.000000e+00
8018 	1.000000e-05 	1.094298e+05 	2.533964e-124 	3.855760e-11 	8.881784e-16 	0.000000e+00
8019 	1.000000e-05 	1.094298e+05 	2.533964e-124 	3.855760e-11 	8.881784e-16 	0.000000e+00
8020 	1.000000e-05 	1.094298e+05 	2.533964e-124 	3.855760e-11 	8.881784e-16 	0.000000e+00
8021 	1.000000e-05 	1.094298e+05 	2.533964e-124 	3.855760e-11 	8.881784e-16 	0.000000e+00
8022 	1.000000e-05 	1.094298e+05 	2.533964e-124 	3.855760e-11 	8.881784e-16 	0.000000e+00
8023 	1.000000e-05 	1.094298e+05 	2.533964e-124 	3.855760e-11 	8.881784e-16 	0.000000e+00
8024 	1.000000e-05 	1.094298e+05 	2.533964e-124 	3.855760e-11 	8.881784e-16 	0.000000e+00
8025 	1.000000e-05 	1.094298e+05 	2.533964e-124 	3.855760e-11 	8.881784e-16 	0.000000e+00
8026 	1.000000e-05 	1.094298e+05 	2.533964e-124 	3.855760e-11 	8.881784e-16 	0.000000e+00
8027 	1.000000e-05 	1.094298e+05 	2.533964e-124 	3.855760e-11 	8.881784e-16 	0.000000e+00
8028 	1.000000e-05 	1.094298e+05 	2.533964e-124 	3.855760e-11 	8.881784e-16 	0.000000e+00
8029 	1.000000e-05 	1.094298e+05 	2.533964e-124 	3.855760e-11 	8.881784e-16 	0.000000e+00
8030 	1.000000e-05 	1.094298e+05 	2.533964e-124 	3.855760e-11 	8.881784e-16 	0.000000e+00
8031 	1.000000e-05 	1.094298e+05 	2.533964e-124 	3.855760e-11 	8.881784e-16 	0.000000e+00
8032 	1.000000e-05 	1.094298e+05 	2.533964e-124 	3.855760e-11 	8.881784e-16 	0.000000e+00
8033 	1.000000e-05 	1.094298e+05 	2.533964e-124 	3.855760e-11 	8.881784e-16 	0.000000e+00
8034 	1.000000e-05 	1.094298e+05 	2.533964e-124 	3.855760e-11 	8.881784e-16 	0.000000e+00
8035 	1.000000e-05 	1.094298e+05 	2.533964e-124 	3.855760e-11 	8.881784e-16 	0.000000e+00
8036 	1.000000e-05 	1.094298e+05 	2.533964e-124 	3.855760e-11 	8.881784e-16 	0.000000e+00
8037 	1.000000e-05 	1.094298e+05 	2.533964e-124 	3.855760e-11 	8.881784e-16 	0.000000e+00
8038 	1.000000e-05 	1.094298e+05 	2.533964e-124 	3.855760e-11 	8.881784e-16 	0.000000e+00
8039 	1.000000e-05 	1.094298e+05 	2.533964e-124 	3.855760e-11 	8.881784e-16 	0.000000e+00
8040 	1.000000e-05 	1.094298e+05 	2.533964e-124 	3.855760e-11 	8.881784e-16 	0.000000e+00
8041 	1.000000e-05 	1.094298e+05 	2.533964e-124 	3.855760e-11 	8.881784e-16 	0.000000e+00
8042 	1.000000e-05 	1.094298e+05 	2.533964e-124 	3.855760e-11 	8.881784e-16 	0.000000e+00
8043 	1.000000e-05 	1.094298e+05 	2.533964e-124 	3.855760e-11 	8.881784e-16 	0.000000e+00
8044 	1.000000e-05 	1.094298e+05 	2.533964e-124 	3.855760e-11 	8.881784e-16 	0.000000e+00
8045 	1.000000e-05 	1.094298e+05 	2.533964e-124 	3.855760e-11 	8.881784e-16 	0.000000e+00
8046 	1.000000e-05 	1.094298e+05 	2.533964e-124 	3.855760e-11 	8.881784e-16 	0.000000e+00
8047 	1.000000e-05 	1.094298e+05 	2.533964e-124 	3.855760e-11 	8.881784e-16 	0.000000e+00
8048 	1.000000e-05 	1.094298e+05 	2.533964e-124 	3.855760e-11 	8.881784e-16 	0.000000e+00
8049 	1.000000e-05 	1.094298e+05 	2.533964e-124 	3.855760e-11 	8.881784e-16 	0.000000e+00
8050 	1.000000e-05 	1.094298e+05 	2.533964e-124 	3.855760e-11 	8.881784e-16 	0.000000e+00
8051 	1.000000e-05 	1.094298e+05 	2.533964e-124 	3.855760e-11 	8.881784e-16 	0.000000e+00
8052 	1.000000e-05 	1.094298e+05 	2.533964e-124 	3.855760e-11 	8.881784e-16 	0.000000e+00
8053 	1.000000e-05 	1.094298e+05 	2.533964e-124 	3.855760e-11 	8.881784e-16 	0.000000e+00
8054 	1.000000e-05 	1.094298e+05 	2.533964e-124 	3.855760e-11 	8.881784e-16 	0.000000e+00
8055 	1.000000e-05 	1.094298e+05 	2.533964e-124 	3.855760e-11 	8.881784e-16 	0.000000e+00
8056 	1.000000e-05 	1.094298e+05 	2.533964e-124 	3.855760e-11 	8.881784e-16 	0.000000e+00
8057 	1.000000e-05 	1.094298e+05 	2.533964e-124 	3.855760e-11 	8.881784e-16 	0.000000e+00
8058 	1.000000e-05 	1.094298e+05 	2.533964e-124 	3.855760e-11 	8.881784e-16 	0.000000e+00
8059 	1.000000e-05 	1.094298e+05 	2.533964e-124 	3.855760e-11 	8.881784e-16 	0.000000e+00
8060 	1.000000e-05 	1.094298e+05 	2.533964e-124 	3.855760e-11 	8.881784e-16 	0.000000e+00
8061 	1.000000e-05 	1.094298e+05 	2.533964e-124 	3.855760e-11 	8.881784e-16 	0.000000e+00
8062 	1.000000e-05 	1.094298e+05 	2.533964e-124 	3.855760e-11 	8.881784e-16 	0.000000e+00
8063 	1.000000e-05 	1.094298e+05 	2.533964e-124 	3.855760e-11 	8.881784e-16 	0.000000e+00
8064 	1.000000e-05 	1.094298e+05 	2.533964e-124 	3.855760e-11 	8.881784e-16 	0.000000e+00
8065 	1.000000e-05 	1.094298e+05 	2.533964e-124 	3.855760e-11 	8.881784e-16 	0.000000e+00
8066 	1.000000e-05 	1.094298e+05 	2.533964e-124 	3.855760e-11 	8.881784e-16 	0.000000e+00
8067 	1.000000e-05 	1.094298e+05 	2.533964e-124 	3.855760e-11 	8.881784e-16 	0.000000e+00
8068 	1.000000e-05 	1.094298e+05 	2.533964e-124 	3.855760e-11 	8.881784e-16 	0.000000e+00
8069 	1.000000e-05 	1.094298e+05 	2.533964e-124 	3.855760e-11 	8.881784e-16 	0.000000e+00
8070 	1.000000e-05 	1.094298e+05 	2.533964e-124 	3.855760e-11 	8.881784e-16 	0.000000e+00
8071 	1.000000e-05 	1.094298e+05 	2.533964e-124 	3.855760e-11 	8.881784e-16 	0.000000e+00
8072 	1.000000e-05 	1.094298e+05 	2.533964e-124 	3.855760e-11 	8.881784e-16 	0.000000e+00
8073 	1.000000e-05 	1.094298e+05 	2.533964e-124 	3.855760e-11 	8.881784e-16 	0.000000e+00
8074 	1.000000e-05 	1.094298e+05 	2.533964e-124 	3.855760e-11 	8.881784e-16 	0.000000e+00
8075 	1.000000e-05 	1.094298e+05 	2.533964e-124 	3.855760e-11 	8.881784e-16 	0.000000e+00
8076 	1.000000e-05 	1.094298e+05 	2.533964e-124 	3.855760e-11 	8.881784e-16 	0.000000e+00
8077 	1.000000e-05 	1.094298e+05 	2.533964e-124 	3.855760e-11 	8.881784e-16 	0.000000e+00
8078 	1.000000e-05 	1.094298e+05 	2.533964e-124 	3.855760e-11 	8.881784e-16 	0.000000e+00
8079 	1.000000e-05 	1.094298e+05 	2.533964e-124 	3.855760e-11 	8.881784e-16 	0.000000e+00
8080 	1.000000e-05 	1.094298e+05 	2.533964e-124 	3.855760e-11 	8.881784e-16 	0.000000e+00
8081 	1.000000e-05 	1.094298e+05 	2.533964e-124 	3.855760e-11 	8.881784e-16 	0.000000e+00
8082 	1.000000e-05 	1.094298e+05 	2.533964e-124 	3.855760e-11 	8.881784e-16 	0.000000e+00
8083 	1.000000e-05 	1.094298e+05 	2.533964e-124 	3.855760e-11 	8.881784e-16 	0.000000e+00
8084 	1.000000e-05 	1.094298e+05 	2.533964e-124 	3.855760e-11 	8.881784e-16 	0.000000e+00
8085 	1.000000e-05 	1.094298e+05 	2.533964e-124 	3.855760e-11 	8.881784e-16 	0.000000e+00
8086 	1.000000e-05 	1.094298e+05 	2.533964e-124 	3.855760e-11 	8.881784e-16 	0.000000e+00
8087 	1.000000e-05 	1.094298e+05 	2.533964e-124 	3.855760e-11 	8.881784e-16 	0.000000e+00
8088 	1.000000e-05 	1.094298e+05 	2.533964e-124 	3.855760e-11 	8.881784e-16 	0.000000e+00
8089 	1.000000e-05 	1.094298e+05 	2.533964e-124 	3.855760e-11 	8.881784e-16 	0.000000e+00
8090 	1.000000e-05 	1.094298e+05 	2.533964e-124 	3.855760e-11 	8.881784e-16 	0.000000e+00
8091 	1.000000e-05 	1.094298e+05 	2.533964e-124 	3.855760e-11 	8.881784e-16 	0.000000e+00
8092 	1.000000e-05 	1.094298e+05 	2.533964e-124 	3.855760e-11 	8.881784e-16 	0.000000e+00
8093 	1.000000e-05 	1.094298e+05 	2.533964e-124 	3.855760e-11 	8.881784e-16 	0.000000e+00
8094 	1.000000e-05 	1.094298e+05 	2.533964e-124 	3.855760e-11 	8.881784e-16 	0.000000e+00
8095 	1.000000e-05 	1.094298e+05 	2.533964e-124 	3.855760e-11 	8.881784e-16 	0.000000e+00
8096 	1.000000e-05 	1.094298e+05 	2.533964e-124 	3.855760e-11 	8.881784e-16 	0.000000e+00
8097 	1.000000e-05 	1.094298e+05 	2.533964e-124 	3.855760e-11 	8.881784e-16 	0.000000e+00
8098 	1.000000e-05 	1.094298e+05 	2.533964e-124 	3.855760e-11 	8.881784e-16 	0.000000e+00
8099 	1.000000e-05 	1.094298e+05 	2.533964e-124 	3.855760e-11 	8.881784e-16 	0.000000e+00
8100 	1.000000e-05 	1.094298e+05 	2.533964e-124 	3.855760e-11 	8.881784e-16 	0.000000e+00
8101 	1.000000e-05 	1.094298e+05 	2.533964e-124 	3.855760e-11 	8.881784e-16 	0.000000e+00
8102 	1.000000e-05 	1.094298e+05 	2.533964e-124 	3.855760e-11 	8.881784e-16 	0.000000e+00
8103 	1.000000e-05 	1.094298e+05 	2.533964e-124 	3.855760e-11 	8.881784e-16 	0.000000e+00
8104 	1.000000e-05 	1.094298e+05 	2.533964e-124 	3.855760e-11 	8.881784e-16 	0.000000e+00
8105 	1.000000e-05 	1.094298e+05 	2.533964e-124 	3.855760e-11 	8.881784e-16 	0.000000e+00
8106 	1.000000e-05 	1.094298e+05 	2.533964e-124 	3.855760e-11 	8.881784e-16 	0.000000e+00
8107 	1.000000e-05 	1.094298e+05 	2.533964e-124 	3.855760e-11 	8.881784e-16 	0.000000e+00
8108 	1.000000e-05 	1.094298e+05 	2.533964e-124 	3.855760e-11 	8.881784e-16 	0.000000e+00
8109 	1.000000e-05 	1.094298e+05 	2.533964e-124 	3.855760e-11 	8.881784e-16 	0.000000e+00
8110 	1.000000e-05 	1.094298e+05 	2.533964e-124 	3.855760e-11 	8.881784e-16 	0.000000e+00
8111 	1.000000e-05 	1.094298e+05 	2.533964e-124 	3.855760e-11 	8.881784e-16 	0.000000e+00
8112 	1.000000e-05 	1.094298e+05 	2.533964e-124 	3.855760e-11 	8.881784e-16 	0.000000e+00
8113 	1.000000e-05 	1.094298e+05 	2.533964e-124 	3.855760e-11 	8.881784e-16 	0.000000e+00
8114 	1.000000e-05 	1.094298e+05 	2.533964e-124 	3.855760e-11 	8.881784e-16 	0.000000e+00
8115 	1.000000e-05 	1.094298e+05 	2.533964e-124 	3.855760e-11 	8.881784e-16 	0.000000e+00
8116 	1.000000e-05 	1.094298e+05 	2.533964e-124 	3.855760e-11 	8.881784e-16 	0.000000e+00
8117 	1.000000e-05 	1.094298e+05 	2.533964e-124 	3.855760e-11 	8.881784e-16 	0.000000e+00
8118 	1.000000e-05 	1.094298e+05 	2.533964e-124 	3.855760e-11 	8.881784e-16 	0.000000e+00
8119 	1.000000e-05 	1.094298e+05 	2.533964e-124 	3.855760e-11 	8.881784e-16 	0.000000e+00
8120 	1.000000e-05 	1.094298e+05 	2.533964e-124 	3.855760e-11 	8.881784e-16 	0.000000e+00
8121 	1.000000e-05 	1.094298e+05 	2.533964e-124 	3.855760e-11 	8.881784e-16 	0.000000e+00
8122 	1.000000e-05 	1.094298e+05 	2.533964e-124 	3.855760e-11 	8.881784e-16 	0.000000e+00
8123 	1.000000e-05 	1.094298e+05 	2.533964e-124 	3.855760e-11 	8.881784e-16 	0.000000e+00
8124 	1.000000e-05 	1.094298e+05 	2.533964e-124 	3.855760e-11 	8.881784e-16 	0.000000e+00
8125 	1.000000e-05 	1.094298e+05 	2.533964e-124 	3.855760e-11 	8.881784e-16 	0.000000e+00
8126 	1.000000e-05 	1.094298e+05 	2.533964e-124 	3.855760e-11 	8.881784e-16 	0.000000e+00
8127 	1.000000e-05 	1.094298e+05 	2.533964e-124 	3.855760e-11 	8.881784e-16 	0.000000e+00
8128 	1.000000e-05 	1.094298e+05 	2.533964e-124 	3.855760e-11 	8.881784e-16 	0.000000e+00
8129 	1.000000e-05 	1.094298e+05 	2.533964e-124 	3.855760e-11 	8.881784e-16 	0.000000e+00
8130 	1.000000e-05 	1.094298e+05 	2.533964e-124 	3.855760e-11 	8.881784e-16 	0.000000e+00
8131 	1.000000e-05 	1.094298e+05 	2.533964e-124 	3.855760e-11 	8.881784e-16 	0.000000e+00
8132 	1.000000e-05 	1.094298e+05 	2.533964e-124 	3.855760e-11 	8.881784e-16 	0.000000e+00
8133 	1.000000e-05 	1.094298e+05 	2.533964e-124 	3.855760e-11 	8.881784e-16 	0.000000e+00
8134 	1.000000e-05 	1.094298e+05 	2.533964e-124 	3.855760e-11 	8.881784e-16 	0.000000e+00
8135 	1.000000e-05 	1.094298e+05 	2.533964e-124 	3.855760e-11 	8.881784e-16 	0.000000e+00
8136 	1.000000e-05 	1.094298e+05 	2.533964e-124 	3.855760e-11 	8.881784e-16 	0.000000e+00
8137 	1.000000e-05 	1.094298e+05 	2.533964e-124 	3.855760e-11 	8.881784e-16 	0.000000e+00
8138 	1.000000e-05 	1.094298e+05 	2.533964e-124 	3.855760e-11 	8.881784e-16 	0.000000e+00
8139 	1.000000e-05 	1.094298e+05 	2.533964e-124 	3.855760e-11 	8.881784e-16 	0.000000e+00
8140 	1.000000e-05 	1.094298e+05 	2.533964e-124 	3.855760e-11 	8.881784e-16 	0.000000e+00
8141 	1.000000e-05 	1.094298e+05 	2.533964e-124 	3.855760e-11 	8.881784e-16 	0.000000e+00
8142 	1.000000e-05 	1.094298e+05 	2.533964e-124 	3.855760e-11 	8.881784e-16 	0.000000e+00
8143 	1.000000e-05 	1.094298e+05 	2.533964e-124 	3.855760e-11 	8.881784e-16 	0.000000e+00
8144 	1.000000e-05 	1.094298e+05 	2.533964e-124 	3.855760e-11 	8.881784e-16 	0.000000e+00
8145 	1.000000e-05 	1.094298e+05 	2.533964e-124 	3.855760e-11 	8.881784e-16 	0.000000e+00
8146 	1.000000e-05 	1.094298e+05 	2.533964e-124 	3.855760e-11 	8.881784e-16 	0.000000e+00
8147 	1.000000e-05 	1.094298e+05 	2.533964e-124 	3.855760e-11 	8.881784e-16 	0.000000e+00
8148 	1.000000e-05 	1.094298e+05 	2.533964e-124 	3.855760e-11 	8.881784e-16 	0.000000e+00
8149 	1.000000e-05 	1.094298e+05 	2.533964e-124 	3.855760e-11 	8.881784e-16 	0.000000e+00
8150 	1.000000e-05 	1.094298e+05 	2.533964e-124 	3.855760e-11 	8.881784e-16 	0.000000e+00
8151 	1.000000e-05 	1.094298e+05 	2.533964e-124 	3.855760e-11 	8.881784e-16 	0.000000e+00
8152 	1.000000e-05 	1.094298e+05 	2.533964e-124 	3.855760e-11 	8.881784e-16 	0.000000e+00
8153 	1.000000e-05 	1.094298e+05 	2.533964e-124 	3.855760e-11 	8.881784e-16 	0.000000e+00
8154 	1.000000e-05 	1.094298e+05 	2.533964e-124 	3.855760e-11 	8.881784e-16 	0.000000e+00
8155 	1.000000e-05 	1.094298e+05 	2.533964e-124 	3.855760e-11 	8.881784e-16 	0.000000e+00
8156 	1.000000e-05 	1.094298e+05 	2.533964e-124 	3.855760e-11 	8.881784e-16 	0.000000e+00
8157 	1.000000e-05 	1.094298e+05 	2.533964e-124 	3.855760e-11 	8.881784e-16 	0.000000e+00
8158 	1.000000e-05 	1.094298e+05 	2.533964e-124 	3.855760e-11 	8.881784e-16 	0.000000e+00
8159 	1.000000e-05 	1.094298e+05 	2.533964e-124 	3.855760e-11 	8.881784e-16 	0.000000e+00
8160 	1.000000e-05 	1.094298e+05 	2.533964e-124 	3.855760e-11 	8.881784e-16 	0.000000e+00
8161 	1.000000e-05 	1.094298e+05 	2.533964e-124 	3.855760e-11 	8.881784e-16 	0.000000e+00
8162 	1.000000e-05 	1.094298e+05 	2.533964e-124 	3.855760e-11 	8.881784e-16 	0.000000e+00
8163 	1.000000e-05 	1.094298e+05 	2.533964e-124 	3.855760e-11 	8.881784e-16 	0.000000e+00
8164 	1.000000e-05 	1.094298e+05 	2.533964e-124 	3.855760e-11 	8.881784e-16 	0.000000e+00
8165 	1.000000e-05 	1.094298e+05 	2.533964e-124 	3.855760e-11 	8.881784e-16 	0.000000e+00
8166 	1.000000e-05 	1.094298e+05 	2.533964e-124 	3.855760e-11 	8.881784e-16 	0.000000e+00
8167 	1.000000e-05 	1.094298e+05 	2.533964e-124 	3.855760e-11 	8.881784e-16 	0.000000e+00
8168 	1.000000e-05 	1.094298e+05 	2.533964e-124 	3.855760e-11 	8.881784e-16 	0.000000e+00
8169 	1.000000e-05 	1.094298e+05 	2.533964e-124 	3.855760e-11 	8.881784e-16 	0.000000e+00
8170 	1.000000e-05 	1.094298e+05 	2.533964e-124 	3.855760e-11 	8.881784e-16 	0.000000e+00
8171 	1.000000e-05 	1.094298e+05 	2.533964e-124 	3.855760e-11 	8.881784e-16 	0.000000e+00
8172 	1.000000e-05 	1.094298e+05 	2.533964e-124 	3.855760e-11 	8.881784e-16 	0.000000e+00
8173 	1.000000e-05 	1.094298e+05 	2.533964e-124 	3.855760e-11 	8.881784e-16 	0.000000e+00
8174 	1.000000e-05 	1.094298e+05 	2.533964e-124 	3.855760e-11 	8.881784e-16 	0.000000e+00
8175 	1.000000e-05 	1.094298e+05 	2.533964e-124 	3.855760e-11 	8.881784e-16 	0.000000e+00
8176 	1.000000e-05 	1.094298e+05 	2.533964e-124 	3.855760e-11 	8.881784e-16 	0.000000e+00
8177 	1.000000e-05 	1.094298e+05 	2.533964e-124 	3.855760e-11 	8.881784e-16 	0.000000e+00
8178 	1.000000e-05 	1.094298e+05 	2.533964e-124 	3.855760e-11 	8.881784e-16 	0.000000e+00
8179 	1.000000e-05 	1.094298e+05 	2.533964e-124 	3.855760e-11 	8.881784e-16 	0.000000e+00
8180 	1.000000e-05 	1.094298e+05 	2.533964e-124 	3.855760e-11 	8.881784e-16 	0.000000e+00
8181 	1.000000e-05 	1.094298e+05 	2.533964e-124 	3.855760e-11 	8.881784e-16 	0.000000e+00
8182 	1.000000e-05 	1.094298e+05 	2.533964e-124 	3.855760e-11 	8.881784e-16 	0.000000e+00
8183 	1.000000e-05 	1.094298e+05 	2.533964e-124 	3.855760e-11 	8.881784e-16 	0.000000e+00
8184 	1.000000e-05 	1.094298e+05 	2.533964e-124 	3.855760e-11 	8.881784e-16 	0.000000e+00
8185 	1.000000e-05 	1.094298e+05 	2.533964e-124 	3.855760e-11 	8.881784e-16 	0.000000e+00
8186 	1.000000e-05 	1.094298e+05 	2.533964e-124 	3.855760e-11 	8.881784e-16 	0.000000e+00
8187 	1.000000e-05 	1.094298e+05 	2.533964e-124 	3.855760e-11 	8.881784e-16 	0.000000e+00
8188 	1.000000e-05 	1.094298e+05 	2.533964e-124 	3.855760e-11 	8.881784e-16 	0.000000e+00
8189 	1.000000e-05 	1.094298e+05 	2.533964e-124 	3.855760e-11 	8.881784e-16 	0.000000e+00
8190 	1.000000e-05 	1.094298e+05 	2.533964e-124 	3.855760e-11 	8.881784e-16 	0.000000e+00
8191 	1.000000e-05 	1.094298e+05 	2.533964e-124 	3.855760e-11 	8.881784e-16 	0.000000e+00
8192 	1.000000e-05 	1.094298e+05 	2.533964e-124 	3.855760e-11 	8.881784e-16 	0.000000e+00
8193 	1.000000e-05 	1.094298e+05 	2.533964e-124 	3.855760e-11 	8.881784e-16 	0.000000e+00
8194 	1.000000e-05 	1.094298e+05 	2.533964e-124 	3.855760e-11 	8.881784e-16 	0.000000e+00
8195 	1.000000e-05 	1.094298e+05 	2.533964e-124 	3.855760e-11 	8.881784e-16 	0.000000e+00
8196 	1.000000e-05 	1.094298e+05 	2.533964e-124 	3.855760e-11 	8.881784e-16 	0.000000e+00
8197 	1.000000e-05 	1.094298e+05 	2.533964e-124 	3.855760e-11 	8.881784e-16 	0.000000e+00
8198 	1.000000e-05 	1.094298e+05 	2.533964e-124 	3.855760e-11 	8.881784e-16 	0.000000e+00
8199 	1.000000e-05 	1.094298e+05 	2.533964e-124 	3.855760e-11 	8.881784e-16 	0.000000e+00
8200 	1.000000e-05 	1.094298e+05 	2.533964e-124 	3.855760e-11 	8.881784e-16 	0.000000e+00
8201 	1.000000e-05 	1.094298e+05 	2.533964e-124 	3.855760e-11 	8.881784e-16 	0.000000e+00
8202 	1.000000e-05 	1.094298e+05 	2.533964e-124 	3.855760e-11 	8.881784e-16 	0.000000e+00
8203 	1.000000e-05 	1.094298e+05 	2.533964e-124 	3.855760e-11 	8.881784e-16 	0.000000e+00
8204 	1.000000e-05 	1.094298e+05 	2.533964e-124 	3.855760e-11 	8.881784e-16 	0.000000e+00
8205 	1.000000e-05 	1.094298e+05 	2.533964e-124 	3.855760e-11 	8.881784e-16 	0.000000e+00
8206 	1.000000e-05 	1.094298e+05 	2.533964e-124 	3.855760e-11 	8.881784e-16 	0.000000e+00
8207 	1.000000e-05 	1.094298e+05 	2.533964e-124 	3.855760e-11 	8.881784e-16 	0.000000e+00
8208 	1.000000e-05 	1.094298e+05 	2.533964e-124 	3.855760e-11 	8.881784e-16 	0.000000e+00
8209 	1.000000e-05 	1.094298e+05 	2.533964e-124 	3.855760e-11 	8.881784e-16 	0.000000e+00
8210 	1.000000e-05 	1.094298e+05 	2.533964e-124 	3.855760e-11 	8.881784e-16 	0.000000e+00
8211 	1.000000e-05 	1.094298e+05 	2.533964e-124 	3.855760e-11 	8.881784e-16 	0.000000e+00
8212 	1.000000e-05 	1.094298e+05 	2.533964e-124 	3.855760e-11 	8.881784e-16 	0.000000e+00
8213 	1.000000e-05 	1.094298e+05 	2.533964e-124 	3.855760e-11 	8.881784e-16 	0.000000e+00
8214 	1.000000e-05 	1.094298e+05 	2.533964e-124 	3.855760e-11 	8.881784e-16 	0.000000e+00
8215 	1.000000e-05 	1.094298e+05 	2.533964e-124 	3.855760e-11 	8.881784e-16 	0.000000e+00
8216 	1.000000e-05 	1.094298e+05 	2.533964e-124 	3.855760e-11 	8.881784e-16 	0.000000e+00
8217 	1.000000e-05 	1.094298e+05 	2.533964e-124 	3.855760e-11 	8.881784e-16 	0.000000e+00
8218 	1.000000e-05 	1.094298e+05 	2.533964e-124 	3.855760e-11 	8.881784e-16 	0.000000e+00
8219 	1.000000e-05 	1.094298e+05 	2.533964e-124 	3.855760e-11 	8.881784e-16 	0.000000e+00
8220 	1.000000e-05 	1.094298e+05 	2.533964e-124 	3.855760e-11 	8.881784e-16 	0.000000e+00
8221 	1.000000e-05 	1.094298e+05 	2.533964e-124 	3.855760e-11 	8.881784e-16 	0.000000e+00
8222 	1.000000e-05 	1.094298e+05 	2.533964e-124 	3.855760e-11 	8.881784e-16 	0.000000e+00
8223 	1.000000e-05 	1.094298e+05 	2.533964e-124 	3.855760e-11 	8.881784e-16 	0.000000e+00
8224 	1.000000e-05 	1.094298e+05 	2.533964e-124 	3.855760e-11 	8.881784e-16 	0.000000e+00
8225 	1.000000e-05 	1.094298e+05 	2.533964e-124 	3.855760e-11 	8.881784e-16 	0.000000e+00
8226 	1.000000e-05 	1.094298e+05 	2.533964e-124 	3.855760e-11 	8.881784e-16 	0.000000e+00
8227 	1.000000e-05 	1.094298e+05 	2.533964e-124 	3.855760e-11 	8.881784e-16 	0.000000e+00
8228 	1.000000e-05 	1.094298e+05 	2.533964e-124 	3.855760e-11 	8.881784e-16 	0.000000e+00
8229 	1.000000e-05 	1.094298e+05 	2.533964e-124 	3.855760e-11 	8.881784e-16 	0.000000e+00
8230 	1.000000e-05 	1.094298e+05 	2.533964e-124 	3.855760e-11 	8.881784e-16 	0.000000e+00
8231 	1.000000e-05 	1.094298e+05 	2.533964e-124 	3.855760e-11 	8.881784e-16 	0.000000e+00
8232 	1.000000e-05 	1.094298e+05 	2.533964e-124 	3.855760e-11 	8.881784e-16 	0.000000e+00
8233 	1.000000e-05 	1.094298e+05 	2.533964e-124 	3.855760e-11 	8.881784e-16 	0.000000e+00
8234 	1.000000e-05 	1.094298e+05 	2.533964e-124 	3.855760e-11 	8.881784e-16 	0.000000e+00
8235 	1.000000e-05 	1.094298e+05 	2.533964e-124 	3.855760e-11 	8.881784e-16 	0.000000e+00
8236 	1.000000e-05 	1.094298e+05 	2.533964e-124 	3.855760e-11 	8.881784e-16 	0.000000e+00
8237 	1.000000e-05 	1.094298e+05 	2.533964e-124 	3.855760e-11 	8.881784e-16 	0.000000e+00
8238 	1.000000e-05 	1.094298e+05 	2.533964e-124 	3.855760e-11 	8.881784e-16 	0.000000e+00
8239 	1.000000e-05 	1.094298e+05 	2.533964e-124 	3.855760e-11 	8.881784e-16 	0.000000e+00
8240 	1.000000e-05 	1.094298e+05 	2.533964e-124 	3.855760e-11 	8.881784e-16 	0.000000e+00
8241 	1.000000e-05 	1.094298e+05 	2.533964e-124 	3.855760e-11 	8.881784e-16 	0.000000e+00
8242 	1.000000e-05 	1.094298e+05 	2.533964e-124 	3.855760e-11 	8.881784e-16 	0.000000e+00
8243 	1.000000e-05 	1.094298e+05 	2.533964e-124 	3.855760e-11 	8.881784e-16 	0.000000e+00
8244 	1.000000e-05 	1.094298e+05 	2.533964e-124 	3.855760e-11 	8.881784e-16 	0.000000e+00
8245 	1.000000e-05 	1.094298e+05 	2.533964e-124 	3.855760e-11 	8.881784e-16 	0.000000e+00
8246 	1.000000e-05 	1.094298e+05 	2.533964e-124 	3.855760e-11 	8.881784e-16 	0.000000e+00
8247 	1.000000e-05 	1.094298e+05 	2.533964e-124 	3.855760e-11 	8.881784e-16 	0.000000e+00
8248 	1.000000e-05 	1.094298e+05 	2.533964e-124 	3.855760e-11 	8.881784e-16 	0.000000e+00
8249 	1.000000e-05 	1.094298e+05 	2.533964e-124 	3.855760e-11 	8.881784e-16 	0.000000e+00
8250 	1.000000e-05 	1.094298e+05 	2.533964e-124 	3.855760e-11 	8.881784e-16 	0.000000e+00
8251 	1.000000e-05 	1.094298e+05 	2.533964e-124 	3.855760e-11 	8.881784e-16 	0.000000e+00
8252 	1.000000e-05 	1.094298e+05 	2.533964e-124 	3.855760e-11 	8.881784e-16 	0.000000e+00
8253 	1.000000e-05 	1.094298e+05 	2.533964e-124 	3.855760e-11 	8.881784e-16 	0.000000e+00
8254 	1.000000e-05 	1.094298e+05 	2.533964e-124 	3.855760e-11 	8.881784e-16 	0.000000e+00
8255 	1.000000e-05 	1.094298e+05 	2.533964e-124 	3.855760e-11 	8.881784e-16 	0.000000e+00
8256 	1.000000e-05 	1.094298e+05 	2.533964e-124 	3.855760e-11 	8.881784e-16 	0.000000e+00
8257 	1.000000e-05 	1.094298e+05 	2.533964e-124 	3.855760e-11 	8.881784e-16 	0.000000e+00
8258 	1.000000e-05 	1.094298e+05 	2.533964e-124 	3.855760e-11 	8.881784e-16 	0.000000e+00
8259 	1.000000e-05 	1.094298e+05 	2.533964e-124 	3.855760e-11 	8.881784e-16 	0.000000e+00
8260 	1.000000e-05 	1.094298e+05 	2.533964e-124 	3.855760e-11 	8.881784e-16 	0.000000e+00
8261 	1.000000e-05 	1.094298e+05 	2.533964e-124 	3.855760e-11 	8.881784e-16 	0.000000e+00
8262 	1.000000e-05 	1.094298e+05 	2.533964e-124 	3.855760e-11 	8.881784e-16 	0.000000e+00
8263 	1.000000e-05 	1.094298e+05 	2.533964e-124 	3.855760e-11 	8.881784e-16 	0.000000e+00
8264 	1.000000e-05 	1.094298e+05 	2.533964e-124 	3.855760e-11 	8.881784e-16 	0.000000e+00
8265 	1.000000e-05 	1.094298e+05 	2.533964e-124 	3.855760e-11 	8.881784e-16 	0.000000e+00
8266 	1.000000e-05 	1.094298e+05 	2.533964e-124 	3.855760e-11 	8.881784e-16 	0.000000e+00
8267 	1.000000e-05 	1.094298e+05 	2.533964e-124 	3.855760e-11 	8.881784e-16 	0.000000e+00
8268 	1.000000e-05 	1.094298e+05 	2.533964e-124 	3.855760e-11 	8.881784e-16 	0.000000e+00
8269 	1.000000e-05 	1.094298e+05 	2.533964e-124 	3.855760e-11 	8.881784e-16 	0.000000e+00
8270 	1.000000e-05 	1.094298e+05 	2.533964e-124 	3.855760e-11 	8.881784e-16 	0.000000e+00
8271 	1.000000e-05 	1.094298e+05 	2.533964e-124 	3.855760e-11 	8.881784e-16 	0.000000e+00
8272 	1.000000e-05 	1.094298e+05 	2.533964e-124 	3.855760e-11 	8.881784e-16 	0.000000e+00
8273 	1.000000e-05 	1.094298e+05 	2.533964e-124 	3.855760e-11 	8.881784e-16 	0.000000e+00
8274 	1.000000e-05 	1.094298e+05 	2.533964e-124 	3.855760e-11 	8.881784e-16 	0.000000e+00
8275 	1.000000e-05 	1.094298e+05 	2.533964e-124 	3.855760e-11 	8.881784e-16 	0.000000e+00
8276 	1.000000e-05 	1.094298e+05 	2.533964e-124 	3.855760e-11 	8.881784e-16 	0.000000e+00
8277 	1.000000e-05 	1.094298e+05 	2.533964e-124 	3.855760e-11 	8.881784e-16 	0.000000e+00
8278 	1.000000e-05 	1.094298e+05 	2.533964e-124 	3.855760e-11 	8.881784e-16 	0.000000e+00
8279 	1.000000e-05 	1.094298e+05 	2.533964e-124 	3.855760e-11 	8.881784e-16 	0.000000e+00
8280 	1.000000e-05 	1.094298e+05 	2.533964e-124 	3.855760e-11 	8.881784e-16 	0.000000e+00
8281 	1.000000e-05 	1.094298e+05 	2.533964e-124 	3.855760e-11 	8.881784e-16 	0.000000e+00
8282 	1.000000e-05 	1.094298e+05 	2.533964e-124 	3.855760e-11 	8.881784e-16 	0.000000e+00
8283 	1.000000e-05 	1.094298e+05 	2.533964e-124 	3.855760e-11 	8.881784e-16 	0.000000e+00
8284 	1.000000e-05 	1.094298e+05 	2.533964e-124 	3.855760e-11 	8.881784e-16 	0.000000e+00
8285 	1.000000e-05 	1.094298e+05 	2.533964e-124 	3.855760e-11 	8.881784e-16 	0.000000e+00
8286 	1.000000e-05 	1.094298e+05 	2.533964e-124 	3.855760e-11 	8.881784e-16 	0.000000e+00
8287 	1.000000e-05 	1.094298e+05 	2.533964e-124 	3.855760e-11 	8.881784e-16 	0.000000e+00
8288 	1.000000e-05 	1.094298e+05 	2.533964e-124 	3.855760e-11 	8.881784e-16 	0.000000e+00
8289 	1.000000e-05 	1.094298e+05 	2.533964e-124 	3.855760e-11 	8.881784e-16 	0.000000e+00
8290 	1.000000e-05 	1.094298e+05 	2.533964e-124 	3.855760e-11 	8.881784e-16 	0.000000e+00
8291 	1.000000e-05 	1.094298e+05 	2.533964e-124 	3.855760e-11 	8.881784e-16 	0.000000e+00
8292 	1.000000e-05 	1.094298e+05 	2.533964e-124 	3.855760e-11 	8.881784e-16 	0.000000e+00
8293 	1.000000e-05 	1.094298e+05 	2.533964e-124 	3.855760e-11 	8.881784e-16 	0.000000e+00
8294 	1.000000e-05 	1.094298e+05 	2.533964e-124 	3.855760e-11 	8.881784e-16 	0.000000e+00
8295 	1.000000e-05 	1.094298e+05 	2.533964e-124 	3.855760e-11 	8.881784e-16 	0.000000e+00
8296 	1.000000e-05 	1.094298e+05 	2.533964e-124 	3.855760e-11 	8.881784e-16 	0.000000e+00
8297 	1.000000e-05 	1.094298e+05 	2.533964e-124 	3.855760e-11 	8.881784e-16 	0.000000e+00
8298 	1.000000e-05 	1.094298e+05 	2.533964e-124 	3.855760e-11 	8.881784e-16 	0.000000e+00
8299 	1.000000e-05 	1.094298e+05 	2.533964e-124 	3.855760e-11 	8.881784e-16 	0.000000e+00
8300 	1.000000e-05 	1.094298e+05 	2.533964e-124 	3.855760e-11 	8.881784e-16 	0.000000e+00
8301 	1.000000e-05 	1.094298e+05 	2.533964e-124 	3.855760e-11 	8.881784e-16 	0.000000e+00
8302 	1.000000e-05 	1.094298e+05 	2.533964e-124 	3.855760e-11 	8.881784e-16 	0.000000e+00
8303 	1.000000e-05 	1.094298e+05 	2.533964e-124 	3.855760e-11 	8.881784e-16 	0.000000e+00
8304 	1.000000e-05 	1.094298e+05 	2.533964e-124 	3.855760e-11 	8.881784e-16 	0.000000e+00
8305 	1.000000e-05 	1.094298e+05 	2.533964e-124 	3.855760e-11 	8.881784e-16 	0.000000e+00
8306 	1.000000e-05 	1.094298e+05 	2.533964e-124 	3.855760e-11 	8.881784e-16 	0.000000e+00
8307 	1.000000e-05 	1.094298e+05 	2.533964e-124 	3.855760e-11 	8.881784e-16 	0.000000e+00
8308 	1.000000e-05 	1.094298e+05 	2.533964e-124 	3.855760e-11 	8.881784e-16 	0.000000e+00
8309 	1.000000e-05 	1.094298e+05 	2.533964e-124 	3.855760e-11 	8.881784e-16 	0.000000e+00
8310 	1.000000e-05 	1.094298e+05 	2.533964e-124 	3.855760e-11 	8.881784e-16 	0.000000e+00
8311 	1.000000e-05 	1.094298e+05 	2.533964e-124 	3.855760e-11 	8.881784e-16 	0.000000e+00
8312 	1.000000e-05 	1.094298e+05 	2.533964e-124 	3.855760e-11 	8.881784e-16 	0.000000e+00
8313 	1.000000e-05 	1.094298e+05 	2.533964e-124 	3.855760e-11 	8.881784e-16 	0.000000e+00
8314 	1.000000e-05 	1.094298e+05 	2.533964e-124 	3.855760e-11 	8.881784e-16 	0.000000e+00
8315 	1.000000e-05 	1.094298e+05 	2.533964e-124 	3.855760e-11 	8.881784e-16 	0.000000e+00
8316 	1.000000e-05 	1.094298e+05 	2.533964e-124 	3.855760e-11 	8.881784e-16 	0.000000e+00
8317 	1.000000e-05 	1.094298e+05 	2.533964e-124 	3.855760e-11 	8.881784e-16 	0.000000e+00
8318 	1.000000e-05 	1.094298e+05 	2.533964e-124 	3.855760e-11 	8.881784e-16 	0.000000e+00
8319 	1.000000e-05 	1.094298e+05 	2.533964e-124 	3.855760e-11 	8.881784e-16 	0.000000e+00
8320 	1.000000e-05 	1.094298e+05 	2.533964e-124 	3.855760e-11 	8.881784e-16 	0.000000e+00
8321 	1.000000e-05 	1.094298e+05 	2.533964e-124 	3.855760e-11 	8.881784e-16 	0.000000e+00
8322 	1.000000e-05 	1.094298e+05 	2.533964e-124 	3.855760e-11 	8.881784e-16 	0.000000e+00
8323 	1.000000e-05 	1.094298e+05 	2.533964e-124 	3.855760e-11 	8.881784e-16 	0.000000e+00
8324 	1.000000e-05 	1.094298e+05 	2.533964e-124 	3.855760e-11 	8.881784e-16 	0.000000e+00
8325 	1.000000e-05 	1.094298e+05 	2.533964e-124 	3.855760e-11 	8.881784e-16 	0.000000e+00
8326 	1.000000e-05 	1.094298e+05 	2.533964e-124 	3.855760e-11 	8.881784e-16 	0.000000e+00
8327 	1.000000e-05 	1.094298e+05 	2.533964e-124 	3.855760e-11 	8.881784e-16 	0.000000e+00
8328 	1.000000e-05 	1.094298e+05 	2.533964e-124 	3.855760e-11 	8.881784e-16 	0.000000e+00
8329 	1.000000e-05 	1.094298e+05 	2.533964e-124 	3.855760e-11 	8.881784e-16 	0.000000e+00
8330 	1.000000e-05 	1.094298e+05 	2.533964e-124 	3.855760e-11 	8.881784e-16 	0.000000e+00
8331 	1.000000e-05 	1.094298e+05 	2.533964e-124 	3.855760e-11 	8.881784e-16 	0.000000e+00
8332 	1.000000e-05 	1.094298e+05 	2.533964e-124 	3.855760e-11 	8.881784e-16 	0.000000e+00
8333 	1.000000e-05 	1.094298e+05 	2.533964e-124 	3.855760e-11 	8.881784e-16 	0.000000e+00
8334 	1.000000e-05 	1.094298e+05 	2.533964e-124 	3.855760e-11 	8.881784e-16 	0.000000e+00
8335 	1.000000e-05 	1.094298e+05 	2.533964e-124 	3.855760e-11 	8.881784e-16 	0.000000e+00
8336 	1.000000e-05 	1.094298e+05 	2.533964e-124 	3.855760e-11 	8.881784e-16 	0.000000e+00
8337 	1.000000e-05 	1.094298e+05 	2.533964e-124 	3.855760e-11 	8.881784e-16 	0.000000e+00
8338 	1.000000e-05 	1.094298e+05 	2.533964e-124 	3.855760e-11 	8.881784e-16 	0.000000e+00
8339 	1.000000e-05 	1.094298e+05 	2.533964e-124 	3.855760e-11 	8.881784e-16 	0.000000e+00
8340 	1.000000e-05 	1.094298e+05 	2.533964e-124 	3.855760e-11 	8.881784e-16 	0.000000e+00
8341 	1.000000e-05 	1.094298e+05 	2.533964e-124 	3.855760e-11 	8.881784e-16 	0.000000e+00
8342 	1.000000e-05 	1.094298e+05 	2.533964e-124 	3.855760e-11 	8.881784e-16 	0.000000e+00
8343 	1.000000e-05 	1.094298e+05 	2.533964e-124 	3.855760e-11 	8.881784e-16 	0.000000e+00
8344 	1.000000e-05 	1.094298e+05 	2.533964e-124 	3.855760e-11 	8.881784e-16 	0.000000e+00
8345 	1.000000e-05 	1.094298e+05 	2.533964e-124 	3.855760e-11 	8.881784e-16 	0.000000e+00
8346 	1.000000e-05 	1.094298e+05 	2.533964e-124 	3.855760e-11 	8.881784e-16 	0.000000e+00
8347 	1.000000e-05 	1.094298e+05 	2.533964e-124 	3.855760e-11 	8.881784e-16 	0.000000e+00
8348 	1.000000e-05 	1.094298e+05 	2.533964e-124 	3.855760e-11 	8.881784e-16 	0.000000e+00
8349 	1.000000e-05 	1.094298e+05 	2.533964e-124 	3.855760e-11 	8.881784e-16 	0.000000e+00
8350 	1.000000e-05 	1.094298e+05 	2.533964e-124 	3.855760e-11 	8.881784e-16 	0.000000e+00
8351 	1.000000e-05 	1.094298e+05 	2.533964e-124 	3.855760e-11 	8.881784e-16 	0.000000e+00
8352 	1.000000e-05 	1.094298e+05 	2.533964e-124 	3.855760e-11 	8.881784e-16 	0.000000e+00
8353 	1.000000e-05 	1.094298e+05 	2.533964e-124 	3.855760e-11 	8.881784e-16 	0.000000e+00
8354 	1.000000e-05 	1.094298e+05 	2.533964e-124 	3.855760e-11 	8.881784e-16 	0.000000e+00
8355 	1.000000e-05 	1.094298e+05 	2.533964e-124 	3.855760e-11 	8.881784e-16 	0.000000e+00
8356 	1.000000e-05 	1.094298e+05 	2.533964e-124 	3.855760e-11 	8.881784e-16 	0.000000e+00
8357 	1.000000e-05 	1.094298e+05 	2.533964e-124 	3.855760e-11 	8.881784e-16 	0.000000e+00
8358 	1.000000e-05 	1.094298e+05 	2.533964e-124 	3.855760e-11 	8.881784e-16 	0.000000e+00
8359 	1.000000e-05 	1.094298e+05 	2.533964e-124 	3.855760e-11 	8.881784e-16 	0.000000e+00
8360 	1.000000e-05 	1.094298e+05 	2.533964e-124 	3.855760e-11 	8.881784e-16 	0.000000e+00
8361 	1.000000e-05 	1.094298e+05 	2.533964e-124 	3.855760e-11 	8.881784e-16 	0.000000e+00
8362 	1.000000e-05 	1.094298e+05 	2.533964e-124 	3.855760e-11 	8.881784e-16 	0.000000e+00
8363 	1.000000e-05 	1.094298e+05 	2.533964e-124 	3.855760e-11 	8.881784e-16 	0.000000e+00
8364 	1.000000e-05 	1.094298e+05 	2.533964e-124 	3.855760e-11 	8.881784e-16 	0.000000e+00
8365 	1.000000e-05 	1.094298e+05 	2.533964e-124 	3.855760e-11 	8.881784e-16 	0.000000e+00
8366 	1.000000e-05 	1.094298e+05 	2.533964e-124 	3.855760e-11 	8.881784e-16 	0.000000e+00
8367 	1.000000e-05 	1.094298e+05 	2.533964e-124 	3.855760e-11 	8.881784e-16 	0.000000e+00
8368 	1.000000e-05 	1.094298e+05 	2.533964e-124 	3.855760e-11 	8.881784e-16 	0.000000e+00
8369 	1.000000e-05 	1.094298e+05 	2.533964e-124 	3.855760e-11 	8.881784e-16 	0.000000e+00
8370 	1.000000e-05 	1.094298e+05 	2.533964e-124 	3.855760e-11 	8.881784e-16 	0.000000e+00
8371 	1.000000e-05 	1.094298e+05 	2.533964e-124 	3.855760e-11 	8.881784e-16 	0.000000e+00
8372 	1.000000e-05 	1.094298e+05 	2.533964e-124 	3.855760e-11 	8.881784e-16 	0.000000e+00
8373 	1.000000e-05 	1.094298e+05 	2.533964e-124 	3.855760e-11 	8.881784e-16 	0.000000e+00
8374 	1.000000e-05 	1.094298e+05 	2.533964e-124 	3.855760e-11 	8.881784e-16 	0.000000e+00
8375 	1.000000e-05 	1.094298e+05 	2.533964e-124 	3.855760e-11 	8.881784e-16 	0.000000e+00
8376 	1.000000e-05 	1.094298e+05 	2.533964e-124 	3.855760e-11 	8.881784e-16 	0.000000e+00
8377 	1.000000e-05 	1.094298e+05 	2.533964e-124 	3.855760e-11 	8.881784e-16 	0.000000e+00
8378 	1.000000e-05 	1.094298e+05 	2.533964e-124 	3.855760e-11 	8.881784e-16 	0.000000e+00
8379 	1.000000e-05 	1.094298e+05 	2.533964e-124 	3.855760e-11 	8.881784e-16 	0.000000e+00
8380 	1.000000e-05 	1.094298e+05 	2.533964e-124 	3.855760e-11 	8.881784e-16 	0.000000e+00
8381 	1.000000e-05 	1.094298e+05 	2.533964e-124 	3.855760e-11 	8.881784e-16 	0.000000e+00
8382 	1.000000e-05 	1.094298e+05 	2.533964e-124 	3.855760e-11 	8.881784e-16 	0.000000e+00
8383 	1.000000e-05 	1.094298e+05 	2.533964e-124 	3.855760e-11 	8.881784e-16 	0.000000e+00
8384 	1.000000e-05 	1.094298e+05 	2.533964e-124 	3.855760e-11 	8.881784e-16 	0.000000e+00
8385 	1.000000e-05 	1.094298e+05 	2.533964e-124 	3.855760e-11 	8.881784e-16 	0.000000e+00
8386 	1.000000e-05 	1.094298e+05 	2.533964e-124 	3.855760e-11 	8.881784e-16 	0.000000e+00
8387 	1.000000e-05 	1.094298e+05 	2.533964e-124 	3.855760e-11 	8.881784e-16 	0.000000e+00
8388 	1.000000e-05 	1.094298e+05 	2.533964e-124 	3.855760e-11 	8.881784e-16 	0.000000e+00
8389 	1.000000e-05 	1.094298e+05 	2.533964e-124 	3.855760e-11 	8.881784e-16 	0.000000e+00
8390 	1.000000e-05 	1.094298e+05 	2.533964e-124 	3.855760e-11 	8.881784e-16 	0.000000e+00
8391 	1.000000e-05 	1.094298e+05 	2.533964e-124 	3.855760e-11 	8.881784e-16 	0.000000e+00
8392 	1.000000e-05 	1.094298e+05 	2.533964e-124 	3.855760e-11 	8.881784e-16 	0.000000e+00
8393 	1.000000e-05 	1.094298e+05 	2.533964e-124 	3.855760e-11 	8.881784e-16 	0.000000e+00
8394 	1.000000e-05 	1.094298e+05 	2.533964e-124 	3.855760e-11 	8.881784e-16 	0.000000e+00
8395 	1.000000e-05 	1.094298e+05 	2.533964e-124 	3.855760e-11 	8.881784e-16 	0.000000e+00
8396 	1.000000e-05 	1.094298e+05 	2.533964e-124 	3.855760e-11 	8.881784e-16 	0.000000e+00
8397 	1.000000e-05 	1.094298e+05 	2.533964e-124 	3.855760e-11 	8.881784e-16 	0.000000e+00
8398 	1.000000e-05 	1.094298e+05 	2.533964e-124 	3.855760e-11 	8.881784e-16 	0.000000e+00
8399 	1.000000e-05 	1.094298e+05 	2.533964e-124 	3.855760e-11 	8.881784e-16 	0.000000e+00
8400 	1.000000e-05 	1.094298e+05 	2.533964e-124 	3.855760e-11 	8.881784e-16 	0.000000e+00
8401 	1.000000e-05 	1.094298e+05 	2.533964e-124 	3.855760e-11 	8.881784e-16 	0.000000e+00
8402 	1.000000e-05 	1.094298e+05 	2.533964e-124 	3.855760e-11 	8.881784e-16 	0.000000e+00
8403 	1.000000e-05 	1.094298e+05 	2.533964e-124 	3.855760e-11 	8.881784e-16 	0.000000e+00
8404 	1.000000e-05 	1.094298e+05 	2.533964e-124 	3.855760e-11 	8.881784e-16 	0.000000e+00
8405 	1.000000e-05 	1.094298e+05 	2.533964e-124 	3.855760e-11 	8.881784e-16 	0.000000e+00
8406 	1.000000e-05 	1.094298e+05 	2.533964e-124 	3.855760e-11 	8.881784e-16 	0.000000e+00
8407 	1.000000e-05 	1.094298e+05 	2.533964e-124 	3.855760e-11 	8.881784e-16 	0.000000e+00
8408 	1.000000e-05 	1.094298e+05 	2.533964e-124 	3.855760e-11 	8.881784e-16 	0.000000e+00
8409 	1.000000e-05 	1.094298e+05 	2.533964e-124 	3.855760e-11 	8.881784e-16 	0.000000e+00
8410 	1.000000e-05 	1.094298e+05 	2.533964e-124 	3.855760e-11 	8.881784e-16 	0.000000e+00
8411 	1.000000e-05 	1.094298e+05 	2.533964e-124 	3.855760e-11 	8.881784e-16 	0.000000e+00
8412 	1.000000e-05 	1.094298e+05 	2.533964e-124 	3.855760e-11 	8.881784e-16 	0.000000e+00
8413 	1.000000e-05 	1.094298e+05 	2.533964e-124 	3.855760e-11 	8.881784e-16 	0.000000e+00
8414 	1.000000e-05 	1.094298e+05 	2.533964e-124 	3.855760e-11 	8.881784e-16 	0.000000e+00
8415 	1.000000e-05 	1.094298e+05 	2.533964e-124 	3.855760e-11 	8.881784e-16 	0.000000e+00
8416 	1.000000e-05 	1.094298e+05 	2.533964e-124 	3.855760e-11 	8.881784e-16 	0.000000e+00
8417 	1.000000e-05 	1.094298e+05 	2.533964e-124 	3.855760e-11 	8.881784e-16 	0.000000e+00
8418 	1.000000e-05 	1.094298e+05 	2.533964e-124 	3.855760e-11 	8.881784e-16 	0.000000e+00
8419 	1.000000e-05 	1.094298e+05 	2.533964e-124 	3.855760e-11 	8.881784e-16 	0.000000e+00
8420 	1.000000e-05 	1.094298e+05 	2.533964e-124 	3.855760e-11 	8.881784e-16 	0.000000e+00
8421 	1.000000e-05 	1.094298e+05 	2.533964e-124 	3.855760e-11 	8.881784e-16 	0.000000e+00
8422 	1.000000e-05 	1.094298e+05 	2.533964e-124 	3.855760e-11 	8.881784e-16 	0.000000e+00
8423 	1.000000e-05 	1.094298e+05 	2.533964e-124 	3.855760e-11 	8.881784e-16 	0.000000e+00
8424 	1.000000e-05 	1.094298e+05 	2.533964e-124 	3.855760e-11 	8.881784e-16 	0.000000e+00
8425 	1.000000e-05 	1.094298e+05 	2.533964e-124 	3.855760e-11 	8.881784e-16 	0.000000e+00
8426 	1.000000e-05 	1.094298e+05 	2.533964e-124 	3.855760e-11 	8.881784e-16 	0.000000e+00
8427 	1.000000e-05 	1.094298e+05 	2.533964e-124 	3.855760e-11 	8.881784e-16 	0.000000e+00
8428 	1.000000e-05 	1.094298e+05 	2.533964e-124 	3.855760e-11 	8.881784e-16 	0.000000e+00
8429 	1.000000e-05 	1.094298e+05 	2.533964e-124 	3.855760e-11 	8.881784e-16 	0.000000e+00
8430 	1.000000e-05 	1.094298e+05 	2.533964e-124 	3.855760e-11 	8.881784e-16 	0.000000e+00
8431 	1.000000e-05 	1.094298e+05 	2.533964e-124 	3.855760e-11 	8.881784e-16 	0.000000e+00
8432 	1.000000e-05 	1.094298e+05 	2.533964e-124 	3.855760e-11 	8.881784e-16 	0.000000e+00
8433 	1.000000e-05 	1.094298e+05 	2.533964e-124 	3.855760e-11 	8.881784e-16 	0.000000e+00
8434 	1.000000e-05 	1.094298e+05 	2.533964e-124 	3.855760e-11 	8.881784e-16 	0.000000e+00
8435 	1.000000e-05 	1.094298e+05 	2.533964e-124 	3.855760e-11 	8.881784e-16 	0.000000e+00
8436 	1.000000e-05 	1.094298e+05 	2.533964e-124 	3.855760e-11 	8.881784e-16 	0.000000e+00
8437 	1.000000e-05 	1.094298e+05 	2.533964e-124 	3.855760e-11 	8.881784e-16 	0.000000e+00
8438 	1.000000e-05 	1.094298e+05 	2.533964e-124 	3.855760e-11 	8.881784e-16 	0.000000e+00
8439 	1.000000e-05 	1.094298e+05 	2.533964e-124 	3.855760e-11 	8.881784e-16 	0.000000e+00
8440 	1.000000e-05 	1.094298e+05 	2.533964e-124 	3.855760e-11 	8.881784e-16 	0.000000e+00
8441 	1.000000e-05 	1.094298e+05 	2.533964e-124 	3.855760e-11 	8.881784e-16 	0.000000e+00
8442 	1.000000e-05 	1.094298e+05 	2.533964e-124 	3.855760e-11 	8.881784e-16 	0.000000e+00
8443 	1.000000e-05 	1.094298e+05 	2.533964e-124 	3.855760e-11 	8.881784e-16 	0.000000e+00
8444 	1.000000e-05 	1.094298e+05 	2.533964e-124 	3.855760e-11 	8.881784e-16 	0.000000e+00
8445 	1.000000e-05 	1.094298e+05 	2.533964e-124 	3.855760e-11 	8.881784e-16 	0.000000e+00
8446 	1.000000e-05 	1.094298e+05 	2.533964e-124 	3.855760e-11 	8.881784e-16 	0.000000e+00
8447 	1.000000e-05 	1.094298e+05 	2.533964e-124 	3.855760e-11 	8.881784e-16 	0.000000e+00
8448 	1.000000e-05 	1.094298e+05 	2.533964e-124 	3.855760e-11 	8.881784e-16 	0.000000e+00
8449 	1.000000e-05 	1.094298e+05 	2.533964e-124 	3.855760e-11 	8.881784e-16 	0.000000e+00
8450 	1.000000e-05 	1.094298e+05 	2.533964e-124 	3.855760e-11 	8.881784e-16 	0.000000e+00
8451 	1.000000e-05 	1.094298e+05 	2.533964e-124 	3.855760e-11 	8.881784e-16 	0.000000e+00
8452 	1.000000e-05 	1.094298e+05 	2.533964e-124 	3.855760e-11 	8.881784e-16 	0.000000e+00
8453 	1.000000e-05 	1.094298e+05 	2.533964e-124 	3.855760e-11 	8.881784e-16 	0.000000e+00
8454 	1.000000e-05 	1.094298e+05 	2.533964e-124 	3.855760e-11 	8.881784e-16 	0.000000e+00
8455 	1.000000e-05 	1.094298e+05 	2.533964e-124 	3.855760e-11 	8.881784e-16 	0.000000e+00
8456 	1.000000e-05 	1.094298e+05 	2.533964e-124 	3.855760e-11 	8.881784e-16 	0.000000e+00
8457 	1.000000e-05 	1.094298e+05 	2.533964e-124 	3.855760e-11 	8.881784e-16 	0.000000e+00
8458 	1.000000e-05 	1.094298e+05 	2.533964e-124 	3.855760e-11 	8.881784e-16 	0.000000e+00
8459 	1.000000e-05 	1.094298e+05 	2.533964e-124 	3.855760e-11 	8.881784e-16 	0.000000e+00
8460 	1.000000e-05 	1.094298e+05 	2.533964e-124 	3.855760e-11 	8.881784e-16 	0.000000e+00
8461 	1.000000e-05 	1.094298e+05 	2.533964e-124 	3.855760e-11 	8.881784e-16 	0.000000e+00
8462 	1.000000e-05 	1.094298e+05 	2.533964e-124 	3.855760e-11 	8.881784e-16 	0.000000e+00
8463 	1.000000e-05 	1.094298e+05 	2.533964e-124 	3.855760e-11 	8.881784e-16 	0.000000e+00
8464 	1.000000e-05 	1.094298e+05 	2.533964e-124 	3.855760e-11 	8.881784e-16 	0.000000e+00
8465 	1.000000e-05 	1.094298e+05 	2.533964e-124 	3.855760e-11 	8.881784e-16 	0.000000e+00
8466 	1.000000e-05 	1.094298e+05 	2.533964e-124 	3.855760e-11 	8.881784e-16 	0.000000e+00
8467 	1.000000e-05 	1.094298e+05 	2.533964e-124 	3.855760e-11 	8.881784e-16 	0.000000e+00
8468 	1.000000e-05 	1.094298e+05 	2.533964e-124 	3.855760e-11 	8.881784e-16 	0.000000e+00
8469 	1.000000e-05 	1.094298e+05 	2.533964e-124 	3.855760e-11 	8.881784e-16 	0.000000e+00
8470 	1.000000e-05 	1.094298e+05 	2.533964e-124 	3.855760e-11 	8.881784e-16 	0.000000e+00
8471 	1.000000e-05 	1.094298e+05 	2.533964e-124 	3.855760e-11 	8.881784e-16 	0.000000e+00
8472 	1.000000e-05 	1.094298e+05 	2.533964e-124 	3.855760e-11 	8.881784e-16 	0.000000e+00
8473 	1.000000e-05 	1.094298e+05 	2.533964e-124 	3.855760e-11 	8.881784e-16 	0.000000e+00
8474 	1.000000e-05 	1.094298e+05 	2.533964e-124 	3.855760e-11 	8.881784e-16 	0.000000e+00
8475 	1.000000e-05 	1.094298e+05 	2.533964e-124 	3.855760e-11 	8.881784e-16 	0.000000e+00
8476 	1.000000e-05 	1.094298e+05 	2.533964e-124 	3.855760e-11 	8.881784e-16 	0.000000e+00
8477 	1.000000e-05 	1.094298e+05 	2.533964e-124 	3.855760e-11 	8.881784e-16 	0.000000e+00
8478 	1.000000e-05 	1.094298e+05 	2.533964e-124 	3.855760e-11 	8.881784e-16 	0.000000e+00
8479 	1.000000e-05 	1.094298e+05 	2.533964e-124 	3.855760e-11 	8.881784e-16 	0.000000e+00
8480 	1.000000e-05 	1.094298e+05 	2.533964e-124 	3.855760e-11 	8.881784e-16 	0.000000e+00
8481 	1.000000e-05 	1.094298e+05 	2.533964e-124 	3.855760e-11 	8.881784e-16 	0.000000e+00
8482 	1.000000e-05 	1.094298e+05 	2.533964e-124 	3.855760e-11 	8.881784e-16 	0.000000e+00
8483 	1.000000e-05 	1.094298e+05 	2.533964e-124 	3.855760e-11 	8.881784e-16 	0.000000e+00
8484 	1.000000e-05 	1.094298e+05 	2.533964e-124 	3.855760e-11 	8.881784e-16 	0.000000e+00
8485 	1.000000e-05 	1.094298e+05 	2.533964e-124 	3.855760e-11 	8.881784e-16 	0.000000e+00
8486 	1.000000e-05 	1.094298e+05 	2.533964e-124 	3.855760e-11 	8.881784e-16 	0.000000e+00
8487 	1.000000e-05 	1.094298e+05 	2.533964e-124 	3.855760e-11 	8.881784e-16 	0.000000e+00
8488 	1.000000e-05 	1.094298e+05 	2.533964e-124 	3.855760e-11 	8.881784e-16 	0.000000e+00
8489 	1.000000e-05 	1.094298e+05 	2.533964e-124 	3.855760e-11 	8.881784e-16 	0.000000e+00
8490 	1.000000e-05 	1.094298e+05 	2.533964e-124 	3.855760e-11 	8.881784e-16 	0.000000e+00
8491 	1.000000e-05 	1.094298e+05 	2.533964e-124 	3.855760e-11 	8.881784e-16 	0.000000e+00
8492 	1.000000e-05 	1.094298e+05 	2.533964e-124 	3.855760e-11 	8.881784e-16 	0.000000e+00
8493 	1.000000e-05 	1.094298e+05 	2.533964e-124 	3.855760e-11 	8.881784e-16 	0.000000e+00
8494 	1.000000e-05 	1.094298e+05 	2.533964e-124 	3.855760e-11 	8.881784e-16 	0.000000e+00
8495 	1.000000e-05 	1.094298e+05 	2.533964e-124 	3.855760e-11 	8.881784e-16 	0.000000e+00
8496 	1.000000e-05 	1.094298e+05 	2.533964e-124 	3.855760e-11 	8.881784e-16 	0.000000e+00
8497 	1.000000e-05 	1.094298e+05 	2.533964e-124 	3.855760e-11 	8.881784e-16 	0.000000e+00
8498 	1.000000e-05 	1.094298e+05 	2.533964e-124 	3.855760e-11 	8.881784e-16 	0.000000e+00
8499 	1.000000e-05 	1.094298e+05 	2.533964e-124 	3.855760e-11 	8.881784e-16 	0.000000e+00
8500 	1.000000e-05 	1.094298e+05 	2.533964e-124 	3.855760e-11 	8.881784e-16 	0.000000e+00
8501 	1.000000e-05 	1.094298e+05 	2.533964e-124 	3.855760e-11 	8.881784e-16 	0.000000e+00
8502 	1.000000e-05 	1.094298e+05 	2.533964e-124 	3.855760e-11 	8.881784e-16 	0.000000e+00
8503 	1.000000e-05 	1.094298e+05 	2.533964e-124 	3.855760e-11 	8.881784e-16 	0.000000e+00
8504 	1.000000e-05 	1.094298e+05 	2.533964e-124 	3.855760e-11 	8.881784e-16 	0.000000e+00
8505 	1.000000e-05 	1.094298e+05 	2.533964e-124 	3.855760e-11 	8.881784e-16 	0.000000e+00
8506 	1.000000e-05 	1.094298e+05 	2.533964e-124 	3.855760e-11 	8.881784e-16 	0.000000e+00
8507 	1.000000e-05 	1.094298e+05 	2.533964e-124 	3.855760e-11 	8.881784e-16 	0.000000e+00
8508 	1.000000e-05 	1.094298e+05 	2.533964e-124 	3.855760e-11 	8.881784e-16 	0.000000e+00
8509 	1.000000e-05 	1.094298e+05 	2.533964e-124 	3.855760e-11 	8.881784e-16 	0.000000e+00
8510 	1.000000e-05 	1.094298e+05 	2.533964e-124 	3.855760e-11 	8.881784e-16 	0.000000e+00
8511 	1.000000e-05 	1.094298e+05 	2.533964e-124 	3.855760e-11 	8.881784e-16 	0.000000e+00
8512 	1.000000e-05 	1.094298e+05 	2.533964e-124 	3.855760e-11 	8.881784e-16 	0.000000e+00
8513 	1.000000e-05 	1.094298e+05 	2.533964e-124 	3.855760e-11 	8.881784e-16 	0.000000e+00
8514 	1.000000e-05 	1.094298e+05 	2.533964e-124 	3.855760e-11 	8.881784e-16 	0.000000e+00
8515 	1.000000e-05 	1.094298e+05 	2.533964e-124 	3.855760e-11 	8.881784e-16 	0.000000e+00
8516 	1.000000e-05 	1.094298e+05 	2.533964e-124 	3.855760e-11 	8.881784e-16 	0.000000e+00
8517 	1.000000e-05 	1.094298e+05 	2.533964e-124 	3.855760e-11 	8.881784e-16 	0.000000e+00
8518 	1.000000e-05 	1.094298e+05 	2.533964e-124 	3.855760e-11 	8.881784e-16 	0.000000e+00
8519 	1.000000e-05 	1.094298e+05 	2.533964e-124 	3.855760e-11 	8.881784e-16 	0.000000e+00
8520 	1.000000e-05 	1.094298e+05 	2.533964e-124 	3.855760e-11 	8.881784e-16 	0.000000e+00
8521 	1.000000e-05 	1.094298e+05 	2.533964e-124 	3.855760e-11 	8.881784e-16 	0.000000e+00
8522 	1.000000e-05 	1.094298e+05 	2.533964e-124 	3.855760e-11 	8.881784e-16 	0.000000e+00
8523 	1.000000e-05 	1.094298e+05 	2.533964e-124 	3.855760e-11 	8.881784e-16 	0.000000e+00
8524 	1.000000e-05 	1.094298e+05 	2.533964e-124 	3.855760e-11 	8.881784e-16 	0.000000e+00
8525 	1.000000e-05 	1.094298e+05 	2.533964e-124 	3.855760e-11 	8.881784e-16 	0.000000e+00
8526 	1.000000e-05 	1.094298e+05 	2.533964e-124 	3.855760e-11 	8.881784e-16 	0.000000e+00
8527 	1.000000e-05 	1.094298e+05 	2.533964e-124 	3.855760e-11 	8.881784e-16 	0.000000e+00
8528 	1.000000e-05 	1.094298e+05 	2.533964e-124 	3.855760e-11 	8.881784e-16 	0.000000e+00
8529 	1.000000e-05 	1.094298e+05 	2.533964e-124 	3.855760e-11 	8.881784e-16 	0.000000e+00
8530 	1.000000e-05 	1.094298e+05 	2.533964e-124 	3.855760e-11 	8.881784e-16 	0.000000e+00
8531 	1.000000e-05 	1.094298e+05 	2.533964e-124 	3.855760e-11 	8.881784e-16 	0.000000e+00
8532 	1.000000e-05 	1.094298e+05 	2.533964e-124 	3.855760e-11 	8.881784e-16 	0.000000e+00
8533 	1.000000e-05 	1.094298e+05 	2.533964e-124 	3.855760e-11 	8.881784e-16 	0.000000e+00
8534 	1.000000e-05 	1.094298e+05 	2.533964e-124 	3.855760e-11 	8.881784e-16 	0.000000e+00
8535 	1.000000e-05 	1.094298e+05 	2.533964e-124 	3.855760e-11 	8.881784e-16 	0.000000e+00
8536 	1.000000e-05 	1.094298e+05 	2.533964e-124 	3.855760e-11 	8.881784e-16 	0.000000e+00
8537 	1.000000e-05 	1.094298e+05 	2.533964e-124 	3.855760e-11 	8.881784e-16 	0.000000e+00
8538 	1.000000e-05 	1.094298e+05 	2.533964e-124 	3.855760e-11 	8.881784e-16 	0.000000e+00
8539 	1.000000e-05 	1.094298e+05 	2.533964e-124 	3.855760e-11 	8.881784e-16 	0.000000e+00
8540 	1.000000e-05 	1.094298e+05 	2.533964e-124 	3.855760e-11 	8.881784e-16 	0.000000e+00
8541 	1.000000e-05 	1.094298e+05 	2.533964e-124 	3.855760e-11 	8.881784e-16 	0.000000e+00
8542 	1.000000e-05 	1.094298e+05 	2.533964e-124 	3.855760e-11 	8.881784e-16 	0.000000e+00
8543 	1.000000e-05 	1.094298e+05 	2.533964e-124 	3.855760e-11 	8.881784e-16 	0.000000e+00
8544 	1.000000e-05 	1.094298e+05 	2.533964e-124 	3.855760e-11 	8.881784e-16 	0.000000e+00
8545 	1.000000e-05 	1.094298e+05 	2.533964e-124 	3.855760e-11 	8.881784e-16 	0.000000e+00
8546 	1.000000e-05 	1.094298e+05 	2.533964e-124 	3.855760e-11 	8.881784e-16 	0.000000e+00
8547 	1.000000e-05 	1.094298e+05 	2.533964e-124 	3.855760e-11 	8.881784e-16 	0.000000e+00
8548 	1.000000e-05 	1.094298e+05 	2.533964e-124 	3.855760e-11 	8.881784e-16 	0.000000e+00
8549 	1.000000e-05 	1.094298e+05 	2.533964e-124 	3.855760e-11 	8.881784e-16 	0.000000e+00
8550 	1.000000e-05 	1.094298e+05 	2.533964e-124 	3.855760e-11 	8.881784e-16 	0.000000e+00
8551 	1.000000e-05 	1.094298e+05 	2.533964e-124 	3.855760e-11 	8.881784e-16 	0.000000e+00
8552 	1.000000e-05 	1.094298e+05 	2.533964e-124 	3.855760e-11 	8.881784e-16 	0.000000e+00
8553 	1.000000e-05 	1.094298e+05 	2.533964e-124 	3.855760e-11 	8.881784e-16 	0.000000e+00
8554 	1.000000e-05 	1.094298e+05 	2.533964e-124 	3.855760e-11 	8.881784e-16 	0.000000e+00
8555 	1.000000e-05 	1.094298e+05 	2.533964e-124 	3.855760e-11 	8.881784e-16 	0.000000e+00
8556 	1.000000e-05 	1.094298e+05 	2.533964e-124 	3.855760e-11 	8.881784e-16 	0.000000e+00
8557 	1.000000e-05 	1.094298e+05 	2.533964e-124 	3.855760e-11 	8.881784e-16 	0.000000e+00
8558 	1.000000e-05 	1.094298e+05 	2.533964e-124 	3.855760e-11 	8.881784e-16 	0.000000e+00
8559 	1.000000e-05 	1.094298e+05 	2.533964e-124 	3.855760e-11 	8.881784e-16 	0.000000e+00
8560 	1.000000e-05 	1.094298e+05 	2.533964e-124 	3.855760e-11 	8.881784e-16 	0.000000e+00
8561 	1.000000e-05 	1.094298e+05 	2.533964e-124 	3.855760e-11 	8.881784e-16 	0.000000e+00
8562 	1.000000e-05 	1.094298e+05 	2.533964e-124 	3.855760e-11 	8.881784e-16 	0.000000e+00
8563 	1.000000e-05 	1.094298e+05 	2.533964e-124 	3.855760e-11 	8.881784e-16 	0.000000e+00
8564 	1.000000e-05 	1.094298e+05 	2.533964e-124 	3.855760e-11 	8.881784e-16 	0.000000e+00
8565 	1.000000e-05 	1.094298e+05 	2.533964e-124 	3.855760e-11 	8.881784e-16 	0.000000e+00
8566 	1.000000e-05 	1.094298e+05 	2.533964e-124 	3.855760e-11 	8.881784e-16 	0.000000e+00
8567 	1.000000e-05 	1.094298e+05 	2.533964e-124 	3.855760e-11 	8.881784e-16 	0.000000e+00
8568 	1.000000e-05 	1.094298e+05 	2.533964e-124 	3.855760e-11 	8.881784e-16 	0.000000e+00
8569 	1.000000e-05 	1.094298e+05 	2.533964e-124 	3.855760e-11 	8.881784e-16 	0.000000e+00
8570 	1.000000e-05 	1.094298e+05 	2.533964e-124 	3.855760e-11 	8.881784e-16 	0.000000e+00
8571 	1.000000e-05 	1.094298e+05 	2.533964e-124 	3.855760e-11 	8.881784e-16 	0.000000e+00
8572 	1.000000e-05 	1.094298e+05 	2.533964e-124 	3.855760e-11 	8.881784e-16 	0.000000e+00
8573 	1.000000e-05 	1.094298e+05 	2.533964e-124 	3.855760e-11 	8.881784e-16 	0.000000e+00
8574 	1.000000e-05 	1.094298e+05 	2.533964e-124 	3.855760e-11 	8.881784e-16 	0.000000e+00
8575 	1.000000e-05 	1.094298e+05 	2.533964e-124 	3.855760e-11 	8.881784e-16 	0.000000e+00
8576 	1.000000e-05 	1.094298e+05 	2.533964e-124 	3.855760e-11 	8.881784e-16 	0.000000e+00
8577 	1.000000e-05 	1.094298e+05 	2.533964e-124 	3.855760e-11 	8.881784e-16 	0.000000e+00
8578 	1.000000e-05 	1.094298e+05 	2.533964e-124 	3.855760e-11 	8.881784e-16 	0.000000e+00
8579 	1.000000e-05 	1.094298e+05 	2.533964e-124 	3.855760e-11 	8.881784e-16 	0.000000e+00
8580 	1.000000e-05 	1.094298e+05 	2.533964e-124 	3.855760e-11 	8.881784e-16 	0.000000e+00
8581 	1.000000e-05 	1.094298e+05 	2.533964e-124 	3.855760e-11 	8.881784e-16 	0.000000e+00
8582 	1.000000e-05 	1.094298e+05 	2.533964e-124 	3.855760e-11 	8.881784e-16 	0.000000e+00
8583 	1.000000e-05 	1.094298e+05 	2.533964e-124 	3.855760e-11 	8.881784e-16 	0.000000e+00
8584 	1.000000e-05 	1.094298e+05 	2.533964e-124 	3.855760e-11 	8.881784e-16 	0.000000e+00
8585 	1.000000e-05 	1.094298e+05 	2.533964e-124 	3.855760e-11 	8.881784e-16 	0.000000e+00
8586 	1.000000e-05 	1.094298e+05 	2.533964e-124 	3.855760e-11 	8.881784e-16 	0.000000e+00
8587 	1.000000e-05 	1.094298e+05 	2.533964e-124 	3.855760e-11 	8.881784e-16 	0.000000e+00
8588 	1.000000e-05 	1.094298e+05 	2.533964e-124 	3.855760e-11 	8.881784e-16 	0.000000e+00
8589 	1.000000e-05 	1.094298e+05 	2.533964e-124 	3.855760e-11 	8.881784e-16 	0.000000e+00
8590 	1.000000e-05 	1.094298e+05 	2.533964e-124 	3.855760e-11 	8.881784e-16 	0.000000e+00
8591 	1.000000e-05 	1.094298e+05 	2.533964e-124 	3.855760e-11 	8.881784e-16 	0.000000e+00
8592 	1.000000e-05 	1.094298e+05 	2.533964e-124 	3.855760e-11 	8.881784e-16 	0.000000e+00
8593 	1.000000e-05 	1.094298e+05 	2.533964e-124 	3.855760e-11 	8.881784e-16 	0.000000e+00
8594 	1.000000e-05 	1.094298e+05 	2.533964e-124 	3.855760e-11 	8.881784e-16 	0.000000e+00
8595 	1.000000e-05 	1.094298e+05 	2.533964e-124 	3.855760e-11 	8.881784e-16 	0.000000e+00
8596 	1.000000e-05 	1.094298e+05 	2.533964e-124 	3.855760e-11 	8.881784e-16 	0.000000e+00
8597 	1.000000e-05 	1.094298e+05 	2.533964e-124 	3.855760e-11 	8.881784e-16 	0.000000e+00
8598 	1.000000e-05 	1.094298e+05 	2.533964e-124 	3.855760e-11 	8.881784e-16 	0.000000e+00
8599 	1.000000e-05 	1.094298e+05 	2.533964e-124 	3.855760e-11 	8.881784e-16 	0.000000e+00
8600 	1.000000e-05 	1.094298e+05 	2.533964e-124 	3.855760e-11 	8.881784e-16 	0.000000e+00
8601 	1.000000e-05 	1.094298e+05 	2.533964e-124 	3.855760e-11 	8.881784e-16 	0.000000e+00
8602 	1.000000e-05 	1.094298e+05 	2.533964e-124 	3.855760e-11 	8.881784e-16 	0.000000e+00
8603 	1.000000e-05 	1.094298e+05 	2.533964e-124 	3.855760e-11 	8.881784e-16 	0.000000e+00
8604 	1.000000e-05 	1.094298e+05 	2.533964e-124 	3.855760e-11 	8.881784e-16 	0.000000e+00
8605 	1.000000e-05 	1.094298e+05 	2.533964e-124 	3.855760e-11 	8.881784e-16 	0.000000e+00
8606 	1.000000e-05 	1.094298e+05 	2.533964e-124 	3.855760e-11 	8.881784e-16 	0.000000e+00
8607 	1.000000e-05 	1.094298e+05 	2.533964e-124 	3.855760e-11 	8.881784e-16 	0.000000e+00
8608 	1.000000e-05 	1.094298e+05 	2.533964e-124 	3.855760e-11 	8.881784e-16 	0.000000e+00
8609 	1.000000e-05 	1.094298e+05 	2.533964e-124 	3.855760e-11 	8.881784e-16 	0.000000e+00
8610 	1.000000e-05 	1.094298e+05 	2.533964e-124 	3.855760e-11 	8.881784e-16 	0.000000e+00
8611 	1.000000e-05 	1.094298e+05 	2.533964e-124 	3.855760e-11 	8.881784e-16 	0.000000e+00
8612 	1.000000e-05 	1.094298e+05 	2.533964e-124 	3.855760e-11 	8.881784e-16 	0.000000e+00
8613 	1.000000e-05 	1.094298e+05 	2.533964e-124 	3.855760e-11 	8.881784e-16 	0.000000e+00
8614 	1.000000e-05 	1.094298e+05 	2.533964e-124 	3.855760e-11 	8.881784e-16 	0.000000e+00
8615 	1.000000e-05 	1.094298e+05 	2.533964e-124 	3.855760e-11 	8.881784e-16 	0.000000e+00
8616 	1.000000e-05 	1.094298e+05 	2.533964e-124 	3.855760e-11 	8.881784e-16 	0.000000e+00
8617 	1.000000e-05 	1.094298e+05 	2.533964e-124 	3.855760e-11 	8.881784e-16 	0.000000e+00
8618 	1.000000e-05 	1.094298e+05 	2.533964e-124 	3.855760e-11 	8.881784e-16 	0.000000e+00
8619 	1.000000e-05 	1.094298e+05 	2.533964e-124 	3.855760e-11 	8.881784e-16 	0.000000e+00
8620 	1.000000e-05 	1.094298e+05 	2.533964e-124 	3.855760e-11 	8.881784e-16 	0.000000e+00
8621 	1.000000e-05 	1.094298e+05 	2.533964e-124 	3.855760e-11 	8.881784e-16 	0.000000e+00
8622 	1.000000e-05 	1.094298e+05 	2.533964e-124 	3.855760e-11 	8.881784e-16 	0.000000e+00
8623 	1.000000e-05 	1.094298e+05 	2.533964e-124 	3.855760e-11 	8.881784e-16 	0.000000e+00
8624 	1.000000e-05 	1.094298e+05 	2.533964e-124 	3.855760e-11 	8.881784e-16 	0.000000e+00
8625 	1.000000e-05 	1.094298e+05 	2.533964e-124 	3.855760e-11 	8.881784e-16 	0.000000e+00
8626 	1.000000e-05 	1.094298e+05 	2.533964e-124 	3.855760e-11 	8.881784e-16 	0.000000e+00
8627 	1.000000e-05 	1.094298e+05 	2.533964e-124 	3.855760e-11 	8.881784e-16 	0.000000e+00
8628 	1.000000e-05 	1.094298e+05 	2.533964e-124 	3.855760e-11 	8.881784e-16 	0.000000e+00
8629 	1.000000e-05 	1.094298e+05 	2.533964e-124 	3.855760e-11 	8.881784e-16 	0.000000e+00
8630 	1.000000e-05 	1.094298e+05 	2.533964e-124 	3.855760e-11 	8.881784e-16 	0.000000e+00
8631 	1.000000e-05 	1.094298e+05 	2.533964e-124 	3.855760e-11 	8.881784e-16 	0.000000e+00
8632 	1.000000e-05 	1.094298e+05 	2.533964e-124 	3.855760e-11 	8.881784e-16 	0.000000e+00
8633 	1.000000e-05 	1.094298e+05 	2.533964e-124 	3.855760e-11 	8.881784e-16 	0.000000e+00
8634 	1.000000e-05 	1.094298e+05 	2.533964e-124 	3.855760e-11 	8.881784e-16 	0.000000e+00
8635 	1.000000e-05 	1.094298e+05 	2.533964e-124 	3.855760e-11 	8.881784e-16 	0.000000e+00
8636 	1.000000e-05 	1.094298e+05 	2.533964e-124 	3.855760e-11 	8.881784e-16 	0.000000e+00
8637 	1.000000e-05 	1.094298e+05 	2.533964e-124 	3.855760e-11 	8.881784e-16 	0.000000e+00
8638 	1.000000e-05 	1.094298e+05 	2.533964e-124 	3.855760e-11 	8.881784e-16 	0.000000e+00
8639 	1.000000e-05 	1.094298e+05 	2.533964e-124 	3.855760e-11 	8.881784e-16 	0.000000e+00
8640 	1.000000e-05 	1.094298e+05 	2.533964e-124 	3.855760e-11 	8.881784e-16 	0.000000e+00
8641 	1.000000e-05 	1.094298e+05 	2.533964e-124 	3.855760e-11 	8.881784e-16 	0.000000e+00
8642 	1.000000e-05 	1.094298e+05 	2.533964e-124 	3.855760e-11 	8.881784e-16 	0.000000e+00
8643 	1.000000e-05 	1.094298e+05 	2.533964e-124 	3.855760e-11 	8.881784e-16 	0.000000e+00
8644 	1.000000e-05 	1.094298e+05 	2.533964e-124 	3.855760e-11 	8.881784e-16 	0.000000e+00
8645 	1.000000e-05 	1.094298e+05 	2.533964e-124 	3.855760e-11 	8.881784e-16 	0.000000e+00
8646 	1.000000e-05 	1.094298e+05 	2.533964e-124 	3.855760e-11 	8.881784e-16 	0.000000e+00
8647 	1.000000e-05 	1.094298e+05 	2.533964e-124 	3.855760e-11 	8.881784e-16 	0.000000e+00
8648 	1.000000e-05 	1.094298e+05 	2.533964e-124 	3.855760e-11 	8.881784e-16 	0.000000e+00
8649 	1.000000e-05 	1.094298e+05 	2.533964e-124 	3.855760e-11 	8.881784e-16 	0.000000e+00
8650 	1.000000e-05 	1.094298e+05 	2.533964e-124 	3.855760e-11 	8.881784e-16 	0.000000e+00
8651 	1.000000e-05 	1.094298e+05 	2.533964e-124 	3.855760e-11 	8.881784e-16 	0.000000e+00
8652 	1.000000e-05 	1.094298e+05 	2.533964e-124 	3.855760e-11 	8.881784e-16 	0.000000e+00
8653 	1.000000e-05 	1.094298e+05 	2.533964e-124 	3.855760e-11 	8.881784e-16 	0.000000e+00
8654 	1.000000e-05 	1.094298e+05 	2.533964e-124 	3.855760e-11 	8.881784e-16 	0.000000e+00
8655 	1.000000e-05 	1.094298e+05 	2.533964e-124 	3.855760e-11 	8.881784e-16 	0.000000e+00
8656 	1.000000e-05 	1.094298e+05 	2.533964e-124 	3.855760e-11 	8.881784e-16 	0.000000e+00
8657 	1.000000e-05 	1.094298e+05 	2.533964e-124 	3.855760e-11 	8.881784e-16 	0.000000e+00
8658 	1.000000e-05 	1.094298e+05 	2.533964e-124 	3.855760e-11 	8.881784e-16 	0.000000e+00
8659 	1.000000e-05 	1.094298e+05 	2.533964e-124 	3.855760e-11 	8.881784e-16 	0.000000e+00
8660 	1.000000e-05 	1.094298e+05 	2.533964e-124 	3.855760e-11 	8.881784e-16 	0.000000e+00
8661 	1.000000e-05 	1.094298e+05 	2.533964e-124 	3.855760e-11 	8.881784e-16 	0.000000e+00
8662 	1.000000e-05 	1.094298e+05 	2.533964e-124 	3.855760e-11 	8.881784e-16 	0.000000e+00
8663 	1.000000e-05 	1.094298e+05 	2.533964e-124 	3.855760e-11 	8.881784e-16 	0.000000e+00
8664 	1.000000e-05 	1.094298e+05 	2.533964e-124 	3.855760e-11 	8.881784e-16 	0.000000e+00
8665 	1.000000e-05 	1.094298e+05 	2.533964e-124 	3.855760e-11 	8.881784e-16 	0.000000e+00
8666 	1.000000e-05 	1.094298e+05 	2.533964e-124 	3.855760e-11 	8.881784e-16 	0.000000e+00
8667 	1.000000e-05 	1.094298e+05 	2.533964e-124 	3.855760e-11 	8.881784e-16 	0.000000e+00
8668 	1.000000e-05 	1.094298e+05 	2.533964e-124 	3.855760e-11 	8.881784e-16 	0.000000e+00
8669 	1.000000e-05 	1.094298e+05 	2.533964e-124 	3.855760e-11 	8.881784e-16 	0.000000e+00
8670 	1.000000e-05 	1.094298e+05 	2.533964e-124 	3.855760e-11 	8.881784e-16 	0.000000e+00
8671 	1.000000e-05 	1.094298e+05 	2.533964e-124 	3.855760e-11 	8.881784e-16 	0.000000e+00
8672 	1.000000e-05 	1.094298e+05 	2.533964e-124 	3.855760e-11 	8.881784e-16 	0.000000e+00
8673 	1.000000e-05 	1.094298e+05 	2.533964e-124 	3.855760e-11 	8.881784e-16 	0.000000e+00
8674 	1.000000e-05 	1.094298e+05 	2.533964e-124 	3.855760e-11 	8.881784e-16 	0.000000e+00
8675 	1.000000e-05 	1.094298e+05 	2.533964e-124 	3.855760e-11 	8.881784e-16 	0.000000e+00
8676 	1.000000e-05 	1.094298e+05 	2.533964e-124 	3.855760e-11 	8.881784e-16 	0.000000e+00
8677 	1.000000e-05 	1.094298e+05 	2.533964e-124 	3.855760e-11 	8.881784e-16 	0.000000e+00
8678 	1.000000e-05 	1.094298e+05 	2.533964e-124 	3.855760e-11 	8.881784e-16 	0.000000e+00
8679 	1.000000e-05 	1.094298e+05 	2.533964e-124 	3.855760e-11 	8.881784e-16 	0.000000e+00
8680 	1.000000e-05 	1.094298e+05 	2.533964e-124 	3.855760e-11 	8.881784e-16 	0.000000e+00
8681 	1.000000e-05 	1.094298e+05 	2.533964e-124 	3.855760e-11 	8.881784e-16 	0.000000e+00
8682 	1.000000e-05 	1.094298e+05 	2.533964e-124 	3.855760e-11 	8.881784e-16 	0.000000e+00
8683 	1.000000e-05 	1.094298e+05 	2.533964e-124 	3.855760e-11 	8.881784e-16 	0.000000e+00
8684 	1.000000e-05 	1.094298e+05 	2.533964e-124 	3.855760e-11 	8.881784e-16 	0.000000e+00
8685 	1.000000e-05 	1.094298e+05 	2.533964e-124 	3.855760e-11 	8.881784e-16 	0.000000e+00
8686 	1.000000e-05 	1.094298e+05 	2.533964e-124 	3.855760e-11 	8.881784e-16 	0.000000e+00
8687 	1.000000e-05 	1.094298e+05 	2.533964e-124 	3.855760e-11 	8.881784e-16 	0.000000e+00
8688 	1.000000e-05 	1.094298e+05 	2.533964e-124 	3.855760e-11 	8.881784e-16 	0.000000e+00
8689 	1.000000e-05 	1.094298e+05 	2.533964e-124 	3.855760e-11 	8.881784e-16 	0.000000e+00
8690 	1.000000e-05 	1.094298e+05 	2.533964e-124 	3.855760e-11 	8.881784e-16 	0.000000e+00
8691 	1.000000e-05 	1.094298e+05 	2.533964e-124 	3.855760e-11 	8.881784e-16 	0.000000e+00
8692 	1.000000e-05 	1.094298e+05 	2.533964e-124 	3.855760e-11 	8.881784e-16 	0.000000e+00
8693 	1.000000e-05 	1.094298e+05 	2.533964e-124 	3.855760e-11 	8.881784e-16 	0.000000e+00
8694 	1.000000e-05 	1.094298e+05 	2.533964e-124 	3.855760e-11 	8.881784e-16 	0.000000e+00
8695 	1.000000e-05 	1.094298e+05 	2.533964e-124 	3.855760e-11 	8.881784e-16 	0.000000e+00
8696 	1.000000e-05 	1.094298e+05 	2.533964e-124 	3.855760e-11 	8.881784e-16 	0.000000e+00
8697 	1.000000e-05 	1.094298e+05 	2.533964e-124 	3.855760e-11 	8.881784e-16 	0.000000e+00
8698 	1.000000e-05 	1.094298e+05 	2.533964e-124 	3.855760e-11 	8.881784e-16 	0.000000e+00
8699 	1.000000e-05 	1.094298e+05 	2.533964e-124 	3.855760e-11 	8.881784e-16 	0.000000e+00
8700 	1.000000e-05 	1.094298e+05 	2.533964e-124 	3.855760e-11 	8.881784e-16 	0.000000e+00
8701 	1.000000e-05 	1.094298e+05 	2.533964e-124 	3.855760e-11 	8.881784e-16 	0.000000e+00
8702 	1.000000e-05 	1.094298e+05 	2.533964e-124 	3.855760e-11 	8.881784e-16 	0.000000e+00
8703 	1.000000e-05 	1.094298e+05 	2.533964e-124 	3.855760e-11 	8.881784e-16 	0.000000e+00
8704 	1.000000e-05 	1.094298e+05 	2.533964e-124 	3.855760e-11 	8.881784e-16 	0.000000e+00
8705 	1.000000e-05 	1.094298e+05 	2.533964e-124 	3.855760e-11 	8.881784e-16 	0.000000e+00
8706 	1.000000e-05 	1.094298e+05 	2.533964e-124 	3.855760e-11 	8.881784e-16 	0.000000e+00
8707 	1.000000e-05 	1.094298e+05 	2.533964e-124 	3.855760e-11 	8.881784e-16 	0.000000e+00
8708 	1.000000e-05 	1.094298e+05 	2.533964e-124 	3.855760e-11 	8.881784e-16 	0.000000e+00
8709 	1.000000e-05 	1.094298e+05 	2.533964e-124 	3.855760e-11 	8.881784e-16 	0.000000e+00
8710 	1.000000e-05 	1.094298e+05 	2.533964e-124 	3.855760e-11 	8.881784e-16 	0.000000e+00
8711 	1.000000e-05 	1.094298e+05 	2.533964e-124 	3.855760e-11 	8.881784e-16 	0.000000e+00
8712 	1.000000e-05 	1.094298e+05 	2.533964e-124 	3.855760e-11 	8.881784e-16 	0.000000e+00
8713 	1.000000e-05 	1.094298e+05 	2.533964e-124 	3.855760e-11 	8.881784e-16 	0.000000e+00
8714 	1.000000e-05 	1.094298e+05 	2.533964e-124 	3.855760e-11 	8.881784e-16 	0.000000e+00
8715 	1.000000e-05 	1.094298e+05 	2.533964e-124 	3.855760e-11 	8.881784e-16 	0.000000e+00
8716 	1.000000e-05 	1.094298e+05 	2.533964e-124 	3.855760e-11 	8.881784e-16 	0.000000e+00
8717 	1.000000e-05 	1.094298e+05 	2.533964e-124 	3.855760e-11 	8.881784e-16 	0.000000e+00
8718 	1.000000e-05 	1.094298e+05 	2.533964e-124 	3.855760e-11 	8.881784e-16 	0.000000e+00
8719 	1.000000e-05 	1.094298e+05 	2.533964e-124 	3.855760e-11 	8.881784e-16 	0.000000e+00
8720 	1.000000e-05 	1.094298e+05 	2.533964e-124 	3.855760e-11 	8.881784e-16 	0.000000e+00
8721 	1.000000e-05 	1.094298e+05 	2.533964e-124 	3.855760e-11 	8.881784e-16 	0.000000e+00
8722 	1.000000e-05 	1.094298e+05 	2.533964e-124 	3.855760e-11 	8.881784e-16 	0.000000e+00
8723 	1.000000e-05 	1.094298e+05 	2.533964e-124 	3.855760e-11 	8.881784e-16 	0.000000e+00
8724 	1.000000e-05 	1.094298e+05 	2.533964e-124 	3.855760e-11 	8.881784e-16 	0.000000e+00
8725 	1.000000e-05 	1.094298e+05 	2.533964e-124 	3.855760e-11 	8.881784e-16 	0.000000e+00
8726 	1.000000e-05 	1.094298e+05 	2.533964e-124 	3.855760e-11 	8.881784e-16 	0.000000e+00
8727 	1.000000e-05 	1.094298e+05 	2.533964e-124 	3.855760e-11 	8.881784e-16 	0.000000e+00
8728 	1.000000e-05 	1.094298e+05 	2.533964e-124 	3.855760e-11 	8.881784e-16 	0.000000e+00
8729 	1.000000e-05 	1.094298e+05 	2.533964e-124 	3.855760e-11 	8.881784e-16 	0.000000e+00
8730 	1.000000e-05 	1.094298e+05 	2.533964e-124 	3.855760e-11 	8.881784e-16 	0.000000e+00
8731 	1.000000e-05 	1.094298e+05 	2.533964e-124 	3.855760e-11 	8.881784e-16 	0.000000e+00
8732 	1.000000e-05 	1.094298e+05 	2.533964e-124 	3.855760e-11 	8.881784e-16 	0.000000e+00
8733 	1.000000e-05 	1.094298e+05 	2.533964e-124 	3.855760e-11 	8.881784e-16 	0.000000e+00
8734 	1.000000e-05 	1.094298e+05 	2.533964e-124 	3.855760e-11 	8.881784e-16 	0.000000e+00
8735 	1.000000e-05 	1.094298e+05 	2.533964e-124 	3.855760e-11 	8.881784e-16 	0.000000e+00
8736 	1.000000e-05 	1.094298e+05 	2.533964e-124 	3.855760e-11 	8.881784e-16 	0.000000e+00
8737 	1.000000e-05 	1.094298e+05 	2.533964e-124 	3.855760e-11 	8.881784e-16 	0.000000e+00
8738 	1.000000e-05 	1.094298e+05 	2.533964e-124 	3.855760e-11 	8.881784e-16 	0.000000e+00
8739 	1.000000e-05 	1.094298e+05 	2.533964e-124 	3.855760e-11 	8.881784e-16 	0.000000e+00
8740 	1.000000e-05 	1.094298e+05 	2.533964e-124 	3.855760e-11 	8.881784e-16 	0.000000e+00
8741 	1.000000e-05 	1.094298e+05 	2.533964e-124 	3.855760e-11 	8.881784e-16 	0.000000e+00
8742 	1.000000e-05 	1.094298e+05 	2.533964e-124 	3.855760e-11 	8.881784e-16 	0.000000e+00
8743 	1.000000e-05 	1.094298e+05 	2.533964e-124 	3.855760e-11 	8.881784e-16 	0.000000e+00
8744 	1.000000e-05 	1.094298e+05 	2.533964e-124 	3.855760e-11 	8.881784e-16 	0.000000e+00
8745 	1.000000e-05 	1.094298e+05 	2.533964e-124 	3.855760e-11 	8.881784e-16 	0.000000e+00
8746 	1.000000e-05 	1.094298e+05 	2.533964e-124 	3.855760e-11 	8.881784e-16 	0.000000e+00
8747 	1.000000e-05 	1.094298e+05 	2.533964e-124 	3.855760e-11 	8.881784e-16 	0.000000e+00
8748 	1.000000e-05 	1.094298e+05 	2.533964e-124 	3.855760e-11 	8.881784e-16 	0.000000e+00
8749 	1.000000e-05 	1.094298e+05 	2.533964e-124 	3.855760e-11 	8.881784e-16 	0.000000e+00
8750 	1.000000e-05 	1.094298e+05 	2.533964e-124 	3.855760e-11 	8.881784e-16 	0.000000e+00
8751 	1.000000e-05 	1.094298e+05 	2.533964e-124 	3.855760e-11 	8.881784e-16 	0.000000e+00
8752 	1.000000e-05 	1.094298e+05 	2.533964e-124 	3.855760e-11 	8.881784e-16 	0.000000e+00
8753 	1.000000e-05 	1.094298e+05 	2.533964e-124 	3.855760e-11 	8.881784e-16 	0.000000e+00
8754 	1.000000e-05 	1.094298e+05 	2.533964e-124 	3.855760e-11 	8.881784e-16 	0.000000e+00
8755 	1.000000e-05 	1.094298e+05 	2.533964e-124 	3.855760e-11 	8.881784e-16 	0.000000e+00
8756 	1.000000e-05 	1.094298e+05 	2.533964e-124 	3.855760e-11 	8.881784e-16 	0.000000e+00
8757 	1.000000e-05 	1.094298e+05 	2.533964e-124 	3.855760e-11 	8.881784e-16 	0.000000e+00
8758 	1.000000e-05 	1.094298e+05 	2.533964e-124 	3.855760e-11 	8.881784e-16 	0.000000e+00
8759 	1.000000e-05 	1.094298e+05 	2.533964e-124 	3.855760e-11 	8.881784e-16 	0.000000e+00
8760 	1.000000e-05 	1.094298e+05 	2.533964e-124 	3.855760e-11 	8.881784e-16 	0.000000e+00
8761 	1.000000e-05 	1.094298e+05 	2.533964e-124 	3.855760e-11 	8.881784e-16 	0.000000e+00
8762 	1.000000e-05 	1.094298e+05 	2.533964e-124 	3.855760e-11 	8.881784e-16 	0.000000e+00
8763 	1.000000e-05 	1.094298e+05 	2.533964e-124 	3.855760e-11 	8.881784e-16 	0.000000e+00
8764 	1.000000e-05 	1.094298e+05 	2.533964e-124 	3.855760e-11 	8.881784e-16 	0.000000e+00
8765 	1.000000e-05 	1.094298e+05 	2.533964e-124 	3.855760e-11 	8.881784e-16 	0.000000e+00
8766 	1.000000e-05 	1.094298e+05 	2.533964e-124 	3.855760e-11 	8.881784e-16 	0.000000e+00
8767 	1.000000e-05 	1.094298e+05 	2.533964e-124 	3.855760e-11 	8.881784e-16 	0.000000e+00
8768 	1.000000e-05 	1.094298e+05 	2.533964e-124 	3.855760e-11 	8.881784e-16 	0.000000e+00
8769 	1.000000e-05 	1.094298e+05 	2.533964e-124 	3.855760e-11 	8.881784e-16 	0.000000e+00
8770 	1.000000e-05 	1.094298e+05 	2.533964e-124 	3.855760e-11 	8.881784e-16 	0.000000e+00
8771 	1.000000e-05 	1.094298e+05 	2.533964e-124 	3.855760e-11 	8.881784e-16 	0.000000e+00
8772 	1.000000e-05 	1.094298e+05 	2.533964e-124 	3.855760e-11 	8.881784e-16 	0.000000e+00
8773 	1.000000e-05 	1.094298e+05 	2.533964e-124 	3.855760e-11 	8.881784e-16 	0.000000e+00
8774 	1.000000e-05 	1.094298e+05 	2.533964e-124 	3.855760e-11 	8.881784e-16 	0.000000e+00
8775 	1.000000e-05 	1.094298e+05 	2.533964e-124 	3.855760e-11 	8.881784e-16 	0.000000e+00
8776 	1.000000e-05 	1.094298e+05 	2.533964e-124 	3.855760e-11 	8.881784e-16 	0.000000e+00
8777 	1.000000e-05 	1.094298e+05 	2.533964e-124 	3.855760e-11 	8.881784e-16 	0.000000e+00
8778 	1.000000e-05 	1.094298e+05 	2.533964e-124 	3.855760e-11 	8.881784e-16 	0.000000e+00
8779 	1.000000e-05 	1.094298e+05 	2.533964e-124 	3.855760e-11 	8.881784e-16 	0.000000e+00
8780 	1.000000e-05 	1.094298e+05 	2.533964e-124 	3.855760e-11 	8.881784e-16 	0.000000e+00
8781 	1.000000e-05 	1.094298e+05 	2.533964e-124 	3.855760e-11 	8.881784e-16 	0.000000e+00
8782 	1.000000e-05 	1.094298e+05 	2.533964e-124 	3.855760e-11 	8.881784e-16 	0.000000e+00
8783 	1.000000e-05 	1.094298e+05 	2.533964e-124 	3.855760e-11 	8.881784e-16 	0.000000e+00
8784 	1.000000e-05 	1.094298e+05 	2.533964e-124 	3.855760e-11 	8.881784e-16 	0.000000e+00
8785 	1.000000e-05 	1.094298e+05 	2.533964e-124 	3.855760e-11 	8.881784e-16 	0.000000e+00
8786 	1.000000e-05 	1.094298e+05 	2.533964e-124 	3.855760e-11 	8.881784e-16 	0.000000e+00
8787 	1.000000e-05 	1.094298e+05 	2.533964e-124 	3.855760e-11 	8.881784e-16 	0.000000e+00
8788 	1.000000e-05 	1.094298e+05 	2.533964e-124 	3.855760e-11 	8.881784e-16 	0.000000e+00
8789 	1.000000e-05 	1.094298e+05 	2.533964e-124 	3.855760e-11 	8.881784e-16 	0.000000e+00
8790 	1.000000e-05 	1.094298e+05 	2.533964e-124 	3.855760e-11 	8.881784e-16 	0.000000e+00
8791 	1.000000e-05 	1.094298e+05 	2.533964e-124 	3.855760e-11 	8.881784e-16 	0.000000e+00
8792 	1.000000e-05 	1.094298e+05 	2.533964e-124 	3.855760e-11 	8.881784e-16 	0.000000e+00
8793 	1.000000e-05 	1.094298e+05 	2.533964e-124 	3.855760e-11 	8.881784e-16 	0.000000e+00
8794 	1.000000e-05 	1.094298e+05 	2.533964e-124 	3.855760e-11 	8.881784e-16 	0.000000e+00
8795 	1.000000e-05 	1.094298e+05 	2.533964e-124 	3.855760e-11 	8.881784e-16 	0.000000e+00
8796 	1.000000e-05 	1.094298e+05 	2.533964e-124 	3.855760e-11 	8.881784e-16 	0.000000e+00
8797 	1.000000e-05 	1.094298e+05 	2.533964e-124 	3.855760e-11 	8.881784e-16 	0.000000e+00
8798 	1.000000e-05 	1.094298e+05 	2.533964e-124 	3.855760e-11 	8.881784e-16 	0.000000e+00
8799 	1.000000e-05 	1.094298e+05 	2.533964e-124 	3.855760e-11 	8.881784e-16 	0.000000e+00
8800 	1.000000e-05 	1.094298e+05 	2.533964e-124 	3.855760e-11 	8.881784e-16 	0.000000e+00
8801 	1.000000e-05 	1.094298e+05 	2.533964e-124 	3.855760e-11 	8.881784e-16 	0.000000e+00
8802 	1.000000e-05 	1.094298e+05 	2.533964e-124 	3.855760e-11 	8.881784e-16 	0.000000e+00
8803 	1.000000e-05 	1.094298e+05 	2.533964e-124 	3.855760e-11 	8.881784e-16 	0.000000e+00
8804 	1.000000e-05 	1.094298e+05 	2.533964e-124 	3.855760e-11 	8.881784e-16 	0.000000e+00
8805 	1.000000e-05 	1.094298e+05 	2.533964e-124 	3.855760e-11 	8.881784e-16 	0.000000e+00
8806 	1.000000e-05 	1.094298e+05 	2.533964e-124 	3.855760e-11 	8.881784e-16 	0.000000e+00
8807 	1.000000e-05 	1.094298e+05 	2.533964e-124 	3.855760e-11 	8.881784e-16 	0.000000e+00
8808 	1.000000e-05 	1.094298e+05 	2.533964e-124 	3.855760e-11 	8.881784e-16 	0.000000e+00
8809 	1.000000e-05 	1.094298e+05 	2.533964e-124 	3.855760e-11 	8.881784e-16 	0.000000e+00
8810 	1.000000e-05 	1.094298e+05 	2.533964e-124 	3.855760e-11 	8.881784e-16 	0.000000e+00
8811 	1.000000e-05 	1.094298e+05 	2.533964e-124 	3.855760e-11 	8.881784e-16 	0.000000e+00
8812 	1.000000e-05 	1.094298e+05 	2.533964e-124 	3.855760e-11 	8.881784e-16 	0.000000e+00
8813 	1.000000e-05 	1.094298e+05 	2.533964e-124 	3.855760e-11 	8.881784e-16 	0.000000e+00
8814 	1.000000e-05 	1.094298e+05 	2.533964e-124 	3.855760e-11 	8.881784e-16 	0.000000e+00
8815 	1.000000e-05 	1.094298e+05 	2.533964e-124 	3.855760e-11 	8.881784e-16 	0.000000e+00
8816 	1.000000e-05 	1.094298e+05 	2.533964e-124 	3.855760e-11 	8.881784e-16 	0.000000e+00
8817 	1.000000e-05 	1.094298e+05 	2.533964e-124 	3.855760e-11 	8.881784e-16 	0.000000e+00
8818 	1.000000e-05 	1.094298e+05 	2.533964e-124 	3.855760e-11 	8.881784e-16 	0.000000e+00
8819 	1.000000e-05 	1.094298e+05 	2.533964e-124 	3.855760e-11 	8.881784e-16 	0.000000e+00
8820 	1.000000e-05 	1.094298e+05 	2.533964e-124 	3.855760e-11 	8.881784e-16 	0.000000e+00
8821 	1.000000e-05 	1.094298e+05 	2.533964e-124 	3.855760e-11 	8.881784e-16 	0.000000e+00
8822 	1.000000e-05 	1.094298e+05 	2.533964e-124 	3.855760e-11 	8.881784e-16 	0.000000e+00
8823 	1.000000e-05 	1.094298e+05 	2.533964e-124 	3.855760e-11 	8.881784e-16 	0.000000e+00
8824 	1.000000e-05 	1.094298e+05 	2.533964e-124 	3.855760e-11 	8.881784e-16 	0.000000e+00
8825 	1.000000e-05 	1.094298e+05 	2.533964e-124 	3.855760e-11 	8.881784e-16 	0.000000e+00
8826 	1.000000e-05 	1.094298e+05 	2.533964e-124 	3.855760e-11 	8.881784e-16 	0.000000e+00
8827 	1.000000e-05 	1.094298e+05 	2.533964e-124 	3.855760e-11 	8.881784e-16 	0.000000e+00
8828 	1.000000e-05 	1.094298e+05 	2.533964e-124 	3.855760e-11 	8.881784e-16 	0.000000e+00
8829 	1.000000e-05 	1.094298e+05 	2.533964e-124 	3.855760e-11 	8.881784e-16 	0.000000e+00
8830 	1.000000e-05 	1.094298e+05 	2.533964e-124 	3.855760e-11 	8.881784e-16 	0.000000e+00
8831 	1.000000e-05 	1.094298e+05 	2.533964e-124 	3.855760e-11 	8.881784e-16 	0.000000e+00
8832 	1.000000e-05 	1.094298e+05 	2.533964e-124 	3.855760e-11 	8.881784e-16 	0.000000e+00
8833 	1.000000e-05 	1.094298e+05 	2.533964e-124 	3.855760e-11 	8.881784e-16 	0.000000e+00
8834 	1.000000e-05 	1.094298e+05 	2.533964e-124 	3.855760e-11 	8.881784e-16 	0.000000e+00
8835 	1.000000e-05 	1.094298e+05 	2.533964e-124 	3.855760e-11 	8.881784e-16 	0.000000e+00
8836 	1.000000e-05 	1.094298e+05 	2.533964e-124 	3.855760e-11 	8.881784e-16 	0.000000e+00
8837 	1.000000e-05 	1.094298e+05 	2.533964e-124 	3.855760e-11 	8.881784e-16 	0.000000e+00
8838 	1.000000e-05 	1.094298e+05 	2.533964e-124 	3.855760e-11 	8.881784e-16 	0.000000e+00
8839 	1.000000e-05 	1.094298e+05 	2.533964e-124 	3.855760e-11 	8.881784e-16 	0.000000e+00
8840 	1.000000e-05 	1.094298e+05 	2.533964e-124 	3.855760e-11 	8.881784e-16 	0.000000e+00
8841 	1.000000e-05 	1.094298e+05 	2.533964e-124 	3.855760e-11 	8.881784e-16 	0.000000e+00
8842 	1.000000e-05 	1.094298e+05 	2.533964e-124 	3.855760e-11 	8.881784e-16 	0.000000e+00
8843 	1.000000e-05 	1.094298e+05 	2.533964e-124 	3.855760e-11 	8.881784e-16 	0.000000e+00
8844 	1.000000e-05 	1.094298e+05 	2.533964e-124 	3.855760e-11 	8.881784e-16 	0.000000e+00
8845 	1.000000e-05 	1.094298e+05 	2.533964e-124 	3.855760e-11 	8.881784e-16 	0.000000e+00
8846 	1.000000e-05 	1.094298e+05 	2.533964e-124 	3.855760e-11 	8.881784e-16 	0.000000e+00
8847 	1.000000e-05 	1.094298e+05 	2.533964e-124 	3.855760e-11 	8.881784e-16 	0.000000e+00
8848 	1.000000e-05 	1.094298e+05 	2.533964e-124 	3.855760e-11 	8.881784e-16 	0.000000e+00
8849 	1.000000e-05 	1.094298e+05 	2.533964e-124 	3.855760e-11 	8.881784e-16 	0.000000e+00
8850 	1.000000e-05 	1.094298e+05 	2.533964e-124 	3.855760e-11 	8.881784e-16 	0.000000e+00
8851 	1.000000e-05 	1.094298e+05 	2.533964e-124 	3.855760e-11 	8.881784e-16 	0.000000e+00
8852 	1.000000e-05 	1.094298e+05 	2.533964e-124 	3.855760e-11 	8.881784e-16 	0.000000e+00
8853 	1.000000e-05 	1.094298e+05 	2.533964e-124 	3.855760e-11 	8.881784e-16 	0.000000e+00
8854 	1.000000e-05 	1.094298e+05 	2.533964e-124 	3.855760e-11 	8.881784e-16 	0.000000e+00
8855 	1.000000e-05 	1.094298e+05 	2.533964e-124 	3.855760e-11 	8.881784e-16 	0.000000e+00
8856 	1.000000e-05 	1.094298e+05 	2.533964e-124 	3.855760e-11 	8.881784e-16 	0.000000e+00
8857 	1.000000e-05 	1.094298e+05 	2.533964e-124 	3.855760e-11 	8.881784e-16 	0.000000e+00
8858 	1.000000e-05 	1.094298e+05 	2.533964e-124 	3.855760e-11 	8.881784e-16 	0.000000e+00
8859 	1.000000e-05 	1.094298e+05 	2.533964e-124 	3.855760e-11 	8.881784e-16 	0.000000e+00
8860 	1.000000e-05 	1.094298e+05 	2.533964e-124 	3.855760e-11 	8.881784e-16 	0.000000e+00
8861 	1.000000e-05 	1.094298e+05 	2.533964e-124 	3.855760e-11 	8.881784e-16 	0.000000e+00
8862 	1.000000e-05 	1.094298e+05 	2.533964e-124 	3.855760e-11 	8.881784e-16 	0.000000e+00
8863 	1.000000e-05 	1.094298e+05 	2.533964e-124 	3.855760e-11 	8.881784e-16 	0.000000e+00
8864 	1.000000e-05 	1.094298e+05 	2.533964e-124 	3.855760e-11 	8.881784e-16 	0.000000e+00
8865 	1.000000e-05 	1.094298e+05 	2.533964e-124 	3.855760e-11 	8.881784e-16 	0.000000e+00
8866 	1.000000e-05 	1.094298e+05 	2.533964e-124 	3.855760e-11 	8.881784e-16 	0.000000e+00
8867 	1.000000e-05 	1.094298e+05 	2.533964e-124 	3.855760e-11 	8.881784e-16 	0.000000e+00
8868 	1.000000e-05 	1.094298e+05 	2.533964e-124 	3.855760e-11 	8.881784e-16 	0.000000e+00
8869 	1.000000e-05 	1.094298e+05 	2.533964e-124 	3.855760e-11 	8.881784e-16 	0.000000e+00
8870 	1.000000e-05 	1.094298e+05 	2.533964e-124 	3.855760e-11 	8.881784e-16 	0.000000e+00
8871 	1.000000e-05 	1.094298e+05 	2.533964e-124 	3.855760e-11 	8.881784e-16 	0.000000e+00
8872 	1.000000e-05 	1.094298e+05 	2.533964e-124 	3.855760e-11 	8.881784e-16 	0.000000e+00
8873 	1.000000e-05 	1.094298e+05 	2.533964e-124 	3.855760e-11 	8.881784e-16 	0.000000e+00
8874 	1.000000e-05 	1.094298e+05 	2.533964e-124 	3.855760e-11 	8.881784e-16 	0.000000e+00
8875 	1.000000e-05 	1.094298e+05 	2.533964e-124 	3.855760e-11 	8.881784e-16 	0.000000e+00
8876 	1.000000e-05 	1.094298e+05 	2.533964e-124 	3.855760e-11 	8.881784e-16 	0.000000e+00
8877 	1.000000e-05 	1.094298e+05 	2.533964e-124 	3.855760e-11 	8.881784e-16 	0.000000e+00
8878 	1.000000e-05 	1.094298e+05 	2.533964e-124 	3.855760e-11 	8.881784e-16 	0.000000e+00
8879 	1.000000e-05 	1.094298e+05 	2.533964e-124 	3.855760e-11 	8.881784e-16 	0.000000e+00
8880 	1.000000e-05 	1.094298e+05 	2.533964e-124 	3.855760e-11 	8.881784e-16 	0.000000e+00
8881 	1.000000e-05 	1.094298e+05 	2.533964e-124 	3.855760e-11 	8.881784e-16 	0.000000e+00
8882 	1.000000e-05 	1.094298e+05 	2.533964e-124 	3.855760e-11 	8.881784e-16 	0.000000e+00
8883 	1.000000e-05 	1.094298e+05 	2.533964e-124 	3.855760e-11 	8.881784e-16 	0.000000e+00
8884 	1.000000e-05 	1.094298e+05 	2.533964e-124 	3.855760e-11 	8.881784e-16 	0.000000e+00
8885 	1.000000e-05 	1.094298e+05 	2.533964e-124 	3.855760e-11 	8.881784e-16 	0.000000e+00
8886 	1.000000e-05 	1.094298e+05 	2.533964e-124 	3.855760e-11 	8.881784e-16 	0.000000e+00
8887 	1.000000e-05 	1.094298e+05 	2.533964e-124 	3.855760e-11 	8.881784e-16 	0.000000e+00
8888 	1.000000e-05 	1.094298e+05 	2.533964e-124 	3.855760e-11 	8.881784e-16 	0.000000e+00
8889 	1.000000e-05 	1.094298e+05 	2.533964e-124 	3.855760e-11 	8.881784e-16 	0.000000e+00
8890 	1.000000e-05 	1.094298e+05 	2.533964e-124 	3.855760e-11 	8.881784e-16 	0.000000e+00
8891 	1.000000e-05 	1.094298e+05 	2.533964e-124 	3.855760e-11 	8.881784e-16 	0.000000e+00
8892 	1.000000e-05 	1.094298e+05 	2.533964e-124 	3.855760e-11 	8.881784e-16 	0.000000e+00
8893 	1.000000e-05 	1.094298e+05 	2.533964e-124 	3.855760e-11 	8.881784e-16 	0.000000e+00
8894 	1.000000e-05 	1.094298e+05 	2.533964e-124 	3.855760e-11 	8.881784e-16 	0.000000e+00
8895 	1.000000e-05 	1.094298e+05 	2.533964e-124 	3.855760e-11 	8.881784e-16 	0.000000e+00
8896 	1.000000e-05 	1.094298e+05 	2.533964e-124 	3.855760e-11 	8.881784e-16 	0.000000e+00
8897 	1.000000e-05 	1.094298e+05 	2.533964e-124 	3.855760e-11 	8.881784e-16 	0.000000e+00
8898 	1.000000e-05 	1.094298e+05 	2.533964e-124 	3.855760e-11 	8.881784e-16 	0.000000e+00
8899 	1.000000e-05 	1.094298e+05 	2.533964e-124 	3.855760e-11 	8.881784e-16 	0.000000e+00
8900 	1.000000e-05 	1.094298e+05 	2.533964e-124 	3.855760e-11 	8.881784e-16 	0.000000e+00
8901 	1.000000e-05 	1.094298e+05 	2.533964e-124 	3.855760e-11 	8.881784e-16 	0.000000e+00
8902 	1.000000e-05 	1.094298e+05 	2.533964e-124 	3.855760e-11 	8.881784e-16 	0.000000e+00
8903 	1.000000e-05 	1.094298e+05 	2.533964e-124 	3.855760e-11 	8.881784e-16 	0.000000e+00
8904 	1.000000e-05 	1.094298e+05 	2.533964e-124 	3.855760e-11 	8.881784e-16 	0.000000e+00
8905 	1.000000e-05 	1.094298e+05 	2.533964e-124 	3.855760e-11 	8.881784e-16 	0.000000e+00
8906 	1.000000e-05 	1.094298e+05 	2.533964e-124 	3.855760e-11 	8.881784e-16 	0.000000e+00
8907 	1.000000e-05 	1.094298e+05 	2.533964e-124 	3.855760e-11 	8.881784e-16 	0.000000e+00
8908 	1.000000e-05 	1.094298e+05 	2.533964e-124 	3.855760e-11 	8.881784e-16 	0.000000e+00
8909 	1.000000e-05 	1.094298e+05 	2.533964e-124 	3.855760e-11 	8.881784e-16 	0.000000e+00
8910 	1.000000e-05 	1.094298e+05 	2.533964e-124 	3.855760e-11 	8.881784e-16 	0.000000e+00
8911 	1.000000e-05 	1.094298e+05 	2.533964e-124 	3.855760e-11 	8.881784e-16 	0.000000e+00
8912 	1.000000e-05 	1.094298e+05 	2.533964e-124 	3.855760e-11 	8.881784e-16 	0.000000e+00
8913 	1.000000e-05 	1.094298e+05 	2.533964e-124 	3.855760e-11 	8.881784e-16 	0.000000e+00
8914 	1.000000e-05 	1.094298e+05 	2.533964e-124 	3.855760e-11 	8.881784e-16 	0.000000e+00
8915 	1.000000e-05 	1.094298e+05 	2.533964e-124 	3.855760e-11 	8.881784e-16 	0.000000e+00
8916 	1.000000e-05 	1.094298e+05 	2.533964e-124 	3.855760e-11 	8.881784e-16 	0.000000e+00
8917 	1.000000e-05 	1.094298e+05 	2.533964e-124 	3.855760e-11 	8.881784e-16 	0.000000e+00
8918 	1.000000e-05 	1.094298e+05 	2.533964e-124 	3.855760e-11 	8.881784e-16 	0.000000e+00
8919 	1.000000e-05 	1.094298e+05 	2.533964e-124 	3.855760e-11 	8.881784e-16 	0.000000e+00
8920 	1.000000e-05 	1.094298e+05 	2.533964e-124 	3.855760e-11 	8.881784e-16 	0.000000e+00
8921 	1.000000e-05 	1.094298e+05 	2.533964e-124 	3.855760e-11 	8.881784e-16 	0.000000e+00
8922 	1.000000e-05 	1.094298e+05 	2.533964e-124 	3.855760e-11 	8.881784e-16 	0.000000e+00
8923 	1.000000e-05 	1.094298e+05 	2.533964e-124 	3.855760e-11 	8.881784e-16 	0.000000e+00
8924 	1.000000e-05 	1.094298e+05 	2.533964e-124 	3.855760e-11 	8.881784e-16 	0.000000e+00
8925 	1.000000e-05 	1.094298e+05 	2.533964e-124 	3.855760e-11 	8.881784e-16 	0.000000e+00
8926 	1.000000e-05 	1.094298e+05 	2.533964e-124 	3.855760e-11 	8.881784e-16 	0.000000e+00
8927 	1.000000e-05 	1.094298e+05 	2.533964e-124 	3.855760e-11 	8.881784e-16 	0.000000e+00
8928 	1.000000e-05 	1.094298e+05 	2.533964e-124 	3.855760e-11 	8.881784e-16 	0.000000e+00
8929 	1.000000e-05 	1.094298e+05 	2.533964e-124 	3.855760e-11 	8.881784e-16 	0.000000e+00
8930 	1.000000e-05 	1.094298e+05 	2.533964e-124 	3.855760e-11 	8.881784e-16 	0.000000e+00
8931 	1.000000e-05 	1.094298e+05 	2.533964e-124 	3.855760e-11 	8.881784e-16 	0.000000e+00
8932 	1.000000e-05 	1.094298e+05 	2.533964e-124 	3.855760e-11 	8.881784e-16 	0.000000e+00
8933 	1.000000e-05 	1.094298e+05 	2.533964e-124 	3.855760e-11 	8.881784e-16 	0.000000e+00
8934 	1.000000e-05 	1.094298e+05 	2.533964e-124 	3.855760e-11 	8.881784e-16 	0.000000e+00
8935 	1.000000e-05 	1.094298e+05 	2.533964e-124 	3.855760e-11 	8.881784e-16 	0.000000e+00
8936 	1.000000e-05 	1.094298e+05 	2.533964e-124 	3.855760e-11 	8.881784e-16 	0.000000e+00
8937 	1.000000e-05 	1.094298e+05 	2.533964e-124 	3.855760e-11 	8.881784e-16 	0.000000e+00
8938 	1.000000e-05 	1.094298e+05 	2.533964e-124 	3.855760e-11 	8.881784e-16 	0.000000e+00
8939 	1.000000e-05 	1.094298e+05 	2.533964e-124 	3.855760e-11 	8.881784e-16 	0.000000e+00
8940 	1.000000e-05 	1.094298e+05 	2.533964e-124 	3.855760e-11 	8.881784e-16 	0.000000e+00
8941 	1.000000e-05 	1.094298e+05 	2.533964e-124 	3.855760e-11 	8.881784e-16 	0.000000e+00
8942 	1.000000e-05 	1.094298e+05 	2.533964e-124 	3.855760e-11 	8.881784e-16 	0.000000e+00
8943 	1.000000e-05 	1.094298e+05 	2.533964e-124 	3.855760e-11 	8.881784e-16 	0.000000e+00
8944 	1.000000e-05 	1.094298e+05 	2.533964e-124 	3.855760e-11 	8.881784e-16 	0.000000e+00
8945 	1.000000e-05 	1.094298e+05 	2.533964e-124 	3.855760e-11 	8.881784e-16 	0.000000e+00
8946 	1.000000e-05 	1.094298e+05 	2.533964e-124 	3.855760e-11 	8.881784e-16 	0.000000e+00
8947 	1.000000e-05 	1.094298e+05 	2.533964e-124 	3.855760e-11 	8.881784e-16 	0.000000e+00
8948 	1.000000e-05 	1.094298e+05 	2.533964e-124 	3.855760e-11 	8.881784e-16 	0.000000e+00
8949 	1.000000e-05 	1.094298e+05 	2.533964e-124 	3.855760e-11 	8.881784e-16 	0.000000e+00
8950 	1.000000e-05 	1.094298e+05 	2.533964e-124 	3.855760e-11 	8.881784e-16 	0.000000e+00
8951 	1.000000e-05 	1.094298e+05 	2.533964e-124 	3.855760e-11 	8.881784e-16 	0.000000e+00
8952 	1.000000e-05 	1.094298e+05 	2.533964e-124 	3.855760e-11 	8.881784e-16 	0.000000e+00
8953 	1.000000e-05 	1.094298e+05 	2.533964e-124 	3.855760e-11 	8.881784e-16 	0.000000e+00
8954 	1.000000e-05 	1.094298e+05 	2.533964e-124 	3.855760e-11 	8.881784e-16 	0.000000e+00
8955 	1.000000e-05 	1.094298e+05 	2.533964e-124 	3.855760e-11 	8.881784e-16 	0.000000e+00
8956 	1.000000e-05 	1.094298e+05 	2.533964e-124 	3.855760e-11 	8.881784e-16 	0.000000e+00
8957 	1.000000e-05 	1.094298e+05 	2.533964e-124 	3.855760e-11 	8.881784e-16 	0.000000e+00
8958 	1.000000e-05 	1.094298e+05 	2.533964e-124 	3.855760e-11 	8.881784e-16 	0.000000e+00
8959 	1.000000e-05 	1.094298e+05 	2.533964e-124 	3.855760e-11 	8.881784e-16 	0.000000e+00
8960 	1.000000e-05 	1.094298e+05 	2.533964e-124 	3.855760e-11 	8.881784e-16 	0.000000e+00
8961 	1.000000e-05 	1.094298e+05 	2.533964e-124 	3.855760e-11 	8.881784e-16 	0.000000e+00
8962 	1.000000e-05 	1.094298e+05 	2.533964e-124 	3.855760e-11 	8.881784e-16 	0.000000e+00
8963 	1.000000e-05 	1.094298e+05 	2.533964e-124 	3.855760e-11 	8.881784e-16 	0.000000e+00
8964 	1.000000e-05 	1.094298e+05 	2.533964e-124 	3.855760e-11 	8.881784e-16 	0.000000e+00
8965 	1.000000e-05 	1.094298e+05 	2.533964e-124 	3.855760e-11 	8.881784e-16 	0.000000e+00
8966 	1.000000e-05 	1.094298e+05 	2.533964e-124 	3.855760e-11 	8.881784e-16 	0.000000e+00
8967 	1.000000e-05 	1.094298e+05 	2.533964e-124 	3.855760e-11 	8.881784e-16 	0.000000e+00
8968 	1.000000e-05 	1.094298e+05 	2.533964e-124 	3.855760e-11 	8.881784e-16 	0.000000e+00
8969 	1.000000e-05 	1.094298e+05 	2.533964e-124 	3.855760e-11 	8.881784e-16 	0.000000e+00
8970 	1.000000e-05 	1.094298e+05 	2.533964e-124 	3.855760e-11 	8.881784e-16 	0.000000e+00
8971 	1.000000e-05 	1.094298e+05 	2.533964e-124 	3.855760e-11 	8.881784e-16 	0.000000e+00
8972 	1.000000e-05 	1.094298e+05 	2.533964e-124 	3.855760e-11 	8.881784e-16 	0.000000e+00
8973 	1.000000e-05 	1.094298e+05 	2.533964e-124 	3.855760e-11 	8.881784e-16 	0.000000e+00
8974 	1.000000e-05 	1.094298e+05 	2.533964e-124 	3.855760e-11 	8.881784e-16 	0.000000e+00
8975 	1.000000e-05 	1.094298e+05 	2.533964e-124 	3.855760e-11 	8.881784e-16 	0.000000e+00
8976 	1.000000e-05 	1.094298e+05 	2.533964e-124 	3.855760e-11 	8.881784e-16 	0.000000e+00
8977 	1.000000e-05 	1.094298e+05 	2.533964e-124 	3.855760e-11 	8.881784e-16 	0.000000e+00
8978 	1.000000e-05 	1.094298e+05 	2.533964e-124 	3.855760e-11 	8.881784e-16 	0.000000e+00
8979 	1.000000e-05 	1.094298e+05 	2.533964e-124 	3.855760e-11 	8.881784e-16 	0.000000e+00
8980 	1.000000e-05 	1.094298e+05 	2.533964e-124 	3.855760e-11 	8.881784e-16 	0.000000e+00
8981 	1.000000e-05 	1.094298e+05 	2.533964e-124 	3.855760e-11 	8.881784e-16 	0.000000e+00
8982 	1.000000e-05 	1.094298e+05 	2.533964e-124 	3.855760e-11 	8.881784e-16 	0.000000e+00
8983 	1.000000e-05 	1.094298e+05 	2.533964e-124 	3.855760e-11 	8.881784e-16 	0.000000e+00
8984 	1.000000e-05 	1.094298e+05 	2.533964e-124 	3.855760e-11 	8.881784e-16 	0.000000e+00
8985 	1.000000e-05 	1.094298e+05 	2.533964e-124 	3.855760e-11 	8.881784e-16 	0.000000e+00
8986 	1.000000e-05 	1.094298e+05 	2.533964e-124 	3.855760e-11 	8.881784e-16 	0.000000e+00
8987 	1.000000e-05 	1.094298e+05 	2.533964e-124 	3.855760e-11 	8.881784e-16 	0.000000e+00
8988 	1.000000e-05 	1.094298e+05 	2.533964e-124 	3.855760e-11 	8.881784e-16 	0.000000e+00
8989 	1.000000e-05 	1.094298e+05 	2.533964e-124 	3.855760e-11 	8.881784e-16 	0.000000e+00
8990 	1.000000e-05 	1.094298e+05 	2.533964e-124 	3.855760e-11 	8.881784e-16 	0.000000e+00
8991 	1.000000e-05 	1.094298e+05 	2.533964e-124 	3.855760e-11 	8.881784e-16 	0.000000e+00
8992 	1.000000e-05 	1.094298e+05 	2.533964e-124 	3.855760e-11 	8.881784e-16 	0.000000e+00
8993 	1.000000e-05 	1.094298e+05 	2.533964e-124 	3.855760e-11 	8.881784e-16 	0.000000e+00
8994 	1.000000e-05 	1.094298e+05 	2.533964e-124 	3.855760e-11 	8.881784e-16 	0.000000e+00
8995 	1.000000e-05 	1.094298e+05 	2.533964e-124 	3.855760e-11 	8.881784e-16 	0.000000e+00
8996 	1.000000e-05 	1.094298e+05 	2.533964e-124 	3.855760e-11 	8.881784e-16 	0.000000e+00
8997 	1.000000e-05 	1.094298e+05 	2.533964e-124 	3.855760e-11 	8.881784e-16 	0.000000e+00
8998 	1.000000e-05 	1.094298e+05 	2.533964e-124 	3.855760e-11 	8.881784e-16 	0.000000e+00
8999 	1.000000e-05 	1.094298e+05 	2.533964e-124 	3.855760e-11 	8.881784e-16 	0.000000e+00
9000 	1.000000e-05 	1.094298e+05 	2.533964e-124 	3.855760e-11 	8.881784e-16 	0.000000e+00
9001 	1.000000e-05 	1.094298e+05 	2.533964e-124 	3.855760e-11 	8.881784e-16 	0.000000e+00
9002 	1.000000e-05 	1.094298e+05 	2.533964e-124 	3.855760e-11 	8.881784e-16 	0.000000e+00
9003 	1.000000e-05 	1.094298e+05 	2.533964e-124 	3.855760e-11 	8.881784e-16 	0.000000e+00
9004 	1.000000e-05 	1.094298e+05 	2.533964e-124 	3.855760e-11 	8.881784e-16 	0.000000e+00
9005 	1.000000e-05 	1.094298e+05 	2.533964e-124 	3.855760e-11 	8.881784e-16 	0.000000e+00
9006 	1.000000e-05 	1.094298e+05 	2.533964e-124 	3.855760e-11 	8.881784e-16 	0.000000e+00
9007 	1.000000e-05 	1.094298e+05 	2.533964e-124 	3.855760e-11 	8.881784e-16 	0.000000e+00
9008 	1.000000e-05 	1.094298e+05 	2.533964e-124 	3.855760e-11 	8.881784e-16 	0.000000e+00
9009 	1.000000e-05 	1.094298e+05 	2.533964e-124 	3.855760e-11 	8.881784e-16 	0.000000e+00
9010 	1.000000e-05 	1.094298e+05 	2.533964e-124 	3.855760e-11 	8.881784e-16 	0.000000e+00
9011 	1.000000e-05 	1.094298e+05 	2.533964e-124 	3.855760e-11 	8.881784e-16 	0.000000e+00
9012 	1.000000e-05 	1.094298e+05 	2.533964e-124 	3.855760e-11 	8.881784e-16 	0.000000e+00
9013 	1.000000e-05 	1.094298e+05 	2.533964e-124 	3.855760e-11 	8.881784e-16 	0.000000e+00
9014 	1.000000e-05 	1.094298e+05 	2.533964e-124 	3.855760e-11 	8.881784e-16 	0.000000e+00
9015 	1.000000e-05 	1.094298e+05 	2.533964e-124 	3.855760e-11 	8.881784e-16 	0.000000e+00
9016 	1.000000e-05 	1.094298e+05 	2.533964e-124 	3.855760e-11 	8.881784e-16 	0.000000e+00
9017 	1.000000e-05 	1.094298e+05 	2.533964e-124 	3.855760e-11 	8.881784e-16 	0.000000e+00
9018 	1.000000e-05 	1.094298e+05 	2.533964e-124 	3.855760e-11 	8.881784e-16 	0.000000e+00
9019 	1.000000e-05 	1.094298e+05 	2.533964e-124 	3.855760e-11 	8.881784e-16 	0.000000e+00
9020 	1.000000e-05 	1.094298e+05 	2.533964e-124 	3.855760e-11 	8.881784e-16 	0.000000e+00
9021 	1.000000e-05 	1.094298e+05 	2.533964e-124 	3.855760e-11 	8.881784e-16 	0.000000e+00
9022 	1.000000e-05 	1.094298e+05 	2.533964e-124 	3.855760e-11 	8.881784e-16 	0.000000e+00
9023 	1.000000e-05 	1.094298e+05 	2.533964e-124 	3.855760e-11 	8.881784e-16 	0.000000e+00
9024 	1.000000e-05 	1.094298e+05 	2.533964e-124 	3.855760e-11 	8.881784e-16 	0.000000e+00
9025 	1.000000e-05 	1.094298e+05 	2.533964e-124 	3.855760e-11 	8.881784e-16 	0.000000e+00
9026 	1.000000e-05 	1.094298e+05 	2.533964e-124 	3.855760e-11 	8.881784e-16 	0.000000e+00
9027 	1.000000e-05 	1.094298e+05 	2.533964e-124 	3.855760e-11 	8.881784e-16 	0.000000e+00
9028 	1.000000e-05 	1.094298e+05 	2.533964e-124 	3.855760e-11 	8.881784e-16 	0.000000e+00
9029 	1.000000e-05 	1.094298e+05 	2.533964e-124 	3.855760e-11 	8.881784e-16 	0.000000e+00
9030 	1.000000e-05 	1.094298e+05 	2.533964e-124 	3.855760e-11 	8.881784e-16 	0.000000e+00
9031 	1.000000e-05 	1.094298e+05 	2.533964e-124 	3.855760e-11 	8.881784e-16 	0.000000e+00
9032 	1.000000e-05 	1.094298e+05 	2.533964e-124 	3.855760e-11 	8.881784e-16 	0.000000e+00
9033 	1.000000e-05 	1.094298e+05 	2.533964e-124 	3.855760e-11 	8.881784e-16 	0.000000e+00
9034 	1.000000e-05 	1.094298e+05 	2.533964e-124 	3.855760e-11 	8.881784e-16 	0.000000e+00
9035 	1.000000e-05 	1.094298e+05 	2.533964e-124 	3.855760e-11 	8.881784e-16 	0.000000e+00
9036 	1.000000e-05 	1.094298e+05 	2.533964e-124 	3.855760e-11 	8.881784e-16 	0.000000e+00
9037 	1.000000e-05 	1.094298e+05 	2.533964e-124 	3.855760e-11 	8.881784e-16 	0.000000e+00
9038 	1.000000e-05 	1.094298e+05 	2.533964e-124 	3.855760e-11 	8.881784e-16 	0.000000e+00
9039 	1.000000e-05 	1.094298e+05 	2.533964e-124 	3.855760e-11 	8.881784e-16 	0.000000e+00
9040 	1.000000e-05 	1.094298e+05 	2.533964e-124 	3.855760e-11 	8.881784e-16 	0.000000e+00
9041 	1.000000e-05 	1.094298e+05 	2.533964e-124 	3.855760e-11 	8.881784e-16 	0.000000e+00
9042 	1.000000e-05 	1.094298e+05 	2.533964e-124 	3.855760e-11 	8.881784e-16 	0.000000e+00
9043 	1.000000e-05 	1.094298e+05 	2.533964e-124 	3.855760e-11 	8.881784e-16 	0.000000e+00
9044 	1.000000e-05 	1.094298e+05 	2.533964e-124 	3.855760e-11 	8.881784e-16 	0.000000e+00
9045 	1.000000e-05 	1.094298e+05 	2.533964e-124 	3.855760e-11 	8.881784e-16 	0.000000e+00
9046 	1.000000e-05 	1.094298e+05 	2.533964e-124 	3.855760e-11 	8.881784e-16 	0.000000e+00
9047 	1.000000e-05 	1.094298e+05 	2.533964e-124 	3.855760e-11 	8.881784e-16 	0.000000e+00
9048 	1.000000e-05 	1.094298e+05 	2.533964e-124 	3.855760e-11 	8.881784e-16 	0.000000e+00
9049 	1.000000e-05 	1.094298e+05 	2.533964e-124 	3.855760e-11 	8.881784e-16 	0.000000e+00
9050 	1.000000e-05 	1.094298e+05 	2.533964e-124 	3.855760e-11 	8.881784e-16 	0.000000e+00
9051 	1.000000e-05 	1.094298e+05 	2.533964e-124 	3.855760e-11 	8.881784e-16 	0.000000e+00
9052 	1.000000e-05 	1.094298e+05 	2.533964e-124 	3.855760e-11 	8.881784e-16 	0.000000e+00
9053 	1.000000e-05 	1.094298e+05 	2.533964e-124 	3.855760e-11 	8.881784e-16 	0.000000e+00
9054 	1.000000e-05 	1.094298e+05 	2.533964e-124 	3.855760e-11 	8.881784e-16 	0.000000e+00
9055 	1.000000e-05 	1.094298e+05 	2.533964e-124 	3.855760e-11 	8.881784e-16 	0.000000e+00
9056 	1.000000e-05 	1.094298e+05 	2.533964e-124 	3.855760e-11 	8.881784e-16 	0.000000e+00
9057 	1.000000e-05 	1.094298e+05 	2.533964e-124 	3.855760e-11 	8.881784e-16 	0.000000e+00
9058 	1.000000e-05 	1.094298e+05 	2.533964e-124 	3.855760e-11 	8.881784e-16 	0.000000e+00
9059 	1.000000e-05 	1.094298e+05 	2.533964e-124 	3.855760e-11 	8.881784e-16 	0.000000e+00
9060 	1.000000e-05 	1.094298e+05 	2.533964e-124 	3.855760e-11 	8.881784e-16 	0.000000e+00
9061 	1.000000e-05 	1.094298e+05 	2.533964e-124 	3.855760e-11 	8.881784e-16 	0.000000e+00
9062 	1.000000e-05 	1.094298e+05 	2.533964e-124 	3.855760e-11 	8.881784e-16 	0.000000e+00
9063 	1.000000e-05 	1.094298e+05 	2.533964e-124 	3.855760e-11 	8.881784e-16 	0.000000e+00
9064 	1.000000e-05 	1.094298e+05 	2.533964e-124 	3.855760e-11 	8.881784e-16 	0.000000e+00
9065 	1.000000e-05 	1.094298e+05 	2.533964e-124 	3.855760e-11 	8.881784e-16 	0.000000e+00
9066 	1.000000e-05 	1.094298e+05 	2.533964e-124 	3.855760e-11 	8.881784e-16 	0.000000e+00
9067 	1.000000e-05 	1.094298e+05 	2.533964e-124 	3.855760e-11 	8.881784e-16 	0.000000e+00
9068 	1.000000e-05 	1.094298e+05 	2.533964e-124 	3.855760e-11 	8.881784e-16 	0.000000e+00
9069 	1.000000e-05 	1.094298e+05 	2.533964e-124 	3.855760e-11 	8.881784e-16 	0.000000e+00
9070 	1.000000e-05 	1.094298e+05 	2.533964e-124 	3.855760e-11 	8.881784e-16 	0.000000e+00
9071 	1.000000e-05 	1.094298e+05 	2.533964e-124 	3.855760e-11 	8.881784e-16 	0.000000e+00
9072 	1.000000e-05 	1.094298e+05 	2.533964e-124 	3.855760e-11 	8.881784e-16 	0.000000e+00
9073 	1.000000e-05 	1.094298e+05 	2.533964e-124 	3.855760e-11 	8.881784e-16 	0.000000e+00
9074 	1.000000e-05 	1.094298e+05 	2.533964e-124 	3.855760e-11 	8.881784e-16 	0.000000e+00
9075 	1.000000e-05 	1.094298e+05 	2.533964e-124 	3.855760e-11 	8.881784e-16 	0.000000e+00
9076 	1.000000e-05 	1.094298e+05 	2.533964e-124 	3.855760e-11 	8.881784e-16 	0.000000e+00
9077 	1.000000e-05 	1.094298e+05 	2.533964e-124 	3.855760e-11 	8.881784e-16 	0.000000e+00
9078 	1.000000e-05 	1.094298e+05 	2.533964e-124 	3.855760e-11 	8.881784e-16 	0.000000e+00
9079 	1.000000e-05 	1.094298e+05 	2.533964e-124 	3.855760e-11 	8.881784e-16 	0.000000e+00
9080 	1.000000e-05 	1.094298e+05 	2.533964e-124 	3.855760e-11 	8.881784e-16 	0.000000e+00
9081 	1.000000e-05 	1.094298e+05 	2.533964e-124 	3.855760e-11 	8.881784e-16 	0.000000e+00
9082 	1.000000e-05 	1.094298e+05 	2.533964e-124 	3.855760e-11 	8.881784e-16 	0.000000e+00
9083 	1.000000e-05 	1.094298e+05 	2.533964e-124 	3.855760e-11 	8.881784e-16 	0.000000e+00
9084 	1.000000e-05 	1.094298e+05 	2.533964e-124 	3.855760e-11 	8.881784e-16 	0.000000e+00
9085 	1.000000e-05 	1.094298e+05 	2.533964e-124 	3.855760e-11 	8.881784e-16 	0.000000e+00
9086 	1.000000e-05 	1.094298e+05 	2.533964e-124 	3.855760e-11 	8.881784e-16 	0.000000e+00
9087 	1.000000e-05 	1.094298e+05 	2.533964e-124 	3.855760e-11 	8.881784e-16 	0.000000e+00
9088 	1.000000e-05 	1.094298e+05 	2.533964e-124 	3.855760e-11 	8.881784e-16 	0.000000e+00
9089 	1.000000e-05 	1.094298e+05 	2.533964e-124 	3.855760e-11 	8.881784e-16 	0.000000e+00
9090 	1.000000e-05 	1.094298e+05 	2.533964e-124 	3.855760e-11 	8.881784e-16 	0.000000e+00
9091 	1.000000e-05 	1.094298e+05 	2.533964e-124 	3.855760e-11 	8.881784e-16 	0.000000e+00
9092 	1.000000e-05 	1.094298e+05 	2.533964e-124 	3.855760e-11 	8.881784e-16 	0.000000e+00
9093 	1.000000e-05 	1.094298e+05 	2.533964e-124 	3.855760e-11 	8.881784e-16 	0.000000e+00
9094 	1.000000e-05 	1.094298e+05 	2.533964e-124 	3.855760e-11 	8.881784e-16 	0.000000e+00
9095 	1.000000e-05 	1.094298e+05 	2.533964e-124 	3.855760e-11 	8.881784e-16 	0.000000e+00
9096 	1.000000e-05 	1.094298e+05 	2.533964e-124 	3.855760e-11 	8.881784e-16 	0.000000e+00
9097 	1.000000e-05 	1.094298e+05 	2.533964e-124 	3.855760e-11 	8.881784e-16 	0.000000e+00
9098 	1.000000e-05 	1.094298e+05 	2.533964e-124 	3.855760e-11 	8.881784e-16 	0.000000e+00
9099 	1.000000e-05 	1.094298e+05 	2.533964e-124 	3.855760e-11 	8.881784e-16 	0.000000e+00
9100 	1.000000e-05 	1.094298e+05 	2.533964e-124 	3.855760e-11 	8.881784e-16 	0.000000e+00
9101 	1.000000e-05 	1.094298e+05 	2.533964e-124 	3.855760e-11 	8.881784e-16 	0.000000e+00
9102 	1.000000e-05 	1.094298e+05 	2.533964e-124 	3.855760e-11 	8.881784e-16 	0.000000e+00
9103 	1.000000e-05 	1.094298e+05 	2.533964e-124 	3.855760e-11 	8.881784e-16 	0.000000e+00
9104 	1.000000e-05 	1.094298e+05 	2.533964e-124 	3.855760e-11 	8.881784e-16 	0.000000e+00
9105 	1.000000e-05 	1.094298e+05 	2.533964e-124 	3.855760e-11 	8.881784e-16 	0.000000e+00
9106 	1.000000e-05 	1.094298e+05 	2.533964e-124 	3.855760e-11 	8.881784e-16 	0.000000e+00
9107 	1.000000e-05 	1.094298e+05 	2.533964e-124 	3.855760e-11 	8.881784e-16 	0.000000e+00
9108 	1.000000e-05 	1.094298e+05 	2.533964e-124 	3.855760e-11 	8.881784e-16 	0.000000e+00
9109 	1.000000e-05 	1.094298e+05 	2.533964e-124 	3.855760e-11 	8.881784e-16 	0.000000e+00
9110 	1.000000e-05 	1.094298e+05 	2.533964e-124 	3.855760e-11 	8.881784e-16 	0.000000e+00
9111 	1.000000e-05 	1.094298e+05 	2.533964e-124 	3.855760e-11 	8.881784e-16 	0.000000e+00
9112 	1.000000e-05 	1.094298e+05 	2.533964e-124 	3.855760e-11 	8.881784e-16 	0.000000e+00
9113 	1.000000e-05 	1.094298e+05 	2.533964e-124 	3.855760e-11 	8.881784e-16 	0.000000e+00
9114 	1.000000e-05 	1.094298e+05 	2.533964e-124 	3.855760e-11 	8.881784e-16 	0.000000e+00
9115 	1.000000e-05 	1.094298e+05 	2.533964e-124 	3.855760e-11 	8.881784e-16 	0.000000e+00
9116 	1.000000e-05 	1.094298e+05 	2.533964e-124 	3.855760e-11 	8.881784e-16 	0.000000e+00
9117 	1.000000e-05 	1.094298e+05 	2.533964e-124 	3.855760e-11 	8.881784e-16 	0.000000e+00
9118 	1.000000e-05 	1.094298e+05 	2.533964e-124 	3.855760e-11 	8.881784e-16 	0.000000e+00
9119 	1.000000e-05 	1.094298e+05 	2.533964e-124 	3.855760e-11 	8.881784e-16 	0.000000e+00
9120 	1.000000e-05 	1.094298e+05 	2.533964e-124 	3.855760e-11 	8.881784e-16 	0.000000e+00
9121 	1.000000e-05 	1.094298e+05 	2.533964e-124 	3.855760e-11 	8.881784e-16 	0.000000e+00
9122 	1.000000e-05 	1.094298e+05 	2.533964e-124 	3.855760e-11 	8.881784e-16 	0.000000e+00
9123 	1.000000e-05 	1.094298e+05 	2.533964e-124 	3.855760e-11 	8.881784e-16 	0.000000e+00
9124 	1.000000e-05 	1.094298e+05 	2.533964e-124 	3.855760e-11 	8.881784e-16 	0.000000e+00
9125 	1.000000e-05 	1.094298e+05 	2.533964e-124 	3.855760e-11 	8.881784e-16 	0.000000e+00
9126 	1.000000e-05 	1.094298e+05 	2.533964e-124 	3.855760e-11 	8.881784e-16 	0.000000e+00
9127 	1.000000e-05 	1.094298e+05 	2.533964e-124 	3.855760e-11 	8.881784e-16 	0.000000e+00
9128 	1.000000e-05 	1.094298e+05 	2.533964e-124 	3.855760e-11 	8.881784e-16 	0.000000e+00
9129 	1.000000e-05 	1.094298e+05 	2.533964e-124 	3.855760e-11 	8.881784e-16 	0.000000e+00
9130 	1.000000e-05 	1.094298e+05 	2.533964e-124 	3.855760e-11 	8.881784e-16 	0.000000e+00
9131 	1.000000e-05 	1.094298e+05 	2.533964e-124 	3.855760e-11 	8.881784e-16 	0.000000e+00
9132 	1.000000e-05 	1.094298e+05 	2.533964e-124 	3.855760e-11 	8.881784e-16 	0.000000e+00
9133 	1.000000e-05 	1.094298e+05 	2.533964e-124 	3.855760e-11 	8.881784e-16 	0.000000e+00
9134 	1.000000e-05 	1.094298e+05 	2.533964e-124 	3.855760e-11 	8.881784e-16 	0.000000e+00
9135 	1.000000e-05 	1.094298e+05 	2.533964e-124 	3.855760e-11 	8.881784e-16 	0.000000e+00
9136 	1.000000e-05 	1.094298e+05 	2.533964e-124 	3.855760e-11 	8.881784e-16 	0.000000e+00
9137 	1.000000e-05 	1.094298e+05 	2.533964e-124 	3.855760e-11 	8.881784e-16 	0.000000e+00
9138 	1.000000e-05 	1.094298e+05 	2.533964e-124 	3.855760e-11 	8.881784e-16 	0.000000e+00
9139 	1.000000e-05 	1.094298e+05 	2.533964e-124 	3.855760e-11 	8.881784e-16 	0.000000e+00
9140 	1.000000e-05 	1.094298e+05 	2.533964e-124 	3.855760e-11 	8.881784e-16 	0.000000e+00
9141 	1.000000e-05 	1.094298e+05 	2.533964e-124 	3.855760e-11 	8.881784e-16 	0.000000e+00
9142 	1.000000e-05 	1.094298e+05 	2.533964e-124 	3.855760e-11 	8.881784e-16 	0.000000e+00
9143 	1.000000e-05 	1.094298e+05 	2.533964e-124 	3.855760e-11 	8.881784e-16 	0.000000e+00
9144 	1.000000e-05 	1.094298e+05 	2.533964e-124 	3.855760e-11 	8.881784e-16 	0.000000e+00
9145 	1.000000e-05 	1.094298e+05 	2.533964e-124 	3.855760e-11 	8.881784e-16 	0.000000e+00
9146 	1.000000e-05 	1.094298e+05 	2.533964e-124 	3.855760e-11 	8.881784e-16 	0.000000e+00
9147 	1.000000e-05 	1.094298e+05 	2.533964e-124 	3.855760e-11 	8.881784e-16 	0.000000e+00
9148 	1.000000e-05 	1.094298e+05 	2.533964e-124 	3.855760e-11 	8.881784e-16 	0.000000e+00
9149 	1.000000e-05 	1.094298e+05 	2.533964e-124 	3.855760e-11 	8.881784e-16 	0.000000e+00
9150 	1.000000e-05 	1.094298e+05 	2.533964e-124 	3.855760e-11 	8.881784e-16 	0.000000e+00
9151 	1.000000e-05 	1.094298e+05 	2.533964e-124 	3.855760e-11 	8.881784e-16 	0.000000e+00
9152 	1.000000e-05 	1.094298e+05 	2.533964e-124 	3.855760e-11 	8.881784e-16 	0.000000e+00
9153 	1.000000e-05 	1.094298e+05 	2.533964e-124 	3.855760e-11 	8.881784e-16 	0.000000e+00
9154 	1.000000e-05 	1.094298e+05 	2.533964e-124 	3.855760e-11 	8.881784e-16 	0.000000e+00
9155 	1.000000e-05 	1.094298e+05 	2.533964e-124 	3.855760e-11 	8.881784e-16 	0.000000e+00
9156 	1.000000e-05 	1.094298e+05 	2.533964e-124 	3.855760e-11 	8.881784e-16 	0.000000e+00
9157 	1.000000e-05 	1.094298e+05 	2.533964e-124 	3.855760e-11 	8.881784e-16 	0.000000e+00
9158 	1.000000e-05 	1.094298e+05 	2.533964e-124 	3.855760e-11 	8.881784e-16 	0.000000e+00
9159 	1.000000e-05 	1.094298e+05 	2.533964e-124 	3.855760e-11 	8.881784e-16 	0.000000e+00
9160 	1.000000e-05 	1.094298e+05 	2.533964e-124 	3.855760e-11 	8.881784e-16 	0.000000e+00
9161 	1.000000e-05 	1.094298e+05 	2.533964e-124 	3.855760e-11 	8.881784e-16 	0.000000e+00
9162 	1.000000e-05 	1.094298e+05 	2.533964e-124 	3.855760e-11 	8.881784e-16 	0.000000e+00
9163 	1.000000e-05 	1.094298e+05 	2.533964e-124 	3.855760e-11 	8.881784e-16 	0.000000e+00
9164 	1.000000e-05 	1.094298e+05 	2.533964e-124 	3.855760e-11 	8.881784e-16 	0.000000e+00
9165 	1.000000e-05 	1.094298e+05 	2.533964e-124 	3.855760e-11 	8.881784e-16 	0.000000e+00
9166 	1.000000e-05 	1.094298e+05 	2.533964e-124 	3.855760e-11 	8.881784e-16 	0.000000e+00
9167 	1.000000e-05 	1.094298e+05 	2.533964e-124 	3.855760e-11 	8.881784e-16 	0.000000e+00
9168 	1.000000e-05 	1.094298e+05 	2.533964e-124 	3.855760e-11 	8.881784e-16 	0.000000e+00
9169 	1.000000e-05 	1.094298e+05 	2.533964e-124 	3.855760e-11 	8.881784e-16 	0.000000e+00
9170 	1.000000e-05 	1.094298e+05 	2.533964e-124 	3.855760e-11 	8.881784e-16 	0.000000e+00
9171 	1.000000e-05 	1.094298e+05 	2.533964e-124 	3.855760e-11 	8.881784e-16 	0.000000e+00
9172 	1.000000e-05 	1.094298e+05 	2.533964e-124 	3.855760e-11 	8.881784e-16 	0.000000e+00
9173 	1.000000e-05 	1.094298e+05 	2.533964e-124 	3.855760e-11 	8.881784e-16 	0.000000e+00
9174 	1.000000e-05 	1.094298e+05 	2.533964e-124 	3.855760e-11 	8.881784e-16 	0.000000e+00
9175 	1.000000e-05 	1.094298e+05 	2.533964e-124 	3.855760e-11 	8.881784e-16 	0.000000e+00
9176 	1.000000e-05 	1.094298e+05 	2.533964e-124 	3.855760e-11 	8.881784e-16 	0.000000e+00
9177 	1.000000e-05 	1.094298e+05 	2.533964e-124 	3.855760e-11 	8.881784e-16 	0.000000e+00
9178 	1.000000e-05 	1.094298e+05 	2.533964e-124 	3.855760e-11 	8.881784e-16 	0.000000e+00
9179 	1.000000e-05 	1.094298e+05 	2.533964e-124 	3.855760e-11 	8.881784e-16 	0.000000e+00
9180 	1.000000e-05 	1.094298e+05 	2.533964e-124 	3.855760e-11 	8.881784e-16 	0.000000e+00
9181 	1.000000e-05 	1.094298e+05 	2.533964e-124 	3.855760e-11 	8.881784e-16 	0.000000e+00
9182 	1.000000e-05 	1.094298e+05 	2.533964e-124 	3.855760e-11 	8.881784e-16 	0.000000e+00
9183 	1.000000e-05 	1.094298e+05 	2.533964e-124 	3.855760e-11 	8.881784e-16 	0.000000e+00
9184 	1.000000e-05 	1.094298e+05 	2.533964e-124 	3.855760e-11 	8.881784e-16 	0.000000e+00
9185 	1.000000e-05 	1.094298e+05 	2.533964e-124 	3.855760e-11 	8.881784e-16 	0.000000e+00
9186 	1.000000e-05 	1.094298e+05 	2.533964e-124 	3.855760e-11 	8.881784e-16 	0.000000e+00
9187 	1.000000e-05 	1.094298e+05 	2.533964e-124 	3.855760e-11 	8.881784e-16 	0.000000e+00
9188 	1.000000e-05 	1.094298e+05 	2.533964e-124 	3.855760e-11 	8.881784e-16 	0.000000e+00
9189 	1.000000e-05 	1.094298e+05 	2.533964e-124 	3.855760e-11 	8.881784e-16 	0.000000e+00
9190 	1.000000e-05 	1.094298e+05 	2.533964e-124 	3.855760e-11 	8.881784e-16 	0.000000e+00
9191 	1.000000e-05 	1.094298e+05 	2.533964e-124 	3.855760e-11 	8.881784e-16 	0.000000e+00
9192 	1.000000e-05 	1.094298e+05 	2.533964e-124 	3.855760e-11 	8.881784e-16 	0.000000e+00
9193 	1.000000e-05 	1.094298e+05 	2.533964e-124 	3.855760e-11 	8.881784e-16 	0.000000e+00
9194 	1.000000e-05 	1.094298e+05 	2.533964e-124 	3.855760e-11 	8.881784e-16 	0.000000e+00
9195 	1.000000e-05 	1.094298e+05 	2.533964e-124 	3.855760e-11 	8.881784e-16 	0.000000e+00
9196 	1.000000e-05 	1.094298e+05 	2.533964e-124 	3.855760e-11 	8.881784e-16 	0.000000e+00
9197 	1.000000e-05 	1.094298e+05 	2.533964e-124 	3.855760e-11 	8.881784e-16 	0.000000e+00
9198 	1.000000e-05 	1.094298e+05 	2.533964e-124 	3.855760e-11 	8.881784e-16 	0.000000e+00
9199 	1.000000e-05 	1.094298e+05 	2.533964e-124 	3.855760e-11 	8.881784e-16 	0.000000e+00
9200 	1.000000e-05 	1.094298e+05 	2.533964e-124 	3.855760e-11 	8.881784e-16 	0.000000e+00
9201 	1.000000e-05 	1.094298e+05 	2.533964e-124 	3.855760e-11 	8.881784e-16 	0.000000e+00
9202 	1.000000e-05 	1.094298e+05 	2.533964e-124 	3.855760e-11 	8.881784e-16 	0.000000e+00
9203 	1.000000e-05 	1.094298e+05 	2.533964e-124 	3.855760e-11 	8.881784e-16 	0.000000e+00
9204 	1.000000e-05 	1.094298e+05 	2.533964e-124 	3.855760e-11 	8.881784e-16 	0.000000e+00
9205 	1.000000e-05 	1.094298e+05 	2.533964e-124 	3.855760e-11 	8.881784e-16 	0.000000e+00
9206 	1.000000e-05 	1.094298e+05 	2.533964e-124 	3.855760e-11 	8.881784e-16 	0.000000e+00
9207 	1.000000e-05 	1.094298e+05 	2.533964e-124 	3.855760e-11 	8.881784e-16 	0.000000e+00
9208 	1.000000e-05 	1.094298e+05 	2.533964e-124 	3.855760e-11 	8.881784e-16 	0.000000e+00
9209 	1.000000e-05 	1.094298e+05 	2.533964e-124 	3.855760e-11 	8.881784e-16 	0.000000e+00
9210 	1.000000e-05 	1.094298e+05 	2.533964e-124 	3.855760e-11 	8.881784e-16 	0.000000e+00
9211 	1.000000e-05 	1.094298e+05 	2.533964e-124 	3.855760e-11 	8.881784e-16 	0.000000e+00
9212 	1.000000e-05 	1.094298e+05 	2.533964e-124 	3.855760e-11 	8.881784e-16 	0.000000e+00
9213 	1.000000e-05 	1.094298e+05 	2.533964e-124 	3.855760e-11 	8.881784e-16 	0.000000e+00
9214 	1.000000e-05 	1.094298e+05 	2.533964e-124 	3.855760e-11 	8.881784e-16 	0.000000e+00
9215 	1.000000e-05 	1.094298e+05 	2.533964e-124 	3.855760e-11 	8.881784e-16 	0.000000e+00
9216 	1.000000e-05 	1.094298e+05 	2.533964e-124 	3.855760e-11 	8.881784e-16 	0.000000e+00
9217 	1.000000e-05 	1.094298e+05 	2.533964e-124 	3.855760e-11 	8.881784e-16 	0.000000e+00
9218 	1.000000e-05 	1.094298e+05 	2.533964e-124 	3.855760e-11 	8.881784e-16 	0.000000e+00
9219 	1.000000e-05 	1.094298e+05 	2.533964e-124 	3.855760e-11 	8.881784e-16 	0.000000e+00
9220 	1.000000e-05 	1.094298e+05 	2.533964e-124 	3.855760e-11 	8.881784e-16 	0.000000e+00
9221 	1.000000e-05 	1.094298e+05 	2.533964e-124 	3.855760e-11 	8.881784e-16 	0.000000e+00
9222 	1.000000e-05 	1.094298e+05 	2.533964e-124 	3.855760e-11 	8.881784e-16 	0.000000e+00
9223 	1.000000e-05 	1.094298e+05 	2.533964e-124 	3.855760e-11 	8.881784e-16 	0.000000e+00
9224 	1.000000e-05 	1.094298e+05 	2.533964e-124 	3.855760e-11 	8.881784e-16 	0.000000e+00
9225 	1.000000e-05 	1.094298e+05 	2.533964e-124 	3.855760e-11 	8.881784e-16 	0.000000e+00
9226 	1.000000e-05 	1.094298e+05 	2.533964e-124 	3.855760e-11 	8.881784e-16 	0.000000e+00
9227 	1.000000e-05 	1.094298e+05 	2.533964e-124 	3.855760e-11 	8.881784e-16 	0.000000e+00
9228 	1.000000e-05 	1.094298e+05 	2.533964e-124 	3.855760e-11 	8.881784e-16 	0.000000e+00
9229 	1.000000e-05 	1.094298e+05 	2.533964e-124 	3.855760e-11 	8.881784e-16 	0.000000e+00
9230 	1.000000e-05 	1.094298e+05 	2.533964e-124 	3.855760e-11 	8.881784e-16 	0.000000e+00
9231 	1.000000e-05 	1.094298e+05 	2.533964e-124 	3.855760e-11 	8.881784e-16 	0.000000e+00
9232 	1.000000e-05 	1.094298e+05 	2.533964e-124 	3.855760e-11 	8.881784e-16 	0.000000e+00
9233 	1.000000e-05 	1.094298e+05 	2.533964e-124 	3.855760e-11 	8.881784e-16 	0.000000e+00
9234 	1.000000e-05 	1.094298e+05 	2.533964e-124 	3.855760e-11 	8.881784e-16 	0.000000e+00
9235 	1.000000e-05 	1.094298e+05 	2.533964e-124 	3.855760e-11 	8.881784e-16 	0.000000e+00
9236 	1.000000e-05 	1.094298e+05 	2.533964e-124 	3.855760e-11 	8.881784e-16 	0.000000e+00
9237 	1.000000e-05 	1.094298e+05 	2.533964e-124 	3.855760e-11 	8.881784e-16 	0.000000e+00
9238 	1.000000e-05 	1.094298e+05 	2.533964e-124 	3.855760e-11 	8.881784e-16 	0.000000e+00
9239 	1.000000e-05 	1.094298e+05 	2.533964e-124 	3.855760e-11 	8.881784e-16 	0.000000e+00
9240 	1.000000e-05 	1.094298e+05 	2.533964e-124 	3.855760e-11 	8.881784e-16 	0.000000e+00
9241 	1.000000e-05 	1.094298e+05 	2.533964e-124 	3.855760e-11 	8.881784e-16 	0.000000e+00
9242 	1.000000e-05 	1.094298e+05 	2.533964e-124 	3.855760e-11 	8.881784e-16 	0.000000e+00
9243 	1.000000e-05 	1.094298e+05 	2.533964e-124 	3.855760e-11 	8.881784e-16 	0.000000e+00
9244 	1.000000e-05 	1.094298e+05 	2.533964e-124 	3.855760e-11 	8.881784e-16 	0.000000e+00
9245 	1.000000e-05 	1.094298e+05 	2.533964e-124 	3.855760e-11 	8.881784e-16 	0.000000e+00
9246 	1.000000e-05 	1.094298e+05 	2.533964e-124 	3.855760e-11 	8.881784e-16 	0.000000e+00
9247 	1.000000e-05 	1.094298e+05 	2.533964e-124 	3.855760e-11 	8.881784e-16 	0.000000e+00
9248 	1.000000e-05 	1.094298e+05 	2.533964e-124 	3.855760e-11 	8.881784e-16 	0.000000e+00
9249 	1.000000e-05 	1.094298e+05 	2.533964e-124 	3.855760e-11 	8.881784e-16 	0.000000e+00
9250 	1.000000e-05 	1.094298e+05 	2.533964e-124 	3.855760e-11 	8.881784e-16 	0.000000e+00
9251 	1.000000e-05 	1.094298e+05 	2.533964e-124 	3.855760e-11 	8.881784e-16 	0.000000e+00
9252 	1.000000e-05 	1.094298e+05 	2.533964e-124 	3.855760e-11 	8.881784e-16 	0.000000e+00
9253 	1.000000e-05 	1.094298e+05 	2.533964e-124 	3.855760e-11 	8.881784e-16 	0.000000e+00
9254 	1.000000e-05 	1.094298e+05 	2.533964e-124 	3.855760e-11 	8.881784e-16 	0.000000e+00
9255 	1.000000e-05 	1.094298e+05 	2.533964e-124 	3.855760e-11 	8.881784e-16 	0.000000e+00
9256 	1.000000e-05 	1.094298e+05 	2.533964e-124 	3.855760e-11 	8.881784e-16 	0.000000e+00
9257 	1.000000e-05 	1.094298e+05 	2.533964e-124 	3.855760e-11 	8.881784e-16 	0.000000e+00
9258 	1.000000e-05 	1.094298e+05 	2.533964e-124 	3.855760e-11 	8.881784e-16 	0.000000e+00
9259 	1.000000e-05 	1.094298e+05 	2.533964e-124 	3.855760e-11 	8.881784e-16 	0.000000e+00
9260 	1.000000e-05 	1.094298e+05 	2.533964e-124 	3.855760e-11 	8.881784e-16 	0.000000e+00
9261 	1.000000e-05 	1.094298e+05 	2.533964e-124 	3.855760e-11 	8.881784e-16 	0.000000e+00
9262 	1.000000e-05 	1.094298e+05 	2.533964e-124 	3.855760e-11 	8.881784e-16 	0.000000e+00
9263 	1.000000e-05 	1.094298e+05 	2.533964e-124 	3.855760e-11 	8.881784e-16 	0.000000e+00
9264 	1.000000e-05 	1.094298e+05 	2.533964e-124 	3.855760e-11 	8.881784e-16 	0.000000e+00
9265 	1.000000e-05 	1.094298e+05 	2.533964e-124 	3.855760e-11 	8.881784e-16 	0.000000e+00
9266 	1.000000e-05 	1.094298e+05 	2.533964e-124 	3.855760e-11 	8.881784e-16 	0.000000e+00
9267 	1.000000e-05 	1.094298e+05 	2.533964e-124 	3.855760e-11 	8.881784e-16 	0.000000e+00
9268 	1.000000e-05 	1.094298e+05 	2.533964e-124 	3.855760e-11 	8.881784e-16 	0.000000e+00
9269 	1.000000e-05 	1.094298e+05 	2.533964e-124 	3.855760e-11 	8.881784e-16 	0.000000e+00
9270 	1.000000e-05 	1.094298e+05 	2.533964e-124 	3.855760e-11 	8.881784e-16 	0.000000e+00
9271 	1.000000e-05 	1.094298e+05 	2.533964e-124 	3.855760e-11 	8.881784e-16 	0.000000e+00
9272 	1.000000e-05 	1.094298e+05 	2.533964e-124 	3.855760e-11 	8.881784e-16 	0.000000e+00
9273 	1.000000e-05 	1.094298e+05 	2.533964e-124 	3.855760e-11 	8.881784e-16 	0.000000e+00
9274 	1.000000e-05 	1.094298e+05 	2.533964e-124 	3.855760e-11 	8.881784e-16 	0.000000e+00
9275 	1.000000e-05 	1.094298e+05 	2.533964e-124 	3.855760e-11 	8.881784e-16 	0.000000e+00
9276 	1.000000e-05 	1.094298e+05 	2.533964e-124 	3.855760e-11 	8.881784e-16 	0.000000e+00
9277 	1.000000e-05 	1.094298e+05 	2.533964e-124 	3.855760e-11 	8.881784e-16 	0.000000e+00
9278 	1.000000e-05 	1.094298e+05 	2.533964e-124 	3.855760e-11 	8.881784e-16 	0.000000e+00
9279 	1.000000e-05 	1.094298e+05 	2.533964e-124 	3.855760e-11 	8.881784e-16 	0.000000e+00
9280 	1.000000e-05 	1.094298e+05 	2.533964e-124 	3.855760e-11 	8.881784e-16 	0.000000e+00
9281 	1.000000e-05 	1.094298e+05 	2.533964e-124 	3.855760e-11 	8.881784e-16 	0.000000e+00
9282 	1.000000e-05 	1.094298e+05 	2.533964e-124 	3.855760e-11 	8.881784e-16 	0.000000e+00
9283 	1.000000e-05 	1.094298e+05 	2.533964e-124 	3.855760e-11 	8.881784e-16 	0.000000e+00
9284 	1.000000e-05 	1.094298e+05 	2.533964e-124 	3.855760e-11 	8.881784e-16 	0.000000e+00
9285 	1.000000e-05 	1.094298e+05 	2.533964e-124 	3.855760e-11 	8.881784e-16 	0.000000e+00
9286 	1.000000e-05 	1.094298e+05 	2.533964e-124 	3.855760e-11 	8.881784e-16 	0.000000e+00
9287 	1.000000e-05 	1.094298e+05 	2.533964e-124 	3.855760e-11 	8.881784e-16 	0.000000e+00
9288 	1.000000e-05 	1.094298e+05 	2.533964e-124 	3.855760e-11 	8.881784e-16 	0.000000e+00
9289 	1.000000e-05 	1.094298e+05 	2.533964e-124 	3.855760e-11 	8.881784e-16 	0.000000e+00
9290 	1.000000e-05 	1.094298e+05 	2.533964e-124 	3.855760e-11 	8.881784e-16 	0.000000e+00
9291 	1.000000e-05 	1.094298e+05 	2.533964e-124 	3.855760e-11 	8.881784e-16 	0.000000e+00
9292 	1.000000e-05 	1.094298e+05 	2.533964e-124 	3.855760e-11 	8.881784e-16 	0.000000e+00
9293 	1.000000e-05 	1.094298e+05 	2.533964e-124 	3.855760e-11 	8.881784e-16 	0.000000e+00
9294 	1.000000e-05 	1.094298e+05 	2.533964e-124 	3.855760e-11 	8.881784e-16 	0.000000e+00
9295 	1.000000e-05 	1.094298e+05 	2.533964e-124 	3.855760e-11 	8.881784e-16 	0.000000e+00
9296 	1.000000e-05 	1.094298e+05 	2.533964e-124 	3.855760e-11 	8.881784e-16 	0.000000e+00
9297 	1.000000e-05 	1.094298e+05 	2.533964e-124 	3.855760e-11 	8.881784e-16 	0.000000e+00
9298 	1.000000e-05 	1.094298e+05 	2.533964e-124 	3.855760e-11 	8.881784e-16 	0.000000e+00
9299 	1.000000e-05 	1.094298e+05 	2.533964e-124 	3.855760e-11 	8.881784e-16 	0.000000e+00
9300 	1.000000e-05 	1.094298e+05 	2.533964e-124 	3.855760e-11 	8.881784e-16 	0.000000e+00
9301 	1.000000e-05 	1.094298e+05 	2.533964e-124 	3.855760e-11 	8.881784e-16 	0.000000e+00
9302 	1.000000e-05 	1.094298e+05 	2.533964e-124 	3.855760e-11 	8.881784e-16 	0.000000e+00
9303 	1.000000e-05 	1.094298e+05 	2.533964e-124 	3.855760e-11 	8.881784e-16 	0.000000e+00
9304 	1.000000e-05 	1.094298e+05 	2.533964e-124 	3.855760e-11 	8.881784e-16 	0.000000e+00
9305 	1.000000e-05 	1.094298e+05 	2.533964e-124 	3.855760e-11 	8.881784e-16 	0.000000e+00
9306 	1.000000e-05 	1.094298e+05 	2.533964e-124 	3.855760e-11 	8.881784e-16 	0.000000e+00
9307 	1.000000e-05 	1.094298e+05 	2.533964e-124 	3.855760e-11 	8.881784e-16 	0.000000e+00
9308 	1.000000e-05 	1.094298e+05 	2.533964e-124 	3.855760e-11 	8.881784e-16 	0.000000e+00
9309 	1.000000e-05 	1.094298e+05 	2.533964e-124 	3.855760e-11 	8.881784e-16 	0.000000e+00
9310 	1.000000e-05 	1.094298e+05 	2.533964e-124 	3.855760e-11 	8.881784e-16 	0.000000e+00
9311 	1.000000e-05 	1.094298e+05 	2.533964e-124 	3.855760e-11 	8.881784e-16 	0.000000e+00
9312 	1.000000e-05 	1.094298e+05 	2.533964e-124 	3.855760e-11 	8.881784e-16 	0.000000e+00
9313 	1.000000e-05 	1.094298e+05 	2.533964e-124 	3.855760e-11 	8.881784e-16 	0.000000e+00
9314 	1.000000e-05 	1.094298e+05 	2.533964e-124 	3.855760e-11 	8.881784e-16 	0.000000e+00
9315 	1.000000e-05 	1.094298e+05 	2.533964e-124 	3.855760e-11 	8.881784e-16 	0.000000e+00
9316 	1.000000e-05 	1.094298e+05 	2.533964e-124 	3.855760e-11 	8.881784e-16 	0.000000e+00
9317 	1.000000e-05 	1.094298e+05 	2.533964e-124 	3.855760e-11 	8.881784e-16 	0.000000e+00
9318 	1.000000e-05 	1.094298e+05 	2.533964e-124 	3.855760e-11 	8.881784e-16 	0.000000e+00
9319 	1.000000e-05 	1.094298e+05 	2.533964e-124 	3.855760e-11 	8.881784e-16 	0.000000e+00
9320 	1.000000e-05 	1.094298e+05 	2.533964e-124 	3.855760e-11 	8.881784e-16 	0.000000e+00
9321 	1.000000e-05 	1.094298e+05 	2.533964e-124 	3.855760e-11 	8.881784e-16 	0.000000e+00
9322 	1.000000e-05 	1.094298e+05 	2.533964e-124 	3.855760e-11 	8.881784e-16 	0.000000e+00
9323 	1.000000e-05 	1.094298e+05 	2.533964e-124 	3.855760e-11 	8.881784e-16 	0.000000e+00
9324 	1.000000e-05 	1.094298e+05 	2.533964e-124 	3.855760e-11 	8.881784e-16 	0.000000e+00
9325 	1.000000e-05 	1.094298e+05 	2.533964e-124 	3.855760e-11 	8.881784e-16 	0.000000e+00
9326 	1.000000e-05 	1.094298e+05 	2.533964e-124 	3.855760e-11 	8.881784e-16 	0.000000e+00
9327 	1.000000e-05 	1.094298e+05 	2.533964e-124 	3.855760e-11 	8.881784e-16 	0.000000e+00
9328 	1.000000e-05 	1.094298e+05 	2.533964e-124 	3.855760e-11 	8.881784e-16 	0.000000e+00
9329 	1.000000e-05 	1.094298e+05 	2.533964e-124 	3.855760e-11 	8.881784e-16 	0.000000e+00
9330 	1.000000e-05 	1.094298e+05 	2.533964e-124 	3.855760e-11 	8.881784e-16 	0.000000e+00
9331 	1.000000e-05 	1.094298e+05 	2.533964e-124 	3.855760e-11 	8.881784e-16 	0.000000e+00
9332 	1.000000e-05 	1.094298e+05 	2.533964e-124 	3.855760e-11 	8.881784e-16 	0.000000e+00
9333 	1.000000e-05 	1.094298e+05 	2.533964e-124 	3.855760e-11 	8.881784e-16 	0.000000e+00
9334 	1.000000e-05 	1.094298e+05 	2.533964e-124 	3.855760e-11 	8.881784e-16 	0.000000e+00
9335 	1.000000e-05 	1.094298e+05 	2.533964e-124 	3.855760e-11 	8.881784e-16 	0.000000e+00
9336 	1.000000e-05 	1.094298e+05 	2.533964e-124 	3.855760e-11 	8.881784e-16 	0.000000e+00
9337 	1.000000e-05 	1.094298e+05 	2.533964e-124 	3.855760e-11 	8.881784e-16 	0.000000e+00
9338 	1.000000e-05 	1.094298e+05 	2.533964e-124 	3.855760e-11 	8.881784e-16 	0.000000e+00
9339 	1.000000e-05 	1.094298e+05 	2.533964e-124 	3.855760e-11 	8.881784e-16 	0.000000e+00
9340 	1.000000e-05 	1.094298e+05 	2.533964e-124 	3.855760e-11 	8.881784e-16 	0.000000e+00
9341 	1.000000e-05 	1.094298e+05 	2.533964e-124 	3.855760e-11 	8.881784e-16 	0.000000e+00
9342 	1.000000e-05 	1.094298e+05 	2.533964e-124 	3.855760e-11 	8.881784e-16 	0.000000e+00
9343 	1.000000e-05 	1.094298e+05 	2.533964e-124 	3.855760e-11 	8.881784e-16 	0.000000e+00
9344 	1.000000e-05 	1.094298e+05 	2.533964e-124 	3.855760e-11 	8.881784e-16 	0.000000e+00
9345 	1.000000e-05 	1.094298e+05 	2.533964e-124 	3.855760e-11 	8.881784e-16 	0.000000e+00
9346 	1.000000e-05 	1.094298e+05 	2.533964e-124 	3.855760e-11 	8.881784e-16 	0.000000e+00
9347 	1.000000e-05 	1.094298e+05 	2.533964e-124 	3.855760e-11 	8.881784e-16 	0.000000e+00
9348 	1.000000e-05 	1.094298e+05 	2.533964e-124 	3.855760e-11 	8.881784e-16 	0.000000e+00
9349 	1.000000e-05 	1.094298e+05 	2.533964e-124 	3.855760e-11 	8.881784e-16 	0.000000e+00
9350 	1.000000e-05 	1.094298e+05 	2.533964e-124 	3.855760e-11 	8.881784e-16 	0.000000e+00
9351 	1.000000e-05 	1.094298e+05 	2.533964e-124 	3.855760e-11 	8.881784e-16 	0.000000e+00
9352 	1.000000e-05 	1.094298e+05 	2.533964e-124 	3.855760e-11 	8.881784e-16 	0.000000e+00
9353 	1.000000e-05 	1.094298e+05 	2.533964e-124 	3.855760e-11 	8.881784e-16 	0.000000e+00
9354 	1.000000e-05 	1.094298e+05 	2.533964e-124 	3.855760e-11 	8.881784e-16 	0.000000e+00
9355 	1.000000e-05 	1.094298e+05 	2.533964e-124 	3.855760e-11 	8.881784e-16 	0.000000e+00
9356 	1.000000e-05 	1.094298e+05 	2.533964e-124 	3.855760e-11 	8.881784e-16 	0.000000e+00
9357 	1.000000e-05 	1.094298e+05 	2.533964e-124 	3.855760e-11 	8.881784e-16 	0.000000e+00
9358 	1.000000e-05 	1.094298e+05 	2.533964e-124 	3.855760e-11 	8.881784e-16 	0.000000e+00
9359 	1.000000e-05 	1.094298e+05 	2.533964e-124 	3.855760e-11 	8.881784e-16 	0.000000e+00
9360 	1.000000e-05 	1.094298e+05 	2.533964e-124 	3.855760e-11 	8.881784e-16 	0.000000e+00
9361 	1.000000e-05 	1.094298e+05 	2.533964e-124 	3.855760e-11 	8.881784e-16 	0.000000e+00
9362 	1.000000e-05 	1.094298e+05 	2.533964e-124 	3.855760e-11 	8.881784e-16 	0.000000e+00
9363 	1.000000e-05 	1.094298e+05 	2.533964e-124 	3.855760e-11 	8.881784e-16 	0.000000e+00
9364 	1.000000e-05 	1.094298e+05 	2.533964e-124 	3.855760e-11 	8.881784e-16 	0.000000e+00
9365 	1.000000e-05 	1.094298e+05 	2.533964e-124 	3.855760e-11 	8.881784e-16 	0.000000e+00
9366 	1.000000e-05 	1.094298e+05 	2.533964e-124 	3.855760e-11 	8.881784e-16 	0.000000e+00
9367 	1.000000e-05 	1.094298e+05 	2.533964e-124 	3.855760e-11 	8.881784e-16 	0.000000e+00
9368 	1.000000e-05 	1.094298e+05 	2.533964e-124 	3.855760e-11 	8.881784e-16 	0.000000e+00
9369 	1.000000e-05 	1.094298e+05 	2.533964e-124 	3.855760e-11 	8.881784e-16 	0.000000e+00
9370 	1.000000e-05 	1.094298e+05 	2.533964e-124 	3.855760e-11 	8.881784e-16 	0.000000e+00
9371 	1.000000e-05 	1.094298e+05 	2.533964e-124 	3.855760e-11 	8.881784e-16 	0.000000e+00
9372 	1.000000e-05 	1.094298e+05 	2.533964e-124 	3.855760e-11 	8.881784e-16 	0.000000e+00
9373 	1.000000e-05 	1.094298e+05 	2.533964e-124 	3.855760e-11 	8.881784e-16 	0.000000e+00
9374 	1.000000e-05 	1.094298e+05 	2.533964e-124 	3.855760e-11 	8.881784e-16 	0.000000e+00
9375 	1.000000e-05 	1.094298e+05 	2.533964e-124 	3.855760e-11 	8.881784e-16 	0.000000e+00
9376 	1.000000e-05 	1.094298e+05 	2.533964e-124 	3.855760e-11 	8.881784e-16 	0.000000e+00
9377 	1.000000e-05 	1.094298e+05 	2.533964e-124 	3.855760e-11 	8.881784e-16 	0.000000e+00
9378 	1.000000e-05 	1.094298e+05 	2.533964e-124 	3.855760e-11 	8.881784e-16 	0.000000e+00
9379 	1.000000e-05 	1.094298e+05 	2.533964e-124 	3.855760e-11 	8.881784e-16 	0.000000e+00
9380 	1.000000e-05 	1.094298e+05 	2.533964e-124 	3.855760e-11 	8.881784e-16 	0.000000e+00
9381 	1.000000e-05 	1.094298e+05 	2.533964e-124 	3.855760e-11 	8.881784e-16 	0.000000e+00
9382 	1.000000e-05 	1.094298e+05 	2.533964e-124 	3.855760e-11 	8.881784e-16 	0.000000e+00
9383 	1.000000e-05 	1.094298e+05 	2.533964e-124 	3.855760e-11 	8.881784e-16 	0.000000e+00
9384 	1.000000e-05 	1.094298e+05 	2.533964e-124 	3.855760e-11 	8.881784e-16 	0.000000e+00
9385 	1.000000e-05 	1.094298e+05 	2.533964e-124 	3.855760e-11 	8.881784e-16 	0.000000e+00
9386 	1.000000e-05 	1.094298e+05 	2.533964e-124 	3.855760e-11 	8.881784e-16 	0.000000e+00
9387 	1.000000e-05 	1.094298e+05 	2.533964e-124 	3.855760e-11 	8.881784e-16 	0.000000e+00
9388 	1.000000e-05 	1.094298e+05 	2.533964e-124 	3.855760e-11 	8.881784e-16 	0.000000e+00
9389 	1.000000e-05 	1.094298e+05 	2.533964e-124 	3.855760e-11 	8.881784e-16 	0.000000e+00
9390 	1.000000e-05 	1.094298e+05 	2.533964e-124 	3.855760e-11 	8.881784e-16 	0.000000e+00
9391 	1.000000e-05 	1.094298e+05 	2.533964e-124 	3.855760e-11 	8.881784e-16 	0.000000e+00
9392 	1.000000e-05 	1.094298e+05 	2.533964e-124 	3.855760e-11 	8.881784e-16 	0.000000e+00
9393 	1.000000e-05 	1.094298e+05 	2.533964e-124 	3.855760e-11 	8.881784e-16 	0.000000e+00
9394 	1.000000e-05 	1.094298e+05 	2.533964e-124 	3.855760e-11 	8.881784e-16 	0.000000e+00
9395 	1.000000e-05 	1.094298e+05 	2.533964e-124 	3.855760e-11 	8.881784e-16 	0.000000e+00
9396 	1.000000e-05 	1.094298e+05 	2.533964e-124 	3.855760e-11 	8.881784e-16 	0.000000e+00
9397 	1.000000e-05 	1.094298e+05 	2.533964e-124 	3.855760e-11 	8.881784e-16 	0.000000e+00
9398 	1.000000e-05 	1.094298e+05 	2.533964e-124 	3.855760e-11 	8.881784e-16 	0.000000e+00
9399 	1.000000e-05 	1.094298e+05 	2.533964e-124 	3.855760e-11 	8.881784e-16 	0.000000e+00
9400 	1.000000e-05 	1.094298e+05 	2.533964e-124 	3.855760e-11 	8.881784e-16 	0.000000e+00
9401 	1.000000e-05 	1.094298e+05 	2.533964e-124 	3.855760e-11 	8.881784e-16 	0.000000e+00
9402 	1.000000e-05 	1.094298e+05 	2.533964e-124 	3.855760e-11 	8.881784e-16 	0.000000e+00
9403 	1.000000e-05 	1.094298e+05 	2.533964e-124 	3.855760e-11 	8.881784e-16 	0.000000e+00
9404 	1.000000e-05 	1.094298e+05 	2.533964e-124 	3.855760e-11 	8.881784e-16 	0.000000e+00
9405 	1.000000e-05 	1.094298e+05 	2.533964e-124 	3.855760e-11 	8.881784e-16 	0.000000e+00
9406 	1.000000e-05 	1.094298e+05 	2.533964e-124 	3.855760e-11 	8.881784e-16 	0.000000e+00
9407 	1.000000e-05 	1.094298e+05 	2.533964e-124 	3.855760e-11 	8.881784e-16 	0.000000e+00
9408 	1.000000e-05 	1.094298e+05 	2.533964e-124 	3.855760e-11 	8.881784e-16 	0.000000e+00
9409 	1.000000e-05 	1.094298e+05 	2.533964e-124 	3.855760e-11 	8.881784e-16 	0.000000e+00
9410 	1.000000e-05 	1.094298e+05 	2.533964e-124 	3.855760e-11 	8.881784e-16 	0.000000e+00
9411 	1.000000e-05 	1.094298e+05 	2.533964e-124 	3.855760e-11 	8.881784e-16 	0.000000e+00
9412 	1.000000e-05 	1.094298e+05 	2.533964e-124 	3.855760e-11 	8.881784e-16 	0.000000e+00
9413 	1.000000e-05 	1.094298e+05 	2.533964e-124 	3.855760e-11 	8.881784e-16 	0.000000e+00
9414 	1.000000e-05 	1.094298e+05 	2.533964e-124 	3.855760e-11 	8.881784e-16 	0.000000e+00
9415 	1.000000e-05 	1.094298e+05 	2.533964e-124 	3.855760e-11 	8.881784e-16 	0.000000e+00
9416 	1.000000e-05 	1.094298e+05 	2.533964e-124 	3.855760e-11 	8.881784e-16 	0.000000e+00
9417 	1.000000e-05 	1.094298e+05 	2.533964e-124 	3.855760e-11 	8.881784e-16 	0.000000e+00
9418 	1.000000e-05 	1.094298e+05 	2.533964e-124 	3.855760e-11 	8.881784e-16 	0.000000e+00
9419 	1.000000e-05 	1.094298e+05 	2.533964e-124 	3.855760e-11 	8.881784e-16 	0.000000e+00
9420 	1.000000e-05 	1.094298e+05 	2.533964e-124 	3.855760e-11 	8.881784e-16 	0.000000e+00
9421 	1.000000e-05 	1.094298e+05 	2.533964e-124 	3.855760e-11 	8.881784e-16 	0.000000e+00
9422 	1.000000e-05 	1.094298e+05 	2.533964e-124 	3.855760e-11 	8.881784e-16 	0.000000e+00
9423 	1.000000e-05 	1.094298e+05 	2.533964e-124 	3.855760e-11 	8.881784e-16 	0.000000e+00
9424 	1.000000e-05 	1.094298e+05 	2.533964e-124 	3.855760e-11 	8.881784e-16 	0.000000e+00
9425 	1.000000e-05 	1.094298e+05 	2.533964e-124 	3.855760e-11 	8.881784e-16 	0.000000e+00
9426 	1.000000e-05 	1.094298e+05 	2.533964e-124 	3.855760e-11 	8.881784e-16 	0.000000e+00
9427 	1.000000e-05 	1.094298e+05 	2.533964e-124 	3.855760e-11 	8.881784e-16 	0.000000e+00
9428 	1.000000e-05 	1.094298e+05 	2.533964e-124 	3.855760e-11 	8.881784e-16 	0.000000e+00
9429 	1.000000e-05 	1.094298e+05 	2.533964e-124 	3.855760e-11 	8.881784e-16 	0.000000e+00
9430 	1.000000e-05 	1.094298e+05 	2.533964e-124 	3.855760e-11 	8.881784e-16 	0.000000e+00
9431 	1.000000e-05 	1.094298e+05 	2.533964e-124 	3.855760e-11 	8.881784e-16 	0.000000e+00
9432 	1.000000e-05 	1.094298e+05 	2.533964e-124 	3.855760e-11 	8.881784e-16 	0.000000e+00
9433 	1.000000e-05 	1.094298e+05 	2.533964e-124 	3.855760e-11 	8.881784e-16 	0.000000e+00
9434 	1.000000e-05 	1.094298e+05 	2.533964e-124 	3.855760e-11 	8.881784e-16 	0.000000e+00
9435 	1.000000e-05 	1.094298e+05 	2.533964e-124 	3.855760e-11 	8.881784e-16 	0.000000e+00
9436 	1.000000e-05 	1.094298e+05 	2.533964e-124 	3.855760e-11 	8.881784e-16 	0.000000e+00
9437 	1.000000e-05 	1.094298e+05 	2.533964e-124 	3.855760e-11 	8.881784e-16 	0.000000e+00
9438 	1.000000e-05 	1.094298e+05 	2.533964e-124 	3.855760e-11 	8.881784e-16 	0.000000e+00
9439 	1.000000e-05 	1.094298e+05 	2.533964e-124 	3.855760e-11 	8.881784e-16 	0.000000e+00
9440 	1.000000e-05 	1.094298e+05 	2.533964e-124 	3.855760e-11 	8.881784e-16 	0.000000e+00
9441 	1.000000e-05 	1.094298e+05 	2.533964e-124 	3.855760e-11 	8.881784e-16 	0.000000e+00
9442 	1.000000e-05 	1.094298e+05 	2.533964e-124 	3.855760e-11 	8.881784e-16 	0.000000e+00
9443 	1.000000e-05 	1.094298e+05 	2.533964e-124 	3.855760e-11 	8.881784e-16 	0.000000e+00
9444 	1.000000e-05 	1.094298e+05 	2.533964e-124 	3.855760e-11 	8.881784e-16 	0.000000e+00
9445 	1.000000e-05 	1.094298e+05 	2.533964e-124 	3.855760e-11 	8.881784e-16 	0.000000e+00
9446 	1.000000e-05 	1.094298e+05 	2.533964e-124 	3.855760e-11 	8.881784e-16 	0.000000e+00
9447 	1.000000e-05 	1.094298e+05 	2.533964e-124 	3.855760e-11 	8.881784e-16 	0.000000e+00
9448 	1.000000e-05 	1.094298e+05 	2.533964e-124 	3.855760e-11 	8.881784e-16 	0.000000e+00
9449 	1.000000e-05 	1.094298e+05 	2.533964e-124 	3.855760e-11 	8.881784e-16 	0.000000e+00
9450 	1.000000e-05 	1.094298e+05 	2.533964e-124 	3.855760e-11 	8.881784e-16 	0.000000e+00
9451 	1.000000e-05 	1.094298e+05 	2.533964e-124 	3.855760e-11 	8.881784e-16 	0.000000e+00
9452 	1.000000e-05 	1.094298e+05 	2.533964e-124 	3.855760e-11 	8.881784e-16 	0.000000e+00
9453 	1.000000e-05 	1.094298e+05 	2.533964e-124 	3.855760e-11 	8.881784e-16 	0.000000e+00
9454 	1.000000e-05 	1.094298e+05 	2.533964e-124 	3.855760e-11 	8.881784e-16 	0.000000e+00
9455 	1.000000e-05 	1.094298e+05 	2.533964e-124 	3.855760e-11 	8.881784e-16 	0.000000e+00
9456 	1.000000e-05 	1.094298e+05 	2.533964e-124 	3.855760e-11 	8.881784e-16 	0.000000e+00
9457 	1.000000e-05 	1.094298e+05 	2.533964e-124 	3.855760e-11 	8.881784e-16 	0.000000e+00
9458 	1.000000e-05 	1.094298e+05 	2.533964e-124 	3.855760e-11 	8.881784e-16 	0.000000e+00
9459 	1.000000e-05 	1.094298e+05 	2.533964e-124 	3.855760e-11 	8.881784e-16 	0.000000e+00
9460 	1.000000e-05 	1.094298e+05 	2.533964e-124 	3.855760e-11 	8.881784e-16 	0.000000e+00
9461 	1.000000e-05 	1.094298e+05 	2.533964e-124 	3.855760e-11 	8.881784e-16 	0.000000e+00
9462 	1.000000e-05 	1.094298e+05 	2.533964e-124 	3.855760e-11 	8.881784e-16 	0.000000e+00
9463 	1.000000e-05 	1.094298e+05 	2.533964e-124 	3.855760e-11 	8.881784e-16 	0.000000e+00
9464 	1.000000e-05 	1.094298e+05 	2.533964e-124 	3.855760e-11 	8.881784e-16 	0.000000e+00
9465 	1.000000e-05 	1.094298e+05 	2.533964e-124 	3.855760e-11 	8.881784e-16 	0.000000e+00
9466 	1.000000e-05 	1.094298e+05 	2.533964e-124 	3.855760e-11 	8.881784e-16 	0.000000e+00
9467 	1.000000e-05 	1.094298e+05 	2.533964e-124 	3.855760e-11 	8.881784e-16 	0.000000e+00
9468 	1.000000e-05 	1.094298e+05 	2.533964e-124 	3.855760e-11 	8.881784e-16 	0.000000e+00
9469 	1.000000e-05 	1.094298e+05 	2.533964e-124 	3.855760e-11 	8.881784e-16 	0.000000e+00
9470 	1.000000e-05 	1.094298e+05 	2.533964e-124 	3.855760e-11 	8.881784e-16 	0.000000e+00
9471 	1.000000e-05 	1.094298e+05 	2.533964e-124 	3.855760e-11 	8.881784e-16 	0.000000e+00
9472 	1.000000e-05 	1.094298e+05 	2.533964e-124 	3.855760e-11 	8.881784e-16 	0.000000e+00
9473 	1.000000e-05 	1.094298e+05 	2.533964e-124 	3.855760e-11 	8.881784e-16 	0.000000e+00
9474 	1.000000e-05 	1.094298e+05 	2.533964e-124 	3.855760e-11 	8.881784e-16 	0.000000e+00
9475 	1.000000e-05 	1.094298e+05 	2.533964e-124 	3.855760e-11 	8.881784e-16 	0.000000e+00
9476 	1.000000e-05 	1.094298e+05 	2.533964e-124 	3.855760e-11 	8.881784e-16 	0.000000e+00
9477 	1.000000e-05 	1.094298e+05 	2.533964e-124 	3.855760e-11 	8.881784e-16 	0.000000e+00
9478 	1.000000e-05 	1.094298e+05 	2.533964e-124 	3.855760e-11 	8.881784e-16 	0.000000e+00
9479 	1.000000e-05 	1.094298e+05 	2.533964e-124 	3.855760e-11 	8.881784e-16 	0.000000e+00
9480 	1.000000e-05 	1.094298e+05 	2.533964e-124 	3.855760e-11 	8.881784e-16 	0.000000e+00
9481 	1.000000e-05 	1.094298e+05 	2.533964e-124 	3.855760e-11 	8.881784e-16 	0.000000e+00
9482 	1.000000e-05 	1.094298e+05 	2.533964e-124 	3.855760e-11 	8.881784e-16 	0.000000e+00
9483 	1.000000e-05 	1.094298e+05 	2.533964e-124 	3.855760e-11 	8.881784e-16 	0.000000e+00
9484 	1.000000e-05 	1.094298e+05 	2.533964e-124 	3.855760e-11 	8.881784e-16 	0.000000e+00
9485 	1.000000e-05 	1.094298e+05 	2.533964e-124 	3.855760e-11 	8.881784e-16 	0.000000e+00
9486 	1.000000e-05 	1.094298e+05 	2.533964e-124 	3.855760e-11 	8.881784e-16 	0.000000e+00
9487 	1.000000e-05 	1.094298e+05 	2.533964e-124 	3.855760e-11 	8.881784e-16 	0.000000e+00
9488 	1.000000e-05 	1.094298e+05 	2.533964e-124 	3.855760e-11 	8.881784e-16 	0.000000e+00
9489 	1.000000e-05 	1.094298e+05 	2.533964e-124 	3.855760e-11 	8.881784e-16 	0.000000e+00
9490 	1.000000e-05 	1.094298e+05 	2.533964e-124 	3.855760e-11 	8.881784e-16 	0.000000e+00
9491 	1.000000e-05 	1.094298e+05 	2.533964e-124 	3.855760e-11 	8.881784e-16 	0.000000e+00
9492 	1.000000e-05 	1.094298e+05 	2.533964e-124 	3.855760e-11 	8.881784e-16 	0.000000e+00
9493 	1.000000e-05 	1.094298e+05 	2.533964e-124 	3.855760e-11 	8.881784e-16 	0.000000e+00
9494 	1.000000e-05 	1.094298e+05 	2.533964e-124 	3.855760e-11 	8.881784e-16 	0.000000e+00
9495 	1.000000e-05 	1.094298e+05 	2.533964e-124 	3.855760e-11 	8.881784e-16 	0.000000e+00
9496 	1.000000e-05 	1.094298e+05 	2.533964e-124 	3.855760e-11 	8.881784e-16 	0.000000e+00
9497 	1.000000e-05 	1.094298e+05 	2.533964e-124 	3.855760e-11 	8.881784e-16 	0.000000e+00
9498 	1.000000e-05 	1.094298e+05 	2.533964e-124 	3.855760e-11 	8.881784e-16 	0.000000e+00
9499 	1.000000e-05 	1.094298e+05 	2.533964e-124 	3.855760e-11 	8.881784e-16 	0.000000e+00
9500 	1.000000e-05 	1.094298e+05 	2.533964e-124 	3.855760e-11 	8.881784e-16 	0.000000e+00
9501 	1.000000e-05 	1.094298e+05 	2.533964e-124 	3.855760e-11 	8.881784e-16 	0.000000e+00
9502 	1.000000e-05 	1.094298e+05 	2.533964e-124 	3.855760e-11 	8.881784e-16 	0.000000e+00
9503 	1.000000e-05 	1.094298e+05 	2.533964e-124 	3.855760e-11 	8.881784e-16 	0.000000e+00
9504 	1.000000e-05 	1.094298e+05 	2.533964e-124 	3.855760e-11 	8.881784e-16 	0.000000e+00
9505 	1.000000e-05 	1.094298e+05 	2.533964e-124 	3.855760e-11 	8.881784e-16 	0.000000e+00
9506 	1.000000e-05 	1.094298e+05 	2.533964e-124 	3.855760e-11 	8.881784e-16 	0.000000e+00
9507 	1.000000e-05 	1.094298e+05 	2.533964e-124 	3.855760e-11 	8.881784e-16 	0.000000e+00
9508 	1.000000e-05 	1.094298e+05 	2.533964e-124 	3.855760e-11 	8.881784e-16 	0.000000e+00
9509 	1.000000e-05 	1.094298e+05 	2.533964e-124 	3.855760e-11 	8.881784e-16 	0.000000e+00
9510 	1.000000e-05 	1.094298e+05 	2.533964e-124 	3.855760e-11 	8.881784e-16 	0.000000e+00
9511 	1.000000e-05 	1.094298e+05 	2.533964e-124 	3.855760e-11 	8.881784e-16 	0.000000e+00
9512 	1.000000e-05 	1.094298e+05 	2.533964e-124 	3.855760e-11 	8.881784e-16 	0.000000e+00
9513 	1.000000e-05 	1.094298e+05 	2.533964e-124 	3.855760e-11 	8.881784e-16 	0.000000e+00
9514 	1.000000e-05 	1.094298e+05 	2.533964e-124 	3.855760e-11 	8.881784e-16 	0.000000e+00
9515 	1.000000e-05 	1.094298e+05 	2.533964e-124 	3.855760e-11 	8.881784e-16 	0.000000e+00
9516 	1.000000e-05 	1.094298e+05 	2.533964e-124 	3.855760e-11 	8.881784e-16 	0.000000e+00
9517 	1.000000e-05 	1.094298e+05 	2.533964e-124 	3.855760e-11 	8.881784e-16 	0.000000e+00
9518 	1.000000e-05 	1.094298e+05 	2.533964e-124 	3.855760e-11 	8.881784e-16 	0.000000e+00
9519 	1.000000e-05 	1.094298e+05 	2.533964e-124 	3.855760e-11 	8.881784e-16 	0.000000e+00
9520 	1.000000e-05 	1.094298e+05 	2.533964e-124 	3.855760e-11 	8.881784e-16 	0.000000e+00
9521 	1.000000e-05 	1.094298e+05 	2.533964e-124 	3.855760e-11 	8.881784e-16 	0.000000e+00
9522 	1.000000e-05 	1.094298e+05 	2.533964e-124 	3.855760e-11 	8.881784e-16 	0.000000e+00
9523 	1.000000e-05 	1.094298e+05 	2.533964e-124 	3.855760e-11 	8.881784e-16 	0.000000e+00
9524 	1.000000e-05 	1.094298e+05 	2.533964e-124 	3.855760e-11 	8.881784e-16 	0.000000e+00
9525 	1.000000e-05 	1.094298e+05 	2.533964e-124 	3.855760e-11 	8.881784e-16 	0.000000e+00
9526 	1.000000e-05 	1.094298e+05 	2.533964e-124 	3.855760e-11 	8.881784e-16 	0.000000e+00
9527 	1.000000e-05 	1.094298e+05 	2.533964e-124 	3.855760e-11 	8.881784e-16 	0.000000e+00
9528 	1.000000e-05 	1.094298e+05 	2.533964e-124 	3.855760e-11 	8.881784e-16 	0.000000e+00
9529 	1.000000e-05 	1.094298e+05 	2.533964e-124 	3.855760e-11 	8.881784e-16 	0.000000e+00
9530 	1.000000e-05 	1.094298e+05 	2.533964e-124 	3.855760e-11 	8.881784e-16 	0.000000e+00
9531 	1.000000e-05 	1.094298e+05 	2.533964e-124 	3.855760e-11 	8.881784e-16 	0.000000e+00
9532 	1.000000e-05 	1.094298e+05 	2.533964e-124 	3.855760e-11 	8.881784e-16 	0.000000e+00
9533 	1.000000e-05 	1.094298e+05 	2.533964e-124 	3.855760e-11 	8.881784e-16 	0.000000e+00
9534 	1.000000e-05 	1.094298e+05 	2.533964e-124 	3.855760e-11 	8.881784e-16 	0.000000e+00
9535 	1.000000e-05 	1.094298e+05 	2.533964e-124 	3.855760e-11 	8.881784e-16 	0.000000e+00
9536 	1.000000e-05 	1.094298e+05 	2.533964e-124 	3.855760e-11 	8.881784e-16 	0.000000e+00
9537 	1.000000e-05 	1.094298e+05 	2.533964e-124 	3.855760e-11 	8.881784e-16 	0.000000e+00
9538 	1.000000e-05 	1.094298e+05 	2.533964e-124 	3.855760e-11 	8.881784e-16 	0.000000e+00
9539 	1.000000e-05 	1.094298e+05 	2.533964e-124 	3.855760e-11 	8.881784e-16 	0.000000e+00
9540 	1.000000e-05 	1.094298e+05 	2.533964e-124 	3.855760e-11 	8.881784e-16 	0.000000e+00
9541 	1.000000e-05 	1.094298e+05 	2.533964e-124 	3.855760e-11 	8.881784e-16 	0.000000e+00
9542 	1.000000e-05 	1.094298e+05 	2.533964e-124 	3.855760e-11 	8.881784e-16 	0.000000e+00
9543 	1.000000e-05 	1.094298e+05 	2.533964e-124 	3.855760e-11 	8.881784e-16 	0.000000e+00
9544 	1.000000e-05 	1.094298e+05 	2.533964e-124 	3.855760e-11 	8.881784e-16 	0.000000e+00
9545 	1.000000e-05 	1.094298e+05 	2.533964e-124 	3.855760e-11 	8.881784e-16 	0.000000e+00
9546 	1.000000e-05 	1.094298e+05 	2.533964e-124 	3.855760e-11 	8.881784e-16 	0.000000e+00
9547 	1.000000e-05 	1.094298e+05 	2.533964e-124 	3.855760e-11 	8.881784e-16 	0.000000e+00
9548 	1.000000e-05 	1.094298e+05 	2.533964e-124 	3.855760e-11 	8.881784e-16 	0.000000e+00
9549 	1.000000e-05 	1.094298e+05 	2.533964e-124 	3.855760e-11 	8.881784e-16 	0.000000e+00
9550 	1.000000e-05 	1.094298e+05 	2.533964e-124 	3.855760e-11 	8.881784e-16 	0.000000e+00
9551 	1.000000e-05 	1.094298e+05 	2.533964e-124 	3.855760e-11 	8.881784e-16 	0.000000e+00
9552 	1.000000e-05 	1.094298e+05 	2.533964e-124 	3.855760e-11 	8.881784e-16 	0.000000e+00
9553 	1.000000e-05 	1.094298e+05 	2.533964e-124 	3.855760e-11 	8.881784e-16 	0.000000e+00
9554 	1.000000e-05 	1.094298e+05 	2.533964e-124 	3.855760e-11 	8.881784e-16 	0.000000e+00
9555 	1.000000e-05 	1.094298e+05 	2.533964e-124 	3.855760e-11 	8.881784e-16 	0.000000e+00
9556 	1.000000e-05 	1.094298e+05 	2.533964e-124 	3.855760e-11 	8.881784e-16 	0.000000e+00
9557 	1.000000e-05 	1.094298e+05 	2.533964e-124 	3.855760e-11 	8.881784e-16 	0.000000e+00
9558 	1.000000e-05 	1.094298e+05 	2.533964e-124 	3.855760e-11 	8.881784e-16 	0.000000e+00
9559 	1.000000e-05 	1.094298e+05 	2.533964e-124 	3.855760e-11 	8.881784e-16 	0.000000e+00
9560 	1.000000e-05 	1.094298e+05 	2.533964e-124 	3.855760e-11 	8.881784e-16 	0.000000e+00
9561 	1.000000e-05 	1.094298e+05 	2.533964e-124 	3.855760e-11 	8.881784e-16 	0.000000e+00
9562 	1.000000e-05 	1.094298e+05 	2.533964e-124 	3.855760e-11 	8.881784e-16 	0.000000e+00
9563 	1.000000e-05 	1.094298e+05 	2.533964e-124 	3.855760e-11 	8.881784e-16 	0.000000e+00
9564 	1.000000e-05 	1.094298e+05 	2.533964e-124 	3.855760e-11 	8.881784e-16 	0.000000e+00
9565 	1.000000e-05 	1.094298e+05 	2.533964e-124 	3.855760e-11 	8.881784e-16 	0.000000e+00
9566 	1.000000e-05 	1.094298e+05 	2.533964e-124 	3.855760e-11 	8.881784e-16 	0.000000e+00
9567 	1.000000e-05 	1.094298e+05 	2.533964e-124 	3.855760e-11 	8.881784e-16 	0.000000e+00
9568 	1.000000e-05 	1.094298e+05 	2.533964e-124 	3.855760e-11 	8.881784e-16 	0.000000e+00
9569 	1.000000e-05 	1.094298e+05 	2.533964e-124 	3.855760e-11 	8.881784e-16 	0.000000e+00
9570 	1.000000e-05 	1.094298e+05 	2.533964e-124 	3.855760e-11 	8.881784e-16 	0.000000e+00
9571 	1.000000e-05 	1.094298e+05 	2.533964e-124 	3.855760e-11 	8.881784e-16 	0.000000e+00
9572 	1.000000e-05 	1.094298e+05 	2.533964e-124 	3.855760e-11 	8.881784e-16 	0.000000e+00
9573 	1.000000e-05 	1.094298e+05 	2.533964e-124 	3.855760e-11 	8.881784e-16 	0.000000e+00
9574 	1.000000e-05 	1.094298e+05 	2.533964e-124 	3.855760e-11 	8.881784e-16 	0.000000e+00
9575 	1.000000e-05 	1.094298e+05 	2.533964e-124 	3.855760e-11 	8.881784e-16 	0.000000e+00
9576 	1.000000e-05 	1.094298e+05 	2.533964e-124 	3.855760e-11 	8.881784e-16 	0.000000e+00
9577 	1.000000e-05 	1.094298e+05 	2.533964e-124 	3.855760e-11 	8.881784e-16 	0.000000e+00
9578 	1.000000e-05 	1.094298e+05 	2.533964e-124 	3.855760e-11 	8.881784e-16 	0.000000e+00
9579 	1.000000e-05 	1.094298e+05 	2.533964e-124 	3.855760e-11 	8.881784e-16 	0.000000e+00
9580 	1.000000e-05 	1.094298e+05 	2.533964e-124 	3.855760e-11 	8.881784e-16 	0.000000e+00
9581 	1.000000e-05 	1.094298e+05 	2.533964e-124 	3.855760e-11 	8.881784e-16 	0.000000e+00
9582 	1.000000e-05 	1.094298e+05 	2.533964e-124 	3.855760e-11 	8.881784e-16 	0.000000e+00
9583 	1.000000e-05 	1.094298e+05 	2.533964e-124 	3.855760e-11 	8.881784e-16 	0.000000e+00
9584 	1.000000e-05 	1.094298e+05 	2.533964e-124 	3.855760e-11 	8.881784e-16 	0.000000e+00
9585 	1.000000e-05 	1.094298e+05 	2.533964e-124 	3.855760e-11 	8.881784e-16 	0.000000e+00
9586 	1.000000e-05 	1.094298e+05 	2.533964e-124 	3.855760e-11 	8.881784e-16 	0.000000e+00
9587 	1.000000e-05 	1.094298e+05 	2.533964e-124 	3.855760e-11 	8.881784e-16 	0.000000e+00
9588 	1.000000e-05 	1.094298e+05 	2.533964e-124 	3.855760e-11 	8.881784e-16 	0.000000e+00
9589 	1.000000e-05 	1.094298e+05 	2.533964e-124 	3.855760e-11 	8.881784e-16 	0.000000e+00
9590 	1.000000e-05 	1.094298e+05 	2.533964e-124 	3.855760e-11 	8.881784e-16 	0.000000e+00
9591 	1.000000e-05 	1.094298e+05 	2.533964e-124 	3.855760e-11 	8.881784e-16 	0.000000e+00
9592 	1.000000e-05 	1.094298e+05 	2.533964e-124 	3.855760e-11 	8.881784e-16 	0.000000e+00
9593 	1.000000e-05 	1.094298e+05 	2.533964e-124 	3.855760e-11 	8.881784e-16 	0.000000e+00
9594 	1.000000e-05 	1.094298e+05 	2.533964e-124 	3.855760e-11 	8.881784e-16 	0.000000e+00
9595 	1.000000e-05 	1.094298e+05 	2.533964e-124 	3.855760e-11 	8.881784e-16 	0.000000e+00
9596 	1.000000e-05 	1.094298e+05 	2.533964e-124 	3.855760e-11 	8.881784e-16 	0.000000e+00
9597 	1.000000e-05 	1.094298e+05 	2.533964e-124 	3.855760e-11 	8.881784e-16 	0.000000e+00
9598 	1.000000e-05 	1.094298e+05 	2.533964e-124 	3.855760e-11 	8.881784e-16 	0.000000e+00
9599 	1.000000e-05 	1.094298e+05 	2.533964e-124 	3.855760e-11 	8.881784e-16 	0.000000e+00
9600 	1.000000e-05 	1.094298e+05 	2.533964e-124 	3.855760e-11 	8.881784e-16 	0.000000e+00
9601 	1.000000e-05 	1.094298e+05 	2.533964e-124 	3.855760e-11 	8.881784e-16 	0.000000e+00
9602 	1.000000e-05 	1.094298e+05 	2.533964e-124 	3.855760e-11 	8.881784e-16 	0.000000e+00
9603 	1.000000e-05 	1.094298e+05 	2.533964e-124 	3.855760e-11 	8.881784e-16 	0.000000e+00
9604 	1.000000e-05 	1.094298e+05 	2.533964e-124 	3.855760e-11 	8.881784e-16 	0.000000e+00
9605 	1.000000e-05 	1.094298e+05 	2.533964e-124 	3.855760e-11 	8.881784e-16 	0.000000e+00
9606 	1.000000e-05 	1.094298e+05 	2.533964e-124 	3.855760e-11 	8.881784e-16 	0.000000e+00
9607 	1.000000e-05 	1.094298e+05 	2.533964e-124 	3.855760e-11 	8.881784e-16 	0.000000e+00
9608 	1.000000e-05 	1.094298e+05 	2.533964e-124 	3.855760e-11 	8.881784e-16 	0.000000e+00
9609 	1.000000e-05 	1.094298e+05 	2.533964e-124 	3.855760e-11 	8.881784e-16 	0.000000e+00
9610 	1.000000e-05 	1.094298e+05 	2.533964e-124 	3.855760e-11 	8.881784e-16 	0.000000e+00
9611 	1.000000e-05 	1.094298e+05 	2.533964e-124 	3.855760e-11 	8.881784e-16 	0.000000e+00
9612 	1.000000e-05 	1.094298e+05 	2.533964e-124 	3.855760e-11 	8.881784e-16 	0.000000e+00
9613 	1.000000e-05 	1.094298e+05 	2.533964e-124 	3.855760e-11 	8.881784e-16 	0.000000e+00
9614 	1.000000e-05 	1.094298e+05 	2.533964e-124 	3.855760e-11 	8.881784e-16 	0.000000e+00
9615 	1.000000e-05 	1.094298e+05 	2.533964e-124 	3.855760e-11 	8.881784e-16 	0.000000e+00
9616 	1.000000e-05 	1.094298e+05 	2.533964e-124 	3.855760e-11 	8.881784e-16 	0.000000e+00
9617 	1.000000e-05 	1.094298e+05 	2.533964e-124 	3.855760e-11 	8.881784e-16 	0.000000e+00
9618 	1.000000e-05 	1.094298e+05 	2.533964e-124 	3.855760e-11 	8.881784e-16 	0.000000e+00
9619 	1.000000e-05 	1.094298e+05 	2.533964e-124 	3.855760e-11 	8.881784e-16 	0.000000e+00
9620 	1.000000e-05 	1.094298e+05 	2.533964e-124 	3.855760e-11 	8.881784e-16 	0.000000e+00
9621 	1.000000e-05 	1.094298e+05 	2.533964e-124 	3.855760e-11 	8.881784e-16 	0.000000e+00
9622 	1.000000e-05 	1.094298e+05 	2.533964e-124 	3.855760e-11 	8.881784e-16 	0.000000e+00
9623 	1.000000e-05 	1.094298e+05 	2.533964e-124 	3.855760e-11 	8.881784e-16 	0.000000e+00
9624 	1.000000e-05 	1.094298e+05 	2.533964e-124 	3.855760e-11 	8.881784e-16 	0.000000e+00
9625 	1.000000e-05 	1.094298e+05 	2.533964e-124 	3.855760e-11 	8.881784e-16 	0.000000e+00
9626 	1.000000e-05 	1.094298e+05 	2.533964e-124 	3.855760e-11 	8.881784e-16 	0.000000e+00
9627 	1.000000e-05 	1.094298e+05 	2.533964e-124 	3.855760e-11 	8.881784e-16 	0.000000e+00
9628 	1.000000e-05 	1.094298e+05 	2.533964e-124 	3.855760e-11 	8.881784e-16 	0.000000e+00
9629 	1.000000e-05 	1.094298e+05 	2.533964e-124 	3.855760e-11 	8.881784e-16 	0.000000e+00
9630 	1.000000e-05 	1.094298e+05 	2.533964e-124 	3.855760e-11 	8.881784e-16 	0.000000e+00
9631 	1.000000e-05 	1.094298e+05 	2.533964e-124 	3.855760e-11 	8.881784e-16 	0.000000e+00
9632 	1.000000e-05 	1.094298e+05 	2.533964e-124 	3.855760e-11 	8.881784e-16 	0.000000e+00
9633 	1.000000e-05 	1.094298e+05 	2.533964e-124 	3.855760e-11 	8.881784e-16 	0.000000e+00
9634 	1.000000e-05 	1.094298e+05 	2.533964e-124 	3.855760e-11 	8.881784e-16 	0.000000e+00
9635 	1.000000e-05 	1.094298e+05 	2.533964e-124 	3.855760e-11 	8.881784e-16 	0.000000e+00
9636 	1.000000e-05 	1.094298e+05 	2.533964e-124 	3.855760e-11 	8.881784e-16 	0.000000e+00
9637 	1.000000e-05 	1.094298e+05 	2.533964e-124 	3.855760e-11 	8.881784e-16 	0.000000e+00
9638 	1.000000e-05 	1.094298e+05 	2.533964e-124 	3.855760e-11 	8.881784e-16 	0.000000e+00
9639 	1.000000e-05 	1.094298e+05 	2.533964e-124 	3.855760e-11 	8.881784e-16 	0.000000e+00
9640 	1.000000e-05 	1.094298e+05 	2.533964e-124 	3.855760e-11 	8.881784e-16 	0.000000e+00
9641 	1.000000e-05 	1.094298e+05 	2.533964e-124 	3.855760e-11 	8.881784e-16 	0.000000e+00
9642 	1.000000e-05 	1.094298e+05 	2.533964e-124 	3.855760e-11 	8.881784e-16 	0.000000e+00
9643 	1.000000e-05 	1.094298e+05 	2.533964e-124 	3.855760e-11 	8.881784e-16 	0.000000e+00
9644 	1.000000e-05 	1.094298e+05 	2.533964e-124 	3.855760e-11 	8.881784e-16 	0.000000e+00
9645 	1.000000e-05 	1.094298e+05 	2.533964e-124 	3.855760e-11 	8.881784e-16 	0.000000e+00
9646 	1.000000e-05 	1.094298e+05 	2.533964e-124 	3.855760e-11 	8.881784e-16 	0.000000e+00
9647 	1.000000e-05 	1.094298e+05 	2.533964e-124 	3.855760e-11 	8.881784e-16 	0.000000e+00
9648 	1.000000e-05 	1.094298e+05 	2.533964e-124 	3.855760e-11 	8.881784e-16 	0.000000e+00
9649 	1.000000e-05 	1.094298e+05 	2.533964e-124 	3.855760e-11 	8.881784e-16 	0.000000e+00
9650 	1.000000e-05 	1.094298e+05 	2.533964e-124 	3.855760e-11 	8.881784e-16 	0.000000e+00
9651 	1.000000e-05 	1.094298e+05 	2.533964e-124 	3.855760e-11 	8.881784e-16 	0.000000e+00
9652 	1.000000e-05 	1.094298e+05 	2.533964e-124 	3.855760e-11 	8.881784e-16 	0.000000e+00
9653 	1.000000e-05 	1.094298e+05 	2.533964e-124 	3.855760e-11 	8.881784e-16 	0.000000e+00
9654 	1.000000e-05 	1.094298e+05 	2.533964e-124 	3.855760e-11 	8.881784e-16 	0.000000e+00
9655 	1.000000e-05 	1.094298e+05 	2.533964e-124 	3.855760e-11 	8.881784e-16 	0.000000e+00
9656 	1.000000e-05 	1.094298e+05 	2.533964e-124 	3.855760e-11 	8.881784e-16 	0.000000e+00
9657 	1.000000e-05 	1.094298e+05 	2.533964e-124 	3.855760e-11 	8.881784e-16 	0.000000e+00
9658 	1.000000e-05 	1.094298e+05 	2.533964e-124 	3.855760e-11 	8.881784e-16 	0.000000e+00
9659 	1.000000e-05 	1.094298e+05 	2.533964e-124 	3.855760e-11 	8.881784e-16 	0.000000e+00
9660 	1.000000e-05 	1.094298e+05 	2.533964e-124 	3.855760e-11 	8.881784e-16 	0.000000e+00
9661 	1.000000e-05 	1.094298e+05 	2.533964e-124 	3.855760e-11 	8.881784e-16 	0.000000e+00
9662 	1.000000e-05 	1.094298e+05 	2.533964e-124 	3.855760e-11 	8.881784e-16 	0.000000e+00
9663 	1.000000e-05 	1.094298e+05 	2.533964e-124 	3.855760e-11 	8.881784e-16 	0.000000e+00
9664 	1.000000e-05 	1.094298e+05 	2.533964e-124 	3.855760e-11 	8.881784e-16 	0.000000e+00
9665 	1.000000e-05 	1.094298e+05 	2.533964e-124 	3.855760e-11 	8.881784e-16 	0.000000e+00
9666 	1.000000e-05 	1.094298e+05 	2.533964e-124 	3.855760e-11 	8.881784e-16 	0.000000e+00
9667 	1.000000e-05 	1.094298e+05 	2.533964e-124 	3.855760e-11 	8.881784e-16 	0.000000e+00
9668 	1.000000e-05 	1.094298e+05 	2.533964e-124 	3.855760e-11 	8.881784e-16 	0.000000e+00
9669 	1.000000e-05 	1.094298e+05 	2.533964e-124 	3.855760e-11 	8.881784e-16 	0.000000e+00
9670 	1.000000e-05 	1.094298e+05 	2.533964e-124 	3.855760e-11 	8.881784e-16 	0.000000e+00
9671 	1.000000e-05 	1.094298e+05 	2.533964e-124 	3.855760e-11 	8.881784e-16 	0.000000e+00
9672 	1.000000e-05 	1.094298e+05 	2.533964e-124 	3.855760e-11 	8.881784e-16 	0.000000e+00
9673 	1.000000e-05 	1.094298e+05 	2.533964e-124 	3.855760e-11 	8.881784e-16 	0.000000e+00
9674 	1.000000e-05 	1.094298e+05 	2.533964e-124 	3.855760e-11 	8.881784e-16 	0.000000e+00
9675 	1.000000e-05 	1.094298e+05 	2.533964e-124 	3.855760e-11 	8.881784e-16 	0.000000e+00
9676 	1.000000e-05 	1.094298e+05 	2.533964e-124 	3.855760e-11 	8.881784e-16 	0.000000e+00
9677 	1.000000e-05 	1.094298e+05 	2.533964e-124 	3.855760e-11 	8.881784e-16 	0.000000e+00
9678 	1.000000e-05 	1.094298e+05 	2.533964e-124 	3.855760e-11 	8.881784e-16 	0.000000e+00
9679 	1.000000e-05 	1.094298e+05 	2.533964e-124 	3.855760e-11 	8.881784e-16 	0.000000e+00
9680 	1.000000e-05 	1.094298e+05 	2.533964e-124 	3.855760e-11 	8.881784e-16 	0.000000e+00
9681 	1.000000e-05 	1.094298e+05 	2.533964e-124 	3.855760e-11 	8.881784e-16 	0.000000e+00
9682 	1.000000e-05 	1.094298e+05 	2.533964e-124 	3.855760e-11 	8.881784e-16 	0.000000e+00
9683 	1.000000e-05 	1.094298e+05 	2.533964e-124 	3.855760e-11 	8.881784e-16 	0.000000e+00
9684 	1.000000e-05 	1.094298e+05 	2.533964e-124 	3.855760e-11 	8.881784e-16 	0.000000e+00
9685 	1.000000e-05 	1.094298e+05 	2.533964e-124 	3.855760e-11 	8.881784e-16 	0.000000e+00
9686 	1.000000e-05 	1.094298e+05 	2.533964e-124 	3.855760e-11 	8.881784e-16 	0.000000e+00
9687 	1.000000e-05 	1.094298e+05 	2.533964e-124 	3.855760e-11 	8.881784e-16 	0.000000e+00
9688 	1.000000e-05 	1.094298e+05 	2.533964e-124 	3.855760e-11 	8.881784e-16 	0.000000e+00
9689 	1.000000e-05 	1.094298e+05 	2.533964e-124 	3.855760e-11 	8.881784e-16 	0.000000e+00
9690 	1.000000e-05 	1.094298e+05 	2.533964e-124 	3.855760e-11 	8.881784e-16 	0.000000e+00
9691 	1.000000e-05 	1.094298e+05 	2.533964e-124 	3.855760e-11 	8.881784e-16 	0.000000e+00
9692 	1.000000e-05 	1.094298e+05 	2.533964e-124 	3.855760e-11 	8.881784e-16 	0.000000e+00
9693 	1.000000e-05 	1.094298e+05 	2.533964e-124 	3.855760e-11 	8.881784e-16 	0.000000e+00
9694 	1.000000e-05 	1.094298e+05 	2.533964e-124 	3.855760e-11 	8.881784e-16 	0.000000e+00
9695 	1.000000e-05 	1.094298e+05 	2.533964e-124 	3.855760e-11 	8.881784e-16 	0.000000e+00
9696 	1.000000e-05 	1.094298e+05 	2.533964e-124 	3.855760e-11 	8.881784e-16 	0.000000e+00
9697 	1.000000e-05 	1.094298e+05 	2.533964e-124 	3.855760e-11 	8.881784e-16 	0.000000e+00
9698 	1.000000e-05 	1.094298e+05 	2.533964e-124 	3.855760e-11 	8.881784e-16 	0.000000e+00
9699 	1.000000e-05 	1.094298e+05 	2.533964e-124 	3.855760e-11 	8.881784e-16 	0.000000e+00
9700 	1.000000e-05 	1.094298e+05 	2.533964e-124 	3.855760e-11 	8.881784e-16 	0.000000e+00
9701 	1.000000e-05 	1.094298e+05 	2.533964e-124 	3.855760e-11 	8.881784e-16 	0.000000e+00
9702 	1.000000e-05 	1.094298e+05 	2.533964e-124 	3.855760e-11 	8.881784e-16 	0.000000e+00
9703 	1.000000e-05 	1.094298e+05 	2.533964e-124 	3.855760e-11 	8.881784e-16 	0.000000e+00
9704 	1.000000e-05 	1.094298e+05 	2.533964e-124 	3.855760e-11 	8.881784e-16 	0.000000e+00
9705 	1.000000e-05 	1.094298e+05 	2.533964e-124 	3.855760e-11 	8.881784e-16 	0.000000e+00
9706 	1.000000e-05 	1.094298e+05 	2.533964e-124 	3.855760e-11 	8.881784e-16 	0.000000e+00
9707 	1.000000e-05 	1.094298e+05 	2.533964e-124 	3.855760e-11 	8.881784e-16 	0.000000e+00
9708 	1.000000e-05 	1.094298e+05 	2.533964e-124 	3.855760e-11 	8.881784e-16 	0.000000e+00
9709 	1.000000e-05 	1.094298e+05 	2.533964e-124 	3.855760e-11 	8.881784e-16 	0.000000e+00
9710 	1.000000e-05 	1.094298e+05 	2.533964e-124 	3.855760e-11 	8.881784e-16 	0.000000e+00
9711 	1.000000e-05 	1.094298e+05 	2.533964e-124 	3.855760e-11 	8.881784e-16 	0.000000e+00
9712 	1.000000e-05 	1.094298e+05 	2.533964e-124 	3.855760e-11 	8.881784e-16 	0.000000e+00
9713 	1.000000e-05 	1.094298e+05 	2.533964e-124 	3.855760e-11 	8.881784e-16 	0.000000e+00
9714 	1.000000e-05 	1.094298e+05 	2.533964e-124 	3.855760e-11 	8.881784e-16 	0.000000e+00
9715 	1.000000e-05 	1.094298e+05 	2.533964e-124 	3.855760e-11 	8.881784e-16 	0.000000e+00
9716 	1.000000e-05 	1.094298e+05 	2.533964e-124 	3.855760e-11 	8.881784e-16 	0.000000e+00
9717 	1.000000e-05 	1.094298e+05 	2.533964e-124 	3.855760e-11 	8.881784e-16 	0.000000e+00
9718 	1.000000e-05 	1.094298e+05 	2.533964e-124 	3.855760e-11 	8.881784e-16 	0.000000e+00
9719 	1.000000e-05 	1.094298e+05 	2.533964e-124 	3.855760e-11 	8.881784e-16 	0.000000e+00
9720 	1.000000e-05 	1.094298e+05 	2.533964e-124 	3.855760e-11 	8.881784e-16 	0.000000e+00
9721 	1.000000e-05 	1.094298e+05 	2.533964e-124 	3.855760e-11 	8.881784e-16 	0.000000e+00
9722 	1.000000e-05 	1.094298e+05 	2.533964e-124 	3.855760e-11 	8.881784e-16 	0.000000e+00
9723 	1.000000e-05 	1.094298e+05 	2.533964e-124 	3.855760e-11 	8.881784e-16 	0.000000e+00
9724 	1.000000e-05 	1.094298e+05 	2.533964e-124 	3.855760e-11 	8.881784e-16 	0.000000e+00
9725 	1.000000e-05 	1.094298e+05 	2.533964e-124 	3.855760e-11 	8.881784e-16 	0.000000e+00
9726 	1.000000e-05 	1.094298e+05 	2.533964e-124 	3.855760e-11 	8.881784e-16 	0.000000e+00
9727 	1.000000e-05 	1.094298e+05 	2.533964e-124 	3.855760e-11 	8.881784e-16 	0.000000e+00
9728 	1.000000e-05 	1.094298e+05 	2.533964e-124 	3.855760e-11 	8.881784e-16 	0.000000e+00
9729 	1.000000e-05 	1.094298e+05 	2.533964e-124 	3.855760e-11 	8.881784e-16 	0.000000e+00
9730 	1.000000e-05 	1.094298e+05 	2.533964e-124 	3.855760e-11 	8.881784e-16 	0.000000e+00
9731 	1.000000e-05 	1.094298e+05 	2.533964e-124 	3.855760e-11 	8.881784e-16 	0.000000e+00
9732 	1.000000e-05 	1.094298e+05 	2.533964e-124 	3.855760e-11 	8.881784e-16 	0.000000e+00
9733 	1.000000e-05 	1.094298e+05 	2.533964e-124 	3.855760e-11 	8.881784e-16 	0.000000e+00
9734 	1.000000e-05 	1.094298e+05 	2.533964e-124 	3.855760e-11 	8.881784e-16 	0.000000e+00
9735 	1.000000e-05 	1.094298e+05 	2.533964e-124 	3.855760e-11 	8.881784e-16 	0.000000e+00
9736 	1.000000e-05 	1.094298e+05 	2.533964e-124 	3.855760e-11 	8.881784e-16 	0.000000e+00
9737 	1.000000e-05 	1.094298e+05 	2.533964e-124 	3.855760e-11 	8.881784e-16 	0.000000e+00
9738 	1.000000e-05 	1.094298e+05 	2.533964e-124 	3.855760e-11 	8.881784e-16 	0.000000e+00
9739 	1.000000e-05 	1.094298e+05 	2.533964e-124 	3.855760e-11 	8.881784e-16 	0.000000e+00
9740 	1.000000e-05 	1.094298e+05 	2.533964e-124 	3.855760e-11 	8.881784e-16 	0.000000e+00
9741 	1.000000e-05 	1.094298e+05 	2.533964e-124 	3.855760e-11 	8.881784e-16 	0.000000e+00
9742 	1.000000e-05 	1.094298e+05 	2.533964e-124 	3.855760e-11 	8.881784e-16 	0.000000e+00
9743 	1.000000e-05 	1.094298e+05 	2.533964e-124 	3.855760e-11 	8.881784e-16 	0.000000e+00
9744 	1.000000e-05 	1.094298e+05 	2.533964e-124 	3.855760e-11 	8.881784e-16 	0.000000e+00
9745 	1.000000e-05 	1.094298e+05 	2.533964e-124 	3.855760e-11 	8.881784e-16 	0.000000e+00
9746 	1.000000e-05 	1.094298e+05 	2.533964e-124 	3.855760e-11 	8.881784e-16 	0.000000e+00
9747 	1.000000e-05 	1.094298e+05 	2.533964e-124 	3.855760e-11 	8.881784e-16 	0.000000e+00
9748 	1.000000e-05 	1.094298e+05 	2.533964e-124 	3.855760e-11 	8.881784e-16 	0.000000e+00
9749 	1.000000e-05 	1.094298e+05 	2.533964e-124 	3.855760e-11 	8.881784e-16 	0.000000e+00
9750 	1.000000e-05 	1.094298e+05 	2.533964e-124 	3.855760e-11 	8.881784e-16 	0.000000e+00
9751 	1.000000e-05 	1.094298e+05 	2.533964e-124 	3.855760e-11 	8.881784e-16 	0.000000e+00
9752 	1.000000e-05 	1.094298e+05 	2.533964e-124 	3.855760e-11 	8.881784e-16 	0.000000e+00
9753 	1.000000e-05 	1.094298e+05 	2.533964e-124 	3.855760e-11 	8.881784e-16 	0.000000e+00
9754 	1.000000e-05 	1.094298e+05 	2.533964e-124 	3.855760e-11 	8.881784e-16 	0.000000e+00
9755 	1.000000e-05 	1.094298e+05 	2.533964e-124 	3.855760e-11 	8.881784e-16 	0.000000e+00
9756 	1.000000e-05 	1.094298e+05 	2.533964e-124 	3.855760e-11 	8.881784e-16 	0.000000e+00
9757 	1.000000e-05 	1.094298e+05 	2.533964e-124 	3.855760e-11 	8.881784e-16 	0.000000e+00
9758 	1.000000e-05 	1.094298e+05 	2.533964e-124 	3.855760e-11 	8.881784e-16 	0.000000e+00
9759 	1.000000e-05 	1.094298e+05 	2.533964e-124 	3.855760e-11 	8.881784e-16 	0.000000e+00
9760 	1.000000e-05 	1.094298e+05 	2.533964e-124 	3.855760e-11 	8.881784e-16 	0.000000e+00
9761 	1.000000e-05 	1.094298e+05 	2.533964e-124 	3.855760e-11 	8.881784e-16 	0.000000e+00
9762 	1.000000e-05 	1.094298e+05 	2.533964e-124 	3.855760e-11 	8.881784e-16 	0.000000e+00
9763 	1.000000e-05 	1.094298e+05 	2.533964e-124 	3.855760e-11 	8.881784e-16 	0.000000e+00
9764 	1.000000e-05 	1.094298e+05 	2.533964e-124 	3.855760e-11 	8.881784e-16 	0.000000e+00
9765 	1.000000e-05 	1.094298e+05 	2.533964e-124 	3.855760e-11 	8.881784e-16 	0.000000e+00
9766 	1.000000e-05 	1.094298e+05 	2.533964e-124 	3.855760e-11 	8.881784e-16 	0.000000e+00
9767 	1.000000e-05 	1.094298e+05 	2.533964e-124 	3.855760e-11 	8.881784e-16 	0.000000e+00
9768 	1.000000e-05 	1.094298e+05 	2.533964e-124 	3.855760e-11 	8.881784e-16 	0.000000e+00
9769 	1.000000e-05 	1.094298e+05 	2.533964e-124 	3.855760e-11 	8.881784e-16 	0.000000e+00
9770 	1.000000e-05 	1.094298e+05 	2.533964e-124 	3.855760e-11 	8.881784e-16 	0.000000e+00
9771 	1.000000e-05 	1.094298e+05 	2.533964e-124 	3.855760e-11 	8.881784e-16 	0.000000e+00
9772 	1.000000e-05 	1.094298e+05 	2.533964e-124 	3.855760e-11 	8.881784e-16 	0.000000e+00
9773 	1.000000e-05 	1.094298e+05 	2.533964e-124 	3.855760e-11 	8.881784e-16 	0.000000e+00
9774 	1.000000e-05 	1.094298e+05 	2.533964e-124 	3.855760e-11 	8.881784e-16 	0.000000e+00
9775 	1.000000e-05 	1.094298e+05 	2.533964e-124 	3.855760e-11 	8.881784e-16 	0.000000e+00
9776 	1.000000e-05 	1.094298e+05 	2.533964e-124 	3.855760e-11 	8.881784e-16 	0.000000e+00
9777 	1.000000e-05 	1.094298e+05 	2.533964e-124 	3.855760e-11 	8.881784e-16 	0.000000e+00
9778 	1.000000e-05 	1.094298e+05 	2.533964e-124 	3.855760e-11 	8.881784e-16 	0.000000e+00
9779 	1.000000e-05 	1.094298e+05 	2.533964e-124 	3.855760e-11 	8.881784e-16 	0.000000e+00
9780 	1.000000e-05 	1.094298e+05 	2.533964e-124 	3.855760e-11 	8.881784e-16 	0.000000e+00
9781 	1.000000e-05 	1.094298e+05 	2.533964e-124 	3.855760e-11 	8.881784e-16 	0.000000e+00
9782 	1.000000e-05 	1.094298e+05 	2.533964e-124 	3.855760e-11 	8.881784e-16 	0.000000e+00
9783 	1.000000e-05 	1.094298e+05 	2.533964e-124 	3.855760e-11 	8.881784e-16 	0.000000e+00
9784 	1.000000e-05 	1.094298e+05 	2.533964e-124 	3.855760e-11 	8.881784e-16 	0.000000e+00
9785 	1.000000e-05 	1.094298e+05 	2.533964e-124 	3.855760e-11 	8.881784e-16 	0.000000e+00
9786 	1.000000e-05 	1.094298e+05 	2.533964e-124 	3.855760e-11 	8.881784e-16 	0.000000e+00
9787 	1.000000e-05 	1.094298e+05 	2.533964e-124 	3.855760e-11 	8.881784e-16 	0.000000e+00
9788 	1.000000e-05 	1.094298e+05 	2.533964e-124 	3.855760e-11 	8.881784e-16 	0.000000e+00
9789 	1.000000e-05 	1.094298e+05 	2.533964e-124 	3.855760e-11 	8.881784e-16 	0.000000e+00
9790 	1.000000e-05 	1.094298e+05 	2.533964e-124 	3.855760e-11 	8.881784e-16 	0.000000e+00
9791 	1.000000e-05 	1.094298e+05 	2.533964e-124 	3.855760e-11 	8.881784e-16 	0.000000e+00
9792 	1.000000e-05 	1.094298e+05 	2.533964e-124 	3.855760e-11 	8.881784e-16 	0.000000e+00
9793 	1.000000e-05 	1.094298e+05 	2.533964e-124 	3.855760e-11 	8.881784e-16 	0.000000e+00
9794 	1.000000e-05 	1.094298e+05 	2.533964e-124 	3.855760e-11 	8.881784e-16 	0.000000e+00
9795 	1.000000e-05 	1.094298e+05 	2.533964e-124 	3.855760e-11 	8.881784e-16 	0.000000e+00
9796 	1.000000e-05 	1.094298e+05 	2.533964e-124 	3.855760e-11 	8.881784e-16 	0.000000e+00
9797 	1.000000e-05 	1.094298e+05 	2.533964e-124 	3.855760e-11 	8.881784e-16 	0.000000e+00
9798 	1.000000e-05 	1.094298e+05 	2.533964e-124 	3.855760e-11 	8.881784e-16 	0.000000e+00
9799 	1.000000e-05 	1.094298e+05 	2.533964e-124 	3.855760e-11 	8.881784e-16 	0.000000e+00
9800 	1.000000e-05 	1.094298e+05 	2.533964e-124 	3.855760e-11 	8.881784e-16 	0.000000e+00
9801 	1.000000e-05 	1.094298e+05 	2.533964e-124 	3.855760e-11 	8.881784e-16 	0.000000e+00
9802 	1.000000e-05 	1.094298e+05 	2.533964e-124 	3.855760e-11 	8.881784e-16 	0.000000e+00
9803 	1.000000e-05 	1.094298e+05 	2.533964e-124 	3.855760e-11 	8.881784e-16 	0.000000e+00
9804 	1.000000e-05 	1.094298e+05 	2.533964e-124 	3.855760e-11 	8.881784e-16 	0.000000e+00
9805 	1.000000e-05 	1.094298e+05 	2.533964e-124 	3.855760e-11 	8.881784e-16 	0.000000e+00
9806 	1.000000e-05 	1.094298e+05 	2.533964e-124 	3.855760e-11 	8.881784e-16 	0.000000e+00
9807 	1.000000e-05 	1.094298e+05 	2.533964e-124 	3.855760e-11 	8.881784e-16 	0.000000e+00
9808 	1.000000e-05 	1.094298e+05 	2.533964e-124 	3.855760e-11 	8.881784e-16 	0.000000e+00
9809 	1.000000e-05 	1.094298e+05 	2.533964e-124 	3.855760e-11 	8.881784e-16 	0.000000e+00
9810 	1.000000e-05 	1.094298e+05 	2.533964e-124 	3.855760e-11 	8.881784e-16 	0.000000e+00
9811 	1.000000e-05 	1.094298e+05 	2.533964e-124 	3.855760e-11 	8.881784e-16 	0.000000e+00
9812 	1.000000e-05 	1.094298e+05 	2.533964e-124 	3.855760e-11 	8.881784e-16 	0.000000e+00
9813 	1.000000e-05 	1.094298e+05 	2.533964e-124 	3.855760e-11 	8.881784e-16 	0.000000e+00
9814 	1.000000e-05 	1.094298e+05 	2.533964e-124 	3.855760e-11 	8.881784e-16 	0.000000e+00
9815 	1.000000e-05 	1.094298e+05 	2.533964e-124 	3.855760e-11 	8.881784e-16 	0.000000e+00
9816 	1.000000e-05 	1.094298e+05 	2.533964e-124 	3.855760e-11 	8.881784e-16 	0.000000e+00
9817 	1.000000e-05 	1.094298e+05 	2.533964e-124 	3.855760e-11 	8.881784e-16 	0.000000e+00
9818 	1.000000e-05 	1.094298e+05 	2.533964e-124 	3.855760e-11 	8.881784e-16 	0.000000e+00
9819 	1.000000e-05 	1.094298e+05 	2.533964e-124 	3.855760e-11 	8.881784e-16 	0.000000e+00
9820 	1.000000e-05 	1.094298e+05 	2.533964e-124 	3.855760e-11 	8.881784e-16 	0.000000e+00
9821 	1.000000e-05 	1.094298e+05 	2.533964e-124 	3.855760e-11 	8.881784e-16 	0.000000e+00
9822 	1.000000e-05 	1.094298e+05 	2.533964e-124 	3.855760e-11 	8.881784e-16 	0.000000e+00
9823 	1.000000e-05 	1.094298e+05 	2.533964e-124 	3.855760e-11 	8.881784e-16 	0.000000e+00
9824 	1.000000e-05 	1.094298e+05 	2.533964e-124 	3.855760e-11 	8.881784e-16 	0.000000e+00
9825 	1.000000e-05 	1.094298e+05 	2.533964e-124 	3.855760e-11 	8.881784e-16 	0.000000e+00
9826 	1.000000e-05 	1.094298e+05 	2.533964e-124 	3.855760e-11 	8.881784e-16 	0.000000e+00
9827 	1.000000e-05 	1.094298e+05 	2.533964e-124 	3.855760e-11 	8.881784e-16 	0.000000e+00
9828 	1.000000e-05 	1.094298e+05 	2.533964e-124 	3.855760e-11 	8.881784e-16 	0.000000e+00
9829 	1.000000e-05 	1.094298e+05 	2.533964e-124 	3.855760e-11 	8.881784e-16 	0.000000e+00
9830 	1.000000e-05 	1.094298e+05 	2.533964e-124 	3.855760e-11 	8.881784e-16 	0.000000e+00
9831 	1.000000e-05 	1.094298e+05 	2.533964e-124 	3.855760e-11 	8.881784e-16 	0.000000e+00
9832 	1.000000e-05 	1.094298e+05 	2.533964e-124 	3.855760e-11 	8.881784e-16 	0.000000e+00
9833 	1.000000e-05 	1.094298e+05 	2.533964e-124 	3.855760e-11 	8.881784e-16 	0.000000e+00
9834 	1.000000e-05 	1.094298e+05 	2.533964e-124 	3.855760e-11 	8.881784e-16 	0.000000e+00
9835 	1.000000e-05 	1.094298e+05 	2.533964e-124 	3.855760e-11 	8.881784e-16 	0.000000e+00
9836 	1.000000e-05 	1.094298e+05 	2.533964e-124 	3.855760e-11 	8.881784e-16 	0.000000e+00
9837 	1.000000e-05 	1.094298e+05 	2.533964e-124 	3.855760e-11 	8.881784e-16 	0.000000e+00
9838 	1.000000e-05 	1.094298e+05 	2.533964e-124 	3.855760e-11 	8.881784e-16 	0.000000e+00
9839 	1.000000e-05 	1.094298e+05 	2.533964e-124 	3.855760e-11 	8.881784e-16 	0.000000e+00
9840 	1.000000e-05 	1.094298e+05 	2.533964e-124 	3.855760e-11 	8.881784e-16 	0.000000e+00
9841 	1.000000e-05 	1.094298e+05 	2.533964e-124 	3.855760e-11 	8.881784e-16 	0.000000e+00
9842 	1.000000e-05 	1.094298e+05 	2.533964e-124 	3.855760e-11 	8.881784e-16 	0.000000e+00
9843 	1.000000e-05 	1.094298e+05 	2.533964e-124 	3.855760e-11 	8.881784e-16 	0.000000e+00
9844 	1.000000e-05 	1.094298e+05 	2.533964e-124 	3.855760e-11 	8.881784e-16 	0.000000e+00
9845 	1.000000e-05 	1.094298e+05 	2.533964e-124 	3.855760e-11 	8.881784e-16 	0.000000e+00
9846 	1.000000e-05 	1.094298e+05 	2.533964e-124 	3.855760e-11 	8.881784e-16 	0.000000e+00
9847 	1.000000e-05 	1.094298e+05 	2.533964e-124 	3.855760e-11 	8.881784e-16 	0.000000e+00
9848 	1.000000e-05 	1.094298e+05 	2.533964e-124 	3.855760e-11 	8.881784e-16 	0.000000e+00
9849 	1.000000e-05 	1.094298e+05 	2.533964e-124 	3.855760e-11 	8.881784e-16 	0.000000e+00
9850 	1.000000e-05 	1.094298e+05 	2.533964e-124 	3.855760e-11 	8.881784e-16 	0.000000e+00
9851 	1.000000e-05 	1.094298e+05 	2.533964e-124 	3.855760e-11 	8.881784e-16 	0.000000e+00
9852 	1.000000e-05 	1.094298e+05 	2.533964e-124 	3.855760e-11 	8.881784e-16 	0.000000e+00
9853 	1.000000e-05 	1.094298e+05 	2.533964e-124 	3.855760e-11 	8.881784e-16 	0.000000e+00
9854 	1.000000e-05 	1.094298e+05 	2.533964e-124 	3.855760e-11 	8.881784e-16 	0.000000e+00
9855 	1.000000e-05 	1.094298e+05 	2.533964e-124 	3.855760e-11 	8.881784e-16 	0.000000e+00
9856 	1.000000e-05 	1.094298e+05 	2.533964e-124 	3.855760e-11 	8.881784e-16 	0.000000e+00
9857 	1.000000e-05 	1.094298e+05 	2.533964e-124 	3.855760e-11 	8.881784e-16 	0.000000e+00
9858 	1.000000e-05 	1.094298e+05 	2.533964e-124 	3.855760e-11 	8.881784e-16 	0.000000e+00
9859 	1.000000e-05 	1.094298e+05 	2.533964e-124 	3.855760e-11 	8.881784e-16 	0.000000e+00
9860 	1.000000e-05 	1.094298e+05 	2.533964e-124 	3.855760e-11 	8.881784e-16 	0.000000e+00
9861 	1.000000e-05 	1.094298e+05 	2.533964e-124 	3.855760e-11 	8.881784e-16 	0.000000e+00
9862 	1.000000e-05 	1.094298e+05 	2.533964e-124 	3.855760e-11 	8.881784e-16 	0.000000e+00
9863 	1.000000e-05 	1.094298e+05 	2.533964e-124 	3.855760e-11 	8.881784e-16 	0.000000e+00
9864 	1.000000e-05 	1.094298e+05 	2.533964e-124 	3.855760e-11 	8.881784e-16 	0.000000e+00
9865 	1.000000e-05 	1.094298e+05 	2.533964e-124 	3.855760e-11 	8.881784e-16 	0.000000e+00
9866 	1.000000e-05 	1.094298e+05 	2.533964e-124 	3.855760e-11 	8.881784e-16 	0.000000e+00
9867 	1.000000e-05 	1.094298e+05 	2.533964e-124 	3.855760e-11 	8.881784e-16 	0.000000e+00
9868 	1.000000e-05 	1.094298e+05 	2.533964e-124 	3.855760e-11 	8.881784e-16 	0.000000e+00
9869 	1.000000e-05 	1.094298e+05 	2.533964e-124 	3.855760e-11 	8.881784e-16 	0.000000e+00
9870 	1.000000e-05 	1.094298e+05 	2.533964e-124 	3.855760e-11 	8.881784e-16 	0.000000e+00
9871 	1.000000e-05 	1.094298e+05 	2.533964e-124 	3.855760e-11 	8.881784e-16 	0.000000e+00
9872 	1.000000e-05 	1.094298e+05 	2.533964e-124 	3.855760e-11 	8.881784e-16 	0.000000e+00
9873 	1.000000e-05 	1.094298e+05 	2.533964e-124 	3.855760e-11 	8.881784e-16 	0.000000e+00
9874 	1.000000e-05 	1.094298e+05 	2.533964e-124 	3.855760e-11 	8.881784e-16 	0.000000e+00
9875 	1.000000e-05 	1.094298e+05 	2.533964e-124 	3.855760e-11 	8.881784e-16 	0.000000e+00
9876 	1.000000e-05 	1.094298e+05 	2.533964e-124 	3.855760e-11 	8.881784e-16 	0.000000e+00
9877 	1.000000e-05 	1.094298e+05 	2.533964e-124 	3.855760e-11 	8.881784e-16 	0.000000e+00
9878 	1.000000e-05 	1.094298e+05 	2.533964e-124 	3.855760e-11 	8.881784e-16 	0.000000e+00
9879 	1.000000e-05 	1.094298e+05 	2.533964e-124 	3.855760e-11 	8.881784e-16 	0.000000e+00
9880 	1.000000e-05 	1.094298e+05 	2.533964e-124 	3.855760e-11 	8.881784e-16 	0.000000e+00
9881 	1.000000e-05 	1.094298e+05 	2.533964e-124 	3.855760e-11 	8.881784e-16 	0.000000e+00
9882 	1.000000e-05 	1.094298e+05 	2.533964e-124 	3.855760e-11 	8.881784e-16 	0.000000e+00
9883 	1.000000e-05 	1.094298e+05 	2.533964e-124 	3.855760e-11 	8.881784e-16 	0.000000e+00
9884 	1.000000e-05 	1.094298e+05 	2.533964e-124 	3.855760e-11 	8.881784e-16 	0.000000e+00
9885 	1.000000e-05 	1.094298e+05 	2.533964e-124 	3.855760e-11 	8.881784e-16 	0.000000e+00
9886 	1.000000e-05 	1.094298e+05 	2.533964e-124 	3.855760e-11 	8.881784e-16 	0.000000e+00
9887 	1.000000e-05 	1.094298e+05 	2.533964e-124 	3.855760e-11 	8.881784e-16 	0.000000e+00
9888 	1.000000e-05 	1.094298e+05 	2.533964e-124 	3.855760e-11 	8.881784e-16 	0.000000e+00
9889 	1.000000e-05 	1.094298e+05 	2.533964e-124 	3.855760e-11 	8.881784e-16 	0.000000e+00
9890 	1.000000e-05 	1.094298e+05 	2.533964e-124 	3.855760e-11 	8.881784e-16 	0.000000e+00
9891 	1.000000e-05 	1.094298e+05 	2.533964e-124 	3.855760e-11 	8.881784e-16 	0.000000e+00
9892 	1.000000e-05 	1.094298e+05 	2.533964e-124 	3.855760e-11 	8.881784e-16 	0.000000e+00
9893 	1.000000e-05 	1.094298e+05 	2.533964e-124 	3.855760e-11 	8.881784e-16 	0.000000e+00
9894 	1.000000e-05 	1.094298e+05 	2.533964e-124 	3.855760e-11 	8.881784e-16 	0.000000e+00
9895 	1.000000e-05 	1.094298e+05 	2.533964e-124 	3.855760e-11 	8.881784e-16 	0.000000e+00
9896 	1.000000e-05 	1.094298e+05 	2.533964e-124 	3.855760e-11 	8.881784e-16 	0.000000e+00
9897 	1.000000e-05 	1.094298e+05 	2.533964e-124 	3.855760e-11 	8.881784e-16 	0.000000e+00
9898 	1.000000e-05 	1.094298e+05 	2.533964e-124 	3.855760e-11 	8.881784e-16 	0.000000e+00
9899 	1.000000e-05 	1.094298e+05 	2.533964e-124 	3.855760e-11 	8.881784e-16 	0.000000e+00
9900 	1.000000e-05 	1.094298e+05 	2.533964e-124 	3.855760e-11 	8.881784e-16 	0.000000e+00
9901 	1.000000e-05 	1.094298e+05 	2.533964e-124 	3.855760e-11 	8.881784e-16 	0.000000e+00
9902 	1.000000e-05 	1.094298e+05 	2.533964e-124 	3.855760e-11 	8.881784e-16 	0.000000e+00
9903 	1.000000e-05 	1.094298e+05 	2.533964e-124 	3.855760e-11 	8.881784e-16 	0.000000e+00
9904 	1.000000e-05 	1.094298e+05 	2.533964e-124 	3.855760e-11 	8.881784e-16 	0.000000e+00
9905 	1.000000e-05 	1.094298e+05 	2.533964e-124 	3.855760e-11 	8.881784e-16 	0.000000e+00
9906 	1.000000e-05 	1.094298e+05 	2.533964e-124 	3.855760e-11 	8.881784e-16 	0.000000e+00
9907 	1.000000e-05 	1.094298e+05 	2.533964e-124 	3.855760e-11 	8.881784e-16 	0.000000e+00
9908 	1.000000e-05 	1.094298e+05 	2.533964e-124 	3.855760e-11 	8.881784e-16 	0.000000e+00
9909 	1.000000e-05 	1.094298e+05 	2.533964e-124 	3.855760e-11 	8.881784e-16 	0.000000e+00
9910 	1.000000e-05 	1.094298e+05 	2.533964e-124 	3.855760e-11 	8.881784e-16 	0.000000e+00
9911 	1.000000e-05 	1.094298e+05 	2.533964e-124 	3.855760e-11 	8.881784e-16 	0.000000e+00
9912 	1.000000e-05 	1.094298e+05 	2.533964e-124 	3.855760e-11 	8.881784e-16 	0.000000e+00
9913 	1.000000e-05 	1.094298e+05 	2.533964e-124 	3.855760e-11 	8.881784e-16 	0.000000e+00
9914 	1.000000e-05 	1.094298e+05 	2.533964e-124 	3.855760e-11 	8.881784e-16 	0.000000e+00
9915 	1.000000e-05 	1.094298e+05 	2.533964e-124 	3.855760e-11 	8.881784e-16 	0.000000e+00
9916 	1.000000e-05 	1.094298e+05 	2.533964e-124 	3.855760e-11 	8.881784e-16 	0.000000e+00
9917 	1.000000e-05 	1.094298e+05 	2.533964e-124 	3.855760e-11 	8.881784e-16 	0.000000e+00
9918 	1.000000e-05 	1.094298e+05 	2.533964e-124 	3.855760e-11 	8.881784e-16 	0.000000e+00
9919 	1.000000e-05 	1.094298e+05 	2.533964e-124 	3.855760e-11 	8.881784e-16 	0.000000e+00
9920 	1.000000e-05 	1.094298e+05 	2.533964e-124 	3.855760e-11 	8.881784e-16 	0.000000e+00
9921 	1.000000e-05 	1.094298e+05 	2.533964e-124 	3.855760e-11 	8.881784e-16 	0.000000e+00
9922 	1.000000e-05 	1.094298e+05 	2.533964e-124 	3.855760e-11 	8.881784e-16 	0.000000e+00
9923 	1.000000e-05 	1.094298e+05 	2.533964e-124 	3.855760e-11 	8.881784e-16 	0.000000e+00
9924 	1.000000e-05 	1.094298e+05 	2.533964e-124 	3.855760e-11 	8.881784e-16 	0.000000e+00
9925 	1.000000e-05 	1.094298e+05 	2.533964e-124 	3.855760e-11 	8.881784e-16 	0.000000e+00
9926 	1.000000e-05 	1.094298e+05 	2.533964e-124 	3.855760e-11 	8.881784e-16 	0.000000e+00
9927 	1.000000e-05 	1.094298e+05 	2.533964e-124 	3.855760e-11 	8.881784e-16 	0.000000e+00
9928 	1.000000e-05 	1.094298e+05 	2.533964e-124 	3.855760e-11 	8.881784e-16 	0.000000e+00
9929 	1.000000e-05 	1.094298e+05 	2.533964e-124 	3.855760e-11 	8.881784e-16 	0.000000e+00
9930 	1.000000e-05 	1.094298e+05 	2.533964e-124 	3.855760e-11 	8.881784e-16 	0.000000e+00
9931 	1.000000e-05 	1.094298e+05 	2.533964e-124 	3.855760e-11 	8.881784e-16 	0.000000e+00
9932 	1.000000e-05 	1.094298e+05 	2.533964e-124 	3.855760e-11 	8.881784e-16 	0.000000e+00
9933 	1.000000e-05 	1.094298e+05 	2.533964e-124 	3.855760e-11 	8.881784e-16 	0.000000e+00
9934 	1.000000e-05 	1.094298e+05 	2.533964e-124 	3.855760e-11 	8.881784e-16 	0.000000e+00
9935 	1.000000e-05 	1.094298e+05 	2.533964e-124 	3.855760e-11 	8.881784e-16 	0.000000e+00
9936 	1.000000e-05 	1.094298e+05 	2.533964e-124 	3.855760e-11 	8.881784e-16 	0.000000e+00
9937 	1.000000e-05 	1.094298e+05 	2.533964e-124 	3.855760e-11 	8.881784e-16 	0.000000e+00
9938 	1.000000e-05 	1.094298e+05 	2.533964e-124 	3.855760e-11 	8.881784e-16 	0.000000e+00
9939 	1.000000e-05 	1.094298e+05 	2.533964e-124 	3.855760e-11 	8.881784e-16 	0.000000e+00
9940 	1.000000e-05 	1.094298e+05 	2.533964e-124 	3.855760e-11 	8.881784e-16 	0.000000e+00
9941 	1.000000e-05 	1.094298e+05 	2.533964e-124 	3.855760e-11 	8.881784e-16 	0.000000e+00
9942 	1.000000e-05 	1.094298e+05 	2.533964e-124 	3.855760e-11 	8.881784e-16 	0.000000e+00
9943 	1.000000e-05 	1.094298e+05 	2.533964e-124 	3.855760e-11 	8.881784e-16 	0.000000e+00
9944 	1.000000e-05 	1.094298e+05 	2.533964e-124 	3.855760e-11 	8.881784e-16 	0.000000e+00
9945 	1.000000e-05 	1.094298e+05 	2.533964e-124 	3.855760e-11 	8.881784e-16 	0.000000e+00
9946 	1.000000e-05 	1.094298e+05 	2.533964e-124 	3.855760e-11 	8.881784e-16 	0.000000e+00
9947 	1.000000e-05 	1.094298e+05 	2.533964e-124 	3.855760e-11 	8.881784e-16 	0.000000e+00
9948 	1.000000e-05 	1.094298e+05 	2.533964e-124 	3.855760e-11 	8.881784e-16 	0.000000e+00
9949 	1.000000e-05 	1.094298e+05 	2.533964e-124 	3.855760e-11 	8.881784e-16 	0.000000e+00
9950 	1.000000e-05 	1.094298e+05 	2.533964e-124 	3.855760e-11 	8.881784e-16 	0.000000e+00
9951 	1.000000e-05 	1.094298e+05 	2.533964e-124 	3.855760e-11 	8.881784e-16 	0.000000e+00
9952 	1.000000e-05 	1.094298e+05 	2.533964e-124 	3.855760e-11 	8.881784e-16 	0.000000e+00
9953 	1.000000e-05 	1.094298e+05 	2.533964e-124 	3.855760e-11 	8.881784e-16 	0.000000e+00
9954 	1.000000e-05 	1.094298e+05 	2.533964e-124 	3.855760e-11 	8.881784e-16 	0.000000e+00
9955 	1.000000e-05 	1.094298e+05 	2.533964e-124 	3.855760e-11 	8.881784e-16 	0.000000e+00
9956 	1.000000e-05 	1.094298e+05 	2.533964e-124 	3.855760e-11 	8.881784e-16 	0.000000e+00
9957 	1.000000e-05 	1.094298e+05 	2.533964e-124 	3.855760e-11 	8.881784e-16 	0.000000e+00
9958 	1.000000e-05 	1.094298e+05 	2.533964e-124 	3.855760e-11 	8.881784e-16 	0.000000e+00
9959 	1.000000e-05 	1.094298e+05 	2.533964e-124 	3.855760e-11 	8.881784e-16 	0.000000e+00
9960 	1.000000e-05 	1.094298e+05 	2.533964e-124 	3.855760e-11 	8.881784e-16 	0.000000e+00
9961 	1.000000e-05 	1.094298e+05 	2.533964e-124 	3.855760e-11 	8.881784e-16 	0.000000e+00
9962 	1.000000e-05 	1.094298e+05 	2.533964e-124 	3.855760e-11 	8.881784e-16 	0.000000e+00
9963 	1.000000e-05 	1.094298e+05 	2.533964e-124 	3.855760e-11 	8.881784e-16 	0.000000e+00
9964 	1.000000e-05 	1.094298e+05 	2.533964e-124 	3.855760e-11 	8.881784e-16 	0.000000e+00
9965 	1.000000e-05 	1.094298e+05 	2.533964e-124 	3.855760e-11 	8.881784e-16 	0.000000e+00
9966 	1.000000e-05 	1.094298e+05 	2.533964e-124 	3.855760e-11 	8.881784e-16 	0.000000e+00
9967 	1.000000e-05 	1.094298e+05 	2.533964e-124 	3.855760e-11 	8.881784e-16 	0.000000e+00
9968 	1.000000e-05 	1.094298e+05 	2.533964e-124 	3.855760e-11 	8.881784e-16 	0.000000e+00
9969 	1.000000e-05 	1.094298e+05 	2.533964e-124 	3.855760e-11 	8.881784e-16 	0.000000e+00
9970 	1.000000e-05 	1.094298e+05 	2.533964e-124 	3.855760e-11 	8.881784e-16 	0.000000e+00
9971 	1.000000e-05 	1.094298e+05 	2.533964e-124 	3.855760e-11 	8.881784e-16 	0.000000e+00
9972 	1.000000e-05 	1.094298e+05 	2.533964e-124 	3.855760e-11 	8.881784e-16 	0.000000e+00
9973 	1.000000e-05 	1.094298e+05 	2.533964e-124 	3.855760e-11 	8.881784e-16 	0.000000e+00
9974 	1.000000e-05 	1.094298e+05 	2.533964e-124 	3.855760e-11 	8.881784e-16 	0.000000e+00
9975 	1.000000e-05 	1.094298e+05 	2.533964e-124 	3.855760e-11 	8.881784e-16 	0.000000e+00
9976 	1.000000e-05 	1.094298e+05 	2.533964e-124 	3.855760e-11 	8.881784e-16 	0.000000e+00
9977 	1.000000e-05 	1.094298e+05 	2.533964e-124 	3.855760e-11 	8.881784e-16 	0.000000e+00
9978 	1.000000e-05 	1.094298e+05 	2.533964e-124 	3.855760e-11 	8.881784e-16 	0.000000e+00
9979 	1.000000e-05 	1.094298e+05 	2.533964e-124 	3.855760e-11 	8.881784e-16 	0.000000e+00
9980 	1.000000e-05 	1.094298e+05 	2.533964e-124 	3.855760e-11 	8.881784e-16 	0.000000e+00
9981 	1.000000e-05 	1.094298e+05 	2.533964e-124 	3.855760e-11 	8.881784e-16 	0.000000e+00
9982 	1.000000e-05 	1.094298e+05 	2.533964e-124 	3.855760e-11 	8.881784e-16 	0.000000e+00
9983 	1.000000e-05 	1.094298e+05 	2.533964e-124 	3.855760e-11 	8.881784e-16 	0.000000e+00
9984 	1.000000e-05 	1.094298e+05 	2.533964e-124 	3.855760e-11 	8.881784e-16 	0.000000e+00
9985 	1.000000e-05 	1.094298e+05 	2.533964e-124 	3.855760e-11 	8.881784e-16 	0.000000e+00
9986 	1.000000e-05 	1.094298e+05 	2.533964e-124 	3.855760e-11 	8.881784e-16 	0.000000e+00
9987 	1.000000e-05 	1.094298e+05 	2.533964e-124 	3.855760e-11 	8.881784e-16 	0.000000e+00
9988 	1.000000e-05 	1.094298e+05 	2.533964e-124 	3.855760e-11 	8.881784e-16 	0.000000e+00
9989 	1.000000e-05 	1.094298e+05 	2.533964e-124 	3.855760e-11 	8.881784e-16 	0.000000e+00
9990 	1.000000e-05 	1.094298e+05 	2.533964e-124 	3.855760e-11 	8.881784e-16 	0.000000e+00
9991 	1.000000e-05 	1.094298e+05 	2.533964e-124 	3.855760e-11 	8.881784e-16 	0.000000e+00
9992 	1.000000e-05 	1.094298e+05 	2.533964e-124 	3.855760e-11 	8.881784e-16 	0.000000e+00
9993 	1.000000e-05 	1.094298e+05 	2.533964e-124 	3.855760e-11 	8.881784e-16 	0.000000e+00
9994 	1.000000e-05 	1.094298e+05 	2.533964e-124 	3.855760e-11 	8.881784e-16 	0.000000e+00
9995 	1.000000e-05 	1.094298e+05 	2.533964e-124 	3.855760e-11 	8.881784e-16 	0.000000e+00
9996 	1.000000e-05 	1.094298e+05 	2.533964e-124 	3.855760e-11 	8.881784e-16 	0.000000e+00
9997 	1.000000e-05 	1.094298e+05 	2.533964e-124 	3.855760e-11 	8.881784e-16 	0.000000e+00
9998 	1.000000e-05 	1.094298e+05 	2.533964e-124 	3.855760e-11 	8.881784e-16 	0.000000e+00
9999 	1.000000e-05 	1.094298e+05 	2.533964e-124 	3.855760e-11 	8.881784e-16 	0.000000e+00
10000 	1.000000e-05 	1.094298e+05 	2.533964e-124 	3.855760e-11 	8.881784e-16 	0.000000e+00
