x[nm]                    Hole_density[1e18_cm^-3]
-9                       0
-7                       0
-5                       0
-3                       0
-1                       0
1                        1.2180519015225e-24
2.998                    1.3516454356987e-24
4.996                    7.4957138217682e-25
6.9939999999999          4.1568420264966e-25
8.9919999999999          2.3052297777555e-25
10.99                    1.2783948851248e-25
12.988                   7.0895045748914e-26
14.986                   3.9315769851738e-26
16.984                   2.1803072600577e-26
18.982                   1.2091178403317e-26
20.98                    6.7053208546483e-27
22.978                   3.7185232620826e-27
24.976                   2.0621556552692e-27
26.974                   1.1435953628111e-27
28.972                   6.3419575176832e-28
30.97                    3.5170154150127e-28
32.968                   1.9504068581244e-28
34.966                   1.0816236110946e-28
36.964                   5.9982850830552e-29
38.962                   3.3264273794006e-29
40.96                    1.8447137736717e-29
42.958                   1.0230101303192e-29
44.956                   5.6732363670414e-30
46.954                   3.1461673665615e-30
48.952                   1.744748228011e-30
50.949999999999          9.6757293064388e-31
52.947999999999          5.3658021317171e-31
54.945999999999          2.9756756937811e-31
56.943999999999          1.6501998428576e-31
58.941999999999          9.151398880801e-32
60.939999999999          5.0750278421128e-32
62.937999999999          2.8144230115746e-32
64.935999999999          1.5607750606512e-32
66.933999999999          8.6554820648254e-33
68.931999999999          4.8000106910495e-33
70.929999999999          2.66190865646e-33
72.927999999999          1.4761962319272e-33
74.925999999999          8.1864391171635e-34
76.923999999999          4.5398967948539e-34
78.921999999999          2.5176590960917e-34
80.919999999999          1.3962007531357e-34
82.917999999999          7.7428137355151e-35
84.915999999999          4.293878542054e-35
86.913999999999          2.3812264589729e-35
88.911999999999          1.3205402512854e-35
90.909999999999          7.3232285350014e-36
92.907999999999          4.0611920858639e-36
94.905999999999          2.2521871438879e-36
96.903999999999          1.2489798127869e-36
98.901999999999          6.926380771611e-37
100.9                    3.8411149725701e-37
102.898                  2.1301405046879e-37
104.896                  1.1812972540824e-37
106.894                  6.5510382973885e-38
108.892                  3.6329638984213e-38
110.89                   2.0147076063488e-38
112.888                  1.1172824318029e-38
114.886                  6.1960357348204e-39
116.884                  3.4360925880861e-39
118.882                  1.9055300484392e-39
120.88                   1.0567365903044e-39
122.878                  5.8602708585088e-40
124.876                  3.2498897880688e-40
126.874                  1.8022688523447e-40
128.872                  9.9947174456704e-41
130.87                   5.5427011729602e-41
132.868                  3.0737773688686e-41
134.866                  1.7046034087969e-41
136.864                  9.4531009653162e-42
138.862                  5.2423406758025e-42
140.86                   2.907208529985e-42
142.858                  1.612230482431e-42
144.856                  8.9408348306304e-43
146.854                  4.9582567963913e-43
148.852                  2.7496661021787e-43
150.85                   1.5248632702876e-43
152.848                  8.456328538326e-44
154.846                  4.6895675003464e-44
156.844                  2.6006609417588e-44
158.842                  1.4422305113406e-44
160.84                   7.9980777749321e-45
162.838                  4.4354385509701e-45
164.836                  2.4597304118622e-45
166.834                  1.3640756442712e-45
168.832                  7.564659746127e-46
170.83                   4.1950809190838e-46
172.828                  2.3264369460462e-46
174.826                  1.2901560108906e-46
176.824                  7.1547287592119e-47
178.822                  3.9677483332086e-47
180.82                   2.2003666897106e-47
182.818                  1.2202421027223e-47
184.816                  6.7670120449421e-48
186.814                  3.7527349625327e-48
188.812                  2.0811282151539e-48
190.81                   1.1541168484191e-48
192.808                  6.4003058057915e-49
194.806                  3.5493732254027e-49
196.804                  1.9683513062466e-49
198.802                  1.0915749397877e-49
200.8                    6.0534714783445e-50
202.798                  3.3570317166e-50
204.796                  1.8616858089734e-50
206.794                  1.0324221943436e-50
208.792                  5.7254321982556e-51
210.79                   3.1751132469279e-51
212.788                  1.7608005442608e-51
214.786                  9.7647495240338e-52
216.784                  5.415169456751e-52
218.782                  3.0030529890355e-52
220.78                   1.6653822797202e-52
222.778                  9.235595068528e-53
224.776                  5.1217199383291e-53
226.774                  2.8403167237231e-53
228.772                  1.5751347571132e-53
230.77                   8.7351156381405e-54
232.768                  4.8441725298168e-54
234.766                  2.6863991812744e-54
236.764                  1.4897777725156e-54
238.762                  8.2617573253902e-55
240.76                   4.581665491517e-55
242.758                  2.5408224726777e-55
244.756                  1.4090463063306e-55
246.754                  7.8140504294728e-56
248.752                  4.3333837816415e-56
250.75                   2.4031346058593e-56
252.748                  1.3326897004472e-56
254.746                  7.3906048930757e-57
256.744                  4.0985565257408e-57
258.742                  2.2729080823183e-57
260.74                   1.2604708799849e-57
262.738                  6.9901059864665e-58
264.736                  3.8764546232607e-58
266.734                  2.1497385698152e-58
268.732                  1.1921656172166e-58
270.73                   6.6113102254821e-59
272.728                  3.6663884838093e-59
274.726                  2.0332436469849e-59
276.724                  1.1275618353759e-59
278.722                  6.2530415107011e-60
280.72                   3.4677058860826e-60
282.718                  1.9230616159821e-60
284.716                  1.066458950197e-60
286.714                  5.9141874758626e-61
288.712                  3.279789952833e-61
290.71                   1.8188503794664e-61
292.708                  1.0086672471288e-61
294.706                  5.593696034134e-62
296.704                  3.1020572355611e-62
298.702                  1.7202863784473e-62
300.7                    9.540072923047e-63
302.698                  5.2905721115573e-63
304.696                  2.9339559029967e-63
306.694                  1.6270635876838e-63
308.692                  9.0230937542806e-64
310.69                   5.003874557505e-64
312.688                  2.774964027762e-64
314.686                  1.5388925655266e-64
316.684                  8.5341298284972e-65
318.682                  4.7327132225596e-65
320.68                   2.6245879658636e-65
322.678                  1.455499555249e-65
324.676                  8.0716629919971e-66
326.674                  4.4762461947462e-66
328.672                  2.4823608240143e-66
330.67                   1.3766256350767e-66
332.668                  7.6342573602397e-67
334.666                  4.2336771855283e-67
336.664                  2.3478410100003e-67
338.662                  1.3020259142764e-67
340.66                   7.2205548596625e-68
342.658                  4.0042530574648e-68
344.656                  2.2206108616101e-68
346.654                  1.2314687728111e-68
348.652                  6.829271011083e-69
350.65                   3.7872614858396e-69
352.648                  2.1002753498651e-69
354.646                  1.1647351421985e-69
356.644                  6.4591909416034e-70
358.642                  3.5820287470111e-70
360.64                   1.9864608525151e-70
362.638                  1.1016178253362e-70
364.636                  6.1091656126126e-71
366.634                  3.3879176266004e-71
368.632                  1.8788139939983e-71
370.63                   1.0419208531897e-71
372.628                  5.7781082522247e-72
374.626                  3.2043254410562e-72
376.624                  1.777000548276e-72
378.622                  9.8545887634074e-73
380.62                   5.4649909810159e-73
382.618                  3.0306821664122e-73
384.616                  1.680704401108e-73
386.614                  9.3205658950637e-74
388.612                  5.1688416206294e-74
390.61                   2.8664486684553e-74
392.608                  1.5896265685709e-74
394.60599999999          8.8154818724483e-75
396.60399999999          4.8887406753236e-75
398.60199999999          2.711115028806e-75
400.59999999999          1.5034842687646e-75
402.59799999999          8.3377684915791e-76
404.59599999999          4.6238184770823e-76
406.59399999999          2.5641989617012e-76
408.59199999999          1.4220100438153e-76
410.58999999999          7.8859425298658e-77
412.58799999999          4.3732524854392e-77
414.58599999999          2.4252443165758e-77
416.58399999999          1.3449509294668e-77
418.58199999999          7.4586011409669e-78
420.57999999999          4.1362647336202e-78
422.57799999999          2.293819661789e-78
424.57599999999          1.2720676696641e-78
426.57399999999          7.0544174991621e-79
428.57199999999          3.9121194130835e-79
430.56999999999          2.1695169450982e-79
432.56799999999          1.203133973704e-79
434.56599999999          6.6721366797863e-80
436.56399999999          3.7001205889572e-80
438.56199999999          2.0519502267242e-80
440.55999999999          1.137935813638e-80
442.55799999999          6.31057176288e-81
444.55599999999          3.4996100392639e-81
446.55399999999          1.9407544810692e-81
448.55199999999          1.0762707597511e-81
450.54999999999          5.9686001480047e-82
452.54799999999          3.3099652112642e-82
454.54599999999          1.8355844633756e-82
456.54399999999          1.0179473520505e-82
458.54199999999          5.6451600687497e-83
460.53999999999          3.1305972885158e-83
462.53799999999          1.7361136377898e-83
464.53599999999          9.6278450581196e-84
466.53399999999          5.3392472961135e-84
468.53199999999          2.9609493627046e-84
470.52999999999          1.6420331635292e-84
472.52799999999          9.1061094934327e-85
474.52599999999          5.049912020546e-85
476.52399999999          2.8004947045326e-85
478.52199999999          1.5530509359779e-85
480.51999999999          8.6126469221255e-86
482.51799999999          4.7762559029328e-86
484.51599999999          2.6487351283024e-86
486.51399999999          1.4688906797469e-86
488.51199999999          8.1459252229203e-87
490.50999999999          4.5174292854007e-87
492.50799999999          2.5051994451381e-87
494.50599999999          1.3892910908875e-87
496.50399999999          7.7044953006248e-88
498.50199999999          4.2726285532739e-88
500.49999999999          2.3694420000194e-88
502.49799999999          1.3140050255839e-88
504.49599999999          7.2869865869091e-89
506.49399999999          4.0410936399729e-89
508.49199999999          2.2410412880912e-89
510.48999999999          1.2427987328112e-89
512.48799999999          6.8921027849189e-90
514.48599999999          3.8221056671368e-90
516.48399999999          2.1195986459641e-90
518.48199999999          1.1754511285761e-90
520.47999999999          6.5186178444755e-91
522.47799999999          3.6149847126179e-91
524.47599999999          2.0047370139261e-91
526.47399999999          1.1117531094883e-91
528.47199999999          6.1653721554043e-92
530.46999999999          3.4190876994383e-92
532.46799999999          1.896099765235e-92
534.46599999999          1.0515069035275e-92
536.46399999999          5.8312689471204e-93
538.46199999999          3.2338063991383e-93
540.45999999999          1.7933495988504e-93
542.45799999999          9.9452545599324e-94
544.45599999999          5.5152708833388e-94
546.45399999999          3.0585655433248e-94
548.45199999999          1.6961674921668e-94
550.44999999999          9.4063184873131e-95
552.44799999999          5.2163968413131e-95
554.44599999999          2.8928210375571e-95
556.44399999999          1.6042517105017e-95
558.44199999999          8.8965875083013e-96
560.43999999999          4.933718865607e-96
562.43799999999          2.736058272021e-96
564.43599999999          1.5173168702579e-96
566.43399999999          8.4144789908598e-97
568.43199999999          4.6663592869436e-97
570.42999999999          2.5877905237496e-97
572.42799999999          1.435093052853e-97
574.42599999999          7.9584960662222e-98
576.42399999999          4.4134879971832e-98
578.42199999999          2.4475574454258e-98
580.41999999999          1.3573249666668e-98
582.41799999999          7.5272229813439e-99
584.41599999999          4.174319871977e-99
586.41399999999          2.3149236360834e-99
588.41199999999          1.2837711544033e-99
590.40999999999          7.1193207032372e-100
592.40799999999          3.9481123330815e-100
594.40599999999          2.1894772892507e-100
596.40399999999          1.2142032434028e-100
598.40199999999          6.7335227614716e-101
600.39999999999          3.7341630427699e-101
602.39799999999          2.0708289143645e-101
604.39599999999          1.148405236582e-101
606.39399999999          6.3686313159953e-102
608.39199999999          3.5318077231856e-102
610.38999999999          1.958610127458e-102
612.38799999999          1.0861728417992e-102
614.38599999999          6.023513438039e-103
616.38399999999          3.3404180938766e-103
618.38199999999          1.8524725073963e-103
620.37999999999          1.0273128375605e-103
622.37799999999          5.6970975925584e-104
624.37599999999          3.1593999210801e-104
626.37399999999          1.7520865140803e-104
628.37199999999          9.716424730974e-105
630.37                   5.3883703112814e-105
632.368                  2.9881911727211e-105
634.36599999999          1.6571404652782e-105
636.364                  9.1898890095511e-106
638.362                  5.096373046064e-106
640.36                   2.8262602734001e-106
642.358                  1.5673395689053e-106
644.356                  8.6918864033045e-107
646.354                  4.8201991927448e-107
648.352                  2.673104453931e-107
650.35                   1.4824050077395e-107
652.348                  8.2208706948934e-108
654.346                  4.5589912762917e-108
656.344                  2.5282481903305e-108
658.342                  1.4020730737413e-108
660.34                   7.7753794569232e-109
662.338                  4.3119382884823e-109
664.336                  2.3912417273892e-109
666.334                  1.3260943492819e-109
668.332                  7.354029511341e-110
670.33                   4.078273169851e-110
672.328                  2.2616596822566e-110
674.326                  1.2542329327422e-110
676.324                  6.9555126348868e-111
678.322                  3.857270428093e-111
680.32                   2.1390997236944e-111
682.318                  1.1862657060769e-111
684.316                  6.5785914972824e-112
686.314                  3.6482438855328e-112
688.312                  2.023181322906e-112
690.31                   1.1219816420681e-112
692.308                  6.2220958195166e-113
694.306                  3.4505445486512e-113
696.304                  1.9135445720519e-113
698.302                  1.0611811491209e-113
700.3                    5.8849187403135e-114
702.298                  3.2635585930617e-114
704.296                  1.8098490668003e-114
706.294                  1.0036754515641e-114
708.292                  5.5660133795207e-115
710.29                   3.0867054576979e-115
712.288                  1.7117728494219e-115
714.286                  9.492860035319e-116
716.284                  5.2643895877073e-116
718.282                  2.9194360422514e-116
720.28                   1.6190114091666e-116
722.278                  8.9784393460811e-117
724.276                  4.9791108719085e-117
726.274                  2.7612310023098e-117
728.272                  1.5312767368035e-117
730.27                   8.4918952550998e-118
732.268                  4.7092914879729e-118
734.266                  2.6115991368798e-118
736.264                  1.4482964304017e-118
738.262                  8.0317171218713e-119
740.26                   4.4540936904659e-119
742.258                  2.4700758632823e-119
744.256                  1.3698128495658e-119
746.254                  7.5964761679105e-120
748.252                  4.2127251316064e-120
750.25                   2.3362217747009e-120
752.248                  1.2955823155033e-120
754.246                  7.1848210406312e-121
756.244                  3.9844364011595e-121
758.242                  2.209621275896e-121
760.24                   1.2253743544435e-121
762.238                  6.7954736176199e-122
764.236                  3.7685186996369e-122
766.234                  2.0898812928488e-122
768.232                  1.158970982052e-122
770.23                   6.4272250382583e-123
772.228                  3.564301637585e-123
774.226                  1.9766300523274e-123
776.224                  1.0961660266248e-123
778.222                  6.0789319504249e-124
780.22                   3.3711511541443e-124
782.218                  1.8695159275954e-124
784.216                  1.0367644889597e-124
786.214                  5.7495129605595e-125
788.212                  3.188467548382e-125
790.21                   1.768206346664e-125
792.208                  9.8058193691486e-126
794.206                  5.4379452761151e-126
796.204                  3.0156836173282e-126
798.202                  1.6723867597138e-126
800.2                    9.2744393277689e-127
802.198                  5.1432615299577e-127
804.196                  2.8522628948941e-127
806.194                  1.5817596624641e-127
808.192                  8.7718549165901e-128
810.19                   4.8645467768365e-128
812.188                  2.6976979862351e-128
814.186                  1.4960436724735e-128
816.184                  8.2965056925131e-129
818.182                  4.6009356526402e-129
820.18                   2.5515089923749e-129
822.178                  1.4149726554934e-129
824.176                  7.8469157732808e-130
826.174                  4.3516096875742e-130
828.172                  2.413242020192e-130
830.17                   1.338294899161e-130
832.168                  7.4216892550959e-131
834.166                  4.1157947649459e-131
836.164                  2.2824677731591e-131
838.162                  1.2657723314778e-131
840.16                   7.0195058785742e-132
842.158                  3.8927587176607e-132
844.156                  2.1587802184448e-132
846.154                  1.1971797816306e-132
848.152                  6.6391169295466e-133
850.15                   3.6818090549567e-133
852.148                  2.041795326248e-133
854.146                  1.1323042808741e-133
856.144                  6.2793413620052e-134
858.142                  3.4822908123376e-134
860.14                   1.9311498774481e-134
862.138                  1.070944401299e-134
864.136                  5.9390621311549e-135
866.134                  3.2935845180134e-135
868.132                  1.8265003358686e-135
870.13                   1.012909630429e-135
872.128                  5.6172227251629e-136
874.126                  3.1151042695411e-136
876.124                  1.7275217816529e-136
878.122                  9.5801977971172e-137
880.12                   5.312823884865e-137
882.118                  2.9462959146926e-137
884.116                  1.6339069024409e-137
886.114                  9.0610442506161e-138
888.112                  5.024920501221e-138
890.11                   2.7866353308979e-138
892.108                  1.5453650392123e-138
894.106                  8.570023777207e-139
896.104                  4.7526186809123e-139
898.102                  2.6356267979376e-139
900.1                    1.4616212838426e-139
902.098                  8.1056118379725e-140
904.096                  4.4950729709704e-140
906.094                  2.4928014588294e-140
908.092                  1.3824156255754e-140
910.09                   7.6663665093807e-141
912.088                  4.2514837339527e-141
914.086                  2.3577158642726e-141
916.084                  1.3075021438937e-141
918.082                  7.2509240079135e-142
920.08                   4.0210946666951e-142
922.078                  2.2299505972407e-142
924.076                  1.2366482463513e-142
926.074                  6.8579944689326e-143
928.072                  3.8031904647915e-143
930.07                   2.1091089829361e-143
932.068                  1.1696339580996e-143
934.066                  6.4863580540793e-144
936.064                  3.5970947094176e-144
938.062                  1.9948159606037e-144
940.06                   1.1062513381965e-144
942.058                  6.1348621171719e-145
944.056                  3.402168682388e-145
946.054                  1.886717797707e-145
948.052                  1.0463046775761e-145
950.05                   5.8024257244965e-146
952.048                  3.2178171587236e-146
954.046                  1.7844884568538e-146
956.044                  9.8961705854003e-147
958.042                  5.4881051086026e-147
960.04                   3.0435526216807e-147
962.038                  1.6878920101306e-147
964.036                  9.3609070195236e-148
966.034                  5.191675429589e-148
968.032                  2.8795551657048e-148
970.03                   1.5973210262437e-148
972.028                  8.8622445743345e-149
974.026                  4.9186046144197e-149
976.024                  2.7314545486512e-149
978.022                  1.5183976671255e-149
980.02                   8.4554707227581e-150
982.018                  4.7228768753394e-150
984.016                  2.6518781762369e-150
986.014                  1.5025915851515e-150
988.012                  8.6484782592349e-151
990.01                   5.1144537140678e-151
992.008                  3.1690271246509e-151
994.006                  2.1274500446245e-151
996.004                  1.6376057695121e-151
998.002                  1.5881434767062e-151
1000                     2.2573931098853e-151
1002                     3.4147712958376e-151
1004                     3.8671528520347e-151
1006                     3.647109865225e-151
1008                     3.0442485909674e-151
1010                     2.3329219711125e-151
1012                     1.6798992056774e-151
1014                     1.1542758295451e-151
1016                     7.6488234514972e-152
1018                     4.9253964465007e-152
1020                     3.0994509244322e-152
1022                     1.9141121460142e-152
1024                     1.1638913627893e-152
1026                     6.986185401286e-153
1028                     4.1480656951485e-153
1030                     2.4403609297826e-153
1032                     1.4244897614756e-153
1034                     8.2594795697769e-154
1036                     4.7615009961959e-154
1038                     2.7313490480235e-154
1040                     1.5600687877647e-154
1042                     8.8775061488882e-155
1044                     5.0353572781448e-155
1046                     2.8480197052477e-155
1048                     1.6068863585972e-155
1050                     9.0467295137535e-156
1052                     5.0836898017133e-156
1054                     2.8519952975323e-156
1056                     1.597677221574e-156
1058                     8.9387458030428e-157
1060                     4.9954947701873e-157
1062                     2.7890316779365e-157
1064                     1.555796298006e-157
1066                     8.6720416230207e-158
1068                     4.8305743237891e-158
1070                     2.6891784697865e-158
1072                     1.496285155521e-158
1074                     8.3216560415386e-159
1076                     4.6262527464485e-159
1078                     2.5709514793846e-159
1080                     1.4283070815432e-159
1082                     7.9328376344982e-160
1084                     4.404828281197e-160
1086                     2.445317952466e-160
1088                     1.3572462376092e-160
1090                     7.5319708913271e-161
1092                     4.1792068916638e-161
1094                     2.3185791673015e-161
1096                     1.2861732880954e-161
1098                     7.1339890117009e-162
1100                     3.9566349727821e-162
1102                     2.1942430394446e-162
1104                     1.2167818585657e-162
1106                     6.7470442620662e-163
1108                     3.7410231362671e-163
1110                     2.0741780128819e-163
1112                     1.1499605055647e-163
1114                     6.3753388434278e-164
1116                     3.5343454381813e-164
1118                     1.9593038580762e-164
1120                     1.0861334142732e-164
1122                     6.0208036760676e-165
1124                     3.3374659375766e-165
1126                     1.8499983433733e-165
1128                     1.0254603560552e-165
1130                     5.684081016205e-166
1132                     3.1506213175441e-166
1134                     1.7463341671586e-166
1136                     9.6795295471673e-167
1138                     5.3650947627848e-167
1140                     2.973700524926e-167
1142                     1.6482160246454e-167
1144                     9.1354184698657e-168
1146                     5.0633794197851e-168
1148                     2.8064058458024e-168
1150                     1.5554594505802e-168
1152                     8.6211526033229e-169
1154                     4.7782687869345e-169
1156                     2.6483451605705e-169
1158                     1.4678359054808e-169
1160                     8.1354103693144e-170
1162                     4.5090034887431e-170
1164                     2.4990844139132e-170
1166                     1.3850983628541e-170
1168                     7.6767910261476e-171
1170                     4.2547916888942e-171
1172                     2.3581771516146e-171
1174                     1.3069956638306e-171
1176                     7.2438843496445e-172
1178                     4.0148428699874e-172
1180                     2.2251808710555e-172
1182                     1.2332804173014e-172
1184                     6.8353087260263e-173
1186                     3.7883861571122e-173
1188                     2.0996658105164e-173
1190                     1.1637132019343e-173
1192                     6.4497311620626e-174
1194                     3.5746798019388e-174
1196                     1.9812194187589e-174
1198                     1.0980646579385e-174
1200                     6.0858769903327e-175
1202                     3.3730156368795e-175
1204                     1.8694483706594e-175
1206                     1.036116382296e-175
1208                     5.7425337439591e-176
1210                     3.1827206901789e-176
1212                     1.7639792015562e-176
1214                     9.7766115259901e-177
1216                     5.4185517715029e-177
1218                     3.0031572202445e-177
1220                     1.6644581761674e-177
1222                     9.2250278087291e-178
1224                     5.1128430666625e-178
1226                     2.8337218906237e-178
1228                     1.5705507449313e-178
1230                     8.7045576994185e-179
1232                     4.8243791564436e-179
1234                     2.6738444980252e-179
1236                     1.4819407893006e-179
1238                     8.2134487078512e-180
1240                     4.5521885285645e-180
1242                     2.5229864880571e-180
1244                     1.3983297704902e-180
1246                     7.7500459672419e-181
1248                     4.2953538702458e-181
1250                     2.3806393912368e-181
1252                     1.3194358461855e-181
1254                     7.3127872580318e-182
1256                     4.053009270705e-182
1258                     2.2463232531551e-182
1260                     1.2449929910041e-182
1262                     6.9001980867391e-183
1264                     3.8243374709395e-183
1266                     2.1195850990715e-183
1268                     1.1747501400613e-183
1270                     6.5108869125556e-184
1272                     3.6085672050377e-184
1274                     1.9999974539566e-184
1276                     1.1084703655838e-184
1278                     6.1435405684764e-185
1280                     3.4049706548807e-185
1282                     1.8871569281114e-185
1284                     1.0459300912049e-185
1286                     5.7969198977825e-186
1288                     3.2128610273804e-186
1290                     1.7806828722595e-186
1292                     9.8691834552491e-187
1294                     5.4698556119141e-187
1296                     3.0315902562767e-187
1298                     1.6802161025793e-187
1300                     9.3123605488174e-188
1302                     5.1612443678141e-188
1304                     2.8605468266166e-188
1306                     1.5854176942495e-188
1308                     8.7869537434499e-189
1310                     4.8700450583758e-189
1312                     2.6991537179664e-189
1314                     1.495967841097e-189
1316                     8.2911905549404e-190
1318                     4.5952753074673e-190
1320                     2.5468664613504e-190
1322                     1.411564778451e-190
1324                     7.8233984931098e-191
1326                     4.3360081599938e-191
1328                     2.4031713044907e-191
1330                     1.3319237661183e-191
1332                     7.3819994244302e-192
1334                     4.0913689571385e-192
1336                     2.2675834798005e-192
1338                     1.2567761283668e-192
1340                     6.9655042508957e-193
1342                     3.8605323870122e-193
1344                     2.1396455696471e-193
1346                     1.1858683478501e-193
1348                     6.5725078880066e-194
1350                     3.6427197011773e-194
1352                     2.0189259636114e-194
1354                     1.1189612105402e-194
1356                     6.2016845255626e-195
1358                     3.4371960879332e-195
1360                     1.9050174026258e-195
1362                     1.0558289988216e-195
1364                     5.8517831554077e-196
1366                     3.2432681936097e-196
1368                     1.7975356051771e-196
1370                     9.9625873007649e-197
1372                     5.5216233513843e-197
1374                     3.0602817836379e-197
1376                     1.6961179709741e-197
1378                     9.4004943820324e-198
1380                     5.2100912872012e-198
1382                     2.8876195354991e-198
1384                     1.6004223577157e-198
1386                     8.87011495657e-199
1388                     4.9161359789387e-199
1390                     2.7246989561816e-199
1392                     1.5101259268686e-199
1394                     8.3696597373614e-200
1396                     4.6387657395158e-200
1398                     2.5709704171168e-200
1400                     1.4249240545557e-200
1402                     7.897440389558e-201
1404                     4.3770448331752e-201
1406                     2.4259152999676e-201
1408                     1.3445293038834e-201
1410                     7.4518638347527e-202
1412                     4.1300903186932e-202
1414                     2.2890442470249e-202
1416                     1.2686704552492e-202
1418                     7.0314268765816e-203
1420                     3.897069070706e-203
1422                     2.1598955103171e-203
1424                     1.197091591359e-203
1426                     6.6347111295758e-204
1428                     3.6771949690948e-204
1430                     2.038033393867e-204
1432                     1.1295512338684e-204
1434                     6.2603782340996e-205
1436                     3.4697262469239e-205
1438                     1.9230467838211e-205
1440                     1.0658215287283e-205
1442                     5.9071653412571e-206
1444                     3.2739629880237e-206
1446                     1.8145477615272e-206
1448                     1.0056874775029e-206
1450                     5.5738808525751e-207
1452                     3.0892447657643e-207
1454                     1.7121702948482e-207
1456                     9.4894621204782e-208
1458                     5.2594004000035e-208
1460                     2.9149484150281e-208
1462                     1.6155690033162e-208
1464                     8.9540631011506e-209
1466                     4.9626630527577e-209
1468                     2.7504859299069e-209
1470                     1.5244179929585e-209
1472                     8.4488714957167e-210
1474                     4.6826677381699e-210
1476                     2.5953024800072e-210
1478                     1.438409756863e-210
1480                     7.9721829905274e-211
1482                     4.4184698644614e-211
1484                     2.448874538674e-211
1486                     1.3572541377729e-211
1488                     7.5223894299586e-212
1490                     4.169178134082e-212
1492                     2.3107081168225e-212
1494                     1.2806773492123e-212
1496                     7.0979733911214e-213
1498                     3.9339515368227e-213
1500                     2.1803370964206e-213
1502                     1.2084210518433e-213
1504                     6.6975030647108e-214
1506                     3.7119965125889e-214
1508                     2.0573216579886e-214
1510                     1.1402414819286e-214
1512                     6.3196274246302e-215
1514                     3.5025642742431e-215
1516                     1.9412467968278e-215
1518                     1.0759086289738e-215
1520                     5.963071670186e-216
1522                     3.304948281499e-216
1524                     1.8317209229592e-216
1526                     1.0152054597612e-216
1528                     5.6266329254123e-217
1530                     3.1184818573354e-217
1532                     1.7283745400572e-217
1534                     9.5792718616972e-218
1536                     5.3091761810635e-218
1538                     2.9425359389036e-218
1540                     1.63085899892e-218
1542                     9.0388057430132e-219
1544                     5.0096304655409e-219
1546                     2.7765169553158e-219
1548                     1.5388453212634e-219
1550                     8.528832925874e-220
1552                     4.7269852318721e-220
1554                     2.6198648251806e-220
1556                     1.4520230898839e-220
1558                     8.0476329667537e-221
1560                     4.4602869485204e-221
1562                     2.4720510671061e-221
1564                     1.3700994014318e-221
1566                     7.5935824901922e-222
1568                     4.2086358825578e-222
1570                     2.3325770168208e-222
1572                     1.2927978782748e-222
1574                     7.1651497121836e-223
1576                     3.9711830643262e-223
1578                     2.200972144878e-223
1580                     1.2198577361105e-223
1582                     6.7608892725528e-224
1584                     3.7471274233576e-224
1586                     2.076792469281e-224
1588                     1.1510329041867e-224
1590                     6.3794373588986e-225
1592                     3.535713085882e-225
1594                     1.9596190576663e-225
1596                     1.0860911951552e-225
1598                     6.0195071056286e-226
1600                     3.3362268248176e-226
1602                     1.8490566139934e-226
1604                     1.024813521768e-226
1606                     5.6798842526066e-227
1608                     3.1479956536298e-227
1610                     1.7447321449804e-227
1612                     9.6699315776511e-228
1614                     5.3594230487293e-228
1616                     2.9703845559484e-228
1618                     1.6462937017699e-228
1620                     9.1243504046273e-229
1622                     5.0570423866184e-229
1624                     2.8027943432772e-229
1626                     1.553409192601e-229
1628                     8.6095511269301e-230
1630                     4.771722155421e-230
1632                     2.6446596335879e-230
1634                     1.4657652624724e-230
1636                     8.123797018732e-231
1638                     4.5024997993828e-231
1640                     2.4954469439524e-231
1642                     1.3830662360094e-231
1644                     7.6654493410639e-232
1646                     4.248467070598e-232
1648                     2.3546528908119e-232
1650                     1.3050331199934e-232
1652                     7.2329618134717e-233
1654                     4.0087669649999e-233
1656                     2.2218024917895e-233
1658                     1.231402662165e-233
1660                     6.824875397576e-234
1662                     3.782590831232e-234
1664                     2.0964475633279e-234
1666                     1.1619264631411e-234
1668                     6.4398133750353e-235
1670                     3.5691756426922e-235
1672                     1.9781652087715e-235
1674                     1.096370138462e-235
1676                     6.0764767033272e-236
1678                     3.3678014235648e-236
1680                     1.8665563917906e-236
1682                     1.0345125279384e-236
1684                     5.7336396337196e-237
1686                     3.1777888201666e-237
1688                     1.7612445903494e-237
1690                     9.761449496448e-238
1692                     5.4101455767091e-238
1694                     2.9984968094758e-238
1696                     1.6618745267293e-238
1698                     9.2107049607145e-239
1700                     5.1049032011663e-239
1702                     2.829320537211e-239
1704                     1.568110969354e-239
1706                     8.691033700816e-240
1708                     4.8168827541423e-240
1710                     2.6696892782482e-240
1712                     1.4796376024516e-240
1714                     8.2006825848289e-241
1716                     4.5451125892657e-241
1718                     2.5190645127156e-241
1720                     1.3961559598702e-241
1722                     7.7379974117892e-242
1724                     4.2886758924866e-242
1726                     2.3769381115491e-242
1728                     1.3173844196178e-242
1730                     7.3014173401406e-243
1732                     4.0467075947838e-243
1734                     2.2428306258297e-243
1736                     1.2430572560146e-243
1738                     6.8894696360827e-244
1740                     3.8183914625614e-244
1742                     2.1162896748268e-244
1744                     1.1729237466986e-244
1746                     6.500764726838e-245
1748                     3.6029573575913e-245
1750                     1.9968884283708e-245
1752                     1.1067473321367e-245
1754                     6.133991546337e-246
1756                     3.3996786599228e-246
1758                     1.8842241800974e-246
1760                     1.0443048258406e-246
1762                     5.7879131640743e-247
1764                     3.2078698490782e-247
1766                     1.777917009272e-247
1768                     9.8538567421926e-248
1770                     5.4613626924675e-248
1772                     3.0268842417323e-248
1774                     1.6776085306706e-248
1776                     9.2979126606006e-249
1778                     5.1532394744218e-249
1780                     2.8561118879284e-249
1782                     1.582960734361e-249
1784                     8.7733429311768e-250
1786                     4.8625055622287e-250
1788                     2.694977633818e-250
1790                     1.493654920948e-250
1792                     8.278381655968e-251
1794                     4.5881825131264e-251
1796                     2.5429393676984e-251
1798                     1.4093907432961e-251
1800                     7.8113648971403e-252
1802                     4.329348548164e-252
1804                     2.3994864794777e-252
1806                     1.3298853741058e-252
1808                     7.3707261976254e-253
1810                     4.0851361537584e-253
1812                     2.2641385841632e-253
1814                     1.2548728315437e-253
1816                     6.9549930511728e-254
1818                     3.8547302555266e-254
1820                     2.1364445914276e-254
1822                     1.1841035147946e-254
1824                     6.5627846495849e-255
1826                     3.6373671712803e-255
1828                     2.0159822517448e-255
1830                     1.117344031813e-255
1832                     6.1928114254443e-256
1834                     3.4323346695768e-256
1836                     1.902358384539e-256
1838                     1.0543774485282e-256
1840                     5.8438772033429e-257
1842                     3.2389736450782e-257
1844                     1.7952101097766e-257
1846                     9.9500416155928e-258
1848                     5.5148852295797e-258
1850                     3.0566822088042e-258
1852                     1.6942075845056e-258
1854                     9.3904370955654e-259
1856                     5.2048500603507e-259
1858                     2.8849234374639e-259
1860                     1.599059026181e-259
1862                     8.8633801451368e-260
1864                     4.9129183965158e-260
1866                     2.7232387229697e-260
1868                     1.5095192431128e-260
1870                     8.3675682041349e-261
1872                     4.638403691446e-261
1874                     2.5712697587399e-261
1876                     1.4254035831741e-261
1878                     7.9020653246379e-262
1880                     4.3808421109894e-262
1882                     2.4287939390467e-262
1884                     1.3466103124188e-262
1886                     7.4664435712771e-263
1888                     4.1400818435471e-263
1890                     2.2957807531179e-263
1892                     1.2731562189549e-263
1894                     7.0610077902917e-264
1896                     3.916425004353e-264
1898                     2.1724813871464e-264
1900                     1.2052332039076e-264
1902                     6.6871531522207e-265
1904                     3.7108536342622e-265
1906                     2.0595716562627e-265
1908                     1.1432987395857e-265
1910                     6.3479380986298e-266
1912                     3.5253929324508e-266
1914                     1.9583825304606e-266
1916                     1.088222350942e-266
1918                     6.0490163977375e-267
1920                     3.3637052340364e-267
1922                     1.8712793140846e-267
1924                     1.0415281359404e-267
1926                     5.8001915592062e-268
1928                     3.2320886109268e-268
1930                     1.80230480454e-268
1932                     1.0058101438671e-268
1934                     5.6181075615725e-269
1936                     3.1412255033831e-269
1938                     1.7583196280553e-269
1940                     9.8547878213636e-270
1942                     5.53115372464e-270
1944                     3.1094193049444e-270
1946                     1.7511473382895e-270
1948                     9.8818904291344e-271
1950                     5.5890194587449e-271
1952                     3.1690181324343e-271
1954                     1.8019153054806e-271
1956                     1.0277893239118e-271
1958                     5.8828341012702e-272
1960                     3.3802458102487e-272
1962                     1.9506065666773e-272
1964                     1.1309558679179e-272
1966                     6.5915166521528e-273
1968                     3.863775117783e-273
1970                     2.2790897351285e-273
1972                     1.3535756681339e-273
1974                     8.0990525689211e-274
1976                     4.8852199611301e-274
1978                     2.9723923027273e-274
1980                     1.8254817913295e-274
1982                     1.132337209363e-274
1984                     7.098643143389e-275
1986                     4.5003261606468e-275
1988                     2.8869513899761e-275
1990                     1.8750217037573e-275
1992                     1.2335958963203e-275
1994                     8.2252554081965e-276
1996                     5.5606525581388e-276
1998                     3.8130372314822e-276
2000                     8.9795015135814e-273
2002                     1.6277049223034e-272
2004                     1.4295004378487e-272
2006                     1.2237744458657e-272
2008                     1.0260092992741e-272
2010                     8.45484279727e-273
2012                     6.8675903030154e-273
2014                     5.5111332799309e-273
2016                     4.3774416747888e-273
2018                     3.4466947904127e-273
2020                     2.6936092392901e-273
2022                     2.0915660353871e-273
2024                     1.615091256235e-273
2026                     1.2411815973892e-273
2028                     9.4986587080709e-274
2030                     7.2429231214263e-274
2032                     5.5054492076456e-274
2034                     4.1732432299626e-274
2036                     3.1557888159681e-274
2038                     2.3813695279144e-274
2040                     1.7936787182976e-274
2042                     1.3488430916744e-274
2044                     1.0128954923537e-274
2046                     7.5968080282031e-275
2048                     5.6915256886552e-275
2050                     4.2600739306399e-275
2052                     3.1860275742537e-275
2054                     2.3810752457528e-275
2056                     1.7784027962818e-275
2058                     1.3275732899359e-275
2060                     9.9058677591137e-276
2062                     7.3886209985645e-276
2064                     5.5093417556715e-276
2066                     4.1070310603192e-276
2068                     3.061068125811e-276
2070                     2.2811728740166e-276
2072                     1.6998323806541e-276
2074                     1.2665973460465e-276
2076                     9.4379400562267e-277
2078                     7.0330489229596e-277
2080                     5.2415509081889e-277
2082                     3.9070444381379e-277
2084                     2.9129489986318e-277
2086                     2.172392695488e-277
2088                     1.6206577640769e-277
2090                     1.2095406259794e-277
2092                     9.0314364572873e-278
2094                     6.7473667831663e-278
2096                     5.0441743754342e-278
2098                     3.773679950404e-278
2100                     2.8255591923729e-278
2102                     2.1176691163249e-278
2104                     1.5888449165399e-278
2106                     1.1935373295277e-278
2108                     8.9782078920448e-279
2110                     6.7642228391224e-279
2112                     5.1051008197055e-279
2114                     3.8604805335034e-279
2116                     2.9257092895657e-279
2118                     2.2227280654074e-279
2120                     1.6932874777104e-279
2122                     1.2938981509898e-279
2124                     9.9207161543068e-280
2126                     7.6352147937942e-280
2128                     5.9007917087562e-280
2130                     4.5814145282317e-280
2132                     3.5751372061082e-280
2134                     2.8054790958697e-280
2136                     2.2149974047656e-280
2138                     1.7604929703769e-280
2140                     1.4094326124395e-280
2142                     1.1372779142044e-280
2144                     9.2548958638922e-281
2146                     7.600355596466e-281
2148                     6.3027484238269e-281
2150                     5.2812184005891e-281
2152                     4.4742013823063e-281
2154                     3.8347284518496e-281
2156                     3.3269006328362e-281
2158                     2.9232409527412e-281
2160                     2.6027047406517e-281
2162                     2.3491848767716e-281
2164                     2.1503904397145e-281
2166                     1.9970084704652e-281
2168                     1.8820821188217e-281
2170                     1.8005563155101e-281
2172                     1.7489558867935e-281
2174                     1.7251719160828e-281
2176                     1.7283411418543e-281
2178                     1.7588111081996e-281
2180                     1.8181914511543e-281
2182                     1.9094999567868e-281
2184                     2.0374218770511e-281
2186                     2.2087137696658e-281
2188                     2.4328007216313e-281
2190                     2.722641001911e-281
2192                     3.0959691862371e-281
2194                     3.5770841296793e-281
2196                     4.1994320568136e-281
2198                     5.0093637068281e-281
2200                     6.0716438738231e-281
2202                     7.4776038014352e-281
2204                     9.3573202571442e-281
2206                     1.1897992670592e-280
2208                     1.5371959413607e-280
2210                     2.0179861921189e-280
2212                     2.6917866786586e-280
2214                     3.6483509720676e-280
2216                     5.0244221752735e-280
2218                     7.0308719561817e-280
2220                     9.9969106859279e-280
2222                     1.4442952959052e-279
2224                     2.1202142277433e-279
2226                     3.1625474939058e-279
2228                     4.7932262882205e-279
2230                     7.3816317129091e-279
2232                     1.1550755182682e-278
2234                     1.8365465880732e-278
2236                     2.9670651674099e-278
2238                     4.8706372448338e-278
2240                     8.1241521929675e-278
2242                     1.3769046947821e-277
2244                     2.3711731890933e-277
2246                     4.1491222936579e-277
2248                     7.3770505684834e-277
2250                     1.3327320754681e-276
2252                     2.44645090502e-276
2254                     4.5631392745304e-276
2256                     8.6481757884348e-276
2258                     1.6654011419613e-275
2260                     3.2587179462966e-275
2262                     6.4790040509464e-275
2264                     1.3088904395345e-274
2266                     2.6867787481382e-274
2268                     5.603947762107e-274
2270                     1.187653675297e-273
2272                     2.5575204833598e-273
2274                     5.5960551932976e-273
2276                     1.2441662685011e-272
2278                     2.810660699001e-272
2280                     6.4516676079804e-272
2282                     1.5047664942047e-271
2284                     3.5661516334538e-271
2286                     8.5874468770361e-271
2288                     2.1011733621093e-270
2290                     5.2238809874546e-270
2292                     1.3196483733775e-269
2294                     3.3873240400475e-269
2296                     8.8346393805524e-269
2298                     2.3412860322304e-268
2300                     6.3045440932116e-268
2302                     1.7249895309193e-267
2304                     4.7957088141644e-267
2306                     1.3547298893144e-266
2308                     3.8885365426481e-266
2310                     1.1341048857474e-265
2312                     3.3608863209546e-265
2314                     1.0120174235851e-264
2316                     3.0963904632239e-264
2318                     9.6262473661725e-264
2320                     3.0408281629116e-263
2322                     9.7602356887762e-263
2324                     3.1831880530886e-262
2326                     1.0548673544366e-261
2328                     3.5519510584028e-261
2330                     1.2152612745106e-260
2332                     4.2247976179931e-260
2334                     1.4923673027588e-259
2336                     5.3564752893373e-259
2338                     1.9535118552783e-258
2340                     7.2391330962692e-258
2342                     2.7257789711779e-257
2344                     1.042865443446e-256
2346                     4.0541469073545e-256
2348                     1.6014163263667e-255
2350                     6.4275074195455e-255
2352                     2.6212864731032e-254
2354                     1.0862253925316e-253
2356                     4.5736084390835e-253
2358                     1.9567330253087e-252
2360                     8.5062420047303e-252
2362                     3.7573137220412e-251
2364                     1.6863617684291e-250
2366                     7.6905535721684e-250
2368                     3.5636744285274e-249
2370                     1.677922912885e-248
2372                     8.0274859358793e-248
2374                     3.9023001176903e-247
2376                     1.9275042556366e-246
2378                     9.6739444456305e-246
2380                     4.9333894121215e-245
2382                     2.5563526849834e-244
2384                     1.3459524236941e-243
2386                     7.2006584579364e-243
2388                     3.9142474732948e-242
2390                     2.162011067363e-241
2392                     1.2133919533049e-240
2394                     6.9195503409711e-240
2396                     4.0094813788384e-239
2398                     2.3606526732935e-238
2400                     1.4122433900279e-237
2402                     8.5846100615172e-237
2404                     5.3023105492991e-236
2406                     3.3276934531607e-235
2408                     2.1220471498997e-234
2410                     1.3749924427238e-233
2412                     9.0527214614838e-233
2414                     6.0560795286314e-232
2416                     4.1165893514694e-231
2418                     2.8432633555419e-230
2420                     1.9954010399649e-229
2422                     1.4229081455861e-228
2424                     1.0309962882549e-227
2426                     7.5905090583074e-227
2428                     5.6782991520677e-226
2430                     4.3161765396166e-225
2432                     3.3336015981183e-224
2434                     2.6161446702429e-223
2436                     2.0861396715052e-222
2438                     1.6902796877444e-221
2440                     1.3915772751242e-220
2442                     1.1640982820459e-219
2444                     9.8947661243572e-219
2446                     8.5458444518127e-218
2448                     7.4995982443719e-217
2450                     6.6873580832159e-216
2452                     6.0590526112712e-215
2454                     5.5781274551655e-214
2456                     5.2180196223658e-213
2458                     4.9597130144265e-212
2460                     4.7900599839964e-211
2462                     4.7006608833794e-210
2464                     4.6871673044053e-209
2466                     4.7489276672841e-208
2468                     4.8889344999626e-207
2470                     5.1140674038062e-206
2472                     5.4356594718333e-205
2474                     5.8704527979401e-204
2476                     6.4420564199784e-203
2478                     7.1830851163428e-202
2480                     8.1382507357985e-201
2482                     9.3688154577978e-200
2484                     1.0959023742041e-198
2486                     1.3025446396814e-197
2488                     1.5730659445535e-196
2490                     1.9303444312848e-195
2492                     2.4068900411086e-194
2494                     3.0493779651727e-193
2496                     3.9255438272096e-192
2498                     5.1347815027444e-191
2500                     6.8246073660034e-190
2502                     9.2165193232613e-189
2504                     1.2647065571758e-187
2506                     1.7633810422795e-186
2508                     2.4982513432239e-185
2510                     3.5963309999831e-184
2512                     5.2603755257745e-183
2514                     7.8182113280512e-182
2516                     1.1806784243906e-180
2518                     1.8117130544186e-179
2520                     2.8247548644295e-178
2522                     4.4751302656838e-177
2524                     7.2038417341648e-176
2526                     1.1783008994249e-174
2528                     1.9583117076321e-173
2530                     3.307051791016e-172
2532                     5.674580186042e-171
2534                     9.8937297459381e-170
2536                     1.7527497501606e-168
2538                     3.1551016047052e-167
2540                     5.7708574957444e-166
2542                     1.0725089265299e-164
2544                     2.0253265031825e-163
2546                     3.886178467643e-162
2548                     7.5767682074183e-161
2550                     7.5060765825547e-160
2552                     4.1755322868115e-162
2554                     7.8706761891734e-161
2556                     1.4852322719421e-159
2558                     2.8058137688762e-158
2560                     5.306466658277e-157
2562                     1.0046948367857e-155
2564                     1.9043423859605e-154
2566                     3.6135829644864e-153
2568                     6.8645671761877e-152
2570                     1.3054805970306e-150
2572                     2.4854773875074e-149
2574                     4.7373049728825e-148
2576                     9.03930425939e-147
2578                     1.7267155431524e-145
2580                     3.3020886221276e-144
2582                     6.3217713515626e-143
2584                     1.2116326734154e-141
2586                     2.3247984168712e-140
2588                     4.4656199474612e-139
2590                     8.5873734466232e-138
2592                     1.6531835435082e-136
2594                     3.1861332142658e-135
2596                     6.1473638563421e-134
2598                     1.1873972576662e-132
2600                     2.2960709118193e-131
2602                     4.4448456523074e-130
2604                     8.61410587836e-129
2606                     1.671267081977e-127
2608                     3.2461130886999e-126
2610                     6.3119502220613e-125
2612                     1.2286993189715e-123
2614                     2.394472219472e-122
2616                     4.6714975004452e-121
2618                     9.1239851915974e-120
2620                     1.7840012549175e-118
2622                     3.4921096531192e-117
2624                     6.8432549738583e-116
2626                     1.3425167229145e-114
2628                     2.6366884661046e-113
2630                     5.1841799438901e-112
2632                     1.0204305415307e-110
2634                     2.0108003977843e-109
2636                     3.9667662473228e-108
2638                     7.8340508981098e-107
2640                     1.5488818880319e-105
2642                     3.0657190088561e-104
2644                     6.0747516118535e-103
2646                     1.2050549084593e-101
2648                     2.3931354494381e-100
2650                     4.7578402592435e-99
2652                     9.4696639302129e-98
2654                     1.8868675218113e-96
2656                     3.7638333371707e-95
2658                     7.5162547775955e-94
2660                     1.5026392685575e-92
2662                     3.007392471109e-91
2664                     6.0257015166791e-90
2666                     1.2086686421813e-88
2668                     2.4271075853415e-87
2670                     4.8792484527476e-86
2672                     9.8197169930628e-85
2674                     1.9784594010325e-83
2676                     3.9905930963678e-82
2678                     8.0580486281883e-81
2680                     1.6289376216166e-79
2682                     3.2965613047687e-78
2684                     6.678823893234e-77
2686                     1.354630846166e-75
2688                     2.7505786142035e-74
2690                     5.5912549575179e-73
2692                     1.1378281219396e-71
2694                     2.3180679550273e-70
2696                     4.7277858463104e-69
2698                     9.6532057267341e-68
2700                     1.9731834330329e-66
2702                     4.0378063983697e-65
2704                     8.271907250395e-64
2706                     1.6964769114111e-62
2708                     3.4831516515735e-61
2710                     7.1594382288027e-60
2712                     1.4732201224228e-58
2714                     3.0348586669218e-57
2716                     6.2588051660806e-56
2718                     1.2921904491823e-54
2720                     2.6708146762583e-53
2722                     5.5264101582779e-52
2724                     1.1447867843312e-50
2726                     2.3740410987495e-49
2728                     4.9287182430188e-48
2730                     1.0243818698285e-46
2732                     2.1314340917584e-45
2734                     4.439806731129e-44
2736                     9.2584514922698e-43
2738                     1.9328349881889e-41
2740                     1.3516718200785e-36
2741.9548839583          5.6217123245796e-35
2743.8115212149          9.93864291859e-34
2745.5748493593          1.5221281307424e-32
2747.2495578322          2.0339418489276e-31
2748.8401003969          2.387450423207e-30
2750.3507069837          2.4776451437914e-29
2751.7853949391          2.2872584076045e-28
2753.1479797095          1.8892696033761e-27
2754.4420849884          1.4040464824722e-26
2755.671152353           9.4376805461086e-26
2756.8384504171          5.7665968862406e-25
2757.9470835235          3.2181860147467e-24
2759                     1.6477991152998e-23
2760                     3.8877659160727e-23
2761                     5.211896442648e-26
2762                     2.3027111835102e-25
2763                     9.906311351665e-25
2764                     4.1496673915676e-24
2765                     1.6925574304714e-23
2766                     6.7220594724661e-23
2767                     2.5995016559072e-22
2768                     9.7882861604937e-22
2769                     3.5888229015748e-21
2770                     1.2812273738748e-20
2771                     4.4537845192095e-20
2772                     1.5075127882718e-19
2773                     4.9684579625583e-19
2774                     1.620803989997e-18
2775                     6.3154748033921e-18
2776                     2.5334220252111e-17
2777                     1.0034522800717e-16
2778                     3.8835563629321e-16
2779                     1.4647970850731e-15
2780                     5.3809009786962e-15
2781                     1.9248122676233e-14
2782                     6.7043704521473e-14
2783                     2.273832866667e-13
2784                     7.5091105054037e-13
2785                     2.4146124946392e-12
2786                     7.560234353968e-12
2787                     2.3048990080629e-11
2788                     6.84222514491e-11
2789                     1.977751093221e-10
2790                     5.5664039246995e-10
2791                     1.5254803343671e-09
2792                     4.0706833449832e-09
2793                     1.0576862011682e-08
2794                     2.6759325848276e-08
2795                     6.5920775695249e-08
2796                     1.5812417131863e-07
2797                     3.6932017268583e-07
2798                     8.3991747168084e-07
2799                     1.8599404002011e-06
2800                     4.0104239724147e-06
2801                     8.4199679321494e-06
2802                     1.7213118842297e-05
2803                     3.4263983996744e-05
2804                     6.6411863887232e-05
2805                     0.00012533826617417
2806                     0.00023033141163271
2807                     0.00041215105853213
2808                     0.00071812070282129
2809                     0.0012183808954539
2810                     0.0020129111167341
2811                     0.003238471551975
2812                     0.0050740844491503
2813                     0.0077431900380348
2814                     0.011510363664708
2815                     0.016670690255569
2816                     0.023530737242689
2817                     0.032381577471921
2818                     0.043466277790865
2819                     0.056946211783102
2820                     0.072871838707769
2821                     0.091163639151887
2822                     0.11160746473979
2823                     0.13386590047418
2824                     0.15750407270312
2825                     0.1820255823571
2826                     0.20691265829926
2827                     0.23166452476448
2828                     0.25582917134465
2829                     0.27902566397393
2830                     0.30095620785086
2831                     0.32140886870998
2832                     0.34025292321106
2833                     0.35742922546436
2834                     0.37293788398216
2835                     0.38682514051404
2836                     0.39917081469751
2837                     0.41007716070772
2838                     0.41965955034931
2839                     0.42803907960843
2840                     0.43533698940764
2841                     0.4416706768469
2842                     0.44715102614372
2843                     0.45188078583255
2844                     0.45595374199606
2845                     0.45945447294026
2846                     0.46245850993739
2847                     0.46503276618597
2848                     0.46723612927341
2849                     0.46912014014082
2850                     0.47072970380959
2851                     0.47210379443334
2852                     0.47327613031523
2853                     0.47427580415478
2854                     0.47512786068563
2855                     0.4758538186676
2856                     0.47647213742342
2857                     0.47699863018152
2858                     0.47744682772449
2859                     0.47782829649596
2860                     0.47815291557108
2861                     0.4784291168825
2862                     0.47866409291212
2863                     0.4788639757782
2864                     0.47903399131494
2865                     0.47917859139057
2866                     0.47930156735999
2867                     0.47940614721432
2868                     0.47949507867802
2869                     0.47957070021992
2870                     0.47963500168824
2871                     0.47968967605121
2872                     0.47973616352302
2873                     0.47977568917788
2874                     0.47980929500008
2875                     0.47983786718384
2876                     0.47986215938017
2877                     0.47988281248747
2878                     0.47990037149644
2879                     0.47991529982489
2880                     0.47992799151496
2881                     0.47993878160984
2882                     0.47994795498107
2883                     0.47995575383686
2884                     0.47996238410804
2885                     0.4799680208792
2886                     0.47997281300731
2887                     0.4799768870493
2888                     0.47998035060192
2889                     0.47998329514156
2890                     0.47998579843896
2891                     0.47998792661232
2892                     0.479989735873
2893                     0.4799912740097
2894                     0.47999258165038
2895                     0.47999369333516
2896                     0.47999463842844
2897                     0.47999544189446
2898                     0.47999612495656
2899                     0.47999670565777
2900                     0.47999719933735
2901                     0.47999761903594
2902                     0.47999797583997
2903                     0.47999827917457
2904                     0.47999853705243
2905                     0.47999875628555
2906                     0.47999894266506
2907                     0.47999910111431
2908                     0.47999923581882
2909                     0.47999935033691
2910                     0.47999944769364
2911                     0.47999953046077
2912                     0.47999960082465
2913                     0.479999660644
2914                     0.47999971149898
2915                     0.47999975473297
2916                     0.47999979148804
2917                     0.47999982273509
2918                     0.47999984929954
2919                     0.47999987188311
2920                     0.47999989108237
2921                     0.47999990740448
2922                     0.4799999212806
2923                     0.47999993307728
2924                     0.47999994310615
2925                     0.47999995163211
2926                     0.4799999588804
2927                     0.47999996504247
2928                     0.47999997028112
2929                     0.47999997473471
2930                     0.4799999785209
2931                     0.4799999817397
2932                     0.47999998447614
2933                     0.4799999868025
2934                     0.47999998878024
2935                     0.4799999904616
2936                     0.479999991891
2937                     0.47999999310619
2938                     0.47999999413928
2939                     0.47999999501755
2940                     0.47999999576421
2941                     0.47999999639897
2942                     0.47999999693861
2943                     0.47999999739738
2944                     0.4799999977874
2945                     0.47999999811898
2946                     0.47999999840086
2947                     0.47999999864051
2948                     0.47999999884424
2949                     0.47999999901744
2950                     0.47999999916468
2951                     0.47999999928986
2952                     0.47999999939628
2953                     0.47999999948675
2954                     0.47999999956367
2955                     0.47999999962906
2956                     0.47999999968465
2957                     0.4799999997319
2958                     0.47999999977208
2959                     0.47999999980623
2960                     0.47999999983527
2961                     0.47999999985995
2962                     0.47999999988094
2963                     0.47999999989878
2964                     0.47999999991394
2965                     0.47999999992684
2966                     0.4799999999378
2967                     0.47999999994712
2968                     0.47999999995504
2969                     0.47999999996178
2970                     0.47999999996751
2971                     0.47999999997238
2972                     0.47999999997652
2973                     0.47999999998003
2974                     0.47999999998303
2975                     0.47999999998557
2976                     0.47999999998773
2977                     0.47999999998957
2978                     0.47999999999113
2979                     0.47999999999246
2980                     0.47999999999359
2981                     0.47999999999455
2982                     0.47999999999537
2983                     0.47999999999606
2984                     0.47999999999665
2985                     0.47999999999715
2986                     0.47999999999758
2987                     0.47999999999795
2988                     0.47999999999826
2989                     0.47999999999852
2990                     0.47999999999874
2991                     0.47999999999894
2992                     0.4799999999991
2993                     0.47999999999924
2994                     0.47999999999936
2995                     0.47999999999946
2996                     0.47999999999955
2997                     0.47999999999962
2998                     0.47999999999968
2999                     0.47999999999973
3000                     0.47999999999978
3001                     0.47999999999981
3002                     0.47999999999985
3003                     0.47999999999987
3004                     0.47999999999989
3005                     0.47999999999991
3006                     0.47999999999992
3007                     0.47999999999993
3008                     0.47999999999995
3009                     0.47999999999995
3010                     0.47999999999996
3011                     0.47999999999997
3012                     0.47999999999997
3013                     0.47999999999998
3014                     0.47999999999998
3015                     0.47999999999999
3016                     0.47999999999999
3017                     0.47999999999999
3018                     0.47999999999999
3019                     0.48
3020                     0.48
3021                     0.48000000000001
3022                     0.48000000000001
3023                     0.48000000000001
3024                     0.48000000000001
3025                     0.48000000000001
3026                     0.48000000000001
3027                     0.48000000000001
3028                     0.48000000000001
3029                     0.48000000000001
3030                     0.48000000000001
3031                     0.48000000000001
3032                     0.48000000000001
3033                     0.48000000000001
3034                     0.48000000000001
3035                     0.48000000000001
3036                     0.48000000000001
3037                     0.48000000000001
3038                     0.48000000000001
3039                     0.48000000000001
3040                     0.48000000000001
3041                     0.48
3042                     0.48
3043                     0.48
3044                     0.48
3045                     0.48
3046                     0.47999999999999
3047                     0.47999999999999
3048                     0.47999999999999
3049                     0.47999999999999
3050                     0.47999999999999
3051                     0.47999999999999
3052                     0.47999999999998
3053                     0.47999999999998
3054                     0.47999999999998
3055                     0.47999999999997
3056                     0.47999999999997
3057                     0.47999999999997
3058                     0.47999999999997
3059                     0.47999999999996
3060                     0.47999999999996
3061                     0.47999999999996
3062                     0.47999999999996
3063                     0.47999999999996
3064                     0.47999999999997
3065                     0.47999999999997
3066                     0.47999999999997
3067                     0.47999999999997
3068                     0.47999999999997
3069                     0.47999999999997
3070                     0.47999999999997
3071                     0.47999999999997
3072                     0.47999999999998
3073                     0.47999999999998
3074                     0.47999999999998
3075                     0.47999999999998
3076                     0.47999999999999
3077                     0.47999999999999
3078                     0.47999999999999
3079                     0.47999999999999
3080                     0.47999999999999
3081                     0.47999999999999
3082                     0.47999999999999
3083                     0.47999999999999
3084                     0.47999999999999
3085                     0.47999999999998
3086                     0.47999999999998
3087                     0.47999999999999
3088                     0.47999999999999
3089                     0.47999999999999
3090                     0.47999999999999
3091                     0.47999999999999
3092                     0.47999999999999
3093                     0.47999999999999
3094                     0.47999999999999
3095                     0.47999999999999
3096                     0.47999999999999
3097                     0.48
3098                     0.48
3099                     0.48
3100                     0.48
3101                     0.47999999999999
3102                     0.47999999999999
3103                     0.47999999999999
3104                     0.47999999999999
3105                     0.47999999999999
3106                     0.47999999999999
3107                     0.47999999999999
3108                     0.47999999999999
3109                     0.47999999999999
3110                     0.48
3111                     0.48
3112                     0.48
3113                     0.48
3114                     0.48
3115                     0.48
3116                     0.48
3117                     0.48000000000001
3118                     0.48
3119                     0.48
3120                     0.48
3121                     0.47999999999999
3122                     0.47999999999999
3123                     0.47999999999998
3124                     0.47999999999998
3125                     0.47999999999997
3126                     0.47999999999997
3127                     0.47999999999997
3128                     0.47999999999997
3129                     0.47999999999996
3130                     0.47999999999996
3131                     0.47999999999996
3132                     0.47999999999996
3133                     0.47999999999995
3134                     0.47999999999995
3135                     0.47999999999995
3136                     0.47999999999996
3137                     0.47999999999996
3138                     0.47999999999996
3139                     0.47999999999997
3140                     0.47999999999997
3141                     0.47999999999997
3142                     0.47999999999997
3143                     0.47999999999998
3144                     0.47999999999998
3145                     0.47999999999998
3146                     0.47999999999998
3147                     0.47999999999999
3148                     0.47999999999999
3149                     0.47999999999999
3150                     0.47999999999999
3151                     0.47999999999999
3152                     0.47999999999999
3153                     0.47999999999999
3154                     0.47999999999999
3155                     0.47999999999999
3156                     0.48
3157                     0.48
3158                     0.48
3159                     0.48
3160                     0.47999999999999
3161                     0.47999999999999
3162                     0.47999999999999
3163                     0.47999999999999
3164                     0.47999999999998
3165                     0.47999999999998
3166                     0.47999999999998
3167                     0.47999999999998
3168                     0.47999999999998
3169                     0.47999999999998
3170                     0.47999999999998
3171                     0.47999999999998
3172                     0.47999999999998
3173                     0.47999999999999
3174                     0.47999999999999
3175                     0.47999999999998
3176                     0.47999999999998
3177                     0.47999999999998
3178                     0.47999999999998
3179                     0.47999999999998
3180                     0.47999999999998
3181                     0.47999999999998
3182                     0.47999999999998
3183                     0.47999999999998
3184                     0.47999999999998
3185                     0.47999999999998
3186                     0.47999999999998
3187                     0.47999999999998
3188                     0.47999999999998
3189                     0.47999999999998
3190                     0.47999999999998
3191                     0.47999999999998
3192                     0.47999999999997
3193                     0.47999999999997
3194                     0.47999999999997
3195                     0.47999999999997
3196                     0.47999999999997
3197                     0.47999999999997
3198                     0.47999999999997
3199                     0.47999999999997
3200                     0.47999999999997
3201                     0.47999999999998
3202                     0.47999999999998
3203                     0.47999999999999
3204                     0.47999999999999
3205                     0.47999999999999
3206                     0.47999999999999
3207                     0.47999999999999
3208                     0.48
3209                     0.48
3210                     0.48000000000001
3211                     0.48000000000001
3212                     0.48000000000001
3213                     0.48000000000001
3214                     0.48000000000001
3215                     0.48000000000001
3216                     0.48000000000001
3217                     0.48000000000001
3218                     0.48000000000001
3219                     0.48000000000001
3220                     0.48000000000001
3221                     0.48000000000001
3222                     0.48000000000001
3223                     0.48000000000001
3224                     0.48000000000001
3225                     0.48000000000001
3226                     0.48000000000002
3227                     0.48000000000002
3228                     0.48000000000002
3229                     0.48000000000002
3230                     0.48000000000002
3231                     0.48000000000002
3232                     0.48000000000002
3233                     0.48000000000003
3234                     0.48000000000003
3235                     0.48000000000003
3236                     0.48000000000002
3237                     0.48000000000002
3238                     0.48000000000002
3239                     0.48000000000002
3240                     0.48000000000001
3241                     0.48000000000001
3242                     0.48000000000001
3243                     0.48
3244                     0.48
3245                     0.47999999999999
3246                     0.47999999999999
3247                     0.47999999999999
3248                     0.47999999999999
3249                     0.47999999999999
3250                     0.47999999999999
3251                     0.48
3252                     0.48
3253                     0.48
3254                     0.48000000000001
3255                     0.48000000000001
3256                     0.48000000000001
3257                     0.48000000000001
3258                     0.48000000000001
3259                     0.48000000000001
3260                     0.48000000000001
3261                     0.48000000000001
3262                     0.48000000000001
3263                     0.48000000000001
3264                     0.48000000000001
3265                     0.48000000000001
3266                     0.48000000000001
3267                     0.48000000000001
3268                     0.48000000000001
3269                     0.48000000000001
3270                     0.48
3271                     0.48
3272                     0.47999999999999
3273                     0.47999999999999
3274                     0.47999999999999
3275                     0.47999999999999
3276                     0.47999999999999
3277                     0.48
3278                     0.48
3279                     0.48
3280                     0.48
3281                     0.48000000000001
3282                     0.48000000000001
3283                     0.48
3284                     0.48
3285                     0.48
3286                     0.47999999999999
3287                     0.47999999999999
3288                     0.47999999999999
3289                     0.48
3290                     0.48
3291                     0.48
3292                     0.48000000000001
3293                     0.48000000000001
3294                     0.48000000000001
3295                     0.48000000000001
3296                     0.48000000000001
3297                     0.48000000000001
3298                     0.48000000000001
3299                     0.48000000000001
3300                     0.48000000000001
3301                     0.48000000000001
3302                     0.48000000000001
3303                     0.48
3304                     0.48
3305                     0.47999999999999
3306                     0.47999999999999
3307                     0.47999999999999
3308                     0.47999999999999
3309                     0.47999999999999
3310                     0.47999999999999
3311                     0.47999999999999
3312                     0.47999999999999
3313                     0.47999999999999
3314                     0.47999999999999
3315                     0.47999999999999
3316                     0.47999999999999
3317                     0.47999999999999
3318                     0.48
3319                     0.48
3320                     0.48
3321                     0.48
3322                     0.48
3323                     0.48
3324                     0.48
3325                     0.48000000000001
3326                     0.48000000000001
3327                     0.48
3328                     0.48
3329                     0.48
3330                     0.48
3331                     0.48
3332                     0.47999999999999
3333                     0.47999999999999
3334                     0.47999999999999
3335                     0.47999999999999
3336                     0.47999999999998
3337                     0.47999999999998
3338                     0.47999999999998
3339                     0.47999999999999
3340                     0.47999999999999
3341                     0.47999999999999
3342                     0.47999999999999
3343                     0.47999999999999
3344                     0.48
3345                     0.48
3346                     0.48
3347                     0.48
3348                     0.48
3349                     0.48
3350                     0.48
3351                     0.48
3352                     0.48
3353                     0.48000000000001
3354                     0.48000000000001
3355                     0.48000000000001
3356                     0.48000000000001
3357                     0.48000000000001
3358                     0.48000000000001
3359                     0.48000000000001
3360                     0.48000000000001
3361                     0.48000000000001
3362                     0.48000000000001
3363                     0.48000000000002
3364                     0.48000000000002
3365                     0.48000000000001
3366                     0.48000000000001
3367                     0.48000000000001
3368                     0.48000000000001
3369                     0.48
3370                     0.47999999999999
3371                     0.47999999999999
3372                     0.47999999999999
3373                     0.47999999999999
3374                     0.47999999999998
3375                     0.47999999999998
3376                     0.47999999999998
3377                     0.47999999999998
3378                     0.47999999999997
3379                     0.47999999999997
3380                     0.47999999999997
3381                     0.47999999999997
3382                     0.47999999999997
3383                     0.47999999999996
3384                     0.47999999999996
3385                     0.47999999999996
3386                     0.47999999999996
3387                     0.47999999999996
3388                     0.47999999999996
3389                     0.47999999999996
3390                     0.47999999999996
3391                     0.47999999999996
3392                     0.47999999999996
3393                     0.47999999999996
3394                     0.47999999999996
3395                     0.47999999999996
3396                     0.47999999999996
3397                     0.47999999999997
3398                     0.47999999999997
3399                     0.47999999999997
3400                     0.47999999999997
3401                     0.47999999999997
3402                     0.47999999999997
3403                     0.47999999999997
3404                     0.47999999999998
3405                     0.47999999999998
3406                     0.47999999999999
3407                     0.47999999999999
3408                     0.47999999999999
3409                     0.47999999999999
3410                     0.47999999999999
3411                     0.47999999999998
3412                     0.47999999999998
3413                     0.47999999999998
3414                     0.47999999999998
3415                     0.47999999999999
3416                     0.47999999999999
3417                     0.47999999999999
3418                     0.47999999999999
3419                     0.48
3420                     0.48
3421                     0.48
3422                     0.48
3423                     0.48
3424                     0.48000000000001
3425                     0.48000000000001
3426                     0.48000000000001
3427                     0.48000000000001
3428                     0.48000000000001
3429                     0.48000000000001
3430                     0.48000000000001
3431                     0.48000000000001
3432                     0.48000000000001
3433                     0.48000000000001
3434                     0.48000000000002
3435                     0.48000000000002
3436                     0.48000000000003
3437                     0.48000000000003
3438                     0.48000000000003
3439                     0.48000000000003
3440                     0.48000000000003
3441                     0.48000000000003
3442                     0.48000000000003
3443                     0.48000000000003
3444                     0.48000000000003
3445                     0.48000000000003
3446                     0.48000000000003
3447                     0.48000000000003
3448                     0.48000000000003
3449                     0.48000000000003
3450                     0.48000000000003
3451                     0.48000000000002
3452                     0.48000000000002
3453                     0.48000000000002
3454                     0.48000000000002
3455                     0.48000000000002
3456                     0.48000000000002
3457                     0.48000000000002
3458                     0.48000000000002
3459                     0.48000000000002
3460                     0.48000000000002
3461                     0.48000000000002
3462                     0.48000000000002
3463                     0.48000000000001
3464                     0.48000000000001
3465                     0.48000000000001
3466                     0.48
3467                     0.48
3468                     0.47999999999999
3469                     0.47999999999999
3470                     0.47999999999999
3471                     0.47999999999999
3472                     0.47999999999999
3473                     0.48
3474                     0.48000000000001
3475                     0.48000000000001
3476                     0.48000000000001
3477                     0.48000000000002
3478                     0.48000000000002
3479                     0.48000000000003
3480                     0.48000000000003
3481                     0.48000000000003
3482                     0.48000000000004
3483                     0.48000000000004
3484                     0.48000000000004
3485                     0.48000000000005
3486                     0.48000000000005
3487                     0.48000000000005
3488                     0.48000000000005
3489                     0.48000000000005
3490                     0.48000000000005
3491                     0.48000000000004
3492                     0.48000000000004
3493                     0.48000000000004
3494                     0.48000000000003
3495                     0.48000000000003
3496                     0.48000000000003
3497                     0.48000000000002
3498                     0.48000000000002
3499                     0.48000000000002
3500                     0.48000000000002
3501                     0.48000000000002
3502                     0.48000000000002
3503                     0.48000000000002
3504                     0.48000000000001
3505                     0.48000000000001
3506                     0.48000000000001
3507                     0.48000000000001
3508                     0.48000000000001
3509                     0.48000000000001
3510                     0.48000000000001
3511                     0.48000000000001
3512                     0.48
3513                     0.48
3514                     0.47999999999999
3515                     0.47999999999999
3516                     0.47999999999999
3517                     0.47999999999999
3518                     0.47999999999999
3519                     0.47999999999999
3520                     0.47999999999999
3521                     0.47999999999999
3522                     0.47999999999999
3523                     0.47999999999999
3524                     0.47999999999999
3525                     0.48
3526                     0.48
3527                     0.48
3528                     0.47999999999999
3529                     0.47999999999999
3530                     0.47999999999999
3531                     0.47999999999999
3532                     0.47999999999999
3533                     0.47999999999999
3534                     0.47999999999999
3535                     0.47999999999999
3536                     0.47999999999999
3537                     0.47999999999999
3538                     0.47999999999999
3539                     0.47999999999999
3540                     0.47999999999998
3541                     0.47999999999998
3542                     0.47999999999998
3543                     0.47999999999998
3544                     0.47999999999997
3545                     0.47999999999997
3546                     0.47999999999997
3547                     0.47999999999996
3548                     0.47999999999995
3549                     0.47999999999995
3550                     0.47999999999993
3551                     0.47999999999992
3552                     0.4799999999999
3553                     0.47999999999989
3554                     0.47999999999987
3555                     0.47999999999984
3556                     0.47999999999981
3557                     0.47999999999978
3558                     0.47999999999974
3559                     0.47999999999969
3560                     0.47999999999964
3561                     0.47999999999957
3562                     0.4799999999995
3563                     0.47999999999941
3564                     0.47999999999931
3565                     0.47999999999918
3566                     0.47999999999904
3567                     0.47999999999887
3568                     0.47999999999867
3569                     0.47999999999843
3570                     0.47999999999815
3571                     0.47999999999783
3572                     0.47999999999745
3573                     0.479999999997
3574                     0.47999999999647
3575                     0.47999999999585
3576                     0.47999999999512
3577                     0.47999999999426
3578                     0.47999999999325
3579                     0.47999999999207
3580                     0.47999999999067
3581                     0.47999999998903
3582                     0.4799999999871
3583                     0.47999999998483
3584                     0.47999999998216
3585                     0.47999999997902
3586                     0.47999999997532
3587                     0.47999999997097
3588                     0.47999999996586
3589                     0.47999999995985
3590                     0.47999999995277
3591                     0.47999999994445
3592                     0.47999999993466
3593                     0.47999999992314
3594                     0.47999999990959
3595                     0.47999999989365
3596                     0.4799999998749
3597                     0.47999999985285
3598                     0.47999999982692
3599                     0.4799999997964
3600                     0.47999999976052
3601                     0.4799999997183
3602                     0.47999999966865
3603                     0.47999999961025
3604                     0.47999999954155
3605                     0.47999999946074
3606                     0.47999999936568
3607                     0.47999999925387
3608                     0.47999999912235
3609                     0.47999999896764
3610                     0.47999999878566
3611                     0.47999999857161
3612                     0.47999999831982
3613                     0.47999999802366
3614                     0.47999999767528
3615                     0.4799999972655
3616                     0.47999999678348
3617                     0.4799999962165
3618                     0.47999999554957
3619                     0.47999999476507
3620                     0.47999999384229
3621                     0.47999999275686
3622                     0.47999999148008
3623                     0.47999998997825
3624                     0.47999998821168
3625                     0.47999998613371
3626                     0.47999998368945
3627                     0.47999998081434
3628                     0.47999997743242
3629                     0.47999997345436
3630                     0.47999996877507
3631                     0.47999996327094
3632                     0.4799999567966
3633                     0.47999994918099
3634                     0.47999994022296
3635                     0.47999992968587
3636                     0.47999991729137
3637                     0.47999990271205
3638                     0.47999988556279
3639                     0.47999986539058
3640                     0.47999984166255
3641                     0.47999981375191
3642                     0.47999978092137
3643                     0.47999974230369
3644                     0.47999969687876
3645                     0.47999964344663
3646                     0.47999958059585
3647                     0.47999950666619
3648                     0.47999941970471
3649                     0.47999931741429
3650                     0.47999919709285
3651                     0.479999055562
3652                     0.47999888908313
3653                     0.47999869325859
3654                     0.47999846291557
3655                     0.47999819196943
3656                     0.47999787326299
3657                     0.47999749837751
3658                     0.47999705741025
3659                     0.47999653871295
3660                     0.47999592858415
3661                     0.4799952109073
3662                     0.47999436672506
3663                     0.47999337373861
3664                     0.4799922057187
3665                     0.47999083181296
3666                     0.47998921573108
3667                     0.47998731478643
3668                     0.47998507876887
3669                     0.47998244861888
3670                     0.47997935486821
3671                     0.47997571580584
3672                     0.47997143532081
3673                     0.47996640036536
3674                     0.47996047797128
3675                     0.47995351174113
3676                     0.47994531772189
3677                     0.47993567955268
3678                     0.47992434275916
3679                     0.47991100804468
3680                     0.4798953234027
3681                     0.47987687484384
3682                     0.47985517549553
3683                     0.47982965278984
3684                     0.47979963340655
3685                     0.4797643255807
3686                     0.47972279831731
3687                     0.47967395697801
3688                     0.47961651461361
3689                     0.4795489583119
3690                     0.47946950970784
3691                     0.47937607866344
3692                     0.47926620896327
3693                     0.47913701468688
3694                     0.47898510571002
3695                     0.47880650054944
3696                     0.47859652450144
3697                     0.47834969073112
3698                     0.47805956165079
3699                     0.47771858758578
3700                     0.4773179193744
3701                     0.47684719120017
3702                     0.47629426963427
3703                     0.47564496460904
3704                     0.4748826979053
3705                     0.4739881247914
3706                     0.47293870481032
3707                     0.47170821852033
3708                     0.4702662284569
3709                     0.46857748496837
3710                     0.46660128123558
3711                     0.46429076716519
3712                     0.46159223950274
3713                     0.45844443610582
3714                     0.45477787659968
3715                     0.4505143103789
3716                     0.44556635680466
3717                     0.43983745185029
3718                     0.43322225009182
3719                     0.42560766936404
3720                     0.41687480422786
3721                     0.4069019673819
3722                     0.39556913514319
3723                     0.38276405914103
3724                     0.36839024136358
3725                     0.35237682979733
3726                     0.33469025334324
3727                     0.31534706167441
3728                     0.29442697287179
3729                     0.27208460029158
3730                     0.2485578236086
3731                     0.22417043926281
3732                     0.19932676774537
3733                     0.17449649925837
3734                     0.15018932734968
3735                     0.12692076939044
3736                     0.1051726703685
3737                     0.085353674355306
3738                     0.067765793732639
3739                     0.05258265165438
3740                     0.039842975468913
3741                     0.02945994545534
3742                     0.021243896959598
3743                     0.014933530243312
3744                     0.010229797804773
3745                     0.0068271095676435
3746                     0.0044380498029948
3747                     0.002809812416761
3748                     0.0017324261417845
3749                     0.00104015891753
3750                     0.00060813012682089
3751                     0.00034620671252672
3752                     0.0001919158155152
3753                     0.00010359027120759
3754                     5.4445021894474e-05
3755                     2.7862965097941e-05
3756                     1.3884360120304e-05
3757                     6.7367976143084e-06
3758                     3.1828053330281e-06
3759                     1.4641835630377e-06
3760                     9.8421437037643
3761                     14.652457040305
3762.0374419527          12.324360334347
3763.1137277578          11.178061488318
3764.2303118051          10.595971535615
3765.3887029394          10.297922818851
3766.5904664997          10.14625958938
3767.8372264344          10.070246108062
3769.1306674955          10.032924359185
3770.4725375156          10.015033352712
3771.8646497695          10.006678204187
3773.3088854244          10.002882970778
3774.8071960824          10.001208225223
3776.3616064171          10.000491049434
3777.9742169099          10.00019326159
3779.6472066885          10.00007333815
3781.3828364711          10.000026120972
3783.1834516219          10.000006728323
3785.05148532            9.9999948135584
3786.9894618473          9.9999756463604
3789                     5.0130986565377
3791                     0
3793                     0
3795                     0
3797                     0
3799                     0
