x[nm]                    Gamma[eV]                HH[eV]                   electron_Fermi_level[eV] hole_Fermi_level[eV]    
-9                       -1                       -1                       -1                       -1
-7                       -1                       -1                       -1                       -1
-5                       -1                       -1                       -1                       -1
-3                       -1                       -1                       -1                       -1
-1                       -1                       -1                       -1                       -1
1                        -1.0648307520288         -1.7409352185477         -1                       -1
2.998                    -1.1297264748075         -2.4826121890933         -1                       -0.99916260396306
4.996                    -1.1297265181889         -2.4826122324746         -0.99999999999999        -0.99832520792613
6.9939999999999          -1.1297265432472         -2.4826122575329         -0.99999999999999        -0.99748781188919
8.9919999999999          -1.1297265577216         -2.4826122720073         -0.99999999999999        -0.99665041585225
10.99                    -1.1297265660824         -2.4826122803681         -0.99999999999998        -0.99581301981532
12.988                   -1.1297265709119         -2.4826122851976         -0.99999999999998        -0.99497562377838
14.986                   -1.1297265737015         -2.4826122879873         -0.99999999999997        -0.99413822774144
16.984                   -1.1297265753129         -2.4826122895986         -0.99999999999997        -0.99330083170451
18.982                   -1.1297265762437         -2.4826122905294         -0.99999999999997        -0.99246343566757
20.98                    -1.1297265767813         -2.482612291067          -0.99999999999996        -0.99162603963063
22.978                   -1.1297265770919         -2.4826122913776         -0.99999999999996        -0.99078864359369
24.976                   -1.1297265772713         -2.482612291557          -0.99999999999996        -0.98995124755676
26.974                   -1.1297265773749         -2.4826122916606         -0.99999999999995        -0.98911385151982
28.972                   -1.1297265774347         -2.4826122917205         -0.99999999999995        -0.98827645548288
30.97                    -1.1297265774693         -2.482612291755          -0.99999999999994        -0.98743905944595
32.968                   -1.1297265774893         -2.482612291775          -0.99999999999994        -0.98660166340901
34.966                   -1.1297265775008         -2.4826122917865         -0.99999999999994        -0.98576426737207
36.964                   -1.1297265775075         -2.4826122917932         -0.99999999999993        -0.98492687133514
38.962                   -1.1297265775113         -2.482612291797          -0.99999999999993        -0.9840894752982
40.96                    -1.1297265775135         -2.4826122917992         -0.99999999999993        -0.98325207926126
42.958                   -1.1297265775148         -2.4826122918005         -0.99999999999992        -0.98241468322433
44.956                   -1.1297265775155         -2.4826122918013         -0.99999999999992        -0.98157728718739
46.954                   -1.129726577516          -2.4826122918017         -0.99999999999991        -0.98073989115045
48.952                   -1.1297265775162         -2.4826122918019         -0.99999999999991        -0.97990249511352
50.949999999999          -1.1297265775164         -2.4826122918021         -0.99999999999991        -0.97906509907658
52.947999999999          -1.1297265775164         -2.4826122918022         -0.9999999999999         -0.97822770303964
54.945999999999          -1.1297265775165         -2.4826122918022         -0.9999999999999         -0.97739030700271
56.943999999999          -1.1297265775165         -2.4826122918022         -0.9999999999999         -0.97655291096577
58.941999999999          -1.1297265775165         -2.4826122918022         -0.99999999999989        -0.97571551492883
60.939999999999          -1.1297265775165         -2.4826122918022         -0.99999999999989        -0.9748781188919
62.937999999999          -1.1297265775165         -2.4826122918022         -0.99999999999988        -0.97404072285496
64.935999999999          -1.1297265775165         -2.4826122918022         -0.99999999999988        -0.97320332681802
66.933999999999          -1.1297265775165         -2.4826122918022         -0.99999999999988        -0.97236593078108
68.931999999999          -1.1297265775165         -2.4826122918022         -0.99999999999987        -0.97152853474415
70.929999999999          -1.1297265775165         -2.4826122918022         -0.99999999999987        -0.97069113870721
72.927999999999          -1.1297265775165         -2.4826122918022         -0.99999999999986        -0.96985374267027
74.925999999999          -1.1297265775165         -2.4826122918022         -0.99999999999986        -0.96901634663334
76.923999999999          -1.1297265775165         -2.4826122918022         -0.99999999999986        -0.9681789505964
78.921999999999          -1.1297265775165         -2.4826122918022         -0.99999999999985        -0.96734155455946
80.919999999999          -1.1297265775165         -2.4826122918022         -0.99999999999985        -0.96650415852253
82.917999999999          -1.1297265775165         -2.4826122918022         -0.99999999999984        -0.96566676248559
84.915999999999          -1.1297265775165         -2.4826122918022         -0.99999999999984        -0.96482936644865
86.913999999999          -1.1297265775165         -2.4826122918022         -0.99999999999984        -0.96399197041172
88.911999999999          -1.1297265775165         -2.4826122918022         -0.99999999999983        -0.96315457437478
90.909999999999          -1.1297265775165         -2.4826122918022         -0.99999999999983        -0.96231717833784
92.907999999999          -1.1297265775165         -2.4826122918022         -0.99999999999983        -0.9614797823009
94.905999999999          -1.1297265775165         -2.4826122918022         -0.99999999999982        -0.96064238626397
96.903999999999          -1.1297265775165         -2.4826122918022         -0.99999999999982        -0.95980499022703
98.901999999999          -1.1297265775165         -2.4826122918022         -0.99999999999981        -0.95896759419009
100.9                    -1.1297265775165         -2.4826122918022         -0.99999999999981        -0.95813019815316
102.898                  -1.1297265775165         -2.4826122918022         -0.99999999999981        -0.95729280211622
104.896                  -1.1297265775165         -2.4826122918022         -0.9999999999998         -0.95645540607928
106.894                  -1.1297265775165         -2.4826122918022         -0.9999999999998         -0.95561801004234
108.892                  -1.1297265775165         -2.4826122918022         -0.9999999999998         -0.95478061400541
110.89                   -1.1297265775165         -2.4826122918022         -0.99999999999979        -0.95394321796847
112.888                  -1.1297265775165         -2.4826122918022         -0.99999999999979        -0.95310582193153
114.886                  -1.1297265775165         -2.4826122918022         -0.99999999999979        -0.95226842589459
116.884                  -1.1297265775165         -2.4826122918022         -0.99999999999978        -0.95143102985766
118.882                  -1.1297265775165         -2.4826122918022         -0.99999999999978        -0.95059363382072
120.88                   -1.1297265775165         -2.4826122918022         -0.99999999999978        -0.94975623778378
122.878                  -1.1297265775164         -2.4826122918022         -0.99999999999977        -0.94891884174685
124.876                  -1.1297265775164         -2.4826122918022         -0.99999999999977        -0.94808144570991
126.874                  -1.1297265775164         -2.4826122918022         -0.99999999999977        -0.94724404967297
128.872                  -1.1297265775164         -2.4826122918022         -0.99999999999976        -0.94640665363603
130.87                   -1.1297265775164         -2.4826122918022         -0.99999999999976        -0.9455692575991
132.868                  -1.1297265775164         -2.4826122918021         -0.99999999999976        -0.94473186156216
134.866                  -1.1297265775164         -2.4826122918021         -0.99999999999975        -0.94389446552522
136.864                  -1.1297265775164         -2.4826122918021         -0.99999999999975        -0.94305706948829
138.862                  -1.1297265775164         -2.4826122918021         -0.99999999999974        -0.94221967345135
140.86                   -1.1297265775164         -2.4826122918021         -0.99999999999974        -0.94138227741441
142.858                  -1.1297265775164         -2.4826122918021         -0.99999999999974        -0.94054488137748
144.856                  -1.1297265775164         -2.4826122918021         -0.99999999999973        -0.93970748534054
146.854                  -1.1297265775164         -2.4826122918021         -0.99999999999973        -0.93887008930361
148.852                  -1.1297265775164         -2.4826122918021         -0.99999999999972        -0.93803269326667
150.85                   -1.1297265775164         -2.4826122918021         -0.99999999999972        -0.93719529722973
152.848                  -1.1297265775164         -2.4826122918021         -0.99999999999971        -0.9363579011928
154.846                  -1.1297265775164         -2.4826122918021         -0.99999999999971        -0.93552050515586
156.844                  -1.1297265775164         -2.4826122918021         -0.99999999999971        -0.93468310911893
158.842                  -1.1297265775164         -2.4826122918021         -0.9999999999997         -0.93384571308199
160.84                   -1.1297265775164         -2.4826122918021         -0.9999999999997         -0.93300831704506
162.838                  -1.1297265775164         -2.4826122918021         -0.99999999999969        -0.93217092100812
164.836                  -1.1297265775164         -2.4826122918021         -0.99999999999969        -0.93133352497118
166.834                  -1.1297265775164         -2.4826122918021         -0.99999999999968        -0.93049612893425
168.832                  -1.1297265775164         -2.4826122918021         -0.99999999999968        -0.92965873289731
170.83                   -1.1297265775164         -2.4826122918021         -0.99999999999968        -0.92882133686038
172.828                  -1.1297265775164         -2.4826122918021         -0.99999999999967        -0.92798394082344
174.826                  -1.1297265775163         -2.4826122918021         -0.99999999999967        -0.92714654478651
176.824                  -1.1297265775163         -2.4826122918021         -0.99999999999966        -0.92630914874957
178.822                  -1.1297265775163         -2.4826122918021         -0.99999999999966        -0.92547175271264
180.82                   -1.1297265775163         -2.482612291802          -0.99999999999965        -0.9246343566757
182.818                  -1.1297265775163         -2.482612291802          -0.99999999999965        -0.92379696063877
184.816                  -1.1297265775163         -2.482612291802          -0.99999999999964        -0.92295956460183
186.814                  -1.1297265775163         -2.482612291802          -0.99999999999964        -0.9221221685649
188.812                  -1.1297265775163         -2.482612291802          -0.99999999999963        -0.92128477252796
190.81                   -1.1297265775163         -2.482612291802          -0.99999999999963        -0.92044737649103
192.808                  -1.1297265775163         -2.482612291802          -0.99999999999962        -0.91960998045409
194.806                  -1.1297265775163         -2.482612291802          -0.99999999999962        -0.91877258441716
196.804                  -1.1297265775163         -2.482612291802          -0.99999999999961        -0.91793518838023
198.802                  -1.1297265775163         -2.482612291802          -0.99999999999961        -0.91709779234329
200.8                    -1.1297265775163         -2.482612291802          -0.9999999999996         -0.91626039630636
202.798                  -1.1297265775163         -2.482612291802          -0.99999999999959        -0.91542300026942
204.796                  -1.1297265775163         -2.482612291802          -0.99999999999959        -0.91458560423249
206.794                  -1.1297265775163         -2.482612291802          -0.99999999999958        -0.91374820819556
208.792                  -1.1297265775163         -2.482612291802          -0.99999999999958        -0.91291081215862
210.79                   -1.1297265775162         -2.482612291802          -0.99999999999957        -0.91207341612169
212.788                  -1.1297265775162         -2.482612291802          -0.99999999999957        -0.91123602008475
214.786                  -1.1297265775162         -2.482612291802          -0.99999999999956        -0.91039862404782
216.784                  -1.1297265775162         -2.4826122918019         -0.99999999999956        -0.90956122801089
218.782                  -1.1297265775162         -2.4826122918019         -0.99999999999955        -0.90872383197395
220.78                   -1.1297265775162         -2.4826122918019         -0.99999999999955        -0.90788643593702
222.778                  -1.1297265775162         -2.4826122918019         -0.99999999999954        -0.90704903990008
224.776                  -1.1297265775162         -2.4826122918019         -0.99999999999954        -0.90621164386315
226.774                  -1.1297265775162         -2.4826122918019         -0.99999999999953        -0.90537424782622
228.772                  -1.1297265775162         -2.4826122918019         -0.99999999999952        -0.90453685178928
230.77                   -1.1297265775162         -2.4826122918019         -0.99999999999952        -0.90369945575235
232.768                  -1.1297265775162         -2.4826122918019         -0.99999999999951        -0.90286205971542
234.766                  -1.1297265775162         -2.4826122918019         -0.99999999999951        -0.90202466367848
236.764                  -1.1297265775162         -2.4826122918019         -0.9999999999995         -0.90118726764155
238.762                  -1.1297265775162         -2.4826122918019         -0.99999999999949        -0.90034987160462
240.76                   -1.1297265775162         -2.4826122918019         -0.99999999999949        -0.89951247556769
242.758                  -1.1297265775162         -2.4826122918019         -0.99999999999948        -0.89867507953075
244.756                  -1.1297265775161         -2.4826122918019         -0.99999999999948        -0.89783768349382
246.754                  -1.1297265775161         -2.4826122918019         -0.99999999999947        -0.89700028745689
248.752                  -1.1297265775161         -2.4826122918018         -0.99999999999946        -0.89616289141996
250.75                   -1.1297265775161         -2.4826122918018         -0.99999999999946        -0.89532549538302
252.748                  -1.1297265775161         -2.4826122918018         -0.99999999999945        -0.89448809934609
254.746                  -1.1297265775161         -2.4826122918018         -0.99999999999945        -0.89365070330916
256.744                  -1.1297265775161         -2.4826122918018         -0.99999999999944        -0.89281330727223
258.742                  -1.1297265775161         -2.4826122918018         -0.99999999999944        -0.8919759112353
260.74                   -1.1297265775161         -2.4826122918018         -0.99999999999943        -0.89113851519836
262.738                  -1.1297265775161         -2.4826122918018         -0.99999999999943        -0.89030111916143
264.736                  -1.1297265775161         -2.4826122918018         -0.99999999999942        -0.8894637231245
266.734                  -1.1297265775161         -2.4826122918018         -0.99999999999941        -0.88862632708757
268.732                  -1.1297265775161         -2.4826122918018         -0.99999999999941        -0.88778893105064
270.73                   -1.1297265775161         -2.4826122918018         -0.9999999999994         -0.88695153501371
272.728                  -1.1297265775161         -2.4826122918018         -0.9999999999994         -0.88611413897677
274.726                  -1.1297265775161         -2.4826122918018         -0.99999999999939        -0.88527674293984
276.724                  -1.1297265775161         -2.4826122918018         -0.99999999999939        -0.88443934690291
278.722                  -1.129726577516          -2.4826122918018         -0.99999999999938        -0.88360195086598
280.72                   -1.129726577516          -2.4826122918018         -0.99999999999938        -0.88276455482905
282.718                  -1.129726577516          -2.4826122918017         -0.99999999999937        -0.88192715879212
284.716                  -1.129726577516          -2.4826122918017         -0.99999999999937        -0.88108976275519
286.714                  -1.129726577516          -2.4826122918017         -0.99999999999936        -0.88025236671826
288.712                  -1.129726577516          -2.4826122918017         -0.99999999999936        -0.87941497068132
290.71                   -1.129726577516          -2.4826122918017         -0.99999999999935        -0.87857757464439
292.708                  -1.129726577516          -2.4826122918017         -0.99999999999935        -0.87774017860746
294.706                  -1.129726577516          -2.4826122918017         -0.99999999999934        -0.87690278257053
296.704                  -1.129726577516          -2.4826122918017         -0.99999999999934        -0.8760653865336
298.702                  -1.129726577516          -2.4826122918017         -0.99999999999933        -0.87522799049667
300.7                    -1.129726577516          -2.4826122918017         -0.99999999999933        -0.87439059445974
302.698                  -1.129726577516          -2.4826122918017         -0.99999999999932        -0.87355319842281
304.696                  -1.129726577516          -2.4826122918017         -0.99999999999932        -0.87271580238588
306.694                  -1.129726577516          -2.4826122918017         -0.99999999999931        -0.87187840634895
308.692                  -1.129726577516          -2.4826122918017         -0.99999999999931        -0.87104101031202
310.69                   -1.129726577516          -2.4826122918017         -0.9999999999993         -0.87020361427509
312.688                  -1.1297265775159         -2.4826122918017         -0.9999999999993         -0.86936621823816
314.686                  -1.1297265775159         -2.4826122918017         -0.99999999999929        -0.86852882220123
316.684                  -1.1297265775159         -2.4826122918016         -0.99999999999928        -0.8676914261643
318.682                  -1.1297265775159         -2.4826122918016         -0.99999999999928        -0.86685403012737
320.68                   -1.1297265775159         -2.4826122918016         -0.99999999999927        -0.86601663409044
322.678                  -1.1297265775159         -2.4826122918016         -0.99999999999927        -0.86517923805351
324.676                  -1.1297265775159         -2.4826122918016         -0.99999999999926        -0.86434184201659
326.674                  -1.1297265775159         -2.4826122918016         -0.99999999999926        -0.86350444597966
328.672                  -1.1297265775159         -2.4826122918016         -0.99999999999925        -0.86266704994273
330.67                   -1.1297265775159         -2.4826122918016         -0.99999999999925        -0.8618296539058
332.668                  -1.1297265775159         -2.4826122918016         -0.99999999999924        -0.86099225786887
334.666                  -1.1297265775159         -2.4826122918016         -0.99999999999924        -0.86015486183194
336.664                  -1.1297265775159         -2.4826122918016         -0.99999999999923        -0.85931746579501
338.662                  -1.1297265775159         -2.4826122918016         -0.99999999999922        -0.85848006975808
340.66                   -1.1297265775159         -2.4826122918016         -0.99999999999922        -0.85764267372115
342.658                  -1.1297265775159         -2.4826122918016         -0.99999999999921        -0.85680527768423
344.656                  -1.1297265775158         -2.4826122918016         -0.99999999999921        -0.8559678816473
346.654                  -1.1297265775158         -2.4826122918016         -0.9999999999992         -0.85513048561037
348.652                  -1.1297265775158         -2.4826122918015         -0.9999999999992         -0.85429308957344
350.65                   -1.1297265775158         -2.4826122918015         -0.99999999999919        -0.85345569353651
352.648                  -1.1297265775158         -2.4826122918015         -0.99999999999918        -0.85261829749958
354.646                  -1.1297265775158         -2.4826122918015         -0.99999999999918        -0.85178090146266
356.644                  -1.1297265775158         -2.4826122918015         -0.99999999999917        -0.85094350542573
358.642                  -1.1297265775158         -2.4826122918015         -0.99999999999917        -0.8501061093888
360.64                   -1.1297265775158         -2.4826122918015         -0.99999999999916        -0.84926871335187
362.638                  -1.1297265775158         -2.4826122918015         -0.99999999999916        -0.84843131731495
364.636                  -1.1297265775158         -2.4826122918015         -0.99999999999915        -0.84759392127802
366.634                  -1.1297265775158         -2.4826122918015         -0.99999999999915        -0.84675652524109
368.632                  -1.1297265775158         -2.4826122918015         -0.99999999999914        -0.84591912920416
370.63                   -1.1297265775158         -2.4826122918015         -0.99999999999914        -0.84508173316724
372.628                  -1.1297265775158         -2.4826122918015         -0.99999999999913        -0.84424433713031
374.626                  -1.1297265775157         -2.4826122918015         -0.99999999999912        -0.84340694109338
376.624                  -1.1297265775157         -2.4826122918015         -0.99999999999912        -0.84256954505646
378.622                  -1.1297265775157         -2.4826122918015         -0.99999999999911        -0.84173214901953
380.62                   -1.1297265775157         -2.4826122918014         -0.99999999999911        -0.8408947529826
382.618                  -1.1297265775157         -2.4826122918014         -0.9999999999991         -0.84005735694567
384.616                  -1.1297265775157         -2.4826122918014         -0.9999999999991         -0.83921996090875
386.614                  -1.1297265775157         -2.4826122918014         -0.99999999999909        -0.83838256487182
388.612                  -1.1297265775157         -2.4826122918014         -0.99999999999908        -0.83754516883489
390.61                   -1.1297265775157         -2.4826122918014         -0.99999999999908        -0.83670777279797
392.608                  -1.1297265775157         -2.4826122918014         -0.99999999999907        -0.83587037676104
394.60599999999          -1.1297265775157         -2.4826122918014         -0.99999999999907        -0.83503298072411
396.60399999999          -1.1297265775157         -2.4826122918014         -0.99999999999906        -0.83419558468719
398.60199999999          -1.1297265775157         -2.4826122918014         -0.99999999999905        -0.83335818865026
400.59999999999          -1.1297265775157         -2.4826122918014         -0.99999999999905        -0.83252079261334
402.59799999999          -1.1297265775157         -2.4826122918014         -0.99999999999904        -0.83168339657641
404.59599999999          -1.1297265775157         -2.4826122918014         -0.99999999999904        -0.83084600053948
406.59399999999          -1.1297265775156         -2.4826122918014         -0.99999999999903        -0.83000860450256
408.59199999999          -1.1297265775156         -2.4826122918014         -0.99999999999903        -0.82917120846563
410.58999999999          -1.1297265775156         -2.4826122918013         -0.99999999999902        -0.8283338124287
412.58799999999          -1.1297265775156         -2.4826122918013         -0.99999999999902        -0.82749641639178
414.58599999999          -1.1297265775156         -2.4826122918013         -0.99999999999901        -0.82665902035485
416.58399999999          -1.1297265775156         -2.4826122918013         -0.999999999999          -0.82582162431793
418.58199999999          -1.1297265775156         -2.4826122918013         -0.999999999999          -0.824984228281
420.57999999999          -1.1297265775156         -2.4826122918013         -0.99999999999899        -0.82414683224408
422.57799999999          -1.1297265775156         -2.4826122918013         -0.99999999999899        -0.82330943620715
424.57599999999          -1.1297265775156         -2.4826122918013         -0.99999999999898        -0.82247204017022
426.57399999999          -1.1297265775156         -2.4826122918013         -0.99999999999898        -0.8216346441333
428.57199999999          -1.1297265775156         -2.4826122918013         -0.99999999999897        -0.82079724809637
430.56999999999          -1.1297265775156         -2.4826122918013         -0.99999999999896        -0.81995985205945
432.56799999999          -1.1297265775156         -2.4826122918013         -0.99999999999896        -0.81912245602252
434.56599999999          -1.1297265775156         -2.4826122918013         -0.99999999999895        -0.8182850599856
436.56399999999          -1.1297265775156         -2.4826122918013         -0.99999999999895        -0.81744766394867
438.56199999999          -1.1297265775155         -2.4826122918013         -0.99999999999894        -0.81661026791175
440.55999999999          -1.1297265775155         -2.4826122918013         -0.99999999999893        -0.81577287187482
442.55799999999          -1.1297265775155         -2.4826122918012         -0.99999999999893        -0.8149354758379
444.55599999999          -1.1297265775155         -2.4826122918012         -0.99999999999892        -0.81409807980097
446.55399999999          -1.1297265775155         -2.4826122918012         -0.99999999999892        -0.81326068376405
448.55199999999          -1.1297265775155         -2.4826122918012         -0.99999999999891        -0.81242328772712
450.54999999999          -1.1297265775155         -2.4826122918012         -0.9999999999989         -0.8115858916902
452.54799999999          -1.1297265775155         -2.4826122918012         -0.9999999999989         -0.81074849565327
454.54599999999          -1.1297265775155         -2.4826122918012         -0.99999999999889        -0.80991109961635
456.54399999999          -1.1297265775155         -2.4826122918012         -0.99999999999888        -0.80907370357942
458.54199999999          -1.1297265775155         -2.4826122918012         -0.99999999999888        -0.8082363075425
460.53999999999          -1.1297265775155         -2.4826122918012         -0.99999999999887        -0.80739891150558
462.53799999999          -1.1297265775155         -2.4826122918012         -0.99999999999887        -0.80656151546865
464.53599999999          -1.1297265775155         -2.4826122918012         -0.99999999999886        -0.80572411943173
466.53399999999          -1.1297265775155         -2.4826122918012         -0.99999999999885        -0.8048867233948
468.53199999999          -1.1297265775155         -2.4826122918012         -0.99999999999885        -0.80404932735788
470.52999999999          -1.1297265775154         -2.4826122918012         -0.99999999999884        -0.80321193132095
472.52799999999          -1.1297265775154         -2.4826122918012         -0.99999999999883        -0.80237453528403
474.52599999999          -1.1297265775154         -2.4826122918012         -0.99999999999883        -0.80153713924711
476.52399999999          -1.1297265775154         -2.4826122918011         -0.99999999999882        -0.80069974321018
478.52199999999          -1.1297265775154         -2.4826122918011         -0.99999999999882        -0.79986234717326
480.51999999999          -1.1297265775154         -2.4826122918011         -0.99999999999881        -0.79902495113633
482.51799999999          -1.1297265775154         -2.4826122918011         -0.9999999999988         -0.79818755509941
484.51599999999          -1.1297265775154         -2.4826122918011         -0.9999999999988         -0.79735015906249
486.51399999999          -1.1297265775154         -2.4826122918011         -0.99999999999879        -0.79651276302556
488.51199999999          -1.1297265775154         -2.4826122918011         -0.99999999999879        -0.79567536698864
490.50999999999          -1.1297265775154         -2.4826122918011         -0.99999999999878        -0.79483797095172
492.50799999999          -1.1297265775154         -2.4826122918011         -0.99999999999878        -0.79400057491479
494.50599999999          -1.1297265775154         -2.4826122918011         -0.99999999999877        -0.79316317887787
496.50399999999          -1.1297265775154         -2.4826122918011         -0.99999999999876        -0.79232578284095
498.50199999999          -1.1297265775154         -2.4826122918011         -0.99999999999876        -0.79148838680402
500.49999999999          -1.1297265775154         -2.4826122918011         -0.99999999999875        -0.7906509907671
502.49799999999          -1.1297265775154         -2.4826122918011         -0.99999999999875        -0.78981359473018
504.49599999999          -1.1297265775153         -2.4826122918011         -0.99999999999874        -0.78897619869325
506.49399999999          -1.1297265775153         -2.4826122918011         -0.99999999999873        -0.78813880265633
508.49199999999          -1.1297265775153         -2.4826122918011         -0.99999999999873        -0.78730140661941
510.48999999999          -1.1297265775153         -2.482612291801          -0.99999999999872        -0.78646401058249
512.48799999999          -1.1297265775153         -2.482612291801          -0.99999999999871        -0.78562661454556
514.48599999999          -1.1297265775153         -2.482612291801          -0.99999999999871        -0.78478921850864
516.48399999999          -1.1297265775153         -2.482612291801          -0.9999999999987         -0.78395182247172
518.48199999999          -1.1297265775153         -2.482612291801          -0.99999999999869        -0.78311442643479
520.47999999999          -1.1297265775153         -2.482612291801          -0.99999999999869        -0.78227703039787
522.47799999999          -1.1297265775153         -2.482612291801          -0.99999999999868        -0.78143963436095
524.47599999999          -1.1297265775153         -2.482612291801          -0.99999999999867        -0.78060223832402
526.47399999999          -1.1297265775153         -2.482612291801          -0.99999999999867        -0.7797648422871
528.47199999999          -1.1297265775153         -2.482612291801          -0.99999999999866        -0.77892744625018
530.46999999999          -1.1297265775153         -2.482612291801          -0.99999999999866        -0.77809005021326
532.46799999999          -1.1297265775153         -2.482612291801          -0.99999999999865        -0.77725265417633
534.46599999999          -1.1297265775153         -2.482612291801          -0.99999999999864        -0.77641525813941
536.46399999999          -1.1297265775153         -2.482612291801          -0.99999999999864        -0.77557786210249
538.46199999999          -1.1297265775153         -2.482612291801          -0.99999999999863        -0.77474046606556
540.45999999999          -1.1297265775153         -2.482612291801          -0.99999999999862        -0.77390307002864
542.45799999999          -1.1297265775152         -2.482612291801          -0.99999999999862        -0.77306567399172
544.45599999999          -1.1297265775152         -2.482612291801          -0.99999999999861        -0.7722282779548
546.45399999999          -1.1297265775152         -2.482612291801          -0.9999999999986         -0.77139088191787
548.45199999999          -1.1297265775152         -2.4826122918009         -0.9999999999986         -0.77055348588095
550.44999999999          -1.1297265775152         -2.4826122918009         -0.99999999999859        -0.76971608984403
552.44799999999          -1.1297265775152         -2.4826122918009         -0.99999999999858        -0.7688786938071
554.44599999999          -1.1297265775152         -2.4826122918009         -0.99999999999858        -0.76804129777018
556.44399999999          -1.1297265775152         -2.4826122918009         -0.99999999999857        -0.76720390173326
558.44199999999          -1.1297265775152         -2.4826122918009         -0.99999999999857        -0.76636650569634
560.43999999999          -1.1297265775152         -2.4826122918009         -0.99999999999856        -0.76552910965941
562.43799999999          -1.1297265775152         -2.4826122918009         -0.99999999999856        -0.76469171362249
564.43599999999          -1.1297265775152         -2.4826122918009         -0.99999999999855        -0.76385431758557
566.43399999999          -1.1297265775152         -2.4826122918009         -0.99999999999854        -0.76301692154864
568.43199999999          -1.1297265775152         -2.4826122918009         -0.99999999999854        -0.76217952551172
570.42999999999          -1.1297265775152         -2.4826122918009         -0.99999999999853        -0.7613421294748
572.42799999999          -1.1297265775152         -2.4826122918009         -0.99999999999853        -0.76050473343787
574.42599999999          -1.1297265775152         -2.4826122918009         -0.99999999999852        -0.75966733740095
576.42399999999          -1.1297265775152         -2.4826122918009         -0.99999999999852        -0.75882994136403
578.42199999999          -1.1297265775152         -2.4826122918009         -0.99999999999851        -0.75799254532711
580.41999999999          -1.1297265775152         -2.4826122918009         -0.99999999999851        -0.75715514929018
582.41799999999          -1.1297265775152         -2.4826122918009         -0.9999999999985         -0.75631775325326
584.41599999999          -1.1297265775152         -2.4826122918009         -0.9999999999985         -0.75548035721634
586.41399999999          -1.1297265775151         -2.4826122918009         -0.99999999999849        -0.75464296117941
588.41199999999          -1.1297265775151         -2.4826122918009         -0.99999999999849        -0.75380556514249
590.40999999999          -1.1297265775151         -2.4826122918009         -0.99999999999848        -0.75296816910557
592.40799999999          -1.1297265775151         -2.4826122918009         -0.99999999999848        -0.75213077306864
594.40599999999          -1.1297265775151         -2.4826122918008         -0.99999999999847        -0.75129337703172
596.40399999999          -1.1297265775151         -2.4826122918008         -0.99999999999847        -0.7504559809948
598.40199999999          -1.1297265775151         -2.4826122918008         -0.99999999999847        -0.74961858495787
600.39999999999          -1.1297265775151         -2.4826122918008         -0.99999999999846        -0.74878118892095
602.39799999999          -1.1297265775151         -2.4826122918008         -0.99999999999846        -0.74794379288403
604.39599999999          -1.1297265775151         -2.4826122918008         -0.99999999999845        -0.7471063968471
606.39399999999          -1.1297265775151         -2.4826122918008         -0.99999999999845        -0.74626900081018
608.39199999999          -1.1297265775151         -2.4826122918008         -0.99999999999845        -0.74543160477326
610.38999999999          -1.1297265775151         -2.4826122918008         -0.99999999999844        -0.74459420873633
612.38799999999          -1.1297265775151         -2.4826122918008         -0.99999999999844        -0.74375681269941
614.38599999999          -1.1297265775151         -2.4826122918008         -0.99999999999843        -0.74291941666249
616.38399999999          -1.1297265775151         -2.4826122918008         -0.99999999999843        -0.74208202062557
618.38199999999          -1.1297265775151         -2.4826122918008         -0.99999999999842        -0.74124462458864
620.37999999999          -1.1297265775151         -2.4826122918008         -0.99999999999842        -0.74040722855172
622.37799999999          -1.1297265775151         -2.4826122918008         -0.99999999999842        -0.7395698325148
624.37599999999          -1.1297265775151         -2.4826122918008         -0.99999999999841        -0.73873243647787
626.37399999999          -1.1297265775151         -2.4826122918008         -0.99999999999841        -0.73789504044095
628.37199999999          -1.1297265775151         -2.4826122918008         -0.9999999999984         -0.73705764440403
630.37                   -1.1297265775151         -2.4826122918008         -0.9999999999984         -0.7362202483671
632.368                  -1.1297265775151         -2.4826122918008         -0.9999999999984         -0.73538285233018
634.36599999999          -1.1297265775151         -2.4826122918008         -0.99999999999839        -0.73454545629326
636.364                  -1.1297265775151         -2.4826122918008         -0.99999999999839        -0.73370806025634
638.362                  -1.1297265775151         -2.4826122918008         -0.99999999999838        -0.73287066421941
640.36                   -1.1297265775151         -2.4826122918008         -0.99999999999838        -0.73203326818249
642.358                  -1.1297265775151         -2.4826122918008         -0.99999999999837        -0.73119587214557
644.356                  -1.129726577515          -2.4826122918008         -0.99999999999837        -0.73035847610864
646.354                  -1.129726577515          -2.4826122918008         -0.99999999999837        -0.72952108007172
648.352                  -1.129726577515          -2.4826122918008         -0.99999999999836        -0.7286836840348
650.35                   -1.129726577515          -2.4826122918008         -0.99999999999836        -0.72784628799787
652.348                  -1.129726577515          -2.4826122918008         -0.99999999999835        -0.72700889196095
654.346                  -1.129726577515          -2.4826122918007         -0.99999999999835        -0.72617149592403
656.344                  -1.129726577515          -2.4826122918007         -0.99999999999835        -0.72533409988711
658.342                  -1.129726577515          -2.4826122918007         -0.99999999999834        -0.72449670385018
660.34                   -1.129726577515          -2.4826122918007         -0.99999999999834        -0.72365930781326
662.338                  -1.129726577515          -2.4826122918007         -0.99999999999833        -0.72282191177634
664.336                  -1.129726577515          -2.4826122918007         -0.99999999999833        -0.72198451573941
666.334                  -1.129726577515          -2.4826122918007         -0.99999999999833        -0.72114711970249
668.332                  -1.129726577515          -2.4826122918007         -0.99999999999832        -0.72030972366557
670.33                   -1.129726577515          -2.4826122918007         -0.99999999999832        -0.71947232762865
672.328                  -1.129726577515          -2.4826122918007         -0.99999999999832        -0.71863493159172
674.326                  -1.129726577515          -2.4826122918007         -0.99999999999831        -0.7177975355548
676.324                  -1.129726577515          -2.4826122918007         -0.99999999999831        -0.71696013951788
678.322                  -1.129726577515          -2.4826122918007         -0.99999999999831        -0.71612274348095
680.32                   -1.129726577515          -2.4826122918007         -0.9999999999983         -0.71528534744403
682.318                  -1.129726577515          -2.4826122918007         -0.9999999999983         -0.71444795140711
684.316                  -1.129726577515          -2.4826122918007         -0.99999999999829        -0.71361055537019
686.314                  -1.129726577515          -2.4826122918007         -0.99999999999829        -0.71277315933326
688.312                  -1.129726577515          -2.4826122918007         -0.99999999999829        -0.71193576329634
690.31                   -1.129726577515          -2.4826122918007         -0.99999999999828        -0.71109836725942
692.308                  -1.129726577515          -2.4826122918007         -0.99999999999828        -0.71026097122249
694.306                  -1.129726577515          -2.4826122918007         -0.99999999999828        -0.70942357518557
696.304                  -1.129726577515          -2.4826122918007         -0.99999999999827        -0.70858617914865
698.302                  -1.129726577515          -2.4826122918007         -0.99999999999827        -0.70774878311173
700.3                    -1.129726577515          -2.4826122918007         -0.99999999999827        -0.7069113870748
702.298                  -1.129726577515          -2.4826122918007         -0.99999999999827        -0.70607399103788
704.296                  -1.129726577515          -2.4826122918007         -0.99999999999826        -0.70523659500096
706.294                  -1.129726577515          -2.4826122918007         -0.99999999999826        -0.70439919896403
708.292                  -1.129726577515          -2.4826122918007         -0.99999999999826        -0.70356180292711
710.29                   -1.129726577515          -2.4826122918007         -0.99999999999826        -0.70272440689019
712.288                  -1.129726577515          -2.4826122918007         -0.99999999999825        -0.70188701085326
714.286                  -1.129726577515          -2.4826122918007         -0.99999999999825        -0.70104961481634
716.284                  -1.129726577515          -2.4826122918007         -0.99999999999825        -0.70021221877942
718.282                  -1.129726577515          -2.4826122918007         -0.99999999999825        -0.6993748227425
720.28                   -1.1297265775149         -2.4826122918007         -0.99999999999825        -0.69853742670557
722.278                  -1.1297265775149         -2.4826122918007         -0.99999999999824        -0.69770003066865
724.276                  -1.1297265775149         -2.4826122918007         -0.99999999999824        -0.69686263463173
726.274                  -1.1297265775149         -2.4826122918007         -0.99999999999824        -0.6960252385948
728.272                  -1.1297265775149         -2.4826122918007         -0.99999999999824        -0.69518784255788
730.27                   -1.1297265775149         -2.4826122918007         -0.99999999999824        -0.69435044652096
732.268                  -1.1297265775149         -2.4826122918007         -0.99999999999824        -0.69351305048403
734.266                  -1.1297265775149         -2.4826122918006         -0.99999999999824        -0.69267565444711
736.264                  -1.1297265775149         -2.4826122918006         -0.99999999999823        -0.69183825841019
738.262                  -1.1297265775149         -2.4826122918006         -0.99999999999823        -0.69100086237327
740.26                   -1.1297265775149         -2.4826122918006         -0.99999999999823        -0.69016346633634
742.258                  -1.1297265775149         -2.4826122918006         -0.99999999999823        -0.68932607029942
744.256                  -1.1297265775149         -2.4826122918006         -0.99999999999823        -0.6884886742625
746.254                  -1.1297265775149         -2.4826122918006         -0.99999999999823        -0.68765127822557
748.252                  -1.1297265775149         -2.4826122918006         -0.99999999999823        -0.68681388218865
750.25                   -1.1297265775149         -2.4826122918006         -0.99999999999823        -0.68597648615173
752.248                  -1.1297265775149         -2.4826122918006         -0.99999999999823        -0.68513909011481
754.246                  -1.1297265775149         -2.4826122918006         -0.99999999999823        -0.68430169407788
756.244                  -1.1297265775149         -2.4826122918006         -0.99999999999823        -0.68346429804096
758.242                  -1.1297265775149         -2.4826122918006         -0.99999999999823        -0.68262690200404
760.24                   -1.1297265775149         -2.4826122918006         -0.99999999999822        -0.68178950596711
762.238                  -1.1297265775149         -2.4826122918006         -0.99999999999822        -0.68095210993019
764.236                  -1.1297265775149         -2.4826122918006         -0.99999999999822        -0.68011471389327
766.234                  -1.1297265775149         -2.4826122918006         -0.99999999999822        -0.67927731785635
768.232                  -1.1297265775149         -2.4826122918006         -0.99999999999822        -0.67843992181942
770.23                   -1.1297265775149         -2.4826122918006         -0.99999999999822        -0.6776025257825
772.228                  -1.1297265775149         -2.4826122918006         -0.99999999999822        -0.67676512974558
774.226                  -1.1297265775149         -2.4826122918006         -0.99999999999822        -0.67592773370865
776.224                  -1.1297265775149         -2.4826122918006         -0.99999999999822        -0.67509033767173
778.222                  -1.1297265775149         -2.4826122918006         -0.99999999999822        -0.67425294163481
780.22                   -1.1297265775149         -2.4826122918006         -0.99999999999822        -0.67341554559788
782.218                  -1.1297265775149         -2.4826122918006         -0.99999999999822        -0.67257814956096
784.216                  -1.1297265775149         -2.4826122918006         -0.99999999999822        -0.67174075352404
786.214                  -1.1297265775149         -2.4826122918006         -0.99999999999822        -0.67090335748712
788.212                  -1.1297265775149         -2.4826122918006         -0.99999999999822        -0.67006596145019
790.21                   -1.1297265775149         -2.4826122918006         -0.99999999999822        -0.66922856541327
792.208                  -1.1297265775149         -2.4826122918006         -0.99999999999822        -0.66839116937635
794.206                  -1.1297265775149         -2.4826122918006         -0.99999999999822        -0.66755377333942
796.204                  -1.1297265775149         -2.4826122918006         -0.99999999999822        -0.6667163773025
798.202                  -1.1297265775149         -2.4826122918006         -0.99999999999822        -0.66587898126558
800.2                    -1.1297265775149         -2.4826122918006         -0.99999999999822        -0.66504158522866
802.198                  -1.1297265775149         -2.4826122918006         -0.99999999999822        -0.66420418919173
804.196                  -1.1297265775149         -2.4826122918006         -0.99999999999822        -0.66336679315481
806.194                  -1.1297265775149         -2.4826122918006         -0.99999999999822        -0.66252939711789
808.192                  -1.1297265775149         -2.4826122918006         -0.99999999999822        -0.66169200108096
810.19                   -1.1297265775149         -2.4826122918006         -0.99999999999822        -0.66085460504404
812.188                  -1.1297265775149         -2.4826122918006         -0.99999999999822        -0.66001720900712
814.186                  -1.1297265775149         -2.4826122918006         -0.99999999999822        -0.6591798129702
816.184                  -1.1297265775149         -2.4826122918006         -0.99999999999822        -0.65834241693327
818.182                  -1.1297265775149         -2.4826122918006         -0.99999999999822        -0.65750502089635
820.18                   -1.1297265775149         -2.4826122918006         -0.99999999999821        -0.65666762485943
822.178                  -1.1297265775149         -2.4826122918006         -0.99999999999821        -0.65583022882251
824.176                  -1.1297265775149         -2.4826122918006         -0.99999999999821        -0.65499283278558
826.174                  -1.1297265775149         -2.4826122918006         -0.99999999999821        -0.65415543674866
828.172                  -1.1297265775149         -2.4826122918006         -0.99999999999821        -0.65331804071174
830.17                   -1.1297265775149         -2.4826122918006         -0.99999999999821        -0.65248064467481
832.168                  -1.1297265775149         -2.4826122918006         -0.99999999999821        -0.65164324863789
834.166                  -1.1297265775149         -2.4826122918006         -0.99999999999821        -0.65080585260097
836.164                  -1.1297265775149         -2.4826122918006         -0.99999999999821        -0.64996845656405
838.162                  -1.1297265775149         -2.4826122918006         -0.99999999999821        -0.64913106052712
840.16                   -1.1297265775149         -2.4826122918006         -0.99999999999821        -0.6482936644902
842.158                  -1.1297265775149         -2.4826122918006         -0.99999999999821        -0.64745626845328
844.156                  -1.1297265775149         -2.4826122918006         -0.99999999999821        -0.64661887241636
846.154                  -1.1297265775149         -2.4826122918006         -0.99999999999821        -0.64578147637943
848.152                  -1.1297265775149         -2.4826122918006         -0.99999999999821        -0.64494408034251
850.15                   -1.1297265775149         -2.4826122918006         -0.99999999999821        -0.64410668430559
852.148                  -1.1297265775149         -2.4826122918006         -0.99999999999821        -0.64326928826867
854.146                  -1.1297265775149         -2.4826122918006         -0.99999999999821        -0.64243189223174
856.144                  -1.1297265775149         -2.4826122918006         -0.99999999999821        -0.64159449619482
858.142                  -1.1297265775149         -2.4826122918006         -0.99999999999821        -0.6407571001579
860.14                   -1.1297265775149         -2.4826122918006         -0.99999999999821        -0.63991970412097
862.138                  -1.1297265775149         -2.4826122918006         -0.99999999999821        -0.63908230808405
864.136                  -1.1297265775149         -2.4826122918006         -0.99999999999821        -0.63824491204713
866.134                  -1.1297265775149         -2.4826122918006         -0.99999999999821        -0.63740751601021
868.132                  -1.1297265775149         -2.4826122918006         -0.99999999999821        -0.63657011997328
870.13                   -1.1297265775149         -2.4826122918006         -0.99999999999821        -0.63573272393636
872.128                  -1.1297265775149         -2.4826122918006         -0.99999999999821        -0.63489532789944
874.126                  -1.1297265775149         -2.4826122918006         -0.99999999999821        -0.63405793186251
876.124                  -1.1297265775149         -2.4826122918006         -0.99999999999821        -0.63322053582559
878.122                  -1.1297265775149         -2.4826122918006         -0.99999999999821        -0.63238313978867
880.12                   -1.1297265775149         -2.4826122918006         -0.99999999999821        -0.63154574375175
882.118                  -1.1297265775149         -2.4826122918006         -0.99999999999821        -0.63070834771482
884.116                  -1.1297265775149         -2.4826122918006         -0.99999999999822        -0.6298709516779
886.114                  -1.1297265775149         -2.4826122918006         -0.99999999999822        -0.62903355564098
888.112                  -1.1297265775149         -2.4826122918006         -0.99999999999822        -0.62819615960406
890.11                   -1.1297265775149         -2.4826122918006         -0.99999999999822        -0.62735876356713
892.108                  -1.1297265775149         -2.4826122918006         -0.99999999999822        -0.62652136753021
894.106                  -1.1297265775149         -2.4826122918006         -0.99999999999822        -0.62568397149329
896.104                  -1.1297265775148         -2.4826122918006         -0.99999999999822        -0.62484657545636
898.102                  -1.1297265775148         -2.4826122918005         -0.99999999999822        -0.62400917941944
900.1                    -1.1297265775148         -2.4826122918005         -0.99999999999822        -0.62317178338252
902.098                  -1.1297265775147         -2.4826122918005         -0.99999999999822        -0.6223343873456
904.096                  -1.1297265775146         -2.4826122918004         -0.99999999999822        -0.62149699130867
906.094                  -1.1297265775145         -2.4826122918002         -0.99999999999822        -0.62065959527175
908.092                  -1.1297265775142         -2.4826122917999         -0.99999999999822        -0.61982219923483
910.09                   -1.1297265775137         -2.4826122917994         -0.99999999999822        -0.6189848031979
912.088                  -1.1297265775129         -2.4826122917986         -0.99999999999822        -0.61814740716098
914.086                  -1.1297265775114         -2.4826122917971         -0.99999999999822        -0.61731001112406
916.084                  -1.1297265775089         -2.4826122917946         -0.99999999999822        -0.61647261508714
918.082                  -1.1297265775045         -2.4826122917902         -0.99999999999822        -0.61563521905021
920.08                   -1.1297265774969         -2.4826122917826         -0.99999999999822        -0.61479782301329
922.078                  -1.1297265774838         -2.4826122917695         -0.99999999999822        -0.61396042697637
924.076                  -1.1297265774611         -2.4826122917468         -0.99999999999822        -0.61312303093944
926.074                  -1.1297265774217         -2.4826122917074         -0.99999999999822        -0.61228563490252
928.072                  -1.1297265773536         -2.4826122916393         -0.99999999999822        -0.6114482388656
930.07                   -1.1297265772356         -2.4826122915214         -0.99999999999823        -0.61061084282868
932.068                  -1.1297265770315         -2.4826122913172         -0.99999999999823        -0.60977344679175
934.066                  -1.129726576678          -2.4826122909637         -0.99999999999823        -0.60893605075483
936.064                  -1.1297265760661         -2.4826122903518         -0.99999999999823        -0.60809865471791
938.062                  -1.1297265750067         -2.4826122892924         -0.99999999999823        -0.60726125868098
940.06                   -1.1297265731728         -2.4826122874585         -0.99999999999823        -0.60642386264406
942.058                  -1.1297265699977         -2.4826122842835         -0.99999999999823        -0.60558646660714
944.056                  -1.1297265645011         -2.4826122787868         -0.99999999999823        -0.60474907057021
946.054                  -1.1297265549853         -2.482612269271          -0.99999999999823        -0.60391167453329
948.052                  -1.1297265385114         -2.4826122527971         -0.99999999999823        -0.60307427849637
950.05                   -1.1297265099914         -2.4826122242771         -0.99999999999823        -0.60223688245944
952.048                  -1.1297264606173         -2.4826121749031         -0.99999999999823        -0.60139948642252
954.046                  -1.1297263751402         -2.482612089426          -0.99999999999823        -0.6005620903856
956.044                  -1.1297262271611         -2.4826119414468         -0.99999999999823        -0.59972469434868
958.042                  -1.1297259709775         -2.4826116852632         -0.99999999999823        -0.59888729831175
960.04                   -1.129725527469          -2.4826112417547         -0.99999999999823        -0.59804990227483
962.038                  -1.1297247596615         -2.4826104739472         -0.99999999999823        -0.59721250623791
964.036                  -1.1297234304239         -2.4826091447096         -0.99999999999823        -0.59637511020098
966.034                  -1.1297211292342         -2.4826068435199         -0.99999999999823        -0.59553771416406
968.032                  -1.1297171453977         -2.4826028596834         -0.99999999999823        -0.59470031812714
970.03                   -1.1297102485709         -2.4825959628566         -0.99999999999823        -0.59386292209021
972.028                  -1.1296983088286         -2.4825840231143         -0.99999999999823        -0.59302552605329
974.026                  -1.1296776390037         -2.4825633532895         -0.99999999999823        -0.59218813001637
976.024                  -1.1296418563878         -2.4825275706735         -0.99999999999823        -0.59135073397944
978.022                  -1.1295799128466         -2.4824656271323         -0.99999999999823        -0.59051333794252
980.02                   -1.1294726867934         -2.4823584010791         -0.99999999999823        -0.5896759419056
982.018                  -1.1292870899507         -2.4821728042365         -0.99999999999823        -0.58883854586868
984.016                  -1.1289658852391         -2.4818515995248         -0.99999999999823        -0.58800114983175
986.014                  -1.1284101203505         -2.4812958346362         -0.99999999999823        -0.58716375379483
988.012                  -1.1274488993697         -2.4803346136554         -0.99999999999823        -0.58632635775791
990.01                   -1.1257875994275         -2.4786733137133         -0.99999999999822        -0.58548896172098
992.008                  -1.1229198684546         -2.4758055827404         -0.99999999999822        -0.58465156568406
994.006                  -1.1179802182757         -2.4708659325614         -0.99999999999822        -0.58381416964714
996.004                  -1.1095037115986         -2.4623894258844         -0.99999999999822        -0.58297677361021
998.002                  -1.0950548952502         -2.447940609536          -0.99999999999822        -0.58213937757329
1000                     -1.0707224841112         -2.4236081983969         -0.99999999999822        -0.58130198153637
1002                     -1.0447654019275         -2.3976511162133         -0.99999999999822        -0.58046374726517
1004                     -1.0262922628637         -2.3791779771494         -0.99999999999822        -0.57962551299398
1006                     -1.0125498205815         -2.3654355348673         -0.99999999999823        -0.57878727872279
1008                     -1.0019638410517         -2.3548495553375         -0.99999999999823        -0.57794904445159
1010                     -0.99358695683987        -2.3464726711256         -0.99999999999823        -0.5771108101804
1012                     -0.98681949394044        -2.3397052082262         -0.99999999999823        -0.5762725759092
1014                     -0.98126378881035        -2.3341495030961         -0.99999999999823        -0.57543434163801
1016                     -0.97664510955214        -2.3295308238379         -0.99999999999823        -0.57459610736682
1018                     -0.9727668485418         -2.3256525628275         -0.99999999999823        -0.57375787309562
1020                     -0.96948402947634        -2.3223697437621         -0.99999999999823        -0.57291963882443
1022                     -0.96668700302649        -2.3195727173122         -0.99999999999824        -0.57208140455323
1024                     -0.96429103878615        -2.3171767530719         -0.99999999999824        -0.57124317028204
1026                     -0.96222945858706        -2.3151151728728         -0.99999999999824        -0.57040493601084
1028                     -0.96044897067103        -2.3133346849567         -0.99999999999824        -0.56956670173965
1030                     -0.95890641475396        -2.3117921290397         -0.99999999999825        -0.56872846746846
1032                     -0.95756643731255        -2.3104521515983         -0.99999999999825        -0.56789023319726
1034                     -0.95639979592885        -2.3092855102146         -0.99999999999825        -0.56705199892607
1036                     -0.95538209889247        -2.3082678131782         -0.99999999999826        -0.56621376465487
1038                     -0.95449285228277        -2.3073785665685         -0.99999999999826        -0.56537553038368
1040                     -0.95371472839943        -2.3066004426851         -0.99999999999826        -0.56453729611249
1042                     -0.95303299629841        -2.3059187105841         -0.99999999999826        -0.56369906184129
1044                     -0.95243507292611        -2.3053207872118         -0.99999999999827        -0.5628608275701
1046                     -0.95191016527409        -2.3047958795598         -0.99999999999827        -0.5620225932989
1048                     -0.95144898214682        -2.3043346964325         -0.99999999999827        -0.56118435902771
1050                     -0.95104349982395        -2.3039292141097         -0.99999999999828        -0.56034612475652
1052                     -0.95068676992082        -2.3035724842065         -0.99999999999828        -0.55950789048532
1054                     -0.9503727606357         -2.3032584749214         -0.99999999999828        -0.55866965621413
1056                     -0.95009622466822        -2.3029819389539         -0.99999999999829        -0.55783142194293
1058                     -0.94985258863548        -2.3027383029212         -0.99999999999829        -0.55699318767174
1060                     -0.94963785995975        -2.3025235742455         -0.99999999999829        -0.55615495340054
1062                     -0.94944854806446        -2.3023342623502         -0.9999999999983         -0.55531671912935
1064                     -0.94928159737104        -2.3021673116568         -0.9999999999983         -0.55447848485816
1066                     -0.94913433009223        -2.3020200443779         -0.9999999999983         -0.55364025058696
1068                     -0.94900439720649        -2.3018901114922         -0.99999999999831        -0.55280201631577
1070                     -0.94888973630259        -2.3017754505883         -0.99999999999831        -0.55196378204457
1072                     -0.94878853522237        -2.3016742495081         -0.99999999999832        -0.55112554777338
1074                     -0.94869920061968        -2.3015849149054         -0.99999999999832        -0.55028731350219
1076                     -0.94862033070527        -2.301506044991          -0.99999999999832        -0.54944907923099
1078                     -0.94855069156939        -2.3014364058551         -0.99999999999833        -0.5486108449598
1080                     -0.94848919657307        -2.3013749108588         -0.99999999999833        -0.5477726106886
1082                     -0.94843488837953        -2.3013206026652         -0.99999999999834        -0.54693437641741
1084                     -0.94838692326381        -2.3012726375495         -0.99999999999834        -0.54609614214622
1086                     -0.94834455739294        -2.3012302716787         -0.99999999999834        -0.54525790787502
1088                     -0.94830713481491        -2.3011928491006         -0.99999999999835        -0.54441967360383
1090                     -0.94827407693222        -2.3011597912179         -0.99999999999835        -0.54358143933263
1092                     -0.94824487326779        -2.3011305875535         -0.99999999999835        -0.54274320506144
1094                     -0.94821907335765        -2.3011047876434         -0.99999999999836        -0.54190497079025
1096                     -0.94819627962767        -2.3010819939134         -0.99999999999836        -0.54106673651905
1098                     -0.94817614113062        -2.3010618554163         -0.99999999999837        -0.54022850224786
1100                     -0.94815834803655        -2.3010440623223         -0.99999999999837        -0.53939026797666
1102                     -0.94814262678318        -2.3010283410689         -0.99999999999837        -0.53855203370547
1104                     -0.94812873580537        -2.3010144500911         -0.99999999999838        -0.53771379943428
1106                     -0.948116461773          -2.3010021760587         -0.99999999999838        -0.53687556516308
1108                     -0.9481056162754         -2.3009913305611         -0.99999999999838        -0.53603733089189
1110                     -0.94809603289855        -2.3009817471843         -0.99999999999839        -0.53519909662069
1112                     -0.94808756464768        -2.3009732789334         -0.99999999999839        -0.5343608623495
1114                     -0.94808008167389        -2.3009657959596         -0.9999999999984         -0.5335226280783
1116                     -0.94807346926856        -2.3009591835543         -0.9999999999984         -0.53268439380711
1118                     -0.94806762609355        -2.3009533403793         -0.9999999999984         -0.53184615953592
1120                     -0.94806246261927        -2.300948176905          -0.99999999999841        -0.53100792526472
1122                     -0.94805789974599        -2.3009436140317         -0.99999999999841        -0.53016969099353
1124                     -0.94805386758667        -2.3009395818724         -0.99999999999841        -0.52933145672233
1126                     -0.94805030439232        -2.300936018678          -0.99999999999842        -0.52849322245114
1128                     -0.9480471556031         -2.3009328698888         -0.99999999999842        -0.52765498817995
1130                     -0.94804437301027        -2.300930087296          -0.99999999999842        -0.52681675390875
1132                     -0.94804191401613        -2.3009276283018         -0.99999999999843        -0.52597851963756
1134                     -0.94803974098035        -2.3009254552661         -0.99999999999843        -0.52514028536636
1136                     -0.94803782064251        -2.3009235349282         -0.99999999999843        -0.52430205109517
1138                     -0.94803612361214        -2.3009218378979         -0.99999999999844        -0.52346381682398
1140                     -0.94803462391812        -2.3009203382038         -0.99999999999844        -0.52262558255278
1142                     -0.94803329861061        -2.3009190128963         -0.99999999999844        -0.52178734828159
1144                     -0.94803212740946        -2.3009178416952         -0.99999999999845        -0.52094911401039
1146                     -0.94803109239346        -2.3009168066792         -0.99999999999845        -0.5201108797392
1148                     -0.94803017772586        -2.3009158920116         -0.99999999999845        -0.51927264546801
1150                     -0.94802936941187        -2.3009150836976         -0.99999999999846        -0.51843441119681
1152                     -0.94802865508429        -2.30091436937           -0.99999999999846        -0.51759617692562
1154                     -0.94802802381423        -2.3009137380999         -0.99999999999846        -0.51675794265442
1156                     -0.94802746594379        -2.3009131802295         -0.99999999999847        -0.51591970838323
1158                     -0.94802697293816        -2.3009126872239         -0.99999999999847        -0.51508147411203
1160                     -0.94802653725506        -2.3009122515408         -0.99999999999848        -0.51424323984084
1162                     -0.94802615222928        -2.300911866515          -0.99999999999848        -0.51340500556965
1164                     -0.94802581197063        -2.3009115262563         -0.99999999999848        -0.51256677129845
1166                     -0.94802551127388        -2.3009112255596         -0.99999999999849        -0.51172853702726
1168                     -0.94802524553905        -2.3009109598248         -0.99999999999849        -0.51089030275606
1170                     -0.94802501070102        -2.3009107249867         -0.99999999999849        -0.51005206848487
1172                     -0.94802480316739        -2.3009105174531         -0.9999999999985         -0.50921383421368
1174                     -0.94802461976344        -2.3009103340492         -0.9999999999985         -0.50837559994248
1176                     -0.9480244576836         -2.3009101719693         -0.99999999999851        -0.50753736567129
1178                     -0.9480243144485         -2.3009100287342         -0.99999999999851        -0.50669913140009
1180                     -0.94802418786709        -2.3009099021528         -0.99999999999852        -0.5058608971289
1182                     -0.94802407600304        -2.3009097902888         -0.99999999999852        -0.5050226628577
1184                     -0.94802397714519        -2.3009096914309         -0.99999999999852        -0.50418442858651
1186                     -0.9480238897813         -2.300909604067          -0.99999999999853        -0.50334619431532
1188                     -0.94802381257501        -2.3009095268607         -0.99999999999853        -0.50250796004412
1190                     -0.9480237443453         -2.300909458631          -0.99999999999854        -0.50166972577293
1192                     -0.94802368404849        -2.3009093983342         -0.99999999999854        -0.50083149150173
1194                     -0.94802363076222        -2.3009093450479         -0.99999999999854        -0.49999325723054
1196                     -0.9480235836714         -2.3009092979571         -0.99999999999855        -0.49915502295935
1198                     -0.9480235420557         -2.3009092563414         -0.99999999999855        -0.49831678868815
1200                     -0.94802350527854        -2.3009092195643         -0.99999999999856        -0.49747855441696
1202                     -0.94802347277735        -2.3009091870631         -0.99999999999856        -0.49664032014576
1204                     -0.94802344405498        -2.3009091583407         -0.99999999999856        -0.49580208587457
1206                     -0.94802341867208        -2.3009091329578         -0.99999999999857        -0.49496385160337
1208                     -0.94802339624037        -2.3009091105261         -0.99999999999857        -0.49412561733218
1210                     -0.94802337641673        -2.3009090907024         -0.99999999999858        -0.49328738306099
1212                     -0.94802335889792        -2.3009090731836         -0.99999999999858        -0.49244914878979
1214                     -0.94802334341597        -2.3009090577017         -0.99999999999858        -0.4916109145186
1216                     -0.94802332973406        -2.3009090440198         -0.99999999999859        -0.4907726802474
1218                     -0.9480233176429         -2.3009090319286         -0.99999999999859        -0.48993444597621
1220                     -0.94802330695754        -2.3009090212433         -0.99999999999859        -0.48909621170502
1222                     -0.94802329751454        -2.3009090118003         -0.9999999999986         -0.48825797743382
1224                     -0.94802328916945        -2.3009090034552         -0.9999999999986         -0.48741974316263
1226                     -0.94802328179461        -2.3009089960803         -0.9999999999986         -0.48658150889143
1228                     -0.94802327527723        -2.3009089895629         -0.99999999999861        -0.48574327462024
1230                     -0.9480232695176         -2.3009089838033         -0.99999999999861        -0.48490504034905
1232                     -0.94802326442763        -2.3009089787133         -0.99999999999861        -0.48406680607785
1234                     -0.94802325992945        -2.3009089742152         -0.99999999999862        -0.48322857180666
1236                     -0.94802325595426        -2.30090897024           -0.99999999999862        -0.48239033753546
1238                     -0.94802325244125        -2.300908966727          -0.99999999999862        -0.48155210326427
1240                     -0.94802324933669        -2.3009089636224         -0.99999999999863        -0.48071386899308
1242                     -0.94802324659309        -2.3009089608788         -0.99999999999863        -0.47987563472188
1244                     -0.94802324416848        -2.3009089584542         -0.99999999999864        -0.47903740045069
1246                     -0.94802324202577        -2.3009089563115         -0.99999999999864        -0.47819916617949
1248                     -0.94802324013218        -2.3009089544179         -0.99999999999864        -0.4773609319083
1250                     -0.94802323845876        -2.3009089527445         -0.99999999999865        -0.47652269763711
1252                     -0.94802323697991        -2.3009089512656         -0.99999999999865        -0.47568446336591
1254                     -0.94802323567299        -2.3009089499587         -0.99999999999865        -0.47484622909472
1256                     -0.94802323451803        -2.3009089488037         -0.99999999999866        -0.47400799482353
1258                     -0.94802323349735        -2.3009089477831         -0.99999999999866        -0.47316976055233
1260                     -0.94802323259534        -2.3009089468811         -0.99999999999867        -0.47233152628114
1262                     -0.94802323179821        -2.3009089460839         -0.99999999999867        -0.47149329200994
1264                     -0.94802323109376        -2.3009089453795         -0.99999999999867        -0.47065505773875
1266                     -0.94802323047121        -2.3009089447569         -0.99999999999868        -0.46981682346756
1268                     -0.94802322992104        -2.3009089442068         -0.99999999999868        -0.46897858919636
1270                     -0.94802322943485        -2.3009089437206         -0.99999999999868        -0.46814035492517
1272                     -0.94802322900518        -2.3009089432909         -0.99999999999869        -0.46730212065397
1274                     -0.94802322862547        -2.3009089429112         -0.99999999999869        -0.46646388638278
1276                     -0.9480232282899         -2.3009089425756         -0.99999999999869        -0.46562565211159
1278                     -0.94802322799335        -2.3009089422791         -0.9999999999987         -0.46478741784039
1280                     -0.94802322773129        -2.300908942017          -0.9999999999987         -0.4639491835692
1282                     -0.94802322749969        -2.3009089417854         -0.9999999999987         -0.463110949298
1284                     -0.94802322729502        -2.3009089415807         -0.99999999999871        -0.46227271502681
1286                     -0.94802322711414        -2.3009089413999         -0.99999999999871        -0.46143448075562
1288                     -0.9480232269543         -2.30090894124           -0.99999999999871        -0.46059624648442
1290                     -0.94802322681304        -2.3009089410988         -0.99999999999872        -0.45975801221323
1292                     -0.94802322668821        -2.3009089409739         -0.99999999999872        -0.45891977794204
1294                     -0.94802322657789        -2.3009089408636         -0.99999999999873        -0.45808154367084
1296                     -0.9480232264804         -2.3009089407661         -0.99999999999873        -0.45724330939965
1298                     -0.94802322639424        -2.30090894068           -0.99999999999873        -0.45640507512845
1300                     -0.9480232263181         -2.3009089406038         -0.99999999999874        -0.45556684085726
1302                     -0.94802322625082        -2.3009089405365         -0.99999999999874        -0.45472860658607
1304                     -0.94802322619136        -2.3009089404771         -0.99999999999874        -0.45389037231487
1306                     -0.94802322613881        -2.3009089404245         -0.99999999999875        -0.45305213804368
1308                     -0.94802322609237        -2.3009089403781         -0.99999999999875        -0.45221390377249
1310                     -0.94802322605134        -2.300908940337          -0.99999999999875        -0.45137566950129
1312                     -0.94802322601507        -2.3009089403008         -0.99999999999876        -0.4505374352301
1314                     -0.94802322598302        -2.3009089402687         -0.99999999999876        -0.4496992009589
1316                     -0.9480232259547         -2.3009089402404         -0.99999999999876        -0.44886096668771
1318                     -0.94802322592967        -2.3009089402154         -0.99999999999877        -0.44802273241652
1320                     -0.94802322590756        -2.3009089401933         -0.99999999999877        -0.44718449814532
1322                     -0.94802322588801        -2.3009089401737         -0.99999999999877        -0.44634626387413
1324                     -0.94802322587074        -2.3009089401565         -0.99999999999878        -0.44550802960294
1326                     -0.94802322585548        -2.3009089401412         -0.99999999999878        -0.44466979533174
1328                     -0.94802322584199        -2.3009089401277         -0.99999999999878        -0.44383156106055
1330                     -0.94802322583007        -2.3009089401158         -0.99999999999878        -0.44299332678936
1332                     -0.94802322581954        -2.3009089401053         -0.99999999999879        -0.44215509251816
1334                     -0.94802322581023        -2.3009089400959         -0.99999999999879        -0.44131685824697
1336                     -0.94802322580201        -2.3009089400877         -0.99999999999879        -0.44047862397577
1338                     -0.94802322579474        -2.3009089400805         -0.99999999999879        -0.43964038970458
1340                     -0.94802322578832        -2.300908940074          -0.9999999999988         -0.43880215543339
1342                     -0.94802322578264        -2.3009089400684         -0.9999999999988         -0.43796392116219
1344                     -0.94802322577763        -2.3009089400633         -0.9999999999988         -0.437125686891
1346                     -0.9480232257732         -2.3009089400589         -0.99999999999881        -0.43628745261981
1348                     -0.94802322576929        -2.300908940055          -0.99999999999881        -0.43544921834861
1350                     -0.94802322576583        -2.3009089400515         -0.99999999999881        -0.43461098407742
1352                     -0.94802322576277        -2.3009089400485         -0.99999999999881        -0.43377274980622
1354                     -0.94802322576007        -2.3009089400458         -0.99999999999882        -0.43293451553503
1356                     -0.94802322575769        -2.3009089400434         -0.99999999999882        -0.43209628126384
1358                     -0.94802322575558        -2.3009089400413         -0.99999999999882        -0.43125804699264
1360                     -0.94802322575372        -2.3009089400394         -0.99999999999883        -0.43041981272145
1362                     -0.94802322575208        -2.3009089400378         -0.99999999999883        -0.42958157845026
1364                     -0.94802322575063        -2.3009089400363         -0.99999999999883        -0.42874334417906
1366                     -0.94802322574934        -2.3009089400351         -0.99999999999883        -0.42790510990787
1368                     -0.94802322574821        -2.3009089400339         -0.99999999999884        -0.42706687563668
1370                     -0.94802322574721        -2.3009089400329         -0.99999999999884        -0.42622864136548
1372                     -0.94802322574633        -2.300908940032          -0.99999999999884        -0.42539040709429
1374                     -0.94802322574555        -2.3009089400313         -0.99999999999884        -0.4245521728231
1376                     -0.94802322574486        -2.3009089400306         -0.99999999999885        -0.4237139385519
1378                     -0.94802322574425        -2.30090894003           -0.99999999999885        -0.42287570428071
1380                     -0.94802322574372        -2.3009089400294         -0.99999999999885        -0.42203747000951
1382                     -0.94802322574324        -2.300908940029          -0.99999999999885        -0.42119923573832
1384                     -0.94802322574283        -2.3009089400285         -0.99999999999886        -0.42036100146713
1386                     -0.94802322574246        -2.3009089400282         -0.99999999999886        -0.41952276719593
1388                     -0.94802322574213        -2.3009089400278         -0.99999999999886        -0.41868453292474
1390                     -0.94802322574185        -2.3009089400276         -0.99999999999886        -0.41784629865355
1392                     -0.9480232257416         -2.3009089400273         -0.99999999999886        -0.41700806438235
1394                     -0.94802322574137        -2.3009089400271         -0.99999999999886        -0.41616983011116
1396                     -0.94802322574118        -2.3009089400269         -0.99999999999886        -0.41533159583997
1398                     -0.94802322574101        -2.3009089400267         -0.99999999999887        -0.41449336156877
1400                     -0.94802322574086        -2.3009089400266         -0.99999999999887        -0.41365512729758
1402                     -0.94802322574072        -2.3009089400264         -0.99999999999887        -0.41281689302639
1404                     -0.94802322574061        -2.3009089400263         -0.99999999999887        -0.41197865875519
1406                     -0.9480232257405         -2.3009089400262         -0.99999999999887        -0.411140424484
1408                     -0.94802322574041        -2.3009089400261         -0.99999999999887        -0.41030219021281
1410                     -0.94802322574033        -2.300908940026          -0.99999999999888        -0.40946395594161
1412                     -0.94802322574027        -2.300908940026          -0.99999999999888        -0.40862572167042
1414                     -0.94802322574021        -2.3009089400259         -0.99999999999888        -0.40778748739922
1416                     -0.94802322574015        -2.3009089400259         -0.99999999999888        -0.40694925312803
1418                     -0.94802322574011        -2.3009089400258         -0.99999999999888        -0.40611101885684
1420                     -0.94802322574007        -2.3009089400258         -0.99999999999888        -0.40527278458564
1422                     -0.94802322574004        -2.3009089400257         -0.99999999999889        -0.40443455031445
1424                     -0.94802322574001        -2.3009089400257         -0.99999999999889        -0.40359631604326
1426                     -0.94802322573998        -2.3009089400257         -0.99999999999889        -0.40275808177206
1428                     -0.94802322573996        -2.3009089400257         -0.99999999999889        -0.40191984750087
1430                     -0.94802322573994        -2.3009089400257         -0.99999999999889        -0.40108161322968
1432                     -0.94802322573993        -2.3009089400256         -0.99999999999889        -0.40024337895848
1434                     -0.94802322573992        -2.3009089400256         -0.99999999999889        -0.39940514468729
1436                     -0.94802322573991        -2.3009089400256         -0.99999999999889        -0.39856691041609
1438                     -0.9480232257399         -2.3009089400256         -0.99999999999889        -0.3977286761449
1440                     -0.94802322573989        -2.3009089400256         -0.9999999999989         -0.39689044187371
1442                     -0.94802322573989        -2.3009089400256         -0.9999999999989         -0.39605220760251
1444                     -0.94802322573988        -2.3009089400256         -0.9999999999989         -0.39521397333132
1446                     -0.94802322573988        -2.3009089400256         -0.9999999999989         -0.39437573906013
1448                     -0.94802322573988        -2.3009089400256         -0.9999999999989         -0.39353750478893
1450                     -0.94802322573988        -2.3009089400256         -0.9999999999989         -0.39269927051774
1452                     -0.94802322573987        -2.3009089400256         -0.9999999999989         -0.39186103624654
1454                     -0.94802322573987        -2.3009089400256         -0.9999999999989         -0.39102280197535
1456                     -0.94802322573988        -2.3009089400256         -0.9999999999989         -0.39018456770416
1458                     -0.94802322573988        -2.3009089400256         -0.9999999999989         -0.38934633343296
1460                     -0.94802322573988        -2.3009089400256         -0.9999999999989         -0.38850809916177
1462                     -0.94802322573988        -2.3009089400256         -0.9999999999989         -0.38766986489058
1464                     -0.94802322573989        -2.3009089400256         -0.9999999999989         -0.38683163061938
1466                     -0.94802322573989        -2.3009089400256         -0.9999999999989         -0.38599339634819
1468                     -0.94802322573989        -2.3009089400256         -0.9999999999989         -0.38515516207699
1470                     -0.9480232257399         -2.3009089400256         -0.9999999999989         -0.3843169278058
1472                     -0.9480232257399         -2.3009089400256         -0.9999999999989         -0.38347869353461
1474                     -0.94802322573991        -2.3009089400256         -0.9999999999989         -0.38264045926341
1476                     -0.94802322573991        -2.3009089400256         -0.99999999999891        -0.38180222499222
1478                     -0.94802322573992        -2.3009089400256         -0.99999999999891        -0.38096399072103
1480                     -0.94802322573992        -2.3009089400256         -0.99999999999891        -0.38012575644983
1482                     -0.94802322573993        -2.3009089400256         -0.99999999999891        -0.37928752217864
1484                     -0.94802322573993        -2.3009089400256         -0.99999999999891        -0.37844928790745
1486                     -0.94802322573994        -2.3009089400257         -0.99999999999891        -0.37761105363625
1488                     -0.94802322573994        -2.3009089400257         -0.99999999999891        -0.37677281936506
1490                     -0.94802322573995        -2.3009089400257         -0.99999999999891        -0.37593458509386
1492                     -0.94802322573995        -2.3009089400257         -0.99999999999891        -0.37509635082267
1494                     -0.94802322573996        -2.3009089400257         -0.99999999999891        -0.37425811655148
1496                     -0.94802322573996        -2.3009089400257         -0.99999999999891        -0.37341988228028
1498                     -0.94802322573997        -2.3009089400257         -0.99999999999891        -0.37258164800909
1500                     -0.94802322573997        -2.3009089400257         -0.99999999999891        -0.3717434137379
1502                     -0.94802322573998        -2.3009089400257         -0.99999999999891        -0.3709051794667
1504                     -0.94802322573998        -2.3009089400257         -0.99999999999891        -0.37006694519551
1506                     -0.94802322573999        -2.3009089400257         -0.99999999999891        -0.36922871092431
1508                     -0.94802322573999        -2.3009089400257         -0.99999999999891        -0.36839047665312
1510                     -0.94802322574           -2.3009089400257         -0.9999999999989         -0.36755224238193
1512                     -0.94802322574           -2.3009089400257         -0.9999999999989         -0.36671400811073
1514                     -0.94802322574001        -2.3009089400257         -0.9999999999989         -0.36587577383954
1516                     -0.94802322574001        -2.3009089400257         -0.9999999999989         -0.36503753956835
1518                     -0.94802322574002        -2.3009089400257         -0.9999999999989         -0.36419930529715
1520                     -0.94802322574002        -2.3009089400257         -0.9999999999989         -0.36336107102596
1522                     -0.94802322574002        -2.3009089400257         -0.9999999999989         -0.36252283675476
1524                     -0.94802322574002        -2.3009089400257         -0.9999999999989         -0.36168460248357
1526                     -0.94802322574003        -2.3009089400257         -0.9999999999989         -0.36084636821238
1528                     -0.94802322574003        -2.3009089400257         -0.9999999999989         -0.36000813394118
1530                     -0.94802322574003        -2.3009089400257         -0.9999999999989         -0.35916989966999
1532                     -0.94802322574003        -2.3009089400257         -0.9999999999989         -0.3583316653988
1534                     -0.94802322574003        -2.3009089400257         -0.9999999999989         -0.3574934311276
1536                     -0.94802322574004        -2.3009089400257         -0.9999999999989         -0.35665519685641
1538                     -0.94802322574004        -2.3009089400257         -0.9999999999989         -0.35581696258521
1540                     -0.94802322574004        -2.3009089400257         -0.9999999999989         -0.35497872831402
1542                     -0.94802322574003        -2.3009089400257         -0.9999999999989         -0.35414049404283
1544                     -0.94802322574003        -2.3009089400257         -0.9999999999989         -0.35330225977163
1546                     -0.94802322574003        -2.3009089400257         -0.9999999999989         -0.35246402550044
1548                     -0.94802322574002        -2.3009089400257         -0.9999999999989         -0.35162579122925
1550                     -0.94802322574002        -2.3009089400257         -0.9999999999989         -0.35078755695805
1552                     -0.94802322574001        -2.3009089400257         -0.9999999999989         -0.34994932268686
1554                     -0.94802322574           -2.3009089400257         -0.9999999999989         -0.34911108841566
1556                     -0.94802322573999        -2.3009089400257         -0.9999999999989         -0.34827285414447
1558                     -0.94802322573998        -2.3009089400257         -0.9999999999989         -0.34743461987328
1560                     -0.94802322573997        -2.3009089400257         -0.9999999999989         -0.34659638560208
1562                     -0.94802322573995        -2.3009089400257         -0.9999999999989         -0.34575815133089
1564                     -0.94802322573993        -2.3009089400256         -0.9999999999989         -0.3449199170597
1566                     -0.94802322573991        -2.3009089400256         -0.9999999999989         -0.3440816827885
1568                     -0.94802322573989        -2.3009089400256         -0.9999999999989         -0.34324344851731
1570                     -0.94802322573986        -2.3009089400256         -0.99999999999889        -0.34240521424611
1572                     -0.94802322573982        -2.3009089400255         -0.99999999999889        -0.34156697997492
1574                     -0.94802322573978        -2.3009089400255         -0.99999999999889        -0.34072874570373
1576                     -0.94802322573974        -2.3009089400255         -0.99999999999889        -0.33989051143253
1578                     -0.94802322573968        -2.3009089400254         -0.99999999999889        -0.33905227716134
1580                     -0.94802322573962        -2.3009089400253         -0.99999999999889        -0.33821404289015
1582                     -0.94802322573956        -2.3009089400253         -0.99999999999889        -0.33737580861895
1584                     -0.94802322573948        -2.3009089400252         -0.99999999999889        -0.33653757434776
1586                     -0.94802322573939        -2.3009089400251         -0.99999999999889        -0.33569934007656
1588                     -0.94802322573929        -2.300908940025          -0.99999999999889        -0.33486110580537
1590                     -0.94802322573917        -2.3009089400249         -0.99999999999889        -0.33402287153418
1592                     -0.94802322573904        -2.3009089400248         -0.99999999999889        -0.33318463726298
1594                     -0.94802322573889        -2.3009089400246         -0.99999999999888        -0.33234640299179
1596                     -0.94802322573872        -2.3009089400244         -0.99999999999888        -0.3315081687206
1598                     -0.94802322573852        -2.3009089400242         -0.99999999999888        -0.3306699344494
1600                     -0.9480232257383         -2.300908940024          -0.99999999999888        -0.32983170017821
1602                     -0.94802322573805        -2.3009089400238         -0.99999999999888        -0.32899346590701
1604                     -0.94802322573777        -2.3009089400235         -0.99999999999888        -0.32815523163582
1606                     -0.94802322573745        -2.3009089400232         -0.99999999999888        -0.32731699736463
1608                     -0.94802322573709        -2.3009089400228         -0.99999999999888        -0.32647876309343
1610                     -0.94802322573668        -2.3009089400224         -0.99999999999888        -0.32564052882224
1612                     -0.94802322573621        -2.3009089400219         -0.99999999999888        -0.32480229455104
1614                     -0.94802322573568        -2.3009089400214         -0.99999999999888        -0.32396406027985
1616                     -0.94802322573509        -2.3009089400208         -0.99999999999888        -0.32312582600866
1618                     -0.94802322573441        -2.3009089400201         -0.99999999999888        -0.32228759173746
1620                     -0.94802322573365        -2.3009089400194         -0.99999999999887        -0.32144935746627
1622                     -0.94802322573278        -2.3009089400185         -0.99999999999887        -0.32061112319508
1624                     -0.9480232257318         -2.3009089400175         -0.99999999999887        -0.31977288892388
1626                     -0.94802322573069        -2.3009089400164         -0.99999999999887        -0.31893465465269
1628                     -0.94802322572943        -2.3009089400151         -0.99999999999887        -0.31809642038149
1630                     -0.94802322572801        -2.3009089400137         -0.99999999999887        -0.3172581861103
1632                     -0.94802322572641        -2.3009089400121         -0.99999999999887        -0.31641995183911
1634                     -0.94802322572459        -2.3009089400103         -0.99999999999887        -0.31558171756791
1636                     -0.94802322572253        -2.3009089400082         -0.99999999999887        -0.31474348329672
1638                     -0.9480232257202         -2.3009089400059         -0.99999999999887        -0.31390524902553
1640                     -0.94802322571756        -2.3009089400033         -0.99999999999887        -0.31306701475433
1642                     -0.94802322571458        -2.3009089400003         -0.99999999999887        -0.31222878048314
1644                     -0.9480232257112         -2.3009089399969         -0.99999999999886        -0.31139054621194
1646                     -0.94802322570738        -2.3009089399931         -0.99999999999886        -0.31055231194075
1648                     -0.94802322570306        -2.3009089399888         -0.99999999999886        -0.30971407766956
1650                     -0.94802322569816        -2.3009089399839         -0.99999999999886        -0.30887584339836
1652                     -0.94802322569263        -2.3009089399783         -0.99999999999886        -0.30803760912717
1654                     -0.94802322568636        -2.3009089399721         -0.99999999999886        -0.30719937485598
1656                     -0.94802322567927        -2.300908939965          -0.99999999999885        -0.30636114058478
1658                     -0.94802322567125        -2.300908939957          -0.99999999999885        -0.30552290631359
1660                     -0.94802322566218        -2.3009089399479         -0.99999999999885        -0.30468467204239
1662                     -0.94802322565191        -2.3009089399376         -0.99999999999885        -0.3038464377712
1664                     -0.94802322564029        -2.300908939926          -0.99999999999885        -0.30300820350001
1666                     -0.94802322562714        -2.3009089399128         -0.99999999999885        -0.30216996922881
1668                     -0.94802322561226        -2.300908939898          -0.99999999999885        -0.30133173495762
1670                     -0.94802322559542        -2.3009089398811         -0.99999999999884        -0.30049350068643
1672                     -0.94802322557636        -2.3009089398621         -0.99999999999884        -0.29965526641523
1674                     -0.9480232255548         -2.3009089398405         -0.99999999999884        -0.29881703214404
1676                     -0.94802322553041        -2.3009089398161         -0.99999999999884        -0.29797879787284
1678                     -0.9480232255028         -2.3009089397885         -0.99999999999884        -0.29714056360165
1680                     -0.94802322547156        -2.3009089397573         -0.99999999999884        -0.29630232933046
1682                     -0.94802322543621        -2.3009089397219         -0.99999999999884        -0.29546409505926
1684                     -0.94802322539621        -2.3009089396819         -0.99999999999883        -0.29462586078807
1686                     -0.94802322535095        -2.3009089396367         -0.99999999999883        -0.29378762651688
1688                     -0.94802322529974        -2.3009089395854         -0.99999999999883        -0.29294939224568
1690                     -0.94802322524178        -2.3009089395275         -0.99999999999883        -0.29211115797449
1692                     -0.9480232251762         -2.3009089394619         -0.99999999999883        -0.29127292370329
1694                     -0.94802322510199        -2.3009089393877         -0.99999999999883        -0.2904346894321
1696                     -0.94802322501802        -2.3009089393037         -0.99999999999883        -0.28959645516091
1698                     -0.948023224923          -2.3009089392087         -0.99999999999883        -0.28875822088971
1700                     -0.94802322481548        -2.3009089391012         -0.99999999999882        -0.28791998661852
1702                     -0.94802322469381        -2.3009089389795         -0.99999999999882        -0.28708175234732
1704                     -0.94802322455614        -2.3009089388419         -0.99999999999882        -0.28624351807613
1706                     -0.94802322440036        -2.3009089386861         -0.99999999999882        -0.28540528380494
1708                     -0.94802322422408        -2.3009089385098         -0.99999999999882        -0.28456704953374
1710                     -0.9480232240246         -2.3009089383103         -0.99999999999882        -0.28372881526255
1712                     -0.94802322379889        -2.3009089380846         -0.99999999999881        -0.28289058099136
1714                     -0.94802322354348        -2.3009089378292         -0.99999999999881        -0.28205234672016
1716                     -0.94802322325446        -2.3009089375402         -0.99999999999881        -0.28121411244897
1718                     -0.94802322292743        -2.3009089372131         -0.99999999999881        -0.28037587817777
1720                     -0.94802322255736        -2.3009089368431         -0.99999999999881        -0.27953764390658
1722                     -0.94802322213861        -2.3009089364243         -0.99999999999881        -0.27869940963539
1724                     -0.94802322166477        -2.3009089359505         -0.9999999999988         -0.27786117536419
1726                     -0.94802322112859        -2.3009089354143         -0.9999999999988         -0.277022941093
1728                     -0.94802322052186        -2.3009089348076         -0.9999999999988         -0.2761847068218
1730                     -0.94802321983532        -2.300908934121          -0.9999999999988         -0.27534647255061
1732                     -0.94802321905845        -2.3009089333442         -0.9999999999988         -0.27450823827942
1734                     -0.94802321817937        -2.3009089324651         -0.9999999999988         -0.27367000400822
1736                     -0.94802321718463        -2.3009089314703         -0.99999999999879        -0.27283176973703
1738                     -0.94802321605903        -2.3009089303447         -0.99999999999879        -0.27199353546583
1740                     -0.94802321478534        -2.3009089290711         -0.99999999999879        -0.27115530119464
1742                     -0.94802321334408        -2.3009089276298         -0.99999999999879        -0.27031706692345
1744                     -0.9480232117132         -2.3009089259989         -0.99999999999879        -0.26947883265225
1746                     -0.94802320986776        -2.3009089241535         -0.99999999999879        -0.26864059838106
1748                     -0.94802320777952        -2.3009089220652         -0.99999999999878        -0.26780236410986
1750                     -0.94802320541655        -2.3009089197023         -0.99999999999878        -0.26696412983867
1752                     -0.9480232027427         -2.3009089170284         -0.99999999999878        -0.26612589556748
1754                     -0.94802319971708        -2.3009089140028         -0.99999999999878        -0.26528766129628
1756                     -0.94802319629338        -2.3009089105791         -0.99999999999878        -0.26444942702509
1758                     -0.94802319241926        -2.300908906705          -0.99999999999878        -0.26361119275389
1760                     -0.94802318803545        -2.3009089023212         -0.99999999999877        -0.2627729584827
1762                     -0.94802318307489        -2.3009088973606         -0.99999999999877        -0.26193472421151
1764                     -0.9480231774617         -2.3009088917474         -0.99999999999877        -0.26109648994031
1766                     -0.94802317111002        -2.3009088853957         -0.99999999999877        -0.26025825566912
1768                     -0.9480231639227         -2.3009088782084         -0.99999999999877        -0.25942002139792
1770                     -0.94802315578979        -2.3009088700755         -0.99999999999876        -0.25858178712673
1772                     -0.9480231465869         -2.3009088608726         -0.99999999999876        -0.25774355285554
1774                     -0.94802313617324        -2.300908850459          -0.99999999999876        -0.25690531858434
1776                     -0.94802312438953        -2.3009088386752         -0.99999999999876        -0.25606708431315
1778                     -0.94802311105552        -2.3009088253412         -0.99999999999876        -0.25522885004196
1780                     -0.94802309596724        -2.300908810253          -0.99999999999876        -0.25439061577076
1782                     -0.94802307889391        -2.3009087931796         -0.99999999999875        -0.25355238149957
1784                     -0.94802305957437        -2.3009087738601         -0.99999999999875        -0.25271414722837
1786                     -0.94802303771308        -2.3009087519988         -0.99999999999875        -0.25187591295718
1788                     -0.94802301297567        -2.3009087272614         -0.99999999999875        -0.25103767868599
1790                     -0.94802298498373        -2.3009086992694         -0.99999999999874        -0.25019944441479
1792                     -0.9480229533091         -2.3009086675948         -0.99999999999874        -0.2493612101436
1794                     -0.94802291746726        -2.300908631753          -0.99999999999874        -0.2485229758724
1796                     -0.94802287690998        -2.3009085911957         -0.99999999999874        -0.24768474160121
1798                     -0.94802283101687        -2.3009085453026         -0.99999999999873        -0.24684650733002
1800                     -0.94802277908596        -2.3009084933717         -0.99999999999873        -0.24600827305882
1802                     -0.94802272032288        -2.3009084346086         -0.99999999999873        -0.24517003878763
1804                     -0.9480226538288         -2.3009083681145         -0.99999999999873        -0.24433180451643
1806                     -0.94802257858662        -2.3009082928723         -0.99999999999872        -0.24349357024524
1808                     -0.94802249344541        -2.3009082077311         -0.99999999999872        -0.24265533597405
1810                     -0.94802239710286        -2.3009081113886         -0.99999999999872        -0.24181710170285
1812                     -0.94802228808532        -2.300908002371          -0.99999999999872        -0.24097886743166
1814                     -0.94802216472524        -2.300907879011          -0.99999999999871        -0.24014063316046
1816                     -0.94802202513575        -2.3009077394215         -0.99999999999871        -0.23930239888927
1818                     -0.9480218671817         -2.3009075814674         -0.99999999999871        -0.23846416461808
1820                     -0.94802168844706        -2.3009074027328         -0.9999999999987         -0.23762593034688
1822                     -0.94802148619799        -2.3009072004837         -0.9999999999987         -0.23678769607569
1824                     -0.94802125734097        -2.3009069716267         -0.9999999999987         -0.23594946180449
1826                     -0.94802099837553        -2.3009067126612         -0.99999999999869        -0.2351112275333
1828                     -0.94802070534075        -2.3009064196265         -0.99999999999869        -0.23427299326211
1830                     -0.94802037375459        -2.3009060880403         -0.99999999999869        -0.23343475899091
1832                     -0.94801999854547        -2.3009057128312         -0.99999999999868        -0.23259652471972
1834                     -0.94801957397466        -2.3009052882604         -0.99999999999868        -0.23175829044852
1836                     -0.94801909354852        -2.3009048078342         -0.99999999999868        -0.23092005617733
1838                     -0.94801854991927        -2.300904264205          -0.99999999999867        -0.23008182190614
1840                     -0.94801793477263        -2.3009036490583         -0.99999999999867        -0.22924358763494
1842                     -0.94801723870071        -2.3009029529864         -0.99999999999867        -0.22840535336375
1844                     -0.94801645105825        -2.300902165344          -0.99999999999866        -0.22756711909255
1846                     -0.94801555979984        -2.3009012740856         -0.99999999999866        -0.22672888482136
1848                     -0.94801455129593        -2.3009002655816         -0.99999999999866        -0.22589065055017
1850                     -0.94801341012446        -2.3008991244102         -0.99999999999865        -0.22505241627897
1852                     -0.94801211883533        -2.300897833121          -0.99999999999865        -0.22421418200778
1854                     -0.94801065768375        -2.3008963719695         -0.99999999999865        -0.22337594773659
1856                     -0.9480090043287         -2.3008947186144         -0.99999999999865        -0.22253771346539
1858                     -0.94800713349177        -2.3008928477775         -0.99999999999864        -0.2216994791942
1860                     -0.94800501657121        -2.3008907308569         -0.99999999999864        -0.220861244923
1862                     -0.9480026212054         -2.3008883354911         -0.99999999999864        -0.22002301065181
1864                     -0.94799991077898        -2.3008856250647         -0.99999999999863        -0.21918477638062
1866                     -0.94799684386438        -2.3008825581501         -0.99999999999863        -0.21834654210942
1868                     -0.94799337359007        -2.3008790878758         -0.99999999999863        -0.21750830783823
1870                     -0.94798944692612        -2.3008751612118         -0.99999999999862        -0.21667007356703
1872                     -0.94798500387629        -2.300870718162          -0.99999999999862        -0.21583183929584
1874                     -0.94797997656445        -2.3008656908502         -0.99999999999862        -0.21499360502465
1876                     -0.94797428820161        -2.3008600024873         -0.99999999999861        -0.21415537075345
1878                     -0.94796785191815        -2.3008535662039         -0.99999999999861        -0.21331713648226
1880                     -0.94796056944372        -2.3008462837294         -0.99999999999861        -0.21247890221106
1882                     -0.94795232961518        -2.3008380439009         -0.9999999999986         -0.21164066793987
1884                     -0.94794300669046        -2.3008287209762         -0.9999999999986         -0.21080243366868
1886                     -0.94793245844342        -2.3008181727291         -0.9999999999986         -0.20996419939748
1888                     -0.94792052401158        -2.3008062382973         -0.99999999999859        -0.20912596512629
1890                     -0.94790702146542        -2.3007927357511         -0.99999999999859        -0.2082877308551
1892                     -0.94789174506369        -2.3007774593494         -0.99999999999859        -0.2074494965839
1894                     -0.94787446215515        -2.3007601764409         -0.99999999999859        -0.20661126231271
1896                     -0.94785490968238        -2.3007406239681         -0.99999999999858        -0.20577302804151
1898                     -0.94783279023782        -2.3007185045235         -0.99999999999858        -0.20493479377032
1900                     -0.94780776761676        -2.3006934819025         -0.99999999999858        -0.20409655949913
1902                     -0.94777946180521        -2.3006651760909         -0.99999999999857        -0.20325832522793
1904                     -0.94774744333406        -2.3006331576198         -0.99999999999857        -0.20242009095674
1906                     -0.94771122692314        -2.3005969412089         -0.99999999999857        -0.20158185668554
1908                     -0.94767026433072        -2.3005559786164         -0.99999999999857        -0.20074362241435
1910                     -0.9476239363155         -2.3005096506012         -0.99999999999856        -0.19990538814316
1912                     -0.94757154360893        -2.3004572578946         -0.99999999999856        -0.19906715387196
1914                     -0.947512296786          -2.3003980110717         -0.99999999999856        -0.19822891960077
1916                     -0.94744530491337        -2.3003310191991         -0.99999999999855        -0.19739068532957
1918                     -0.9473695628437         -2.3002552771294         -0.99999999999855        -0.19655245105838
1920                     -0.94728393701586        -2.3001696513016         -0.99999999999855        -0.19571421678719
1922                     -0.9471871496123         -2.300072863898          -0.99999999999855        -0.19487598251599
1924                     -0.9470777609177         -2.2999634752034         -0.99999999999854        -0.1940377482448
1926                     -0.9469541497183         -2.299839864004          -0.99999999999854        -0.19319951397361
1928                     -0.94681449157967        -2.2997002058654         -0.99999999999854        -0.19236127970241
1930                     -0.94665673484354        -2.2995424491293         -0.99999999999853        -0.19152304543122
1932                     -0.94647857419348        -2.2993642884792         -0.99999999999853        -0.19068481116002
1934                     -0.94627742165609        -2.2991631359418         -0.99999999999853        -0.18984657688883
1936                     -0.94605037493232        -2.298936089218          -0.99999999999853        -0.18900834261764
1938                     -0.94579418299393        -2.2986798972796         -0.99999999999852        -0.18817010834644
1940                     -0.94550520893796        -2.2983909232237         -0.99999999999852        -0.18733187407525
1942                     -0.94517939016962        -2.2980651044553         -0.99999999999852        -0.18649363980405
1944                     -0.94481219608604        -2.2976979103718         -0.99999999999852        -0.18565540553286
1946                     -0.94439858356397        -2.2972842978497         -0.99999999999851        -0.18481717126167
1948                     -0.94393295071783        -2.2968186650035         -0.99999999999851        -0.18397893699047
1950                     -0.94340908959355        -2.2962948038793         -0.99999999999851        -0.18314070271928
1952                     -0.94282013870176        -2.2957058529875         -0.9999999999985         -0.18230246844808
1954                     -0.94215853656962        -2.2950442508553         -0.9999999999985         -0.18146423417689
1956                     -0.9414159778022         -2.2943016920879         -0.9999999999985         -0.1806259999057
1958                     -0.94058337348265        -2.2934690877684         -0.9999999999985         -0.1797877656345
1960                     -0.93965081809195        -2.2925365323777         -0.99999999999849        -0.17894953136331
1962                     -0.93860756547048        -2.2914932797562         -0.99999999999849        -0.17811129709211
1964                     -0.93744201664378        -2.2903277309295         -0.99999999999849        -0.17727306282092
1966                     -0.936141722551          -2.2890274368367         -0.99999999999848        -0.17643482854973
1968                     -0.93469340479485        -2.2875791190806         -0.99999999999848        -0.17559659427853
1970                     -0.93308299741687        -2.2859687117026         -0.99999999999847        -0.17475836000734
1972                     -0.93129571233067        -2.2841814266164         -0.99999999999847        -0.17392012573614
1974                     -0.92931613036213        -2.2822018446478         -0.99999999999847        -0.17308189146495
1976                     -0.92712831881425        -2.2800140331            -0.99999999999846        -0.17224365719376
1978                     -0.92471597508864        -2.2776016893744         -0.99999999999845        -0.17140542292256
1980                     -0.92206259419985        -2.2749483084856         -0.99999999999845        -0.17056718865137
1982                     -0.91915165611262        -2.2720373703983         -0.99999999999844        -0.16972895438017
1984                     -0.91596682688024        -2.268852541166          -0.99999999999843        -0.16889072010898
1986                     -0.91249216578333        -2.265377880069          -0.99999999999842        -0.16805248583779
1988                     -0.9087123293127         -2.2615980435984         -0.99999999999841        -0.16721425156659
1990                     -0.90461276215115        -2.2574984764369         -0.9999999999984         -0.1663760172954
1992                     -0.90017986547678        -2.2530655797625         -0.99999999999839        -0.1655377830242
1994                     -0.8954011340197         -2.2482868483054         -0.99999999999837        -0.16469954875301
1996                     -0.89026525530648        -2.2431509695922         -0.99999999999835        -0.16386131448182
1998                     -0.88476216722584        -2.2376478815116         -0.99999999999833        -0.16302308021062
2000                     -0.94002085696344        -2.1121611389683         -0.99999999999832        -0.16218484593943
2002                     -0.99600481747843        -1.9873996672025         -0.99999999999832        -0.16176221675531
2004                     -0.99166953781495        -1.983064387539          -0.99999999999832        -0.16133958757119
2006                     -0.98799461148463        -1.9793894612087         -0.99999999999832        -0.16091695838708
2008                     -0.98485953891842        -1.9762543886425         -0.99999999999832        -0.16049432920296
2010                     -0.98217078100885        -1.9735656307329         -0.99999999999832        -0.16007170001884
2012                     -0.97985451745332        -1.9712493671774         -0.99999999999832        -0.15964907083473
2014                     -0.97785164460514        -1.9692464943292         -0.99999999999832        -0.15922644165061
2016                     -0.97611424435864        -1.9675090940827         -0.99999999999832        -0.15880381246649
2018                     -0.974603040792          -1.9659978905161         -0.99999999999832        -0.15838118328238
2020                     -0.97328553398912        -1.9646803837132         -0.99999999999832        -0.15795855409826
2022                     -0.97213460723557        -1.9635294569597         -0.99999999999832        -0.15753592491414
2024                     -0.97112747116968        -1.9625223208938         -0.99999999999832        -0.15711329573002
2026                     -0.9702448518532         -1.9616397015773         -0.99999999999832        -0.15669066654591
2028                     -0.96947035819156        -1.9608652079157         -0.99999999999832        -0.15626803736179
2030                     -0.96878998315091        -1.960184832875          -0.99999999999832        -0.15584540817767
2032                     -0.96819170614043        -1.9595865558645         -0.99999999999832        -0.15542277899356
2034                     -0.96766517284909        -1.9590600225732         -0.99999999999832        -0.15500014980944
2036                     -0.9672014350766         -1.9585962848007         -0.99999999999832        -0.15457752062532
2038                     -0.96679273754026        -1.9581875872644         -0.99999999999832        -0.15415489144121
2040                     -0.96643234183686        -1.957827191561          -0.99999999999832        -0.15373226225709
2042                     -0.96611438006934        -1.9575092297934         -0.99999999999832        -0.15330963307297
2044                     -0.96583373236618        -1.9572285820903         -0.99999999999832        -0.15288700388885
2046                     -0.96558592380181        -1.9569807735259         -0.99999999999833        -0.15246437470474
2048                     -0.96536703719068        -1.9567618869148         -0.99999999999833        -0.15204174552062
2050                     -0.96517363896072        -1.9565684886848         -0.99999999999833        -0.1516191163365
2052                     -0.9650027158742         -1.9563975655983         -0.99999999999833        -0.15119648715239
2054                     -0.9648516207994         -1.9562464705235         -0.99999999999833        -0.15077385796827
2056                     -0.96471802607644        -1.9561128758005         -0.99999999999833        -0.15035122878415
2058                     -0.9645998832877         -1.9559947330118         -0.99999999999833        -0.14992859960004
2060                     -0.96449538845514        -1.9558902381792         -0.99999999999833        -0.14950597041592
2062                     -0.96440295185627        -1.9557978015804         -0.99999999999833        -0.1490833412318
2064                     -0.96432117178614        -1.9557160215102         -0.99999999999833        -0.14866071204768
2066                     -0.96424881170309        -1.9556436614272         -0.99999999999833        -0.14823808286357
2068                     -0.96418478028578        -1.9555796300099         -0.99999999999833        -0.14781545367945
2070                     -0.96412811400202        -1.9555229637261         -0.99999999999833        -0.14739282449533
2072                     -0.9640779618512         -1.9554728115753         -0.99999999999833        -0.14697019531122
2074                     -0.96403357199179        -1.9554284217159         -0.99999999999833        -0.1465475661271
2076                     -0.96399428000752        -1.9553891297316         -0.99999999999833        -0.14612493694298
2078                     -0.96395949860083        -1.9553543483249         -0.99999999999833        -0.14570230775887
2080                     -0.9639287085317         -1.9553235582558         -0.99999999999833        -0.14527967857475
2082                     -0.96390145064483        -1.9552963003689         -0.99999999999833        -0.14485704939063
2084                     -0.96387731884949        -1.9552721685736         -0.99999999999833        -0.14443442020651
2086                     -0.963855953934          -1.9552508036581         -0.99999999999833        -0.1440117910224
2088                     -0.9638370381127         -1.9552318878368         -0.99999999999833        -0.14358916183828
2090                     -0.96382029021614        -1.9552151399402         -0.99999999999833        -0.14316653265416
2092                     -0.96380546144668        -1.9552003111708         -0.99999999999833        -0.14274390347005
2094                     -0.96379233163154        -1.9551871813556         -0.99999999999833        -0.14232127428593
2096                     -0.96378070591391        -1.955175555638          -0.99999999999833        -0.14189864510181
2098                     -0.96377041182979        -1.9551652615539         -0.99999999999833        -0.1414760159177
2100                     -0.96376129672512        -1.9551561464492         -0.99999999999833        -0.14105338673358
2102                     -0.9637532254728         -1.9551480751969         -0.99999999999833        -0.14063075754946
2104                     -0.96374607845447        -1.9551409281786         -0.99999999999833        -0.14020812836534
2106                     -0.96373974977593        -1.9551345995            -0.99999999999833        -0.13978549918123
2108                     -0.96373414568894        -1.955128995413          -0.99999999999833        -0.13936286999711
2110                     -0.96372918319525        -1.9551240329194         -0.99999999999833        -0.13894024081299
2112                     -0.96372478881169        -1.9551196385358         -0.99999999999833        -0.13851761162888
2114                     -0.96372089747759        -1.9551157472017         -0.99999999999833        -0.13809498244476
2116                     -0.96371745158808        -1.9551123013122         -0.99999999999833        -0.13767235326064
2118                     -0.96371440013857        -1.9551092498627         -0.99999999999833        -0.13724972407653
2120                     -0.96371169796769        -1.9551065476918         -0.99999999999833        -0.13682709489241
2122                     -0.96370930508719        -1.9551041548113         -0.99999999999833        -0.13640446570829
2124                     -0.96370718608887        -1.955102035813          -0.99999999999833        -0.13598183652417
2126                     -0.9637053096196         -1.9551001593437         -0.99999999999833        -0.13555920734006
2128                     -0.9637036479166         -1.9550984976407         -0.99999999999833        -0.13513657815594
2130                     -0.96370217639605        -1.9550970261202         -0.99999999999833        -0.13471394897182
2132                     -0.96370087328889        -1.955095723013          -0.99999999999833        -0.13429131978771
2134                     -0.96369971931839        -1.9550945690425         -0.99999999999833        -0.13386869060359
2136                     -0.96369869741466        -1.9550935471388         -0.99999999999833        -0.13344606141947
2138                     -0.96369779246195        -1.955092642186          -0.99999999999833        -0.13302343223536
2140                     -0.96369699107483        -1.9550918407989         -0.99999999999833        -0.13260080305124
2142                     -0.96369628140011        -1.9550911311242         -0.99999999999832        -0.13217817386712
2144                     -0.96369565294132        -1.9550905026654         -0.99999999999832        -0.131755544683
2146                     -0.96369509640345        -1.9550899461275         -0.99999999999832        -0.13133291549889
2148                     -0.96369460355538        -1.9550894532795         -0.99999999999832        -0.13091028631477
2150                     -0.96369416710807        -1.9550890168322         -0.99999999999832        -0.13048765713065
2152                     -0.96369378060672        -1.9550886303308         -0.99999999999832        -0.13006502794654
2154                     -0.9636934383353         -1.9550882880594         -0.99999999999832        -0.12964239876242
2156                     -0.96369313523195        -1.955087984956          -0.99999999999832        -0.1292197695783
2158                     -0.9636928668141         -1.9550877165382         -0.99999999999832        -0.12879714039419
2160                     -0.96369262911222        -1.9550874788363         -0.99999999999832        -0.12837451121007
2162                     -0.96369241861102        -1.9550872683351         -0.99999999999832        -0.12795188202595
2164                     -0.9636922321975         -1.9550870819216         -0.99999999999832        -0.12752925284183
2166                     -0.96369206711493        -1.955086916839          -0.99999999999832        -0.12710662365772
2168                     -0.96369192092199        -1.9550867706461         -0.99999999999832        -0.1266839944736
2170                     -0.96369179145677        -1.9550866411809         -0.99999999999831        -0.12626136528948
2172                     -0.9636916768047         -1.9550865265288         -0.99999999999831        -0.12583873610537
2174                     -0.96369157527031        -1.9550864249944         -0.99999999999831        -0.12541610692125
2176                     -0.9636914853521         -1.9550863350762         -0.99999999999831        -0.12499347773713
2178                     -0.96369140572035        -1.9550862554445         -0.99999999999831        -0.12457084855301
2180                     -0.96369133519748        -1.9550861849216         -0.99999999999831        -0.1241482193689
2182                     -0.96369127274061        -1.9550861224647         -0.99999999999831        -0.12372559018478
2184                     -0.96369121742612        -1.9550860671502         -0.99999999999831        -0.12330296100066
2186                     -0.96369116843604        -1.9550860181601         -0.99999999999831        -0.12288033181655
2188                     -0.9636911250459         -1.95508597477           -0.99999999999831        -0.12245770263243
2190                     -0.96369108661407        -1.9550859363382         -0.9999999999983         -0.12203507344831
2192                     -0.96369105257221        -1.9550859022963         -0.9999999999983         -0.1216124442642
2194                     -0.96369102241694        -1.955085872141          -0.9999999999983         -0.12118981508008
2196                     -0.96369099570231        -1.9550858454264         -0.9999999999983         -0.12076718589596
2198                     -0.96369097203329        -1.9550858217574         -0.9999999999983         -0.12034455671184
2200                     -0.96369095105985        -1.955085800784          -0.9999999999983         -0.11992192752773
2202                     -0.96369093247186        -1.955085782196          -0.9999999999983         -0.11949929834361
2204                     -0.96369091599443        -1.9550857657185         -0.9999999999983         -0.11907666915949
2206                     -0.9636909013839         -1.955085751108          -0.9999999999983         -0.11865403997538
2208                     -0.96369088842422        -1.9550857381483         -0.9999999999983         -0.11823141079126
2210                     -0.96369087692374        -1.9550857266478         -0.9999999999983         -0.11780878160714
2212                     -0.9636908667124         -1.9550857164365         -0.99999999999829        -0.11738615242303
2214                     -0.9636908576392         -1.9550857073633         -0.99999999999829        -0.11696352323891
2216                     -0.96369084956996        -1.9550856992941         -0.99999999999829        -0.11654089405479
2218                     -0.96369084238536        -1.9550856921095         -0.99999999999829        -0.11611826487067
2220                     -0.96369083597916        -1.9550856857033         -0.99999999999829        -0.11569563568656
2222                     -0.96369083025662        -1.9550856799807         -0.99999999999829        -0.11527300650244
2224                     -0.96369082513312        -1.9550856748572         -0.99999999999829        -0.11485037731832
2226                     -0.96369082053289        -1.955085670257          -0.99999999999829        -0.11442774813421
2228                     -0.96369081638792        -1.955085666112          -0.99999999999829        -0.11400511895009
2230                     -0.9636908126369         -1.955085662361          -0.99999999999829        -0.11358248976597
2232                     -0.96369080922437        -1.9550856589485         -0.99999999999829        -0.11315986058185
2234                     -0.96369080609986        -1.955085655824          -0.99999999999829        -0.11273723139774
2236                     -0.96369080321716        -1.9550856529413         -0.99999999999829        -0.11231460221362
2238                     -0.96369080053366        -1.9550856502578         -0.99999999999829        -0.1118919730295
2240                     -0.96369079800967        -1.9550856477338         -0.99999999999828        -0.11146934384539
2242                     -0.96369079560786        -1.955085645332          -0.99999999999828        -0.11104671466127
2244                     -0.96369079329272        -1.9550856430168         -0.99999999999828        -0.11062408547715
2246                     -0.96369079103001        -1.9550856407541         -0.99999999999828        -0.11020145629304
2248                     -0.96369078878627        -1.9550856385104         -0.99999999999828        -0.10977882710892
2250                     -0.96369078652832        -1.9550856362524         -0.99999999999828        -0.1093561979248
2252                     -0.96369078422277        -1.9550856339469         -0.99999999999828        -0.10893356874068
2254                     -0.96369078183554        -1.9550856315596         -0.99999999999828        -0.10851093955657
2256                     -0.9636907793313         -1.9550856290554         -0.99999999999828        -0.10808831037245
2258                     -0.96369077667305        -1.9550856263971         -0.99999999999828        -0.10766568118833
2260                     -0.96369077382146        -1.9550856235456         -0.99999999999828        -0.10724305200422
2262                     -0.96369077073437        -1.9550856204585         -0.99999999999828        -0.1068204228201
2264                     -0.96369076736612        -1.9550856170902         -0.99999999999828        -0.10639779363598
2266                     -0.96369076366692        -1.955085613391          -0.99999999999828        -0.10597516445187
2268                     -0.96369075958204        -1.9550856093061         -0.99999999999828        -0.10555253526775
2270                     -0.96369075505111        -1.9550856047752         -0.99999999999828        -0.10512990608363
2272                     -0.9636907500071         -1.9550855997312         -0.99999999999828        -0.10470727689951
2274                     -0.96369074437542        -1.9550855940995         -0.99999999999828        -0.1042846477154
2276                     -0.96369073807282        -1.9550855877969         -0.99999999999828        -0.10386201853128
2278                     -0.96369073100607        -1.9550855807302         -0.99999999999828        -0.10343938934716
2280                     -0.96369072307068        -1.9550855727948         -0.99999999999828        -0.10301676016305
2282                     -0.9636907141493         -1.9550855638734         -0.99999999999828        -0.10259413097893
2284                     -0.96369070411002        -1.9550855538341         -0.99999999999828        -0.10217150179481
2286                     -0.96369069280437        -1.9550855425285         -0.99999999999828        -0.10174887261069
2288                     -0.96369068006517        -1.9550855297893         -0.99999999999828        -0.10132624342658
2290                     -0.96369066570403        -1.9550855154281         -0.99999999999828        -0.10090361424246
2292                     -0.9636906495086         -1.9550854992327         -0.99999999999828        -0.10048098505834
2294                     -0.96369063123937        -1.9550854809635         -0.99999999999828        -0.10005835587423
2296                     -0.9636906106262         -1.9550854603503         -0.99999999999828        -0.099635726690109
2298                     -0.96369058736426        -1.9550854370884         -0.99999999999828        -0.099213097505992
2300                     -0.96369056110957        -1.9550854108337         -0.99999999999828        -0.098790468321875
2302                     -0.96369053147389        -1.955085381198          -0.99999999999828        -0.098367839137758
2304                     -0.96369049801897        -1.9550853477431         -0.99999999999828        -0.097945209953641
2306                     -0.9636904602501         -1.9550853099742         -0.99999999999828        -0.097522580769524
2308                     -0.96369041760879        -1.9550852673329         -0.99999999999828        -0.097099951585407
2310                     -0.96369036946446        -1.9550852191886         -0.99999999999828        -0.09667732240129
2312                     -0.96369031510519        -1.9550851648293         -0.99999999999828        -0.096254693217173
2314                     -0.96369025372715        -1.9550851034513         -0.99999999999828        -0.095832064033056
2316                     -0.96369018442272        -1.9550850341468         -0.99999999999828        -0.095409434848939
2318                     -0.96369010616706        -1.9550849558912         -0.99999999999828        -0.094986805664821
2320                     -0.96369001780299        -1.9550848675271         -0.99999999999827        -0.094564176480704
2322                     -0.96368991802383        -1.9550847677479         -0.99999999999827        -0.094141547296587
2324                     -0.96368980535415        -1.9550846550782         -0.99999999999827        -0.09371891811247
2326                     -0.96368967812786        -1.955084527852          -0.99999999999827        -0.093296288928353
2328                     -0.96368953446366        -1.9550843841878         -0.99999999999827        -0.092873659744236
2330                     -0.96368937223718        -1.9550842219613         -0.99999999999827        -0.092451030560119
2332                     -0.96368918904959        -1.9550840387737         -0.99999999999827        -0.092028401376002
2334                     -0.9636889821921         -1.9550838319162         -0.99999999999827        -0.091605772191885
2336                     -0.96368874860595        -1.95508359833           -0.99999999999827        -0.091183143007768
2338                     -0.96368848483719        -1.9550833345613         -0.99999999999827        -0.09076051382365
2340                     -0.96368818698557        -1.9550830367097         -0.99999999999827        -0.090337884639533
2342                     -0.96368785064694        -1.955082700371          -0.99999999999827        -0.089915255455416
2344                     -0.96368747084811        -1.9550823205722         -0.99999999999827        -0.089492626271299
2346                     -0.96368704197333        -1.9550818916974         -0.99999999999827        -0.089069997087182
2348                     -0.9636865576813         -1.9550814074054         -0.99999999999827        -0.088647367903065
2350                     -0.96368601081145        -1.9550808605355         -0.99999999999827        -0.088224738718948
2352                     -0.96368539327806        -1.9550802430022         -0.99999999999827        -0.087802109534831
2354                     -0.96368469595084        -1.9550795456749         -0.99999999999827        -0.087379480350714
2356                     -0.96368390851993        -1.955078758244          -0.99999999999827        -0.086956851166597
2358                     -0.9636830193436         -1.9550778690677         -0.99999999999827        -0.08653422198248
2360                     -0.96368201527623        -1.9550768650003         -0.99999999999827        -0.086111592798363
2362                     -0.96368088147413        -1.9550757311982         -0.99999999999828        -0.085688963614246
2364                     -0.96367960117626        -1.9550744509004         -0.99999999999828        -0.085266334430129
2366                     -0.96367815545666        -1.9550730051808         -0.99999999999828        -0.084843705246012
2368                     -0.96367652294503        -1.9550713726691         -0.99999999999828        -0.084421076061894
2370                     -0.96367467951116        -1.9550695292353         -0.99999999999828        -0.083998446877777
2372                     -0.96367259790878        -1.9550674476329         -0.99999999999828        -0.08357581769366
2374                     -0.96367024737346        -1.9550650970976         -0.99999999999828        -0.083153188509543
2376                     -0.96366759316868        -1.9550624428928         -0.99999999999828        -0.082730559325426
2378                     -0.96366459607355        -1.9550594457976         -0.99999999999828        -0.082307930141309
2380                     -0.96366121180444        -1.9550560615285         -0.99999999999828        -0.081885300957192
2382                     -0.96365739036237        -1.9550522400865         -0.99999999999828        -0.081462671773075
2384                     -0.96365307529631        -1.9550479250204         -0.99999999999828        -0.081040042588958
2386                     -0.96364820287196        -1.9550430525961         -0.99999999999828        -0.080617413404841
2388                     -0.9636427011337         -1.9550375508578         -0.99999999999828        -0.080194784220724
2390                     -0.96363648884626        -1.9550313385704         -0.99999999999828        -0.079772155036607
2392                     -0.96362947430066        -1.9550243240248         -0.99999999999828        -0.07934952585249
2394                     -0.96362155396734        -1.9550164036914         -0.99999999999828        -0.078926896668373
2396                     -0.96361261097695        -1.955007460701          -0.99999999999828        -0.078504267484256
2398                     -0.96360251340715        -1.9549973631313         -0.99999999999828        -0.078081638300139
2400                     -0.96359111235097        -1.9549859620751         -0.99999999999828        -0.077659009116022
2402                     -0.96357823973917        -1.9549730894633         -0.99999999999828        -0.077236379931905
2404                     -0.963563705886          -1.9549585556101         -0.99999999999828        -0.076813750747787
2406                     -0.9635472967238         -1.9549421464479         -0.99999999999828        -0.07639112156367
2408                     -0.96352877068785        -1.954923620412          -0.99999999999828        -0.075968492379553
2410                     -0.96350785520851        -1.9549027049326         -0.99999999999828        -0.075545863195436
2412                     -0.96348424276233        -1.9548790924864         -0.99999999999828        -0.075123234011319
2414                     -0.96345758642877        -1.9548524361529         -0.99999999999828        -0.074700604827202
2416                     -0.96342749489268        -1.9548223446168         -0.99999999999828        -0.074277975643085
2418                     -0.96339352682662        -1.9547883765507         -0.99999999999828        -0.073855346458968
2420                     -0.96335518457955        -1.9547500343036         -0.99999999999828        -0.073432717274851
2422                     -0.96331190709121        -1.9547067568153         -0.99999999999828        -0.073010088090734
2424                     -0.9632630619432         -1.9546579116673         -0.99999999999828        -0.072587458906617
2426                     -0.96320793644929        -1.9546027861734         -0.99999999999828        -0.0721648297225
2428                     -0.96314572767856        -1.9545405774027         -0.99999999999828        -0.071742200538383
2430                     -0.9630755312963         -1.9544703810204         -0.99999999999828        -0.071319571354266
2432                     -0.962996329098          -1.9543911788221         -0.99999999999828        -0.070896942170149
2434                     -0.96290697510391        -1.954301824828          -0.99999999999828        -0.070474312986032
2436                     -0.9628061800732         -1.9542010297973         -0.99999999999828        -0.070051683801915
2438                     -0.96269249429058        -1.9540873440147         -0.99999999999828        -0.069629054617798
2440                     -0.96256428847378        -1.9539591381979         -0.99999999999828        -0.069206425433681
2442                     -0.96241973264871        -1.9538145823728         -0.99999999999828        -0.068783796249563
2444                     -0.96225677284168        -1.9536516225658         -0.99999999999828        -0.068361167065446
2446                     -0.96207310544674        -1.9534679551708         -0.99999999999828        -0.067938537881329
2448                     -0.96186614914115        -1.9532609988653         -0.99999999999828        -0.067515908697212
2450                     -0.96163301424775        -1.9530278639718         -0.99999999999828        -0.067093279513095
2452                     -0.96137046947972        -1.9527653192038         -0.99999999999828        -0.066670650328978
2454                     -0.96107490605608        -1.9524697557802         -0.99999999999828        -0.066248021144861
2456                     -0.96074229924647        -1.9521371489706         -0.99999999999828        -0.065825391960744
2458                     -0.9603681674974         -1.9517630172215         -0.99999999999828        -0.065402762776627
2460                     -0.95994752941106        -1.9513423791352         -0.99999999999828        -0.06498013359251
2462                     -0.95947485899719        -1.9508697087213         -0.99999999999828        -0.064557504408393
2464                     -0.95894403980175        -1.9503388895258         -0.99999999999828        -0.064134875224276
2466                     -0.95834831873509        -1.9497431684592         -0.99999999999828        -0.063712246040159
2468                     -0.957680260679          -1.9490751104031         -0.99999999999828        -0.063289616856042
2470                     -0.9569317052429         -1.948326554967          -0.99999999999828        -0.062866987671924
2472                     -0.95609372736061        -1.9474885770847         -0.99999999999828        -0.062444358487807
2474                     -0.95515660375661        -1.9465514534807         -0.99999999999828        -0.06202172930369
2476                     -0.95410978764796        -1.9455046373721         -0.99999999999828        -0.061599100119573
2478                     -0.95294189435577        -1.9443367440799         -0.99999999999828        -0.061176470935456
2480                     -0.95164070074201        -1.9430355504661         -0.99999999999828        -0.060753841751339
2482                     -0.9501931615149         -1.941588011239          -0.99999999999828        -0.060331212567222
2484                     -0.94858544540409        -1.9399802951282         -0.99999999999828        -0.059908583383105
2486                     -0.9468029939329         -1.938197843657          -0.99999999999828        -0.059485954198988
2488                     -0.94483060495119        -1.9362254546753         -0.99999999999828        -0.059063325014871
2490                     -0.94265254219244        -1.9340473919165         -0.99999999999828        -0.058640695830754
2492                     -0.94025267086124        -1.9316475205853         -0.99999999999828        -0.058218066646637
2494                     -0.93761461766599        -1.9290094673901         -0.99999999999828        -0.05779543746252
2496                     -0.93472195186153        -1.9261168015856         -0.99999999999829        -0.057372808278402
2498                     -0.93155838190049        -1.9229532316246         -0.99999999999829        -0.056950179094285
2500                     -0.92810796041438        -1.9195028101385         -0.99999999999829        -0.056527549910168
2502                     -0.92435528870475        -1.9157501384289         -0.99999999999829        -0.056104920726051
2504                     -0.92028571098177        -1.9116805607059         -0.99999999999829        -0.055682291541934
2506                     -0.9158854884652         -1.9072803381893         -0.99999999999829        -0.055259662357817
2508                     -0.91114194429403        -1.9025367940181         -0.99999999999829        -0.0548370331737
2510                     -0.90604357197438        -1.8974384216985         -0.99999999999829        -0.054414403989583
2512                     -0.90058010267462        -1.8919749523987         -0.99999999999829        -0.053991774805466
2514                     -0.89474252975519        -1.8861373794793         -0.99999999999829        -0.053569145621349
2516                     -0.88852309210897        -1.8799179418331         -0.99999999999829        -0.053146516437232
2518                     -0.88191522077929        -1.8733100705034         -0.99999999999829        -0.052723887253115
2520                     -0.87491345556954        -1.8663083052936         -0.99999999999829        -0.052301258068997
2522                     -0.86751333973679        -1.8589081894609         -0.99999999999829        -0.05187862888488
2524                     -0.85971130130118        -1.8511061510253         -0.99999999999829        -0.051455999700763
2526                     -0.85150452908174        -1.8428993788058         -0.99999999999829        -0.051033370516646
2528                     -0.84289085047752        -1.8342857002016         -0.99999999999829        -0.050610741332529
2530                     -0.83386861649981        -1.8252634662239         -0.99999999999829        -0.050188112148412
2532                     -0.82443659788445        -1.8158314476086         -0.99999999999829        -0.049765482964295
2534                     -0.81459389449012        -1.8059887442142         -0.99999999999829        -0.049342853780178
2536                     -0.80433985878041        -1.7957347085045         -0.99999999999829        -0.048920224596061
2538                     -0.79367403308168        -1.7850688828058         -0.99999999999829        -0.048497595411944
2540                     -0.782596099535          -1.7739909492591         -0.99999999999829        -0.048074966227827
2542                     -0.77110584119711        -1.7625006909212         -0.99999999999829        -0.04765233704371
2544                     -0.75920311254406        -1.7505979622682         -0.99999999999829        -0.047229707859592
2546                     -0.74688781762706        -1.7382826673512         -0.99999999999829        -0.046807078675475
2548                     -0.73415989425933        -1.7255547439834         -0.99999999999829        -0.046384449491358
2550                     -0.65988151898465        -1.8320218009896         -0.99999999999829        -0.045961820307241
2552                     -0.58443674362113        -1.9373224579068         -0.99999999999829        -0.045123586036047
2554                     -0.5701010527801         -1.9229867670658         -0.99999999999825        -0.044285351764853
2556                     -0.55573666248454        -1.9086223767703         -0.99999999999818        -0.043447117493659
2558                     -0.5413435726519         -1.8942292869376         -0.99999999999806        -0.042608883222464
2560                     -0.52692178323476        -1.8798074975205         -0.99999999999785        -0.04177064895127
2562                     -0.51247129420587        -1.8653570084916         -0.99999999999749        -0.040932414680076
2564                     -0.49799210554965        -1.8508778198354         -0.99999999999686        -0.040094180408882
2566                     -0.48348421725714        -1.8363699315429         -0.99999999999575        -0.039255946137688
2568                     -0.46894762932324        -1.821833343609          -0.9999999999938         -0.038417711866494
2570                     -0.45438234174502        -1.8072680560307         -0.99999999999039        -0.037579477595299
2572                     -0.43978835452083        -1.7926740688065         -0.99999999998439        -0.036741243324105
2574                     -0.4251656676497         -1.7780513819354         -0.99999999997383        -0.035903009052911
2576                     -0.41051428113111        -1.7633999954168         -0.99999999995524        -0.035064774781717
2578                     -0.39583419496473        -1.7487199092504         -0.99999999992246        -0.034226540510523
2580                     -0.3811254091504         -1.7340111234361         -0.9999999998646         -0.033388306239329
2582                     -0.36638792368801        -1.7192736379737         -0.99999999976234        -0.032550071968134
2584                     -0.35162173857752        -1.7045074528632         -0.99999999958145        -0.03171183769694
2586                     -0.33682685381888        -1.6897125681046         -0.99999999926107        -0.030873603425746
2588                     -0.32200326941208        -1.6748889836978         -0.99999999869302        -0.030035369154552
2590                     -0.30715098535712        -1.6600366996428         -0.99999999768474        -0.029197134883358
2592                     -0.29227000165397        -1.6451557159397         -0.99999999589305        -0.028358900612163
2594                     -0.27736031830265        -1.6302460325884         -0.99999999270572        -0.027520666340969
2596                     -0.26242193530314        -1.6153076495889         -0.99999998702935        -0.026682432069775
2598                     -0.24745485265546        -1.6003405669412         -0.99999997690893        -0.025844197798581
2600                     -0.23245907035959        -1.5853447846453         -0.99999995884523        -0.025005963527387
2602                     -0.21743458841553        -1.5703203027012         -0.9999999265679         -0.024167729256193
2604                     -0.2023814068233         -1.555267121109          -0.99999986882881        -0.023329494984998
2606                     -0.18729952558288        -1.5401852398686         -0.99999976542804        -0.022491260713804
2608                     -0.17218894469427        -1.52507465898           -0.99999958004987        -0.02165302644261
2610                     -0.15704966415749        -1.5099353784432         -0.99999924733388        -0.020814792171416
2612                     -0.14188168397252        -1.4947673982582         -0.99999864951781        -0.019976557900222
2614                     -0.12668500413936        -1.4795707184251         -0.99999757419768        -0.019138323629027
2616                     -0.11145962465803        -1.4643453389437         -0.99999563786639        -0.018300089357833
2618                     -0.096205545528504       -1.4490912598142         -0.99999214738803        -0.017461855086639
2620                     -0.080922766750799       -1.4338084810365         -0.99998584886614        -0.016623620815445
2622                     -0.065611288324909       -1.4184970026106         -0.99997447223674        -0.015785386544251
2624                     -0.050271110250837       -1.4031568245366         -0.99995390572072        -0.014947152273057
2626                     -0.034902232528581       -1.3877879468143         -0.99991670160309        -0.014108918001862
2628                     -0.019504655158141       -1.3723903694439         -0.99984938172484        -0.013270683730668
2630                     -0.0040783781395186      -1.3569640924252         -0.99972761564438        -0.012432449459474
2632                     0.011376598527288        -1.3415091157584         -0.99950772074788        -0.01159421518828
2634                     0.026860274842277        -1.3260254394434         -0.99911210702316        -0.010755980917086
2636                     0.042372650805451        -1.3105130634803         -0.99840572062035        -0.0099177466458915
2638                     0.057913726416807        -1.2949719878689         -0.99716205317951        -0.0090795123746973
2640                     0.073483501676348        -1.2794022126094         -0.99535577513658        -0.0082412781035032
2642                     0.089081976584072        -1.2638037377016         -0.99354949709365        -0.007403043832309
2644                     0.10470915113998         -1.2481765631457         -0.99174321905072        -0.0065648095611148
2646                     0.12036502534407         -1.2325206889416         -0.98993694100779        -0.0057265752899206
2648                     0.13604959919635         -1.2168361150894         -0.98813066296486        -0.0048883410187264
2650                     0.1517628726968          -1.2011228415889         -0.98632438492193        -0.0040501067475323
2652                     0.16750484584544         -1.1853808684403         -0.984518106879          -0.0032118724763381
2654                     0.18327551864227         -1.1696101956434         -0.98271182883607        -0.0023736382051439
2656                     0.19907489108728         -1.1538108231984         -0.98090555079314        -0.0015354039339497
2658                     0.21490296318047         -1.1379827511052         -0.97909927275022        -0.00084104432400861
2660                     0.23075973492185         -1.1221259793639         -0.97729299470729        -0.00045762772116078
2662                     0.24664520631141         -1.1062405079743         -0.97548671666436        -0.0002479600692843
2664                     0.26255937734915         -1.0903263369366         -0.97368043862143        -0.00013397812621264
2666                     0.27850224803507         -1.0743834662506         -0.9718741605785         -7.22443872785e-05
2668                     0.29447381836918         -1.0584118959165         -0.97006788253557        -3.8893399667033e-05
2670                     0.31047408835148         -1.0424116259342         -0.96826160449264        -2.0909764270317e-05
2672                     0.32650305798196         -1.0263826563038         -0.96645532644971        -1.1227367444498e-05
2674                     0.34256072726062         -1.0103249870251         -0.96464904840678        -6.0213182018986e-06
2676                     0.35864709618746         -0.99423861809825        -0.96284277036385        -3.2255654847829e-06
2678                     0.37476216476249         -0.97812354952323        -0.96103649232092        -1.7259543485709e-06
2680                     0.3909059329857          -0.96197978130001        -0.95923021427799        -9.2250022862404e-07
2682                     0.40707840085709         -0.94580731342862        -0.95742393623506        -4.9251544835607e-07
2684                     0.42327956837667         -0.92960614590904        -0.95561765819214        -2.6265806877328e-07
2686                     0.43950943554443         -0.91337627874128        -0.95381138014921        -1.3992001858987e-07
2688                     0.45576800236038         -0.89711771192533        -0.95200510210628        -7.4453917062088e-08
2690                     0.47205526882451         -0.8808304454612         -0.95019882406335        -3.9574371723558e-08
2692                     0.48837123493682         -0.86451447934889        -0.94839254602042        -2.1011612186072e-08
2694                     0.50471590069732         -0.84816981358839        -0.94658626797749        -1.1143551362539e-08
2696                     0.521089266106           -0.83179644817971        -0.94477998993456        -5.9034614268245e-09
2698                     0.53749133116287         -0.81539438312285        -0.94297371189163        -3.1239826905797e-09
2700                     0.55392209586792         -0.79896361841779        -0.9411674338487         -1.6513118482379e-09
2702                     0.57038156022116         -0.78250415406455        -0.93936115580577        -8.7190224716151e-10
2704                     0.58686972422259         -0.76601599006312        -0.93755487776284        -4.5985828720819e-10
2706                     0.60338658787222         -0.74949912641349        -0.93574859971991        -2.4226820558063e-10
2708                     0.61993215117007         -0.73295356311565        -0.93394232167698        -1.2749186295625e-10
2710                     0.63650641411615         -0.71637930016957        -0.93213604363405        -6.7015813529848e-11
2712                     0.65310937671052         -0.6997763375752         -0.93032976559113        -3.5186139541807e-11
2714                     0.66974103895327         -0.68314467533245        -0.9285234875482         -1.8452180046406e-11
2716                     0.68640140084458         -0.66648431344114        -0.92671720950527        -9.6643230208134e-12
2718                     0.70309046238479         -0.64979525190092        -0.92491093146234        -5.0544920874256e-12
2720                     0.71980822357456         -0.63307749071116        -0.92310465341941        -2.63900478193e-12
2722                     0.73655468441512         -0.61633102987059        -0.92129837537648        -1.3747276943468e-12
2724                     0.75332984490887         -0.59955586937685        -0.91949209733355        -7.1373368785519e-13
2726                     0.77013370506036         -0.58275200922536        -0.91768581929062        -3.685338983915e-13
2728                     0.78696626487834         -0.56591944940737        -0.91587954124769        -1.884556452876e-13
2730                     0.80382752437964         -0.54905818990608        -0.91407326320476        -9.461958578826e-14
2732                     0.82071748359654         -0.53216823068917        -0.91226698516183        -4.5777297736281e-14
2734                     0.83763614259122         -0.51524957169449        -0.9104607071189         -2.0382779153501e-14
2736                     0.85458350148342         -0.49830221280229        -0.90865442907597        -7.1940876162673e-15
2738                     0.8715595605041          -0.48132615378162        -0.90684815103304        -3.5211742169941e-16
2740                     0.82812397640112         -0.34607819124757        -0.90504187299011        -3.5050910582673e-16
2741.9548839583          0.78184144172524         -0.20955340799886        -0.90427016686597        -3.5034013400357e-16
2743.8115212149          0.79665444777874         -0.19474040194536        -0.90353724441542        -3.5026659560942e-16
2745.5748493593          0.81077356048139         -0.18062128924271        -0.90284115648545        -3.502265328127e-16
2747.2495578322          0.82424781666594         -0.16714703305816        -0.90218005188167        -3.5020414209825e-16
2748.8401003969          0.83713130449449         -0.15426354522961        -0.90155217244532        -3.5019132915676e-16
2750.3507069837          0.8494854233524          -0.1419094263717         -0.90095584837746        -3.5018383816856e-16
2751.7853949391          0.86138172209178         -0.13001312763232        -0.90038949379836        -3.5017937488386e-16
2753.1479797095          0.87290553606554         -0.11848931365856        -0.89985160252991        -3.5017667265645e-16
2754.4420849884          0.88416083469881         -0.10723401502529        -0.89934074409007        -3.501750160683e-16
2755.671152353           0.89527705281783         -0.096117796906275       -0.89885555988861        -3.5017399214375e-16
2756.8384504171          0.90641936366947         -0.084975486054631       -0.89839475961403        -3.5017335745556e-16
2757.9470835235          0.91780519411189         -0.073589655612212       -0.89795711780209        -3.5017296558887e-16
2759                     0.92973257154765         -0.061662278176448       -0.89754147057677        -3.501727267257e-16
2760                     1.0037699078299          -0.16837037417504        -0.89714671255501        -3.5017252122594e-16
2761                     1.0796992021091          -0.27318651217663        -0.89624357353355        -3.5017160962153e-16
2762                     1.0938026474583          -0.25908306682746        -0.89534043451209        -3.4956410707258e-16
2763                     1.1072185547852          -0.24566715950047        -0.89443729549062        -3.4920609204455e-16
2764                     1.1199477768008          -0.23293793748494        -0.89353415646916        -3.4898945830404e-16
2765                     1.1319916534807          -0.22089406080497        -0.8926310174477         -3.4885487099183e-16
2766                     1.143352229715           -0.20953348457069        -0.89172787842623        -3.4876902758367e-16
2767                     1.1540325354406          -0.19885317884513        -0.89082473940477        -3.4871282035059e-16
2768                     1.1640369288582          -0.18884878542751        -0.88992160038331        -3.4867504589024e-16
2769                     1.1733714944522          -0.17951421983349        -0.88901846136185        -3.4864899406936e-16
2770                     1.1820444762488          -0.17084123803691        -0.88811532234038        -3.4863056123206e-16
2771                     1.1900667146325          -0.16281899965325        -0.88721218331892        -3.4861718599712e-16
2772                     1.197452044554           -0.15543366973173        -0.88630904429746        -3.4860723744492e-16
2773                     1.2042176070091          -0.14866810727662        -0.88540590527599        -3.4859965675019e-16
2774                     1.210384026799           -0.14250168748674        -0.88450276625453        -3.4859374340233e-16
2775                     1.2159754190745          -0.13691029521124        -0.88359962723307        -3.4858902538622e-16
2776                     1.2210192043161          -0.13186650996959        -0.88269648821161        -3.4858517896892e-16
2777                     1.2255457334305          -0.12733998085517        -0.88179334919014        -3.4858197829363e-16
2778                     1.2295877473248          -0.12329796696091        -0.88089021016868        -3.4857926318115e-16
2779                     1.2331797141755          -0.11970600011018        -0.87998707114722        -3.4857691823237e-16
2780                     1.236357099201           -0.11652861508473        -0.87908393212575        -3.4857485905462e-16
2781                     1.2391556245624          -0.11373008972331        -0.87818079310429        -3.4857302304719e-16
2782                     1.241610571664           -0.1112751426217         -0.87727765408283        -3.4857136314705e-16
2783                     1.2437561668033          -0.1091295474824         -0.87637451506137        -3.4856984352418e-16
2784                     1.2456250768088          -0.10726063747692        -0.8754713760399         -3.4856843657837e-16
2785                     1.2472480268325          -0.10563768745316        -0.87456823701844        -3.4856712081646e-16
2786                     1.2486535399664          -0.10423217431931        -0.87366509799698        -3.4856587933268e-16
2787                     1.2498677889976          -0.10301792528811        -0.87276195897551        -3.4856469870734e-16
2788                     1.2509145447147          -0.10197116957098        -0.87185881995405        -3.4856356819911e-16
2789                     1.2518152023866          -0.10107051189916        -0.87095568093259        -3.485624791458e-16
2790                     1.2525888676955          -0.10029684659025        -0.87005254191113        -3.4856142451483e-16
2791                     1.2532524847435          -0.099633229542246       -0.86914940288966        -3.4856039856235e-16
2792                     1.2538209910549          -0.099064723230837       -0.8682462638682         -3.4855939657211e-16
2793                     1.2543074872158          -0.098578227069938       -0.86734312484674        -3.4855841465346e-16
2794                     1.2547234115199          -0.098162302765857       -0.86643998582528        -3.4855744958358e-16
2795                     1.2550787124895          -0.097807001796188       -0.86553684680381        -3.4855649868327e-16
2796                     1.2553820142856          -0.097503700000065       -0.86463370778235        -3.4855555971822e-16
2797                     1.2556407717679          -0.097244942517859       -0.86373056876089        -3.485546308201e-16
2798                     1.2558614133326          -0.097024300953156       -0.86282742973942        -3.485537104229e-16
2799                     1.2560494706794          -0.096836243606316       -0.86192429071796        -3.4855279721136e-16
2800                     1.2562096953929          -0.096676018892861       -0.8610211516965         -3.4855189007886e-16
2801                     1.2563461627304          -0.096539551555363       -0.86011801267504        -3.4855098809295e-16
2802                     1.2564623633332          -0.096423350952557       -0.85921487365357        -3.4855009046688e-16
2803                     1.2565612837664          -0.096324430519265       -0.85831173463211        -3.4854919653613e-16
2804                     1.2566454768872          -0.096240237398551       -0.85740859561065        -3.4854830573887e-16
2805                     1.2567171230616          -0.096168591224086       -0.85650545658918        -3.4854741759969e-16
2806                     1.2567780832322          -0.096107631053474       -0.85560231756772        -3.4854653171608e-16
2807                     1.2568299447802          -0.096055769505493       -0.85469917854626        -3.4854564774697e-16
2808                     1.2568740610622          -0.09601165322351        -0.8537960395248         -3.4854476540329e-16
2809                     1.2569115854206          -0.095974128865082       -0.85289290050333        -3.4854388443986e-16
2810                     1.2569435003878          -0.095942213897943       -0.85198976148187        -3.485430046487e-16
2811                     1.2569706427245          -0.095915071561239       -0.85108662246041        -3.4854212585331e-16
2812                     1.2569937248602          -0.095891989425535       -0.85018348343894        -3.4854124790387e-16
2813                     1.2570133532314          -0.095872361054332       -0.84928034441748        -3.4854037067319e-16
2814                     1.2570300439528          -0.09585567033287        -0.84837720539602        -3.4853949405323e-16
2815                     1.257044236199           -0.095841478086748       -0.84747406637456        -3.4853861795226e-16
2816                     1.2570563036224          -0.095829410663332       -0.84657092735309        -3.4853774229233e-16
2817                     1.2570665640922          -0.095819150193537       -0.84566778833163        -3.4853686700723e-16
2818                     1.2570752879951          -0.09581042629065        -0.84476464931017        -3.4853599204071e-16
2819                     1.2570827053087          -0.095803008976996       -0.8438615102887         -3.4853511734497e-16
2820                     1.2570890116268          -0.095796702658915       -0.84295837126724        -3.4853424287938e-16
2821                     1.2570943732895          -0.095791340996169       -0.84205523224578        -3.4853336860942e-16
2822                     1.2570989317516          -0.095786782534094       -0.84115209322432        -3.4853249450575e-16
2823                     1.2571028072998          -0.095782906985869       -0.84024895420285        -3.4853162054344e-16
2824                     1.257106102217           -0.095779612068725       -0.83934581518139        -3.4853074670128e-16
2825                     1.2571089034738          -0.095776810811949       -0.83844267615993        -3.4852987296127e-16
2826                     1.2571112850191          -0.095774429266629       -0.83753953713846        -3.4852899930809e-16
2827                     1.2571133097283          -0.0957724045574         -0.836636398117          -3.4852812572873e-16
2828                     1.2571150310604          -0.095770683225278       -0.83573325909554        -3.4852725221211e-16
2829                     1.2571164944675          -0.095769219818193       -0.83483012007408        -3.4852637874884e-16
2830                     1.2571177385934          -0.095767975692294       -0.83392698105261        -3.4852550533091e-16
2831                     1.2571187962932          -0.095766917992543       -0.83302384203115        -3.4852463195154e-16
2832                     1.2571196954999          -0.095766018785848       -0.83212070300969        -3.4852375860493e-16
2833                     1.2571204599618          -0.095765254323918       -0.83121756398822        -3.4852288528619e-16
2834                     1.2571211098692          -0.095764604416473       -0.83031442496676        -3.4852201199114e-16
2835                     1.2571216623874          -0.095764051898279       -0.8294112859453         -3.4852113871621e-16
2836                     1.2571221321097          -0.095763582175995       -0.82850814692384        -3.4852026545841e-16
2837                     1.2571225314428          -0.09576318284288        -0.82760500790237        -3.4851939221516e-16
2838                     1.2571228709345          -0.095762843351202       -0.82670186888091        -3.4851851898428e-16
2839                     1.257123159552           -0.095762554733717       -0.82579872985945        -3.4851764576392e-16
2840                     1.2571234049188          -0.095762309366867       -0.82489559083798        -3.485167725525e-16
2841                     1.2571236135163          -0.095762100769455       -0.82399245181652        -3.4851589934868e-16
2842                     1.2571237908542          -0.095761923431474       -0.82308931279506        -3.4851502615132e-16
2843                     1.2571239416171          -0.095761772668586       -0.8221861737736         -3.4851415295946e-16
2844                     1.2571240697873          -0.095761644498405       -0.82128303475213        -3.4851327977226e-16
2845                     1.2571241787504          -0.095761535535308       -0.82037989573067        -3.4851240658904e-16
2846                     1.2571242713847          -0.095761442901018       -0.81947675670921        -3.4851153340919e-16
2847                     1.2571243501371          -0.095761364148574       -0.81857361768774        -3.4851066023221e-16
2848                     1.257124417088           -0.095761297197704       -0.81767047866628        -3.4850978705768e-16
2849                     1.2571244740058          -0.095761240279872       -0.81676733964482        -3.4850891388521e-16
2850                     1.2571245223942          -0.095761191891564       -0.81586420062336        -3.4850804071451e-16
2851                     1.2571245635311          -0.095761150754578       -0.81496106160189        -3.4850716754531e-16
2852                     1.2571245985035          -0.095761115782256       -0.81405792258043        -3.4850629437738e-16
2853                     1.2571246282349          -0.095761086050782       -0.81315478355897        -3.4850542121054e-16
2854                     1.2571246535109          -0.09576106077478        -0.8122516445375         -3.4850454804461e-16
2855                     1.2571246749991          -0.095761039286568       -0.81134850551604        -3.4850367487947e-16
2856                     1.2571246932672          -0.095761021018518       -0.81044536649458        -3.48502801715e-16
2857                     1.2571247087976          -0.095761005488066       -0.80954222747312        -3.4850192855109e-16
2858                     1.2571247220007          -0.095760992284965       -0.80863908845165        -3.4850105538766e-16
2859                     1.2571247332253          -0.095760981060445       -0.80773594943019        -3.4850018222464e-16
2860                     1.2571247427677          -0.095760971518          -0.80683281040873        -3.4849930906197e-16
2861                     1.2571247508802          -0.09576096340556        -0.80592967138726        -3.484984358996e-16
2862                     1.2571247577769          -0.095760956508828       -0.8050265323658         -3.4849756273747e-16
2863                     1.2571247636401          -0.095760950645622       -0.80412339334434        -3.4849668957556e-16
2864                     1.2571247686247          -0.09576094566106        -0.80322025432287        -3.4849581641383e-16
2865                     1.2571247728622          -0.095760941423471       -0.80231711530141        -3.4849494325226e-16
2866                     1.2571247764648          -0.095760937820917       -0.80141397627995        -3.4849407009081e-16
2867                     1.2571247795275          -0.095760934758231       -0.80051083725848        -3.4849319692948e-16
2868                     1.2571247821312          -0.095760932154512       -0.79960769823702        -3.4849232376825e-16
2869                     1.2571247843447          -0.095760929940979       -0.79870455921556        -3.4849145060709e-16
2870                     1.2571247862266          -0.09576092805916        -0.7978014201941         -3.48490577446e-16
2871                     1.2571247878264          -0.095760926459345       -0.79689828117263        -3.4848970428497e-16
2872                     1.2571247891864          -0.095760925099275       -0.79599514215117        -3.4848883112399e-16
2873                     1.2571247903427          -0.095760923943021       -0.79509200312971        -3.4848795796306e-16
2874                     1.2571247913257          -0.09576092296004        -0.79418886410824        -3.4848708480215e-16
2875                     1.2571247921613          -0.095760922124366       -0.79328572508678        -3.4848621164128e-16
2876                     1.2571247928718          -0.095760921413924       -0.79238258606532        -3.4848533848044e-16
2877                     1.2571247934758          -0.095760920809947       -0.79147944704385        -3.4848446531962e-16
2878                     1.2571247939892          -0.09576092029648        -0.79057630802239        -3.4848359215881e-16
2879                     1.2571247944258          -0.09576091985996        -0.78967316900093        -3.4848271899802e-16
2880                     1.2571247947969          -0.095760919488856       -0.78877002997946        -3.4848184583725e-16
2881                     1.2571247951123          -0.095760919173365       -0.787866890958          -3.4848097267648e-16
2882                     1.2571247953806          -0.095760918905152       -0.78696375193654        -3.4848009951573e-16
2883                     1.2571247956086          -0.095760918677133       -0.78606061291507        -3.4847922635498e-16
2884                     1.2571247958024          -0.095760918483284       -0.78515747389361        -3.4847835319425e-16
2885                     1.2571247959672          -0.095760918318485       -0.78425433487214        -3.4847748003351e-16
2886                     1.2571247961073          -0.095760918178383       -0.78335119585068        -3.4847660687279e-16
2887                     1.2571247962264          -0.095760918059275       -0.78244805682922        -3.4847573371206e-16
2888                     1.2571247963277          -0.095760917958017       -0.78154491780775        -3.4847486055134e-16
2889                     1.2571247964138          -0.095760917871933       -0.78064177878629        -3.4847398739063e-16
2890                     1.257124796487           -0.095760917798749       -0.77973863976483        -3.4847311422991e-16
2891                     1.2571247965492          -0.095760917736533       -0.77883550074336        -3.484722410692e-16
2892                     1.2571247966021          -0.09576091768364        -0.7779323617219         -3.4847136790849e-16
2893                     1.257124796647           -0.095760917638673       -0.77702922270044        -3.4847049474778e-16
2894                     1.2571247966853          -0.095760917600445       -0.77612608367897        -3.4846962158708e-16
2895                     1.2571247967178          -0.095760917567946       -0.77522294465751        -3.4846874842637e-16
2896                     1.2571247967454          -0.095760917540317       -0.77431980563605        -3.4846787526567e-16
2897                     1.2571247967689          -0.095760917516829       -0.77341666661458        -3.4846700210497e-16
2898                     1.2571247967889          -0.09576091749686        -0.77251352759312        -3.4846612894426e-16
2899                     1.2571247968058          -0.095760917479884       -0.77161038857166        -3.4846525578356e-16
2900                     1.2571247968203          -0.095760917465452       -0.7707072495502         -3.4846438262286e-16
2901                     1.2571247968325          -0.095760917453182       -0.76980411052873        -3.4846350946216e-16
2902                     1.257124796843           -0.095760917442752       -0.76890097150727        -3.4846263630146e-16
2903                     1.2571247968518          -0.095760917433884       -0.76799783248581        -3.4846176314076e-16
2904                     1.2571247968594          -0.095760917426345       -0.76709469346434        -3.4846088998006e-16
2905                     1.2571247968658          -0.095760917419937       -0.76619155444288        -3.4846001681936e-16
2906                     1.2571247968712          -0.095760917414488       -0.76528841542142        -3.4845914365866e-16
2907                     1.2571247968759          -0.095760917409856       -0.76438527639995        -3.4845827049796e-16
2908                     1.2571247968798          -0.095760917405918       -0.76348213737849        -3.4845739733726e-16
2909                     1.2571247968831          -0.09576091740257        -0.76257899835703        -3.4845652417656e-16
2910                     1.257124796886           -0.095760917399724       -0.76167585933556        -3.4845565101586e-16
2911                     1.2571247968884          -0.095760917397304       -0.7607727203141         -3.4845477785516e-16
2912                     1.2571247968905          -0.095760917395247       -0.75986958129264        -3.4845390469446e-16
2913                     1.2571247968922          -0.095760917393499       -0.75896644227117        -3.4845303153376e-16
2914                     1.2571247968937          -0.095760917392012       -0.75806330324971        -3.4845215837306e-16
2915                     1.257124796895           -0.095760917390748       -0.75716016422825        -3.4845128521236e-16
2916                     1.257124796896           -0.095760917389674       -0.75625702520679        -3.4845041205166e-16
2917                     1.257124796897           -0.09576091738876        -0.75535388618532        -3.4844953889096e-16
2918                     1.2571247968977          -0.095760917387984       -0.75445074716386        -3.4844866573027e-16
2919                     1.2571247968984          -0.095760917387324       -0.7535476081424         -3.4844779256957e-16
2920                     1.257124796899           -0.095760917386762       -0.75264446912093        -3.4844691940887e-16
2921                     1.2571247968994          -0.095760917386285       -0.75174133009947        -3.4844604624817e-16
2922                     1.2571247968998          -0.095760917385879       -0.75083819107801        -3.4844517308747e-16
2923                     1.2571247969002          -0.095760917385534       -0.74993505205654        -3.4844429992677e-16
2924                     1.2571247969005          -0.095760917385241       -0.74903191303508        -3.4844342676607e-16
2925                     1.2571247969007          -0.095760917384992       -0.74812877401362        -3.4844255360537e-16
2926                     1.2571247969009          -0.09576091738478        -0.74722563499216        -3.4844168044468e-16
2927                     1.2571247969011          -0.0957609173846         -0.74632249597069        -3.4844080728398e-16
2928                     1.2571247969013          -0.095760917384447       -0.74541935694923        -3.4843993412328e-16
2929                     1.2571247969014          -0.095760917384317       -0.74451621792777        -3.4843906096258e-16
2930                     1.2571247969015          -0.095760917384207       -0.7436130789063         -3.4843818780188e-16
2931                     1.2571247969016          -0.095760917384113       -0.74270993988484        -3.4843731464118e-16
2932                     1.2571247969017          -0.095760917384033       -0.74180680086338        -3.4843644148048e-16
2933                     1.2571247969017          -0.095760917383965       -0.74090366184192        -3.4843556831978e-16
2934                     1.2571247969018          -0.095760917383907       -0.74000052282045        -3.4843469515908e-16
2935                     1.2571247969019          -0.095760917383858       -0.73909738379899        -3.4843382199839e-16
2936                     1.2571247969019          -0.095760917383816       -0.73819424477753        -3.4843294883769e-16
2937                     1.2571247969019          -0.095760917383781       -0.73729110575606        -3.4843207567699e-16
2938                     1.257124796902           -0.09576091738375        -0.7363879667346         -3.4843120251629e-16
2939                     1.257124796902           -0.095760917383725       -0.73548482771314        -3.4843032935559e-16
2940                     1.257124796902           -0.095760917383703       -0.73458168869168        -3.4842945619489e-16
2941                     1.257124796902           -0.095760917383684       -0.73367854967021        -3.4842858303419e-16
2942                     1.257124796902           -0.095760917383668       -0.73277541064875        -3.484277098735e-16
2943                     1.2571247969021          -0.095760917383655       -0.73187227162729        -3.484268367128e-16
2944                     1.2571247969021          -0.095760917383644       -0.73096913260582        -3.484259635521e-16
2945                     1.2571247969021          -0.095760917383634       -0.73006599358436        -3.484250903914e-16
2946                     1.2571247969021          -0.095760917383625       -0.7291628545629         -3.484242172307e-16
2947                     1.2571247969021          -0.095760917383618       -0.72825971554143        -3.4842334407e-16
2948                     1.2571247969021          -0.095760917383612       -0.72735657651997        -3.484224709093e-16
2949                     1.2571247969021          -0.095760917383607       -0.72645343749851        -3.484215977486e-16
2950                     1.2571247969021          -0.095760917383603       -0.72555029847704        -3.4842072458791e-16
2951                     1.2571247969021          -0.095760917383599       -0.72464715945558        -3.4841985142721e-16
2952                     1.2571247969021          -0.095760917383596       -0.72374402043412        -3.4841897826651e-16
2953                     1.2571247969021          -0.095760917383593       -0.72284088141265        -3.4841810510581e-16
2954                     1.2571247969021          -0.09576091738359        -0.72193774239119        -3.4841723194511e-16
2955                     1.2571247969021          -0.095760917383588       -0.72103460336973        -3.4841635878441e-16
2956                     1.2571247969021          -0.095760917383587       -0.72013146434827        -3.4841548562371e-16
2957                     1.2571247969021          -0.095760917383585       -0.7192283253268         -3.4841461246302e-16
2958                     1.2571247969021          -0.095760917383584       -0.71832518630534        -3.4841373930232e-16
2959                     1.2571247969021          -0.095760917383583       -0.71742204728388        -3.4841286614162e-16
2960                     1.2571247969021          -0.095760917383582       -0.71651890826241        -3.4841199298092e-16
2961                     1.2571247969021          -0.095760917383582       -0.71561576924095        -3.4841111982022e-16
2962                     1.2571247969021          -0.095760917383581       -0.71471263021949        -3.4841024665952e-16
2963                     1.2571247969021          -0.095760917383581       -0.71380949119802        -3.4840937349882e-16
2964                     1.2571247969021          -0.09576091738358        -0.71290635217656        -3.4840850033812e-16
2965                     1.2571247969021          -0.09576091738358        -0.7120032131551         -3.4840762717743e-16
2966                     1.2571247969021          -0.095760917383579       -0.71110007413363        -3.4840675401673e-16
2967                     1.2571247969021          -0.095760917383579       -0.71019693511217        -3.4840588085603e-16
2968                     1.2571247969021          -0.095760917383579       -0.70929379609071        -3.4840500769533e-16
2969                     1.2571247969021          -0.095760917383579       -0.70839065706924        -3.4840413453463e-16
2970                     1.2571247969021          -0.095760917383579       -0.70748751804778        -3.4840326137393e-16
2971                     1.2571247969021          -0.095760917383579       -0.70658437902632        -3.4840238821323e-16
2972                     1.2571247969021          -0.095760917383579       -0.70568124000485        -3.4840151505254e-16
2973                     1.2571247969021          -0.095760917383579       -0.70477810098339        -3.4840064189184e-16
2974                     1.2571247969021          -0.095760917383579       -0.70387496196193        -3.4839976873114e-16
2975                     1.2571247969021          -0.095760917383579       -0.70297182294046        -3.4839889557044e-16
2976                     1.2571247969021          -0.095760917383579       -0.702068683919          -3.4839802240974e-16
2977                     1.2571247969021          -0.095760917383579       -0.70116554489754        -3.4839714924904e-16
2978                     1.2571247969021          -0.095760917383579       -0.70026240587607        -3.4839627608834e-16
2979                     1.2571247969021          -0.095760917383579       -0.69935926685461        -3.4839540292764e-16
2980                     1.2571247969021          -0.095760917383579       -0.69845612783314        -3.4839452976694e-16
2981                     1.2571247969021          -0.095760917383579       -0.69755298881168        -3.4839365660625e-16
2982                     1.2571247969021          -0.095760917383579       -0.69664984979022        -3.4839278344555e-16
2983                     1.2571247969021          -0.095760917383579       -0.69574671076875        -3.4839191028485e-16
2984                     1.2571247969021          -0.095760917383579       -0.69484357174729        -3.4839103712415e-16
2985                     1.2571247969021          -0.095760917383579       -0.69394043272583        -3.4839016396345e-16
2986                     1.2571247969021          -0.095760917383579       -0.69303729370436        -3.4838929080275e-16
2987                     1.2571247969021          -0.095760917383579       -0.6921341546829         -3.4838841764205e-16
2988                     1.2571247969021          -0.095760917383579       -0.69123101566144        -3.4838754448135e-16
2989                     1.2571247969021          -0.095760917383579       -0.69032787663997        -3.4838667132065e-16
2990                     1.2571247969021          -0.095760917383579       -0.68942473761851        -3.4838579815996e-16
2991                     1.2571247969021          -0.095760917383578       -0.68852159859704        -3.4838492499926e-16
2992                     1.2571247969021          -0.095760917383579       -0.68761845957558        -3.4838405183856e-16
2993                     1.2571247969021          -0.095760917383579       -0.68671532055412        -3.4838317867786e-16
2994                     1.2571247969021          -0.095760917383579       -0.68581218153265        -3.4838230551716e-16
2995                     1.2571247969021          -0.095760917383579       -0.68490904251119        -3.4838143235646e-16
2996                     1.2571247969021          -0.095760917383579       -0.68400590348973        -3.4838055919576e-16
2997                     1.2571247969021          -0.095760917383579       -0.68310276446826        -3.4837968603506e-16
2998                     1.2571247969021          -0.095760917383579       -0.6821996254468         -3.4837881287436e-16
2999                     1.2571247969021          -0.095760917383579       -0.68129648642533        -3.4837793971366e-16
3000                     1.2571247969021          -0.095760917383579       -0.68039334740387        -3.4837706655296e-16
3001                     1.2571247969021          -0.095760917383579       -0.67949020838241        -3.4837619339227e-16
3002                     1.2571247969021          -0.095760917383579       -0.67858706936094        -3.4837532023157e-16
3003                     1.2571247969021          -0.095760917383579       -0.67768393033948        -3.4837444707087e-16
3004                     1.2571247969021          -0.095760917383579       -0.67678079131801        -3.4837357391017e-16
3005                     1.2571247969021          -0.095760917383579       -0.67587765229655        -3.4837270074947e-16
3006                     1.2571247969021          -0.095760917383579       -0.67497451327509        -3.4837182758877e-16
3007                     1.2571247969021          -0.09576091738358        -0.67407137425362        -3.4837095442807e-16
3008                     1.2571247969021          -0.09576091738358        -0.67316823523216        -3.4837008126737e-16
3009                     1.2571247969021          -0.09576091738358        -0.67226509621069        -3.4836920810667e-16
3010                     1.2571247969021          -0.095760917383579       -0.67136195718923        -3.4836833494597e-16
3011                     1.2571247969021          -0.095760917383579       -0.67045881816777        -3.4836746178527e-16
3012                     1.2571247969021          -0.095760917383579       -0.6695556791463         -3.4836658862458e-16
3013                     1.2571247969021          -0.095760917383579       -0.66865254012484        -3.4836571546388e-16
3014                     1.2571247969021          -0.095760917383579       -0.66774940110338        -3.4836484230318e-16
3015                     1.2571247969021          -0.095760917383579       -0.66684626208191        -3.4836396914248e-16
3016                     1.2571247969021          -0.095760917383578       -0.66594312306045        -3.4836309598178e-16
3017                     1.2571247969021          -0.095760917383578       -0.66503998403898        -3.4836222282108e-16
3018                     1.2571247969021          -0.095760917383578       -0.66413684501752        -3.4836134966038e-16
3019                     1.2571247969021          -0.095760917383578       -0.66323370599606        -3.4836047649968e-16
3020                     1.2571247969021          -0.095760917383578       -0.66233056697459        -3.4835960333899e-16
3021                     1.2571247969021          -0.095760917383578       -0.66142742795313        -3.4835873017829e-16
3022                     1.2571247969021          -0.095760917383578       -0.66052428893166        -3.4835785701759e-16
3023                     1.2571247969021          -0.095760917383578       -0.6596211499102         -3.4835698385689e-16
3024                     1.2571247969021          -0.095760917383578       -0.65871801088874        -3.4835611069619e-16
3025                     1.2571247969021          -0.095760917383578       -0.65781487186727        -3.4835523753549e-16
3026                     1.2571247969021          -0.095760917383577       -0.65691173284581        -3.4835436437479e-16
3027                     1.2571247969021          -0.095760917383577       -0.65600859382435        -3.483534912141e-16
3028                     1.2571247969021          -0.095760917383577       -0.65510545480288        -3.483526180534e-16
3029                     1.2571247969021          -0.095760917383577       -0.65420231578142        -3.483517448927e-16
3030                     1.2571247969021          -0.095760917383577       -0.65329917675995        -3.48350871732e-16
3031                     1.2571247969021          -0.095760917383577       -0.65239603773849        -3.483499985713e-16
3032                     1.2571247969021          -0.095760917383577       -0.65149289871703        -3.483491254106e-16
3033                     1.2571247969021          -0.095760917383577       -0.65058975969556        -3.483482522499e-16
3034                     1.2571247969021          -0.095760917383577       -0.6496866206741         -3.483473790892e-16
3035                     1.2571247969021          -0.095760917383577       -0.64878348165264        -3.4834650592851e-16
3036                     1.2571247969021          -0.095760917383577       -0.64788034263117        -3.4834563276781e-16
3037                     1.2571247969021          -0.095760917383577       -0.64697720360971        -3.4834475960711e-16
3038                     1.2571247969021          -0.095760917383577       -0.64607406458824        -3.4834388644641e-16
3039                     1.2571247969021          -0.095760917383577       -0.64517092556678        -3.4834301328571e-16
3040                     1.2571247969021          -0.095760917383577       -0.64426778654532        -3.4834214012501e-16
3041                     1.2571247969021          -0.095760917383577       -0.64336464752385        -3.4834126696432e-16
3042                     1.2571247969021          -0.095760917383577       -0.64246150850239        -3.4834039380362e-16
3043                     1.2571247969021          -0.095760917383577       -0.64155836948092        -3.4833952064292e-16
3044                     1.2571247969021          -0.095760917383578       -0.64065523045946        -3.4833864748222e-16
3045                     1.2571247969021          -0.095760917383578       -0.639752091438          -3.4833777432152e-16
3046                     1.2571247969021          -0.095760917383578       -0.63884895241653        -3.4833690116082e-16
3047                     1.2571247969021          -0.095760917383578       -0.63794581339507        -3.4833602800012e-16
3048                     1.2571247969021          -0.095760917383577       -0.63704267437361        -3.4833515483943e-16
3049                     1.2571247969021          -0.095760917383577       -0.63613953535214        -3.4833428167873e-16
3050                     1.2571247969021          -0.095760917383577       -0.63523639633068        -3.4833340851803e-16
3051                     1.2571247969021          -0.095760917383577       -0.63433325730922        -3.4833253535733e-16
3052                     1.2571247969021          -0.095760917383576       -0.63343011828775        -3.4833166219663e-16
3053                     1.2571247969021          -0.095760917383576       -0.63252697926629        -3.4833078903593e-16
3054                     1.2571247969021          -0.095760917383576       -0.63162384024482        -3.4832991587523e-16
3055                     1.2571247969021          -0.095760917383576       -0.63072070122336        -3.4832904271454e-16
3056                     1.2571247969021          -0.095760917383576       -0.6298175622019         -3.4832816955384e-16
3057                     1.2571247969021          -0.095760917383576       -0.62891442318043        -3.4832729639314e-16
3058                     1.2571247969021          -0.095760917383576       -0.62801128415897        -3.4832642323244e-16
3059                     1.2571247969021          -0.095760917383576       -0.62710814513751        -3.4832555007174e-16
3060                     1.2571247969021          -0.095760917383576       -0.62620500611604        -3.4832467691104e-16
3061                     1.2571247969021          -0.095760917383576       -0.62530186709458        -3.4832380375035e-16
3062                     1.2571247969021          -0.095760917383577       -0.62439872807311        -3.4832293058965e-16
3063                     1.2571247969021          -0.095760917383577       -0.62349558905165        -3.4832205742895e-16
3064                     1.2571247969021          -0.095760917383577       -0.62259245003019        -3.4832118426825e-16
3065                     1.2571247969021          -0.095760917383577       -0.62168931100872        -3.4832031110755e-16
3066                     1.2571247969021          -0.095760917383577       -0.62078617198726        -3.4831943794685e-16
3067                     1.2571247969021          -0.095760917383578       -0.6198830329658         -3.4831856478615e-16
3068                     1.2571247969021          -0.095760917383578       -0.61897989394433        -3.4831769162546e-16
3069                     1.2571247969021          -0.095760917383578       -0.61807675492287        -3.4831681846476e-16
3070                     1.2571247969021          -0.095760917383579       -0.6171736159014         -3.4831594530406e-16
3071                     1.2571247969021          -0.095760917383579       -0.61627047687994        -3.4831507214336e-16
3072                     1.2571247969021          -0.095760917383579       -0.61536733785848        -3.4831419898266e-16
3073                     1.2571247969021          -0.095760917383579       -0.61446419883701        -3.4831332582196e-16
3074                     1.2571247969021          -0.095760917383579       -0.61356105981555        -3.4831245266127e-16
3075                     1.2571247969021          -0.095760917383579       -0.61265792079409        -3.4831157950057e-16
3076                     1.2571247969021          -0.095760917383578       -0.61175478177262        -3.4831070633987e-16
3077                     1.2571247969021          -0.095760917383578       -0.61085164275116        -3.4830983317917e-16
3078                     1.2571247969021          -0.095760917383578       -0.60994850372969        -3.4830896001847e-16
3079                     1.2571247969021          -0.095760917383578       -0.60904536470823        -3.4830808685777e-16
3080                     1.2571247969021          -0.095760917383578       -0.60814222568677        -3.4830721369707e-16
3081                     1.2571247969021          -0.095760917383578       -0.6072390866653         -3.4830634053638e-16
3082                     1.2571247969021          -0.095760917383578       -0.60633594764384        -3.4830546737568e-16
3083                     1.2571247969021          -0.095760917383578       -0.60543280862238        -3.4830459421498e-16
3084                     1.2571247969021          -0.095760917383578       -0.60452966960091        -3.4830372105428e-16
3085                     1.2571247969021          -0.095760917383578       -0.60362653057945        -3.4830284789358e-16
3086                     1.2571247969021          -0.095760917383578       -0.60272339155799        -3.4830197473288e-16
3087                     1.2571247969021          -0.095760917383578       -0.60182025253652        -3.4830110157219e-16
3088                     1.2571247969021          -0.095760917383578       -0.60091711351506        -3.4830022841149e-16
3089                     1.2571247969021          -0.095760917383578       -0.6000139744936         -3.4829935525079e-16
3090                     1.2571247969021          -0.095760917383578       -0.59911083547213        -3.4829848209009e-16
3091                     1.2571247969021          -0.095760917383578       -0.59820769645067        -3.4829760892939e-16
3092                     1.2571247969021          -0.095760917383577       -0.5973045574292         -3.4829673576869e-16
3093                     1.2571247969021          -0.095760917383577       -0.59640141840774        -3.48295862608e-16
3094                     1.2571247969021          -0.095760917383577       -0.59549827938628        -3.482949894473e-16
3095                     1.2571247969021          -0.095760917383577       -0.59459514036481        -3.482941162866e-16
3096                     1.2571247969021          -0.095760917383577       -0.59369200134335        -3.482932431259e-16
3097                     1.2571247969021          -0.095760917383577       -0.59278886232189        -3.482923699652e-16
3098                     1.2571247969021          -0.095760917383577       -0.59188572330042        -3.482914968045e-16
3099                     1.2571247969021          -0.095760917383577       -0.59098258427896        -3.4829062364381e-16
3100                     1.2571247969021          -0.095760917383578       -0.5900794452575         -3.4828975048311e-16
3101                     1.2571247969021          -0.095760917383578       -0.58917630623603        -3.4828887732241e-16
3102                     1.2571247969021          -0.095760917383578       -0.58827316721457        -3.4828800416171e-16
3103                     1.2571247969021          -0.095760917383578       -0.58737002819311        -3.4828713100101e-16
3104                     1.2571247969021          -0.095760917383579       -0.58646688917164        -3.4828625784031e-16
3105                     1.2571247969021          -0.095760917383579       -0.58556375015018        -3.4828538467962e-16
3106                     1.2571247969021          -0.095760917383578       -0.58466061112872        -3.4828451151892e-16
3107                     1.2571247969021          -0.095760917383578       -0.58375747210725        -3.4828363835822e-16
3108                     1.2571247969021          -0.095760917383578       -0.58285433308579        -3.4828276519752e-16
3109                     1.2571247969021          -0.095760917383578       -0.58195119406433        -3.4828189203682e-16
3110                     1.2571247969021          -0.095760917383578       -0.58104805504286        -3.4828101887612e-16
3111                     1.2571247969021          -0.095760917383578       -0.5801449160214         -3.4828014571543e-16
3112                     1.2571247969021          -0.095760917383578       -0.57924177699994        -3.4827927255473e-16
3113                     1.2571247969021          -0.095760917383577       -0.57833863797847        -3.4827839939403e-16
3114                     1.2571247969021          -0.095760917383577       -0.57743549895701        -3.4827752623333e-16
3115                     1.2571247969021          -0.095760917383577       -0.57653235993555        -3.4827665307263e-16
3116                     1.2571247969021          -0.095760917383577       -0.57562922091408        -3.4827577991193e-16
3117                     1.2571247969021          -0.095760917383577       -0.57472608189262        -3.4827490675124e-16
3118                     1.2571247969021          -0.095760917383577       -0.57382294287115        -3.4827403359054e-16
3119                     1.2571247969021          -0.095760917383577       -0.57291980384969        -3.4827316042984e-16
3120                     1.2571247969021          -0.095760917383577       -0.57201666482823        -3.4827228726914e-16
3121                     1.2571247969021          -0.095760917383578       -0.57111352580676        -3.4827141410844e-16
3122                     1.2571247969021          -0.095760917383578       -0.5702103867853         -3.4827054094774e-16
3123                     1.2571247969021          -0.095760917383578       -0.56930724776384        -3.4826966778705e-16
3124                     1.2571247969021          -0.095760917383578       -0.56840410874237        -3.4826879462635e-16
3125                     1.2571247969021          -0.095760917383578       -0.56750096972091        -3.4826792146565e-16
3126                     1.2571247969021          -0.095760917383578       -0.56659783069945        -3.4826704830495e-16
3127                     1.2571247969021          -0.095760917383578       -0.56569469167798        -3.4826617514425e-16
3128                     1.2571247969021          -0.095760917383578       -0.56479155265652        -3.4826530198355e-16
3129                     1.2571247969021          -0.095760917383578       -0.56388841363506        -3.4826442882286e-16
3130                     1.2571247969021          -0.095760917383578       -0.56298527461359        -3.4826355566216e-16
3131                     1.2571247969021          -0.095760917383578       -0.56208213559213        -3.4826268250146e-16
3132                     1.2571247969021          -0.095760917383578       -0.56117899657067        -3.4826180934076e-16
3133                     1.2571247969021          -0.095760917383578       -0.5602758575492         -3.4826093618006e-16
3134                     1.2571247969021          -0.095760917383578       -0.55937271852774        -3.4826006301936e-16
3135                     1.2571247969021          -0.095760917383578       -0.55846957950628        -3.4825918985867e-16
3136                     1.2571247969021          -0.095760917383578       -0.55756644048481        -3.4825831669797e-16
3137                     1.2571247969021          -0.095760917383578       -0.55666330146335        -3.4825744353727e-16
3138                     1.2571247969021          -0.095760917383578       -0.55576016244189        -3.4825657037657e-16
3139                     1.2571247969021          -0.095760917383578       -0.55485702342042        -3.4825569721587e-16
3140                     1.2571247969021          -0.095760917383578       -0.55395388439896        -3.4825482405517e-16
3141                     1.2571247969021          -0.095760917383577       -0.55305074537749        -3.4825395089448e-16
3142                     1.2571247969021          -0.095760917383577       -0.55214760635603        -3.4825307773378e-16
3143                     1.2571247969021          -0.095760917383577       -0.55124446733457        -3.4825220457308e-16
3144                     1.2571247969021          -0.095760917383577       -0.5503413283131         -3.4825133141238e-16
3145                     1.2571247969021          -0.095760917383577       -0.54943818929164        -3.4825045825168e-16
3146                     1.2571247969021          -0.095760917383577       -0.54853505027018        -3.4824958509099e-16
3147                     1.2571247969021          -0.095760917383577       -0.54763191124871        -3.4824871193029e-16
3148                     1.2571247969021          -0.095760917383577       -0.54672877222725        -3.4824783876959e-16
3149                     1.2571247969021          -0.095760917383577       -0.54582563320579        -3.4824696560889e-16
3150                     1.2571247969021          -0.095760917383577       -0.54492249418432        -3.4824609244819e-16
3151                     1.2571247969021          -0.095760917383577       -0.54401935516286        -3.4824521928749e-16
3152                     1.2571247969021          -0.095760917383577       -0.54311621614139        -3.482443461268e-16
3153                     1.2571247969021          -0.095760917383577       -0.54221307711993        -3.482434729661e-16
3154                     1.2571247969021          -0.095760917383577       -0.54130993809847        -3.482425998054e-16
3155                     1.2571247969021          -0.095760917383577       -0.540406799077          -3.482417266447e-16
3156                     1.2571247969021          -0.095760917383577       -0.53950366005554        -3.48240853484e-16
3157                     1.2571247969021          -0.095760917383577       -0.53860052103408        -3.482399803233e-16
3158                     1.2571247969021          -0.095760917383577       -0.53769738201261        -3.4823910716261e-16
3159                     1.2571247969021          -0.095760917383577       -0.53679424299115        -3.4823823400191e-16
3160                     1.2571247969021          -0.095760917383577       -0.53589110396969        -3.4823736084121e-16
3161                     1.2571247969021          -0.095760917383577       -0.53498796494822        -3.4823648768051e-16
3162                     1.2571247969021          -0.095760917383577       -0.53408482592676        -3.4823561451981e-16
3163                     1.2571247969021          -0.095760917383578       -0.5331816869053         -3.4823474135911e-16
3164                     1.2571247969021          -0.095760917383578       -0.53227854788383        -3.4823386819842e-16
3165                     1.2571247969021          -0.095760917383578       -0.53137540886237        -3.4823299503772e-16
3166                     1.2571247969021          -0.095760917383578       -0.5304722698409         -3.4823212187702e-16
3167                     1.2571247969021          -0.095760917383578       -0.52956913081944        -3.4823124871632e-16
3168                     1.2571247969021          -0.095760917383578       -0.52866599179798        -3.4823037555562e-16
3169                     1.2571247969021          -0.095760917383578       -0.52776285277651        -3.4822950239493e-16
3170                     1.2571247969021          -0.095760917383578       -0.52685971375505        -3.4822862923423e-16
3171                     1.2571247969021          -0.095760917383578       -0.52595657473359        -3.4822775607353e-16
3172                     1.2571247969021          -0.095760917383578       -0.52505343571212        -3.4822688291283e-16
3173                     1.2571247969021          -0.095760917383579       -0.52415029669066        -3.4822600975213e-16
3174                     1.2571247969021          -0.095760917383579       -0.5232471576692         -3.4822513659143e-16
3175                     1.2571247969021          -0.095760917383579       -0.52234401864773        -3.4822426343074e-16
3176                     1.2571247969021          -0.095760917383579       -0.52144087962627        -3.4822339027004e-16
3177                     1.2571247969021          -0.095760917383579       -0.52053774060481        -3.4822251710934e-16
3178                     1.2571247969021          -0.095760917383579       -0.51963460158334        -3.4822164394864e-16
3179                     1.2571247969021          -0.095760917383579       -0.51873146256188        -3.4822077078794e-16
3180                     1.2571247969021          -0.095760917383579       -0.51782832354042        -3.4821989762725e-16
3181                     1.2571247969021          -0.095760917383579       -0.51692518451895        -3.4821902446655e-16
3182                     1.2571247969021          -0.095760917383579       -0.51602204549749        -3.4821815130585e-16
3183                     1.2571247969021          -0.095760917383579       -0.51511890647603        -3.4821727814515e-16
3184                     1.2571247969021          -0.095760917383579       -0.51421576745456        -3.4821640498445e-16
3185                     1.2571247969021          -0.095760917383579       -0.5133126284331         -3.4821553182375e-16
3186                     1.2571247969021          -0.095760917383579       -0.51240948941164        -3.4821465866306e-16
3187                     1.2571247969021          -0.095760917383579       -0.51150635039017        -3.4821378550236e-16
3188                     1.2571247969021          -0.095760917383579       -0.51060321136871        -3.4821291234166e-16
3189                     1.2571247969021          -0.095760917383579       -0.50970007234725        -3.4821203918096e-16
3190                     1.2571247969021          -0.095760917383579       -0.50879693332578        -3.4821116602026e-16
3191                     1.2571247969021          -0.095760917383578       -0.50789379430432        -3.4821029285956e-16
3192                     1.2571247969021          -0.095760917383578       -0.50699065528285        -3.4820941969887e-16
3193                     1.2571247969021          -0.095760917383578       -0.50608751626139        -3.4820854653817e-16
3194                     1.2571247969021          -0.095760917383578       -0.50518437723993        -3.4820767337747e-16
3195                     1.2571247969021          -0.095760917383578       -0.50428123821846        -3.4820680021677e-16
3196                     1.2571247969021          -0.095760917383578       -0.503378099197          -3.4820592705607e-16
3197                     1.2571247969021          -0.095760917383578       -0.50247496017554        -3.4820505389537e-16
3198                     1.2571247969021          -0.095760917383578       -0.50157182115407        -3.4820418073468e-16
3199                     1.2571247969021          -0.095760917383578       -0.50066868213261        -3.4820330757398e-16
3200                     1.2571247969021          -0.095760917383578       -0.49976554311114        -3.4820243441328e-16
3201                     1.2571247969021          -0.095760917383578       -0.49886240408968        -3.4820156125258e-16
3202                     1.2571247969021          -0.095760917383578       -0.49795926506822        -3.4820068809188e-16
3203                     1.2571247969021          -0.095760917383578       -0.49705612604675        -3.4819981493118e-16
3204                     1.2571247969021          -0.095760917383578       -0.49615298702529        -3.4819894177049e-16
3205                     1.2571247969021          -0.095760917383578       -0.49524984800382        -3.4819806860979e-16
3206                     1.2571247969021          -0.095760917383578       -0.49434670898236        -3.4819719544909e-16
3207                     1.2571247969021          -0.095760917383578       -0.4934435699609         -3.4819632228839e-16
3208                     1.2571247969021          -0.095760917383578       -0.49254043093943        -3.4819544912769e-16
3209                     1.2571247969021          -0.095760917383578       -0.49163729191797        -3.4819457596699e-16
3210                     1.2571247969021          -0.095760917383578       -0.49073415289651        -3.481937028063e-16
3211                     1.2571247969021          -0.095760917383578       -0.48983101387504        -3.481928296456e-16
3212                     1.2571247969021          -0.095760917383577       -0.48892787485358        -3.481919564849e-16
3213                     1.2571247969021          -0.095760917383577       -0.48802473583211        -3.481910833242e-16
3214                     1.2571247969021          -0.095760917383577       -0.48712159681065        -3.481902101635e-16
3215                     1.2571247969021          -0.095760917383577       -0.48621845778919        -3.481893370028e-16
3216                     1.2571247969021          -0.095760917383577       -0.48531531876772        -3.4818846384211e-16
3217                     1.2571247969021          -0.095760917383577       -0.48441217974626        -3.4818759068141e-16
3218                     1.2571247969021          -0.095760917383577       -0.48350904072479        -3.4818671752071e-16
3219                     1.2571247969021          -0.095760917383577       -0.48260590170333        -3.4818584436001e-16
3220                     1.2571247969021          -0.095760917383577       -0.48170276268187        -3.4818497119931e-16
3221                     1.2571247969021          -0.095760917383577       -0.4807996236604         -3.4818409803861e-16
3222                     1.2571247969021          -0.095760917383577       -0.47989648463894        -3.4818322487792e-16
3223                     1.2571247969021          -0.095760917383577       -0.47899334561747        -3.4818235171722e-16
3224                     1.2571247969021          -0.095760917383577       -0.47809020659601        -3.4818147855652e-16
3225                     1.2571247969021          -0.095760917383577       -0.47718706757455        -3.4818060539582e-16
3226                     1.2571247969021          -0.095760917383577       -0.47628392855308        -3.4817973223512e-16
3227                     1.2571247969021          -0.095760917383577       -0.47538078953162        -3.4817885907442e-16
3228                     1.2571247969021          -0.095760917383577       -0.47447765051016        -3.4817798591373e-16
3229                     1.2571247969021          -0.095760917383577       -0.47357451148869        -3.4817711275303e-16
3230                     1.2571247969021          -0.095760917383577       -0.47267137246723        -3.4817623959233e-16
3231                     1.2571247969021          -0.095760917383577       -0.47176823344576        -3.4817536643163e-16
3232                     1.2571247969021          -0.095760917383577       -0.4708650944243         -3.4817449327093e-16
3233                     1.2571247969021          -0.095760917383577       -0.46996195540284        -3.4817362011024e-16
3234                     1.2571247969021          -0.095760917383577       -0.46905881638137        -3.4817274694954e-16
3235                     1.2571247969021          -0.095760917383577       -0.46815567735991        -3.4817187378884e-16
3236                     1.2571247969021          -0.095760917383577       -0.46725253833845        -3.4817100062814e-16
3237                     1.2571247969021          -0.095760917383577       -0.46634939931698        -3.4817012746744e-16
3238                     1.2571247969021          -0.095760917383577       -0.46544626029552        -3.4816925430674e-16
3239                     1.2571247969021          -0.095760917383577       -0.46454312127405        -3.4816838114605e-16
3240                     1.2571247969021          -0.095760917383577       -0.46363998225259        -3.4816750798535e-16
3241                     1.2571247969021          -0.095760917383577       -0.46273684323113        -3.4816663482465e-16
3242                     1.2571247969021          -0.095760917383576       -0.46183370420966        -3.4816576166395e-16
3243                     1.2571247969021          -0.095760917383576       -0.4609305651882         -3.4816488850325e-16
3244                     1.2571247969021          -0.095760917383576       -0.46002742616674        -3.4816401534256e-16
3245                     1.2571247969021          -0.095760917383576       -0.45912428714527        -3.4816314218186e-16
3246                     1.2571247969021          -0.095760917383576       -0.45822114812381        -3.4816226902116e-16
3247                     1.2571247969021          -0.095760917383576       -0.45731800910234        -3.4816139586046e-16
3248                     1.2571247969021          -0.095760917383576       -0.45641487008088        -3.4816052269976e-16
3249                     1.2571247969021          -0.095760917383576       -0.45551173105942        -3.4815964953907e-16
3250                     1.2571247969021          -0.095760917383576       -0.45460859203795        -3.4815877637837e-16
3251                     1.2571247969021          -0.095760917383576       -0.45370545301649        -3.4815790321767e-16
3252                     1.2571247969021          -0.095760917383577       -0.45280231399503        -3.4815703005697e-16
3253                     1.2571247969021          -0.095760917383577       -0.45189917497356        -3.4815615689627e-16
3254                     1.2571247969021          -0.095760917383577       -0.4509960359521         -3.4815528373558e-16
3255                     1.2571247969021          -0.095760917383577       -0.45009289693063        -3.4815441057488e-16
3256                     1.2571247969021          -0.095760917383577       -0.44918975790917        -3.4815353741418e-16
3257                     1.2571247969021          -0.095760917383577       -0.44828661888771        -3.4815266425348e-16
3258                     1.2571247969021          -0.095760917383577       -0.44738347986624        -3.4815179109278e-16
3259                     1.2571247969021          -0.095760917383577       -0.44648034084478        -3.4815091793209e-16
3260                     1.2571247969021          -0.095760917383577       -0.44557720182331        -3.4815004477139e-16
3261                     1.2571247969021          -0.095760917383577       -0.44467406280185        -3.4814917161069e-16
3262                     1.2571247969021          -0.095760917383577       -0.44377092378039        -3.4814829844999e-16
3263                     1.2571247969021          -0.095760917383577       -0.44286778475892        -3.4814742528929e-16
3264                     1.2571247969021          -0.095760917383578       -0.44196464573746        -3.481465521286e-16
3265                     1.2571247969021          -0.095760917383578       -0.441061506716          -3.481456789679e-16
3266                     1.2571247969021          -0.095760917383578       -0.44015836769453        -3.481448058072e-16
3267                     1.2571247969021          -0.095760917383578       -0.43925522867307        -3.481439326465e-16
3268                     1.2571247969021          -0.095760917383578       -0.4383520896516         -3.481430594858e-16
3269                     1.2571247969021          -0.095760917383578       -0.43744895063014        -3.4814218632511e-16
3270                     1.2571247969021          -0.095760917383578       -0.43654581160868        -3.4814131316441e-16
3271                     1.2571247969021          -0.095760917383577       -0.43564267258721        -3.4814044000371e-16
3272                     1.2571247969021          -0.095760917383577       -0.43473953356575        -3.4813956684301e-16
3273                     1.2571247969021          -0.095760917383577       -0.43383639454429        -3.4813869368231e-16
3274                     1.2571247969021          -0.095760917383577       -0.43293325552282        -3.4813782052162e-16
3275                     1.2571247969021          -0.095760917383577       -0.43203011650136        -3.4813694736092e-16
3276                     1.2571247969021          -0.095760917383577       -0.4311269774799         -3.4813607420022e-16
3277                     1.2571247969021          -0.095760917383577       -0.43022383845843        -3.4813520103952e-16
3278                     1.2571247969021          -0.095760917383578       -0.42932069943697        -3.4813432787882e-16
3279                     1.2571247969021          -0.095760917383578       -0.4284175604155         -3.4813345471813e-16
3280                     1.2571247969021          -0.095760917383578       -0.42751442139404        -3.4813258155743e-16
3281                     1.2571247969021          -0.095760917383579       -0.42661128237258        -3.4813170839673e-16
3282                     1.2571247969021          -0.095760917383579       -0.42570814335111        -3.4813083523603e-16
3283                     1.2571247969021          -0.095760917383579       -0.42480500432965        -3.4812996207533e-16
3284                     1.2571247969021          -0.095760917383579       -0.42390186530819        -3.4812908891464e-16
3285                     1.2571247969021          -0.095760917383579       -0.42299872628672        -3.4812821575394e-16
3286                     1.2571247969021          -0.095760917383579       -0.42209558726526        -3.4812734259324e-16
3287                     1.2571247969021          -0.095760917383579       -0.42119244824379        -3.4812646943254e-16
3288                     1.2571247969021          -0.095760917383579       -0.42028930922233        -3.4812559627185e-16
3289                     1.2571247969021          -0.095760917383579       -0.41938617020087        -3.4812472311115e-16
3290                     1.2571247969021          -0.095760917383579       -0.4184830311794         -3.4812384995045e-16
3291                     1.2571247969021          -0.095760917383579       -0.41757989215794        -3.4812297678975e-16
3292                     1.2571247969021          -0.095760917383578       -0.41667675313648        -3.4812210362905e-16
3293                     1.2571247969021          -0.095760917383578       -0.41577361411501        -3.4812123046836e-16
3294                     1.2571247969021          -0.095760917383578       -0.41487047509355        -3.4812035730766e-16
3295                     1.2571247969021          -0.095760917383577       -0.41396733607208        -3.4811948414696e-16
3296                     1.2571247969021          -0.095760917383577       -0.41306419705062        -3.4811861098626e-16
3297                     1.2571247969021          -0.095760917383577       -0.41216105802916        -3.4811773782556e-16
3298                     1.2571247969021          -0.095760917383577       -0.41125791900769        -3.4811686466487e-16
3299                     1.2571247969021          -0.095760917383577       -0.41035477998623        -3.4811599150417e-16
3300                     1.2571247969021          -0.095760917383577       -0.40945164096477        -3.4811511834347e-16
3301                     1.2571247969021          -0.095760917383577       -0.4085485019433         -3.4811424518277e-16
3302                     1.2571247969021          -0.095760917383577       -0.40764536292184        -3.4811337202207e-16
3303                     1.2571247969021          -0.095760917383577       -0.40674222390038        -3.4811249886138e-16
3304                     1.2571247969021          -0.095760917383577       -0.40583908487891        -3.4811162570068e-16
3305                     1.2571247969021          -0.095760917383576       -0.40493594585745        -3.4811075253998e-16
3306                     1.2571247969021          -0.095760917383576       -0.40403280683598        -3.4810987937928e-16
3307                     1.2571247969021          -0.095760917383576       -0.40312966781452        -3.4810900621858e-16
3308                     1.2571247969021          -0.095760917383576       -0.40222652879306        -3.4810813305789e-16
3309                     1.2571247969021          -0.095760917383576       -0.40132338977159        -3.4810725989719e-16
3310                     1.2571247969021          -0.095760917383577       -0.40042025075013        -3.4810638673649e-16
3311                     1.2571247969021          -0.095760917383577       -0.39951711172867        -3.4810551357579e-16
3312                     1.2571247969021          -0.095760917383577       -0.3986139727072         -3.4810464041509e-16
3313                     1.2571247969021          -0.095760917383577       -0.39771083368574        -3.481037672544e-16
3314                     1.2571247969021          -0.095760917383577       -0.39680769466428        -3.481028940937e-16
3315                     1.2571247969021          -0.095760917383577       -0.39590455564281        -3.48102020933e-16
3316                     1.2571247969021          -0.095760917383577       -0.39500141662135        -3.481011477723e-16
3317                     1.2571247969021          -0.095760917383577       -0.39409827759988        -3.4810027461161e-16
3318                     1.2571247969021          -0.095760917383577       -0.39319513857842        -3.4809940145091e-16
3319                     1.2571247969021          -0.095760917383577       -0.39229199955696        -3.4809852829021e-16
3320                     1.2571247969021          -0.095760917383577       -0.39138886053549        -3.4809765512951e-16
3321                     1.2571247969021          -0.095760917383577       -0.39048572151403        -3.4809678196881e-16
3322                     1.2571247969021          -0.095760917383577       -0.38958258249257        -3.4809590880812e-16
3323                     1.2571247969021          -0.095760917383577       -0.3886794434711         -3.4809503564742e-16
3324                     1.2571247969021          -0.095760917383577       -0.38777630444964        -3.4809416248672e-16
3325                     1.2571247969021          -0.095760917383577       -0.38687316542818        -3.4809328932602e-16
3326                     1.2571247969021          -0.095760917383577       -0.38597002640671        -3.4809241616532e-16
3327                     1.2571247969021          -0.095760917383577       -0.38506688738525        -3.4809154300463e-16
3328                     1.2571247969021          -0.095760917383577       -0.38416374836379        -3.4809066984393e-16
3329                     1.2571247969021          -0.095760917383577       -0.38326060934232        -3.4808979668323e-16
3330                     1.2571247969021          -0.095760917383577       -0.38235747032086        -3.4808892352253e-16
3331                     1.2571247969021          -0.095760917383577       -0.38145433129939        -3.4808805036184e-16
3332                     1.2571247969021          -0.095760917383577       -0.38055119227793        -3.4808717720114e-16
3333                     1.2571247969021          -0.095760917383577       -0.37964805325647        -3.4808630404044e-16
3334                     1.2571247969021          -0.095760917383577       -0.378744914235          -3.4808543087974e-16
3335                     1.2571247969021          -0.095760917383577       -0.37784177521354        -3.4808455771904e-16
3336                     1.2571247969021          -0.095760917383577       -0.37693863619208        -3.4808368455835e-16
3337                     1.2571247969021          -0.095760917383577       -0.37603549717061        -3.4808281139765e-16
3338                     1.2571247969021          -0.095760917383577       -0.37513235814915        -3.4808193823695e-16
3339                     1.2571247969021          -0.095760917383577       -0.37422921912769        -3.4808106507625e-16
3340                     1.2571247969021          -0.095760917383577       -0.37332608010622        -3.4808019191556e-16
3341                     1.2571247969021          -0.095760917383577       -0.37242294108476        -3.4807931875486e-16
3342                     1.2571247969021          -0.095760917383578       -0.37151980206329        -3.4807844559416e-16
3343                     1.2571247969021          -0.095760917383578       -0.37061666304183        -3.4807757243346e-16
3344                     1.2571247969021          -0.095760917383578       -0.36971352402037        -3.4807669927277e-16
3345                     1.2571247969021          -0.095760917383578       -0.3688103849989         -3.4807582611207e-16
3346                     1.2571247969021          -0.095760917383578       -0.36790724597744        -3.4807495295137e-16
3347                     1.2571247969021          -0.095760917383578       -0.36700410695598        -3.4807407979067e-16
3348                     1.2571247969021          -0.095760917383578       -0.36610096793451        -3.4807320662998e-16
3349                     1.2571247969021          -0.095760917383578       -0.36519782891305        -3.4807233346928e-16
3350                     1.2571247969021          -0.095760917383577       -0.36429468989159        -3.4807146030858e-16
3351                     1.2571247969021          -0.095760917383577       -0.36339155087012        -3.4807058714788e-16
3352                     1.2571247969021          -0.095760917383577       -0.36248841184866        -3.4806971398719e-16
3353                     1.2571247969021          -0.095760917383577       -0.3615852728272         -3.4806884082649e-16
3354                     1.2571247969021          -0.095760917383577       -0.36068213380573        -3.4806796766579e-16
3355                     1.2571247969021          -0.095760917383577       -0.35977899478427        -3.4806709450509e-16
3356                     1.2571247969021          -0.095760917383577       -0.3588758557628         -3.480662213444e-16
3357                     1.2571247969021          -0.095760917383577       -0.35797271674134        -3.480653481837e-16
3358                     1.2571247969021          -0.095760917383577       -0.35706957771988        -3.48064475023e-16
3359                     1.2571247969021          -0.095760917383577       -0.35616643869841        -3.480636018623e-16
3360                     1.2571247969021          -0.095760917383577       -0.35526329967695        -3.4806272870161e-16
3361                     1.2571247969021          -0.095760917383577       -0.35436016065549        -3.4806185554091e-16
3362                     1.2571247969021          -0.095760917383577       -0.35345702163402        -3.4806098238021e-16
3363                     1.2571247969021          -0.095760917383577       -0.35255388261256        -3.4806010921951e-16
3364                     1.2571247969021          -0.095760917383577       -0.3516507435911         -3.4805923605881e-16
3365                     1.2571247969021          -0.095760917383577       -0.35074760456963        -3.4805836289812e-16
3366                     1.2571247969021          -0.095760917383577       -0.34984446554817        -3.4805748973742e-16
3367                     1.2571247969021          -0.095760917383577       -0.34894132652671        -3.4805661657672e-16
3368                     1.2571247969021          -0.095760917383577       -0.34803818750524        -3.4805574341602e-16
3369                     1.2571247969021          -0.095760917383577       -0.34713504848378        -3.4805487025533e-16
3370                     1.2571247969021          -0.095760917383577       -0.34623190946232        -3.4805399709463e-16
3371                     1.2571247969021          -0.095760917383577       -0.34532877044085        -3.4805312393393e-16
3372                     1.2571247969021          -0.095760917383577       -0.34442563141939        -3.4805225077323e-16
3373                     1.2571247969021          -0.095760917383577       -0.34352249239792        -3.4805137761254e-16
3374                     1.2571247969021          -0.095760917383577       -0.34261935337646        -3.4805050445184e-16
3375                     1.2571247969021          -0.095760917383577       -0.341716214355          -3.4804963129114e-16
3376                     1.2571247969021          -0.095760917383577       -0.34081307533353        -3.4804875813044e-16
3377                     1.2571247969021          -0.095760917383577       -0.33990993631207        -3.4804788496975e-16
3378                     1.2571247969021          -0.095760917383577       -0.33900679729061        -3.4804701180905e-16
3379                     1.2571247969021          -0.095760917383578       -0.33810365826914        -3.4804613864835e-16
3380                     1.2571247969021          -0.095760917383578       -0.33720051924768        -3.4804526548765e-16
3381                     1.2571247969021          -0.095760917383578       -0.33629738022622        -3.4804439232696e-16
3382                     1.2571247969021          -0.095760917383578       -0.33539424120475        -3.4804351916626e-16
3383                     1.2571247969021          -0.095760917383578       -0.33449110218329        -3.4804264600556e-16
3384                     1.2571247969021          -0.095760917383578       -0.33358796316183        -3.4804177284486e-16
3385                     1.2571247969021          -0.095760917383578       -0.33268482414036        -3.4804089968417e-16
3386                     1.2571247969021          -0.095760917383578       -0.3317816851189         -3.4804002652347e-16
3387                     1.2571247969021          -0.095760917383578       -0.33087854609743        -3.4803915336277e-16
3388                     1.2571247969021          -0.095760917383578       -0.32997540707597        -3.4803828020207e-16
3389                     1.2571247969021          -0.095760917383578       -0.32907226805451        -3.4803740704138e-16
3390                     1.2571247969021          -0.095760917383578       -0.32816912903304        -3.4803653388068e-16
3391                     1.2571247969021          -0.095760917383577       -0.32726599001158        -3.4803566071998e-16
3392                     1.2571247969021          -0.095760917383577       -0.32636285099012        -3.4803478755928e-16
3393                     1.2571247969021          -0.095760917383577       -0.32545971196865        -3.4803391439859e-16
3394                     1.2571247969021          -0.095760917383577       -0.32455657294719        -3.4803304123789e-16
3395                     1.2571247969021          -0.095760917383577       -0.32365343392573        -3.4803216807719e-16
3396                     1.2571247969021          -0.095760917383577       -0.32275029490426        -3.4803129491649e-16
3397                     1.2571247969021          -0.095760917383577       -0.3218471558828         -3.480304217558e-16
3398                     1.2571247969021          -0.095760917383577       -0.32094401686133        -3.480295485951e-16
3399                     1.2571247969021          -0.095760917383577       -0.32004087783987        -3.480286754344e-16
3400                     1.2571247969021          -0.095760917383577       -0.31913773881841        -3.480278022737e-16
3401                     1.2571247969021          -0.095760917383577       -0.31823459979694        -3.4802692911301e-16
3402                     1.2571247969021          -0.095760917383577       -0.31733146077548        -3.4802605595231e-16
3403                     1.2571247969021          -0.095760917383577       -0.31642832175402        -3.4802518279161e-16
3404                     1.2571247969021          -0.095760917383577       -0.31552518273255        -3.4802430963091e-16
3405                     1.2571247969021          -0.095760917383577       -0.31462204371109        -3.4802343647022e-16
3406                     1.2571247969021          -0.095760917383577       -0.31371890468963        -3.4802256330952e-16
3407                     1.2571247969021          -0.095760917383578       -0.31281576566816        -3.4802169014882e-16
3408                     1.2571247969021          -0.095760917383578       -0.3119126266467         -3.4802081698812e-16
3409                     1.2571247969021          -0.095760917383578       -0.31100948762523        -3.4801994382742e-16
3410                     1.2571247969021          -0.095760917383578       -0.31010634860377        -3.4801907066673e-16
3411                     1.2571247969021          -0.095760917383578       -0.30920320958231        -3.4801819750603e-16
3412                     1.2571247969021          -0.095760917383578       -0.30830007056084        -3.4801732434533e-16
3413                     1.2571247969021          -0.095760917383578       -0.30739693153938        -3.4801645118463e-16
3414                     1.2571247969021          -0.095760917383578       -0.30649379251792        -3.4801557802394e-16
3415                     1.2571247969021          -0.095760917383578       -0.30559065349645        -3.4801470486324e-16
3416                     1.2571247969021          -0.095760917383578       -0.30468751447499        -3.4801383170254e-16
3417                     1.2571247969021          -0.095760917383578       -0.30378437545353        -3.4801295854184e-16
3418                     1.2571247969021          -0.095760917383578       -0.30288123643206        -3.4801208538115e-16
3419                     1.2571247969021          -0.095760917383578       -0.3019780974106         -3.4801121222045e-16
3420                     1.2571247969021          -0.095760917383578       -0.30107495838914        -3.4801033905975e-16
3421                     1.2571247969021          -0.095760917383578       -0.30017181936767        -3.4800946589905e-16
3422                     1.2571247969021          -0.095760917383578       -0.29926868034621        -3.4800859273836e-16
3423                     1.2571247969021          -0.095760917383577       -0.29836554132474        -3.4800771957766e-16
3424                     1.2571247969021          -0.095760917383577       -0.29746240230328        -3.4800684641696e-16
3425                     1.2571247969021          -0.095760917383577       -0.29655926328182        -3.4800597325626e-16
3426                     1.2571247969021          -0.095760917383577       -0.29565612426035        -3.4800510009557e-16
3427                     1.2571247969021          -0.095760917383577       -0.29475298523889        -3.4800422693487e-16
3428                     1.2571247969021          -0.095760917383577       -0.29384984621743        -3.4800335377417e-16
3429                     1.2571247969021          -0.095760917383577       -0.29294670719596        -3.4800248061347e-16
3430                     1.2571247969021          -0.095760917383577       -0.2920435681745         -3.4800160745278e-16
3431                     1.2571247969021          -0.095760917383578       -0.29114042915304        -3.4800073429208e-16
3432                     1.2571247969021          -0.095760917383578       -0.29023729013157        -3.4799986113138e-16
3433                     1.2571247969021          -0.095760917383578       -0.28933415111011        -3.4799898797068e-16
3434                     1.2571247969021          -0.095760917383579       -0.28843101208865        -3.4799811480999e-16
3435                     1.2571247969021          -0.095760917383579       -0.28752787306718        -3.4799724164929e-16
3436                     1.2571247969021          -0.095760917383579       -0.28662473404572        -3.4799636848859e-16
3437                     1.2571247969021          -0.095760917383579       -0.28572159502426        -3.4799549532789e-16
3438                     1.2571247969021          -0.095760917383579       -0.28481845600279        -3.4799462216719e-16
3439                     1.2571247969021          -0.095760917383579       -0.28391531698133        -3.479937490065e-16
3440                     1.2571247969021          -0.095760917383579       -0.28301217795987        -3.479928758458e-16
3441                     1.2571247969021          -0.095760917383579       -0.2821090389384         -3.479920026851e-16
3442                     1.2571247969021          -0.095760917383579       -0.28120589991694        -3.4799112952441e-16
3443                     1.2571247969021          -0.095760917383579       -0.28030276089548        -3.4799025636371e-16
3444                     1.2571247969021          -0.095760917383579       -0.27939962187401        -3.4798938320301e-16
3445                     1.2571247969021          -0.095760917383579       -0.27849648285255        -3.4798851004231e-16
3446                     1.2571247969021          -0.095760917383579       -0.27759334383109        -3.4798763688162e-16
3447                     1.2571247969021          -0.095760917383579       -0.27669020480962        -3.4798676372092e-16
3448                     1.2571247969021          -0.095760917383579       -0.27578706578816        -3.4798589056022e-16
3449                     1.2571247969021          -0.095760917383579       -0.27488392676669        -3.4798501739952e-16
3450                     1.2571247969021          -0.095760917383579       -0.27398078774523        -3.4798414423883e-16
3451                     1.2571247969021          -0.095760917383579       -0.27307764872377        -3.4798327107813e-16
3452                     1.2571247969021          -0.095760917383579       -0.2721745097023         -3.4798239791743e-16
3453                     1.2571247969021          -0.095760917383579       -0.27127137068084        -3.4798152475673e-16
3454                     1.2571247969021          -0.095760917383579       -0.27036823165938        -3.4798065159604e-16
3455                     1.2571247969021          -0.095760917383579       -0.26946509263791        -3.4797977843534e-16
3456                     1.2571247969021          -0.095760917383579       -0.26856195361645        -3.4797890527464e-16
3457                     1.2571247969021          -0.095760917383579       -0.26765881459499        -3.4797803211395e-16
3458                     1.2571247969021          -0.095760917383579       -0.26675567557352        -3.4797715895325e-16
3459                     1.2571247969021          -0.095760917383579       -0.26585253655206        -3.4797628579255e-16
3460                     1.2571247969021          -0.095760917383579       -0.2649493975306         -3.4797541263185e-16
3461                     1.2571247969021          -0.095760917383579       -0.26404625850913        -3.4797453947116e-16
3462                     1.2571247969021          -0.095760917383579       -0.26314311948767        -3.4797366631046e-16
3463                     1.2571247969021          -0.095760917383579       -0.26223998046621        -3.4797279314976e-16
3464                     1.2571247969021          -0.095760917383579       -0.26133684144474        -3.4797191998907e-16
3465                     1.2571247969021          -0.095760917383579       -0.26043370242328        -3.4797104682837e-16
3466                     1.2571247969021          -0.095760917383579       -0.25953056340182        -3.4797017366767e-16
3467                     1.2571247969021          -0.095760917383579       -0.25862742438035        -3.4796930050697e-16
3468                     1.2571247969021          -0.095760917383578       -0.25772428535889        -3.4796842734628e-16
3469                     1.2571247969021          -0.095760917383578       -0.25682114633742        -3.4796755418558e-16
3470                     1.2571247969021          -0.095760917383578       -0.25591800731596        -3.4796668102488e-16
3471                     1.2571247969021          -0.095760917383578       -0.2550148682945         -3.4796580786419e-16
3472                     1.2571247969021          -0.095760917383578       -0.25411172927303        -3.4796493470349e-16
3473                     1.2571247969021          -0.095760917383578       -0.25320859025157        -3.4796406154279e-16
3474                     1.2571247969021          -0.095760917383578       -0.25230545123011        -3.4796318838209e-16
3475                     1.2571247969021          -0.095760917383578       -0.25140231220864        -3.479623152214e-16
3476                     1.2571247969021          -0.095760917383578       -0.25049917318718        -3.479614420607e-16
3477                     1.2571247969021          -0.095760917383578       -0.24959603416572        -3.479605689e-16
3478                     1.2571247969021          -0.095760917383578       -0.24869289514425        -3.4795969573931e-16
3479                     1.2571247969021          -0.095760917383578       -0.24778975612279        -3.4795882257861e-16
3480                     1.2571247969021          -0.095760917383578       -0.24688661710133        -3.4795794941791e-16
3481                     1.2571247969021          -0.095760917383578       -0.24598347807986        -3.4795707625721e-16
3482                     1.2571247969021          -0.095760917383578       -0.2450803390584         -3.4795620309652e-16
3483                     1.2571247969021          -0.095760917383578       -0.24417720003694        -3.4795532993582e-16
3484                     1.2571247969021          -0.095760917383578       -0.24327406101547        -3.4795445677512e-16
3485                     1.2571247969021          -0.095760917383578       -0.24237092199401        -3.4795358361443e-16
3486                     1.2571247969021          -0.095760917383578       -0.24146778297255        -3.4795271045373e-16
3487                     1.2571247969021          -0.095760917383579       -0.24056464395108        -3.4795183729303e-16
3488                     1.2571247969021          -0.095760917383579       -0.23966150492962        -3.4795096413233e-16
3489                     1.2571247969021          -0.095760917383578       -0.23875836590816        -3.4795009097164e-16
3490                     1.2571247969021          -0.095760917383578       -0.23785522688669        -3.4794921781094e-16
3491                     1.2571247969021          -0.095760917383578       -0.23695208786523        -3.4794834465024e-16
3492                     1.2571247969021          -0.095760917383578       -0.23604894884377        -3.4794747148955e-16
3493                     1.2571247969021          -0.095760917383578       -0.2351458098223         -3.4794659832885e-16
3494                     1.2571247969021          -0.095760917383578       -0.23424267080084        -3.4794572516815e-16
3495                     1.2571247969021          -0.095760917383578       -0.23333953177937        -3.4794485200745e-16
3496                     1.2571247969021          -0.095760917383578       -0.23243639275791        -3.4794397884676e-16
3497                     1.2571247969021          -0.095760917383578       -0.23153325373645        -3.4794310568606e-16
3498                     1.2571247969021          -0.095760917383578       -0.23063011471498        -3.4794223252536e-16
3499                     1.2571247969021          -0.095760917383578       -0.22972697569352        -3.4794135936467e-16
3500                     1.2571247969021          -0.095760917383578       -0.22882383667206        -3.4794048620397e-16
3501                     1.2571247969021          -0.095760917383578       -0.22792069765059        -3.4793961304327e-16
3502                     1.2571247969021          -0.095760917383578       -0.22701755862913        -3.4793873988257e-16
3503                     1.2571247969021          -0.095760917383579       -0.22611441960767        -3.4793786672188e-16
3504                     1.2571247969021          -0.095760917383579       -0.2252112805862         -3.4793699356118e-16
3505                     1.2571247969021          -0.095760917383579       -0.22430814156474        -3.4793612040048e-16
3506                     1.2571247969021          -0.095760917383579       -0.22340500254328        -3.4793524723979e-16
3507                     1.2571247969021          -0.095760917383579       -0.22250186352181        -3.4793437407909e-16
3508                     1.2571247969021          -0.095760917383578       -0.22159872450035        -3.4793350091839e-16
3509                     1.2571247969021          -0.095760917383578       -0.22069558547889        -3.479326277577e-16
3510                     1.2571247969021          -0.095760917383578       -0.21979244645742        -3.47931754597e-16
3511                     1.2571247969021          -0.095760917383578       -0.21888930743596        -3.479308814363e-16
3512                     1.2571247969021          -0.095760917383578       -0.2179861684145         -3.479300082756e-16
3513                     1.2571247969021          -0.095760917383579       -0.21708302939303        -3.4792913511491e-16
3514                     1.2571247969021          -0.095760917383579       -0.21617989037157        -3.4792826195421e-16
3515                     1.2571247969021          -0.095760917383579       -0.2152767513501         -3.4792738879351e-16
3516                     1.2571247969021          -0.095760917383579       -0.21437361232864        -3.4792651563282e-16
3517                     1.2571247969021          -0.095760917383579       -0.21347047330718        -3.4792564247212e-16
3518                     1.2571247969021          -0.095760917383578       -0.21256733428571        -3.4792476931142e-16
3519                     1.2571247969021          -0.095760917383578       -0.21166419526425        -3.4792389615072e-16
3520                     1.2571247969021          -0.095760917383578       -0.21076105624279        -3.4792302299003e-16
3521                     1.2571247969021          -0.095760917383578       -0.20985791722132        -3.4792214982933e-16
3522                     1.2571247969021          -0.095760917383578       -0.20895477819986        -3.4792127666863e-16
3523                     1.2571247969021          -0.095760917383578       -0.2080516391784         -3.4792040350794e-16
3524                     1.2571247969021          -0.095760917383577       -0.20714850015693        -3.4791953034724e-16
3525                     1.2571247969021          -0.095760917383577       -0.20624536113547        -3.4791865718654e-16
3526                     1.2571247969021          -0.095760917383577       -0.20534222211401        -3.4791778402585e-16
3527                     1.2571247969021          -0.095760917383577       -0.20443908309254        -3.4791691086515e-16
3528                     1.2571247969021          -0.095760917383577       -0.20353594407108        -3.4791603770445e-16
3529                     1.2571247969021          -0.095760917383577       -0.20263280504962        -3.4791516454375e-16
3530                     1.2571247969021          -0.095760917383577       -0.20172966602815        -3.4791429138306e-16
3531                     1.2571247969021          -0.095760917383577       -0.20082652700669        -3.4791341822236e-16
3532                     1.2571247969021          -0.095760917383577       -0.19992338798523        -3.4791254506166e-16
3533                     1.2571247969021          -0.095760917383577       -0.19902024896376        -3.4791167190097e-16
3534                     1.2571247969021          -0.095760917383577       -0.1981171099423         -3.4791079874027e-16
3535                     1.2571247969021          -0.095760917383577       -0.19721397092083        -3.4790992557957e-16
3536                     1.2571247969021          -0.095760917383577       -0.19631083189937        -3.4790905241888e-16
3537                     1.2571247969021          -0.095760917383578       -0.19540769287791        -3.4790817925818e-16
3538                     1.2571247969021          -0.095760917383578       -0.19450455385644        -3.4790730609748e-16
3539                     1.2571247969021          -0.095760917383578       -0.19360141483498        -3.4790643293679e-16
3540                     1.2571247969021          -0.095760917383578       -0.19269827581352        -3.4790555977609e-16
3541                     1.2571247969021          -0.095760917383579       -0.19179513679205        -3.4790468661539e-16
3542                     1.2571247969021          -0.095760917383579       -0.19089199777059        -3.479038134547e-16
3543                     1.2571247969021          -0.095760917383579       -0.18998885874913        -3.47902940294e-16
3544                     1.2571247969021          -0.095760917383579       -0.18908571972766        -3.479020671333e-16
3545                     1.2571247969021          -0.09576091738358        -0.1881825807062         -3.4790119397261e-16
3546                     1.2571247969021          -0.09576091738358        -0.18727944168474        -3.4790032081191e-16
3547                     1.2571247969021          -0.09576091738358        -0.18637630266327        -3.4789944765121e-16
3548                     1.2571247969021          -0.095760917383581       -0.18547316364181        -3.4789857449052e-16
3549                     1.2571247969021          -0.095760917383581       -0.18457002462035        -3.4789770132982e-16
3550                     1.2571247969021          -0.095760917383582       -0.18366688559888        -3.4789682816912e-16
3551                     1.2571247969021          -0.095760917383583       -0.18276374657742        -3.4789595500843e-16
3552                     1.2571247969021          -0.095760917383583       -0.18186060755596        -3.4789508184773e-16
3553                     1.2571247969021          -0.095760917383584       -0.18095746853449        -3.4789420868703e-16
3554                     1.2571247969021          -0.095760917383585       -0.18005432951303        -3.4789333552634e-16
3555                     1.2571247969021          -0.095760917383586       -0.17915119049157        -3.4789246236564e-16
3556                     1.2571247969021          -0.095760917383588       -0.1782480514701         -3.4789158920494e-16
3557                     1.2571247969021          -0.09576091738359        -0.17734491244864        -3.4789071604424e-16
3558                     1.2571247969021          -0.095760917383592       -0.17644177342718        -3.4788984288355e-16
3559                     1.2571247969021          -0.095760917383594       -0.17553863440571        -3.4788896972285e-16
3560                     1.2571247969021          -0.095760917383597       -0.17463549538425        -3.4788809656215e-16
3561                     1.2571247969021          -0.095760917383601       -0.17373235636279        -3.4788722340146e-16
3562                     1.2571247969021          -0.095760917383605       -0.17282921734132        -3.4788635024076e-16
3563                     1.2571247969021          -0.09576091738361        -0.17192607831986        -3.4788547708006e-16
3564                     1.2571247969021          -0.095760917383615       -0.1710229392984         -3.4788460391937e-16
3565                     1.2571247969021          -0.095760917383622       -0.17011980027693        -3.4788373075867e-16
3566                     1.2571247969021          -0.09576091738363        -0.16921666125547        -3.4788285759797e-16
3567                     1.2571247969021          -0.095760917383639       -0.16831352223401        -3.4788198443728e-16
3568                     1.2571247969021          -0.09576091738365        -0.16741038321254        -3.4788111127658e-16
3569                     1.2571247969021          -0.095760917383662       -0.16650724419108        -3.4788023811588e-16
3570                     1.257124796902           -0.095760917383677       -0.16560410516962        -3.4787936495519e-16
3571                     1.257124796902           -0.095760917383695       -0.16470096614815        -3.4787849179449e-16
3572                     1.257124796902           -0.095760917383716       -0.16379782712669        -3.4787761863379e-16
3573                     1.257124796902           -0.09576091738374        -0.16289468810523        -3.478767454731e-16
3574                     1.2571247969019          -0.095760917383769       -0.16199154908376        -3.478758723124e-16
3575                     1.2571247969019          -0.095760917383802       -0.1610884100623         -3.478749991517e-16
3576                     1.2571247969019          -0.095760917383842       -0.16018527104083        -3.4787412599101e-16
3577                     1.2571247969018          -0.095760917383889       -0.15928213201937        -3.4787325283031e-16
3578                     1.2571247969018          -0.095760917383944       -0.15837899299791        -3.4787237966961e-16
3579                     1.2571247969017          -0.095760917384008       -0.15747585397644        -3.4787150650892e-16
3580                     1.2571247969016          -0.095760917384084       -0.15657271495498        -3.4787063334822e-16
3581                     1.2571247969015          -0.095760917384173       -0.15566957593352        -3.4786976018752e-16
3582                     1.2571247969014          -0.095760917384278       -0.15476643691205        -3.4786888702683e-16
3583                     1.2571247969013          -0.095760917384402       -0.15386329789059        -3.4786801386613e-16
3584                     1.2571247969012          -0.095760917384547       -0.15296015886913        -3.4786714070543e-16
3585                     1.257124796901           -0.095760917384717       -0.15205701984766        -3.4786626754474e-16
3586                     1.2571247969008          -0.095760917384918       -0.1511538808262         -3.4786539438404e-16
3587                     1.2571247969006          -0.095760917385154       -0.15025074180474        -3.4786452122334e-16
3588                     1.2571247969003          -0.095760917385432       -0.14934760278327        -3.4786364806264e-16
3589                     1.2571247969             -0.095760917385759       -0.14844446376181        -3.4786277490195e-16
3590                     1.2571247968996          -0.095760917386143       -0.14754132474035        -3.4786190174125e-16
3591                     1.2571247968991          -0.095760917386596       -0.14663818571888        -3.4786102858055e-16
3592                     1.2571247968986          -0.095760917387127       -0.14573504669742        -3.4786015541986e-16
3593                     1.257124796898           -0.095760917387753       -0.14483190767596        -3.4785928225916e-16
3594                     1.2571247968972          -0.095760917388489       -0.14392876865449        -3.4785840909846e-16
3595                     1.2571247968964          -0.095760917389355       -0.14302562963303        -3.4785753593777e-16
3596                     1.2571247968953          -0.095760917390373       -0.14212249061157        -3.4785666277707e-16
3597                     1.2571247968941          -0.095760917391571       -0.1412193515901         -3.4785578961637e-16
3598                     1.2571247968927          -0.09576091739298        -0.14031621256864        -3.4785491645567e-16
3599                     1.2571247968911          -0.095760917394637       -0.13941307354718        -3.4785404329498e-16
3600                     1.2571247968891          -0.095760917396587       -0.13850993452571        -3.4785317013428e-16
3601                     1.2571247968868          -0.09576091739888        -0.13760679550425        -3.4785229697358e-16
3602                     1.2571247968841          -0.095760917401577       -0.13670365648279        -3.4785142381289e-16
3603                     1.257124796881           -0.09576091740475        -0.13580051746132        -3.4785055065219e-16
3604                     1.2571247968772          -0.095760917408482       -0.13489737843986        -3.4784967749149e-16
3605                     1.2571247968728          -0.095760917412872       -0.1339942394184         -3.4784880433079e-16
3606                     1.2571247968677          -0.095760917418036       -0.13309110039693        -3.478479311701e-16
3607                     1.2571247968616          -0.09576091742411        -0.13218796137547        -3.478470580094e-16
3608                     1.2571247968545          -0.095760917431255       -0.13128482235401        -3.478461848487e-16
3609                     1.2571247968461          -0.095760917439659       -0.13038168333254        -3.47845311688e-16
3610                     1.2571247968362          -0.095760917449544       -0.12947854431108        -3.478444385273e-16
3611                     1.2571247968245          -0.095760917461172       -0.12857540528962        -3.478435653666e-16
3612                     1.2571247968109          -0.09576091747485        -0.12767226626815        -3.478426922059e-16
3613                     1.2571247967948          -0.095760917490939       -0.12676912724669        -3.478418190452e-16
3614                     1.2571247967759          -0.095760917509863       -0.12586598822523        -3.478409458845e-16
3615                     1.2571247967536          -0.095760917532124       -0.12496284920376        -3.478400727238e-16
3616                     1.2571247967274          -0.095760917558309       -0.1240597101823         -3.478391995631e-16
3617                     1.2571247966966          -0.095760917589109       -0.12315657116084        -3.478383264024e-16
3618                     1.2571247966604          -0.095760917625338       -0.12225343213937        -3.4783745324169e-16
3619                     1.2571247966178          -0.095760917667954       -0.12135029311791        -3.4783658008099e-16
3620                     1.2571247965676          -0.095760917718082       -0.12044715409645        -3.4783570692028e-16
3621                     1.2571247965087          -0.095760917777046       -0.11954401507498        -3.4783483375957e-16
3622                     1.2571247964393          -0.095760917846404       -0.11864087605352        -3.4783396059886e-16
3623                     1.2571247963577          -0.095760917927988       -0.11773773703206        -3.4783308743814e-16
3624                     1.2571247962618          -0.095760918023953       -0.11683459801059        -3.4783221427743e-16
3625                     1.2571247961489          -0.095760918136834       -0.11593145898913        -3.4783134111671e-16
3626                     1.2571247960161          -0.095760918269613       -0.11502831996766        -3.4783046795598e-16
3627                     1.2571247958599          -0.095760918425797       -0.1141251809462         -3.4782959479525e-16
3628                     1.2571247956762          -0.095760918609513       -0.11322204192474        -3.4782872163452e-16
3629                     1.2571247954601          -0.095760918825612       -0.11231890290327        -3.4782784847378e-16
3630                     1.2571247952059          -0.095760919079804       -0.11141576388181        -3.4782697531303e-16
3631                     1.2571247949069          -0.095760919378803       -0.11051262486035        -3.4782610215227e-16
3632                     1.2571247945552          -0.095760919730508       -0.10960948583888        -3.478252289915e-16
3633                     1.2571247941415          -0.095760920144209       -0.10870634681742        -3.4782435583072e-16
3634                     1.2571247936549          -0.095760920630835       -0.10780320779596        -3.4782348266992e-16
3635                     1.2571247930825          -0.095760921203239       -0.10690006877449        -3.4782260950911e-16
3636                     1.2571247924092          -0.095760921876543       -0.10599692975303        -3.4782173634827e-16
3637                     1.2571247916172          -0.095760922668532       -0.10509379073157        -3.4782086318741e-16
3638                     1.2571247906856          -0.095760923600127       -0.1041906517101         -3.4781999002652e-16
3639                     1.2571247895898          -0.095760924695938       -0.10328751268864        -3.478191168656e-16
3640                     1.2571247883008          -0.095760925984912       -0.10238437366718        -3.4781824370463e-16
3641                     1.2571247867846          -0.095760927501096       -0.10148123464571        -3.4781737054362e-16
3642                     1.2571247850012          -0.095760929284544       -0.10057809562425        -3.4781649738256e-16
3643                     1.2571247829033          -0.095760931382366       -0.099674956602787       -3.4781562422143e-16
3644                     1.2571247804357          -0.095760933849977       -0.098771817581324       -3.4781475106022e-16
3645                     1.2571247775332          -0.095760936752562       -0.097868678559861       -3.4781387789892e-16
3646                     1.2571247741189          -0.095760940166794       -0.096965539538397       -3.4781300473752e-16
3647                     1.2571247701028          -0.095760944182864       -0.096062400516934       -3.4781213157599e-16
3648                     1.2571247653789          -0.09576094890686        -0.09515926149547        -3.4781125841432e-16
3649                     1.2571247598221          -0.095760954463569       -0.094256122474007       -3.4781038525247e-16
3650                     1.2571247532859          -0.095760960999776       -0.093352983452544       -3.4780951209043e-16
3651                     1.2571247455976          -0.095760968688142       -0.09244984443108        -3.4780863892814e-16
3652                     1.257124736554           -0.095760977731759       -0.091546705409617       -3.4780776576557e-16
3653                     1.2571247259162          -0.095760988369521       -0.090643566388154       -3.4780689260268e-16
3654                     1.2571247134033          -0.095761000882435       -0.08974042736669        -3.4780601943939e-16
3655                     1.2571246986847          -0.095761015601039       -0.088837288345227       -3.4780514627565e-16
3656                     1.2571246813716          -0.095761032914134       -0.087934149323763       -3.4780427311138e-16
3657                     1.2571246610067          -0.095761053279059       -0.0870310103023         -3.4780339994647e-16
3658                     1.2571246370519          -0.095761077233769       -0.086127871280837       -3.4780252678082e-16
3659                     1.2571246088747          -0.095761105411044       -0.085224732259373       -3.478016536143e-16
3660                     1.2571245757305          -0.095761138555204       -0.08432159323791        -3.4780078044675e-16
3661                     1.2571245367439          -0.095761177541775       -0.083418454216446       -3.47799907278e-16
3662                     1.2571244908851          -0.095761223400609       -0.082515315194983       -3.4779903410782e-16
3663                     1.2571244369426          -0.095761277343094       -0.08161217617352        -3.4779816093597e-16
3664                     1.2571243734916          -0.095761340794147       -0.080709037152056       -3.4779728776216e-16
3665                     1.2571242988559          -0.095761415429857       -0.079805898130593       -3.4779641458603e-16
3666                     1.257124211064           -0.095761503221754       -0.078902759109129       -3.4779554140719e-16
3667                     1.2571241077968          -0.095761606488887       -0.077999620087666       -3.4779466822514e-16
3668                     1.2571239863266          -0.095761727959078       -0.077096481066202       -3.4779379503934e-16
3669                     1.2571238434447          -0.095761870840974       -0.076193342044739       -3.477929218491e-16
3670                     1.2571236753769          -0.095762038908793       -0.075290203023276       -3.4779204865366e-16
3671                     1.2571234776837          -0.095762236602013       -0.074387064001812       -3.477911754521e-16
3672                     1.2571232451431          -0.095762469142624       -0.073483924980349       -3.4779030224333e-16
3673                     1.2571229716127          -0.095762742673048       -0.072580785958885       -3.4778942902609e-16
3674                     1.2571226498674          -0.095763064418356       -0.071677646937422       -3.4778855579888e-16
3675                     1.2571222714086          -0.09576344287708        -0.070774507915959       -3.4778768255994e-16
3676                     1.2571218262401          -0.095763888045638       -0.069871368894495       -3.4778680930722e-16
3677                     1.2571213026034          -0.095764411682303       -0.068968229873032       -3.4778593603827e-16
3678                     1.257120686668           -0.095765027617678       -0.068065090851568       -3.4778506275024e-16
3679                     1.2571199621659          -0.095765752119863       -0.067161951830105       -3.4778418943976e-16
3680                     1.2571191099618          -0.095766604323939       -0.066258812808641       -3.4778331610288e-16
3681                     1.2571181075486          -0.09576760673709        -0.065355673787178       -3.4778244273494e-16
3682                     1.257116928453           -0.095768785832675       -0.064452534765715       -3.4778156933046e-16
3683                     1.2571155415368          -0.095770172748875       -0.063549395744251       -3.4778069588301e-16
3684                     1.2571139101754          -0.095771804110326       -0.062646256722788       -3.47779822385e-16
3685                     1.2571119912914          -0.095773722994314       -0.061743117701324       -3.4777894882752e-16
3686                     1.2571097342188          -0.095775980066948       -0.060839978679861       -3.477780752001e-16
3687                     1.2571070793666          -0.09577863491912        -0.059936839658397       -3.4777720149038e-16
3688                     1.2571039566484          -0.095781757637293       -0.059033700636934       -3.4777632768386e-16
3689                     1.2571002836355          -0.09578543065025        -0.058130561615471       -3.4777545376346e-16
3690                     1.2570959633856          -0.095789750900095       -0.057227422594007       -3.4777457970911e-16
3691                     1.2570908818915          -0.095794832394178       -0.056324283572544       -3.4777370549716e-16
3692                     1.2570849050813          -0.095800809204403       -0.05542114455108        -3.4777283109982e-16
3693                     1.2570778752939          -0.095807838991859       -0.054518005529617       -3.4777195648436e-16
3694                     1.2570696071377          -0.095816107148057       -0.053614866508153       -3.4777108161231e-16
3695                     1.257059882626           -0.09582583165971        -0.05271172748669        -3.4777020643835e-16
3696                     1.2570484454636          -0.095837268822079       -0.051808588465227       -3.4776933090919e-16
3697                     1.2570349943386          -0.0958507199471         -0.050905449443763       -3.4776845496208e-16
3698                     1.2570191750488          -0.095866539236892       -0.0500023104223         -3.4776757852318e-16
3699                     1.2570005712641          -0.095885143021581       -0.049099171400836       -3.4776670150557e-16
3700                     1.2569786936928          -0.095907020592953       -0.048196032379373       -3.4776582380691e-16
3701                     1.2569529673829          -0.095932746902842       -0.047292893357909       -3.4776494530668e-16
3702                     1.2569227168478          -0.095962997437898       -0.046389754336446       -3.4776406586296e-16
3703                     1.2568871486549          -0.095998565630843       -0.045486615314983       -3.4776318530857e-16
3704                     1.2568453310627          -0.096040383222965       -0.044583476293519       -3.4776230344653e-16
3705                     1.2567961702321          -0.096089544053575       -0.043680337272056       -3.4776142004465e-16
3706                     1.2567383824664          -0.096147331819356       -0.042777198250592       -3.4776053482919e-16
3707                     1.2566704618662          -0.096215252419519       -0.041874059229129       -3.4775964747726e-16
3708                     1.2565906427055          -0.096295071580248       -0.040970920207665       -3.4775875760782e-16
3709                     1.2564968557538          -0.096388858531915       -0.040067781186202       -3.4775786477097e-16
3710                     1.256386677694           -0.096499036591721       -0.039164642164739       -3.477569684351e-16
3711                     1.2562572727085          -0.09662844157726        -0.038261503143275       -3.4775606797165e-16
3712                     1.2561053252501          -0.096780389035578       -0.037358364121812       -3.4775516263667e-16
3713                     1.2559269629793          -0.096958751306402       -0.036455225100348       -3.4775425154878e-16
3714                     1.2557176688535          -0.097168045432234       -0.035552086078885       -3.4775333366246e-16
3715                     1.2554721814242          -0.097413532861468       -0.034648947057421       -3.4775240773569e-16
3716                     1.2551843825491          -0.09770133173663        -0.033745808035958       -3.4775147229059e-16
3717                     1.2548471720017          -0.098038542284062       -0.032842669014494       -3.477505255652e-16
3718                     1.2544523289041          -0.098433385381596       -0.031939529993031       -3.4774956545415e-16
3719                     1.2539903605583          -0.098895353727389       -0.031036390971568       -3.4774858943521e-16
3720                     1.2534503401749          -0.099435374110839       -0.030133251950104       -3.4774759447769e-16
3721                     1.2528197362459          -0.1000659780398         -0.029230112928641       -3.4774657692743e-16
3722                     1.252084237926           -0.10080147635971        -0.028326973907177       -3.4774553236113e-16
3723                     1.2512275828002          -0.10165813148548        -0.027423834885714       -3.4774445540042e-16
3724                     1.2502313958098          -0.10265431847593        -0.02652069586425        -3.4774333947222e-16
3725                     1.249075050779           -0.10381066350671        -0.025617556842787       -3.4774217649696e-16
3726                     1.247735568744           -0.10515014554173        -0.024714417821324       -3.4774095647887e-16
3727                     1.2461875697786          -0.10669814450709        -0.02381127879986        -3.4773966696172e-16
3728                     1.2444032967431          -0.10848241754257        -0.022908139778397       -3.4773829229795e-16
3729                     1.2423527296781          -0.11053298460759        -0.022005000756933       -3.4773681265604e-16
3730                     1.2400038076719          -0.11288190661379        -0.02110186173547        -3.477352026561e-16
3731                     1.2373227702139          -0.11556294407186        -0.020198722714006       -3.4773342947194e-16
3732                     1.2342746218364          -0.11861109244933        -0.019295583692543       -3.4773145015719e-16
3733                     1.2308237123079          -0.12206200197781        -0.01839244467108        -3.4772920782948e-16
3734                     1.2269344106299          -0.1259513036558         -0.017489305649616       -3.4772662615144e-16
3735                     1.2225718364383          -0.1303138778474         -0.016586166628153       -3.4772360123723e-16
3736                     1.2177025997617          -0.13518311452397        -0.015683027606689       -3.4771998961309e-16
3737                     1.2122954924607          -0.14059022182505        -0.014779888585226       -3.4771559004163e-16
3738                     1.2063220746244          -0.14656363966127        -0.013876749563762       -3.4771011566087e-16
3739                     1.1997571079538          -0.15312860633194        -0.012973610542299       -3.4770315059982e-16
3740                     1.1925788049068          -0.16030690937887        -0.012070471520835       -3.4769408131574e-16
3741                     1.1847688842724          -0.16811683001327        -0.011167332499372       -3.4768198609294e-16
3742                     1.1763124465851          -0.17657326770058        -0.010264193477909       -3.4766545412555e-16
3743                     1.1671977019599          -0.18568801232585        -0.0093610544564452      -3.4764228403486e-16
3744                     1.1574155951314          -0.19547011915432        -0.0084579154349817      -3.4760897229375e-16
3745                     1.1469593763264          -0.2059263379593         -0.0075547764135183      -3.475598289027e-16
3746                     1.1358241627472          -0.21706155153855        -0.0066516373920548      -3.4748541945657e-16
3747                     1.1240065261349          -0.2288791881508         -0.0057484983705914      -3.4736976683462e-16
3748                     1.1115041299976          -0.24138158428807        -0.004845359349128       -3.4718522472869e-16
3749                     1.098315428305           -0.25457028598071        -0.0039422203276645      -3.4688289522344e-16
3750                     1.0844394276657          -0.26844628662           -0.0030390813062011      -3.4637434711889e-16
3751                     1.0698755081261          -0.28301020615966        -0.0021359422847376      -3.4549600497104e-16
3752                     1.0546232938305          -0.29826242045518        -0.0012328032632742      -3.4393830347079e-16
3753                     1.0386825633744          -0.31420315091129        -0.00062693421737101     -3.4110169770559e-16
3754                     1.0220531900121          -0.33083252427359        -0.00031070112573427     -3.3579760231782e-16
3755                     1.0047351032211          -0.34815061106465        -0.00014874292608921     -3.2561348410671e-16
3756                     0.98672826485647         -0.36615744942924        -6.765521714407e-05      -3.0553473020173e-16
3757                     0.96803265485928         -0.38485305942643        -2.8046021201756e-05     -2.6488549604929e-16
3758                     0.94864826297287         -0.40423745131284        -9.1892854064583e-06     -1.8038269148152e-16
3759                     0.92857508409733         -0.42431063018838        -4.4490702107214e-07     -4.5085291176204e-22
3760                     0.84314926054109         -0.20192193185259        -2.5771614639005e-07     -3.6568506929021e-22
3761                     0.76582948252559         0.028572812023957        -2.3598236675103e-07     -3.5509519299992e-22
3762.0374419527          0.75900695734074         0.021750286839107        -2.2313534459082e-07     -3.4511970050831e-22
3763.1137277578          0.75532046485503         0.018063794353392        -2.1219171868226e-07     -3.3324079992969e-22
3764.2303118051          0.75334598473402         0.016089314232379        -2.0199733039867e-07     -3.1993889641923e-22
3765.3887029394          0.75230489451807         0.01504822401643         -1.9201518951165e-07     -3.0555763164151e-22
3766.5904664997          0.75176679052963         0.014510120027994        -1.8196932766186e-07     -2.903097140612e-22
3767.8372264344          0.75149490443276         0.014238233931127        -1.7170891718568e-07     -2.7431273424964e-22
3769.1306674955          0.75136086722053         0.014104196718894        -1.6114747304361e-07     -2.5762323369955e-22
3770.4725375156          0.75129648531941         0.014039814817778        -1.5023253165696e-07     -2.4026116124823e-22
3771.8646497695          0.75126639021885         0.014009719717217        -1.389295839378e-07      -2.2222540706068e-22
3773.3088854244          0.75125271383225         0.013996043330619        -1.2721335833165e-07     -2.0350299713136e-22
3774.8071960824          0.75124667757329         0.013990007071649        -1.1506309291734e-07     -1.8407427241915e-22
3776.3616064171          0.75124409244362         0.01398742194198         -1.0246000548338e-07     -1.6391568792174e-22
3777.9742169099          0.75124301899893         0.013986348497293        -8.9385965477709e-08     -1.4300126537922e-22
3779.6472066885          0.75124258670079         0.013985916199157        -7.5822809867363e-08     -1.2130331285956e-22
3781.3828364711          0.75124241649202         0.013985745990383        -6.1751994715053e-08     -9.8792758510022e-23
3783.1834516219          0.75124234658511         0.013985676083473        -4.7154416653883e-08     -7.5439287272117e-23
3785.05148532            0.75124230363454         0.013985633132903        -3.2010318533425e-08     -5.121137854417e-23
3786.9894618473          0.75124223454018         0.013985564038546        -1.62992392307e-08       -2.6076290542284e-23
3789                     0.37660800708836         0.007011058265114        0                        0
3791                     0                        0                        0                        0
3793                     0                        0                        0                        0
3795                     0                        0                        0                        0
3797                     0                        0                        0                        0
3799                     0                        0                        0                        0
