x[nm]                    Gamma[eV]                HH[eV]                   electron_Fermi_level[eV] hole_Fermi_level[eV]    
-9                       -7                       -7                       -7                       -7
-7                       -7                       -7                       -7                       -7
-5                       -7                       -7                       -7                       -7
-3                       -7                       -7                       -7                       -7
-1                       -7                       -7                       -7                       -7
1                        -7.0648307520288         -7.7409352185477         -7                       -7
2.998                    -7.1297264748075         -8.4826121890933         -7                       -6.9943222658521
4.996                    -7.1297265181889         -8.4826122324746         -7                       -6.9886445317042
6.9939999999999          -7.1297265432472         -8.4826122575329         -7                       -6.9829667975563
8.9919999999999          -7.1297265577216         -8.4826122720073         -7                       -6.9772890634084
10.99                    -7.1297265660825         -8.4826122803682         -7                       -6.9716113292605
12.988                   -7.1297265709119         -8.4826122851976         -7                       -6.9659335951127
14.986                   -7.1297265737016         -8.4826122879873         -7                       -6.9602558609648
16.984                   -7.1297265753129         -8.4826122895987         -7                       -6.9545781268169
18.982                   -7.1297265762437         -8.4826122905294         -7                       -6.948900392669
20.98                    -7.1297265767814         -8.4826122910671         -7                       -6.9432226585211
22.978                   -7.1297265770919         -8.4826122913776         -7                       -6.9375449243732
24.976                   -7.1297265772713         -8.482612291557          -7                       -6.9318671902253
26.974                   -7.1297265773749         -8.4826122916606         -7                       -6.9261894560774
28.972                   -7.1297265774348         -8.4826122917205         -7                       -6.9205117219295
30.97                    -7.1297265774694         -8.4826122917551         -7                       -6.9148339877816
32.968                   -7.1297265774893         -8.482612291775          -7                       -6.9091562536337
34.966                   -7.1297265775009         -8.4826122917866         -7                       -6.9034785194859
36.964                   -7.1297265775075         -8.4826122917932         -7                       -6.897800785338
38.962                   -7.1297265775114         -8.4826122917971         -7                       -6.8921230511901
40.96                    -7.1297265775136         -8.4826122917993         -7                       -6.8864453170422
42.958                   -7.1297265775149         -8.4826122918006         -7                       -6.8807675828943
44.956                   -7.1297265775156         -8.4826122918013         -7                       -6.8750898487464
46.954                   -7.1297265775161         -8.4826122918018         -7                       -6.8694121145985
48.952                   -7.1297265775163         -8.482612291802          -7                       -6.8637343804506
50.949999999999          -7.1297265775165         -8.4826122918022         -7                       -6.8580566463027
52.947999999999          -7.1297265775165         -8.4826122918022         -7                       -6.8523789121548
54.945999999999          -7.1297265775166         -8.4826122918023         -7                       -6.8467011780069
56.943999999999          -7.1297265775166         -8.4826122918023         -7                       -6.841023443859
58.941999999999          -7.1297265775166         -8.4826122918023         -7                       -6.8353457097112
60.939999999999          -7.1297265775166         -8.4826122918023         -7                       -6.8296679755633
62.937999999999          -7.1297265775166         -8.4826122918024         -7                       -6.8239902414154
64.935999999999          -7.1297265775166         -8.4826122918024         -7                       -6.8183125072675
66.933999999999          -7.1297265775166         -8.4826122918024         -7                       -6.8126347731196
68.931999999999          -7.1297265775166         -8.4826122918024         -7                       -6.8069570389717
70.929999999999          -7.1297265775166         -8.4826122918024         -7                       -6.8012793048238
72.927999999999          -7.1297265775166         -8.4826122918024         -7                       -6.7956015706759
74.925999999999          -7.1297265775166         -8.4826122918024         -7                       -6.789923836528
76.923999999999          -7.1297265775166         -8.4826122918024         -7                       -6.7842461023801
78.921999999999          -7.1297265775166         -8.4826122918024         -7                       -6.7785683682322
80.919999999999          -7.1297265775166         -8.4826122918024         -7                       -6.7728906340844
82.917999999999          -7.1297265775166         -8.4826122918024         -7                       -6.7672128999365
84.915999999999          -7.1297265775166         -8.4826122918024         -7                       -6.7615351657886
86.913999999999          -7.1297265775166         -8.4826122918024         -7                       -6.7558574316407
88.911999999999          -7.1297265775166         -8.4826122918024         -7                       -6.7501796974928
90.909999999999          -7.1297265775166         -8.4826122918024         -7                       -6.7445019633449
92.907999999999          -7.1297265775166         -8.4826122918024         -7                       -6.738824229197
94.905999999999          -7.1297265775166         -8.4826122918024         -7                       -6.7331464950491
96.903999999999          -7.1297265775166         -8.4826122918024         -7                       -6.7274687609012
98.901999999999          -7.1297265775166         -8.4826122918024         -7                       -6.7217910267533
100.9                    -7.1297265775166         -8.4826122918024         -7                       -6.7161132926054
102.898                  -7.1297265775166         -8.4826122918024         -7                       -6.7104355584575
104.896                  -7.1297265775166         -8.4826122918024         -7                       -6.7047578243096
106.894                  -7.1297265775166         -8.4826122918024         -7                       -6.6990800901617
108.892                  -7.1297265775166         -8.4826122918024         -7                       -6.6934023560138
110.89                   -7.1297265775166         -8.4826122918024         -7                       -6.687724621866
112.888                  -7.1297265775166         -8.4826122918024         -7                       -6.6820468877181
114.886                  -7.1297265775166         -8.4826122918024         -7                       -6.6763691535702
116.884                  -7.1297265775166         -8.4826122918024         -7                       -6.6706914194223
118.882                  -7.1297265775166         -8.4826122918024         -7                       -6.6650136852744
120.88                   -7.1297265775166         -8.4826122918024         -7                       -6.6593359511265
122.878                  -7.1297265775166         -8.4826122918024         -7                       -6.6536582169786
124.876                  -7.1297265775166         -8.4826122918024         -7                       -6.6479804828307
126.874                  -7.1297265775166         -8.4826122918024         -7                       -6.6423027486828
128.872                  -7.1297265775167         -8.4826122918024         -7                       -6.6366250145349
130.87                   -7.1297265775167         -8.4826122918024         -7                       -6.630947280387
132.868                  -7.1297265775167         -8.4826122918024         -7                       -6.6252695462391
134.866                  -7.1297265775166         -8.4826122918024         -7                       -6.6195918120912
136.864                  -7.1297265775166         -8.4826122918024         -7                       -6.6139140779433
138.862                  -7.1297265775166         -8.4826122918024         -7                       -6.6082363437955
140.86                   -7.1297265775166         -8.4826122918024         -7                       -6.6025586096476
142.858                  -7.1297265775166         -8.4826122918024         -7                       -6.5968808754997
144.856                  -7.1297265775166         -8.4826122918024         -7                       -6.5912031413518
146.854                  -7.1297265775167         -8.4826122918024         -7                       -6.5855254072039
148.852                  -7.1297265775166         -8.4826122918024         -7                       -6.579847673056
150.85                   -7.1297265775167         -8.4826122918024         -7                       -6.5741699389081
152.848                  -7.1297265775167         -8.4826122918024         -7                       -6.5684922047603
154.846                  -7.1297265775166         -8.4826122918024         -7                       -6.5628144706124
156.844                  -7.1297265775166         -8.4826122918024         -7                       -6.5571367364645
158.842                  -7.1297265775166         -8.4826122918024         -7                       -6.5514590023166
160.84                   -7.1297265775166         -8.4826122918024         -7                       -6.5457812681687
162.838                  -7.1297265775167         -8.4826122918024         -7                       -6.5401035340208
164.836                  -7.1297265775167         -8.4826122918024         -7                       -6.534425799873
166.834                  -7.1297265775166         -8.4826122918024         -7                       -6.5287480657251
168.832                  -7.1297265775167         -8.4826122918024         -7                       -6.5230703315772
170.83                   -7.1297265775166         -8.4826122918024         -7                       -6.5173925974293
172.828                  -7.1297265775166         -8.4826122918024         -7                       -6.5117148632814
174.826                  -7.1297265775166         -8.4826122918024         -7                       -6.5060371291336
176.824                  -7.1297265775166         -8.4826122918024         -7                       -6.5003593949857
178.822                  -7.1297265775166         -8.4826122918024         -7                       -6.4946816608378
180.82                   -7.1297265775166         -8.4826122918024         -7                       -6.4890039266899
182.818                  -7.1297265775166         -8.4826122918024         -7                       -6.483326192542
184.816                  -7.1297265775166         -8.4826122918024         -7                       -6.4776484583942
186.814                  -7.1297265775166         -8.4826122918024         -7                       -6.4719707242463
188.812                  -7.1297265775167         -8.4826122918024         -7                       -6.4662929900984
190.81                   -7.1297265775167         -8.4826122918024         -7                       -6.4606152559505
192.808                  -7.1297265775166         -8.4826122918024         -7                       -6.4549375218027
194.806                  -7.1297265775167         -8.4826122918024         -7                       -6.4492597876548
196.804                  -7.1297265775167         -8.4826122918024         -7                       -6.4435820535069
198.802                  -7.1297265775166         -8.4826122918024         -7                       -6.437904319359
200.8                    -7.1297265775166         -8.4826122918024         -7                       -6.4322265852112
202.798                  -7.1297265775166         -8.4826122918024         -7                       -6.4265488510633
204.796                  -7.1297265775166         -8.4826122918024         -7                       -6.4208711169154
206.794                  -7.1297265775166         -8.4826122918024         -7                       -6.4151933827675
208.792                  -7.1297265775166         -8.4826122918024         -7                       -6.4095156486197
210.79                   -7.1297265775166         -8.4826122918024         -7                       -6.4038379144718
212.788                  -7.1297265775166         -8.4826122918024         -7                       -6.3981601803239
214.786                  -7.1297265775166         -8.4826122918024         -7                       -6.3924824461761
216.784                  -7.1297265775166         -8.4826122918024         -7                       -6.3868047120282
218.782                  -7.1297265775166         -8.4826122918024         -7                       -6.3811269778803
220.78                   -7.1297265775167         -8.4826122918024         -7                       -6.3754492437325
222.778                  -7.1297265775167         -8.4826122918024         -7                       -6.3697715095846
224.776                  -7.1297265775166         -8.4826122918024         -7                       -6.3640937754367
226.774                  -7.1297265775166         -8.4826122918024         -7                       -6.3584160412889
228.772                  -7.1297265775166         -8.4826122918024         -7                       -6.352738307141
230.77                   -7.1297265775166         -8.4826122918024         -7                       -6.3470605729931
232.768                  -7.1297265775167         -8.4826122918024         -7                       -6.3413828388453
234.766                  -7.1297265775166         -8.4826122918024         -7                       -6.3357051046974
236.764                  -7.1297265775166         -8.4826122918024         -7                       -6.3300273705495
238.762                  -7.1297265775166         -8.4826122918024         -7                       -6.3243496364017
240.76                   -7.1297265775166         -8.4826122918024         -7                       -6.3186719022538
242.758                  -7.1297265775167         -8.4826122918024         -7                       -6.3129941681059
244.756                  -7.1297265775166         -8.4826122918024         -7                       -6.3073164339581
246.754                  -7.1297265775167         -8.4826122918024         -7                       -6.3016386998102
248.752                  -7.1297265775166         -8.4826122918024         -7                       -6.2959609656624
250.75                   -7.1297265775166         -8.4826122918024         -7                       -6.2902832315145
252.748                  -7.1297265775166         -8.4826122918024         -7                       -6.2846054973666
254.746                  -7.1297265775166         -8.4826122918024         -7                       -6.2789277632188
256.744                  -7.1297265775166         -8.4826122918024         -7                       -6.2732500290709
258.742                  -7.1297265775166         -8.4826122918024         -7                       -6.2675722949231
260.74                   -7.1297265775166         -8.4826122918024         -7                       -6.2618945607752
262.738                  -7.1297265775166         -8.4826122918024         -7                       -6.2562168266274
264.736                  -7.1297265775166         -8.4826122918024         -7                       -6.2505390924795
266.734                  -7.1297265775166         -8.4826122918024         -7                       -6.2448613583316
268.732                  -7.1297265775166         -8.4826122918024         -7                       -6.2391836241838
270.73                   -7.1297265775166         -8.4826122918024         -7                       -6.2335058900359
272.728                  -7.1297265775166         -8.4826122918024         -7                       -6.2278281558881
274.726                  -7.1297265775166         -8.4826122918024         -7                       -6.2221504217402
276.724                  -7.1297265775166         -8.4826122918024         -7                       -6.2164726875924
278.722                  -7.1297265775166         -8.4826122918024         -7                       -6.2107949534445
280.72                   -7.1297265775166         -8.4826122918024         -7                       -6.2051172192967
282.718                  -7.1297265775166         -8.4826122918024         -7                       -6.1994394851488
284.716                  -7.1297265775166         -8.4826122918024         -7                       -6.193761751001
286.714                  -7.1297265775166         -8.4826122918024         -7                       -6.1880840168531
288.712                  -7.1297265775166         -8.4826122918024         -7                       -6.1824062827053
290.71                   -7.1297265775166         -8.4826122918024         -7                       -6.1767285485574
292.708                  -7.1297265775166         -8.4826122918024         -7                       -6.1710508144096
294.706                  -7.1297265775166         -8.4826122918024         -7                       -6.1653730802617
296.704                  -7.1297265775166         -8.4826122918024         -7                       -6.1596953461139
298.702                  -7.1297265775166         -8.4826122918024         -7                       -6.154017611966
300.7                    -7.1297265775166         -8.4826122918024         -7                       -6.1483398778182
302.698                  -7.1297265775166         -8.4826122918024         -7                       -6.1426621436704
304.696                  -7.1297265775166         -8.4826122918024         -7                       -6.1369844095225
306.694                  -7.1297265775166         -8.4826122918024         -7                       -6.1313066753747
308.692                  -7.1297265775166         -8.4826122918024         -7                       -6.1256289412268
310.69                   -7.1297265775166         -8.4826122918024         -7                       -6.119951207079
312.688                  -7.1297265775166         -8.4826122918024         -7                       -6.1142734729311
314.686                  -7.1297265775166         -8.4826122918024         -7                       -6.1085957387833
316.684                  -7.1297265775166         -8.4826122918024         -7                       -6.1029180046355
318.682                  -7.1297265775166         -8.4826122918024         -7                       -6.0972402704876
320.68                   -7.1297265775166         -8.4826122918024         -7                       -6.0915625363398
322.678                  -7.1297265775166         -8.4826122918024         -7                       -6.0858848021919
324.676                  -7.1297265775166         -8.4826122918024         -7                       -6.0802070680441
326.674                  -7.1297265775166         -8.4826122918024         -7                       -6.0745293338963
328.672                  -7.1297265775166         -8.4826122918024         -7                       -6.0688515997484
330.67                   -7.1297265775166         -8.4826122918024         -7                       -6.0631738656006
332.668                  -7.1297265775166         -8.4826122918024         -7                       -6.0574961314528
334.666                  -7.1297265775166         -8.4826122918024         -7                       -6.0518183973049
336.664                  -7.1297265775166         -8.4826122918024         -7                       -6.0461406631571
338.662                  -7.1297265775166         -8.4826122918024         -7                       -6.0404629290093
340.66                   -7.1297265775166         -8.4826122918024         -7                       -6.0347851948614
342.658                  -7.1297265775166         -8.4826122918024         -7                       -6.0291074607136
344.656                  -7.1297265775166         -8.4826122918024         -7                       -6.0234297265658
346.654                  -7.1297265775166         -8.4826122918024         -7                       -6.0177519924179
348.652                  -7.1297265775166         -8.4826122918024         -7                       -6.0120742582701
350.65                   -7.1297265775166         -8.4826122918024         -7                       -6.0063965241223
352.648                  -7.1297265775166         -8.4826122918024         -7                       -6.0007187899744
354.646                  -7.1297265775166         -8.4826122918024         -7                       -5.9950410558266
356.644                  -7.1297265775166         -8.4826122918024         -7                       -5.9893633216788
358.642                  -7.1297265775166         -8.4826122918024         -7                       -5.983685587531
360.64                   -7.1297265775166         -8.4826122918024         -7                       -5.9780078533831
362.638                  -7.1297265775166         -8.4826122918024         -7                       -5.9723301192353
364.636                  -7.1297265775166         -8.4826122918024         -7                       -5.9666523850875
366.634                  -7.1297265775166         -8.4826122918024         -7                       -5.9609746509397
368.632                  -7.1297265775166         -8.4826122918024         -7                       -5.9552969167918
370.63                   -7.1297265775166         -8.4826122918024         -7                       -5.949619182644
372.628                  -7.1297265775166         -8.4826122918024         -7                       -5.9439414484962
374.626                  -7.1297265775166         -8.4826122918024         -7                       -5.9382637143484
376.624                  -7.1297265775166         -8.4826122918024         -7                       -5.9325859802005
378.622                  -7.1297265775166         -8.4826122918024         -7                       -5.9269082460527
380.62                   -7.1297265775166         -8.4826122918024         -7                       -5.9212305119049
382.618                  -7.1297265775166         -8.4826122918024         -7                       -5.9155527777571
384.616                  -7.1297265775166         -8.4826122918024         -7                       -5.9098750436092
386.614                  -7.1297265775166         -8.4826122918024         -7                       -5.9041973094614
388.612                  -7.1297265775166         -8.4826122918024         -7                       -5.8985195753136
390.61                   -7.1297265775166         -8.4826122918024         -7                       -5.8928418411658
392.608                  -7.1297265775166         -8.4826122918024         -7                       -5.887164107018
394.60599999999          -7.1297265775166         -8.4826122918024         -7                       -5.8814863728701
396.60399999999          -7.1297265775166         -8.4826122918024         -7                       -5.8758086387223
398.60199999999          -7.1297265775166         -8.4826122918024         -7                       -5.8701309045745
400.59999999999          -7.1297265775166         -8.4826122918024         -7                       -5.8644531704267
402.59799999999          -7.1297265775166         -8.4826122918024         -7                       -5.8587754362789
404.59599999999          -7.1297265775166         -8.4826122918024         -7                       -5.8530977021311
406.59399999999          -7.1297265775166         -8.4826122918024         -7                       -5.8474199679832
408.59199999999          -7.1297265775166         -8.4826122918024         -7                       -5.8417422338354
410.58999999999          -7.1297265775166         -8.4826122918024         -7                       -5.8360644996876
412.58799999999          -7.1297265775166         -8.4826122918024         -7                       -5.8303867655398
414.58599999999          -7.1297265775166         -8.4826122918024         -7                       -5.824709031392
416.58399999999          -7.1297265775166         -8.4826122918024         -7                       -5.8190312972442
418.58199999999          -7.1297265775166         -8.4826122918024         -7                       -5.8133535630964
420.57999999999          -7.1297265775166         -8.4826122918024         -7                       -5.8076758289485
422.57799999999          -7.1297265775166         -8.4826122918024         -7                       -5.8019980948007
424.57599999999          -7.1297265775166         -8.4826122918024         -7                       -5.7963203606529
426.57399999999          -7.1297265775166         -8.4826122918024         -7                       -5.7906426265051
428.57199999999          -7.1297265775166         -8.4826122918024         -7                       -5.7849648923573
430.56999999999          -7.1297265775166         -8.4826122918024         -7                       -5.7792871582095
432.56799999999          -7.1297265775166         -8.4826122918024         -7                       -5.7736094240617
434.56599999999          -7.1297265775166         -8.4826122918024         -7                       -5.7679316899139
436.56399999999          -7.1297265775166         -8.4826122918024         -7                       -5.7622539557661
438.56199999999          -7.1297265775166         -8.4826122918024         -7                       -5.7565762216183
440.55999999999          -7.1297265775166         -8.4826122918024         -7                       -5.7508984874704
442.55799999999          -7.1297265775166         -8.4826122918024         -7                       -5.7452207533226
444.55599999999          -7.1297265775166         -8.4826122918024         -7                       -5.7395430191748
446.55399999999          -7.1297265775166         -8.4826122918024         -7                       -5.733865285027
448.55199999999          -7.1297265775166         -8.4826122918024         -7                       -5.7281875508792
450.54999999999          -7.1297265775166         -8.4826122918024         -7                       -5.7225098167314
452.54799999999          -7.1297265775166         -8.4826122918024         -7                       -5.7168320825836
454.54599999999          -7.1297265775166         -8.4826122918024         -7                       -5.7111543484358
456.54399999999          -7.1297265775166         -8.4826122918024         -7                       -5.705476614288
458.54199999999          -7.1297265775166         -8.4826122918024         -7                       -5.6997988801402
460.53999999999          -7.1297265775166         -8.4826122918024         -7                       -5.6941211459924
462.53799999999          -7.1297265775166         -8.4826122918024         -7                       -5.6884434118446
464.53599999999          -7.1297265775166         -8.4826122918024         -7                       -5.6827656776968
466.53399999999          -7.1297265775166         -8.4826122918024         -7                       -5.677087943549
468.53199999999          -7.1297265775166         -8.4826122918024         -7                       -5.6714102094012
470.52999999999          -7.1297265775166         -8.4826122918024         -7                       -5.6657324752534
472.52799999999          -7.1297265775166         -8.4826122918024         -7                       -5.6600547411056
474.52599999999          -7.1297265775166         -8.4826122918024         -7                       -5.6543770069578
476.52399999999          -7.1297265775166         -8.4826122918024         -7                       -5.64869927281
478.52199999999          -7.1297265775166         -8.4826122918024         -7                       -5.6430215386622
480.51999999999          -7.1297265775166         -8.4826122918024         -7                       -5.6373438045144
482.51799999999          -7.1297265775166         -8.4826122918024         -7                       -5.6316660703666
484.51599999999          -7.1297265775166         -8.4826122918024         -7                       -5.6259883362188
486.51399999999          -7.1297265775166         -8.4826122918024         -7                       -5.620310602071
488.51199999999          -7.1297265775166         -8.4826122918024         -7                       -5.6146328679232
490.50999999999          -7.1297265775166         -8.4826122918024         -7                       -5.6089551337754
492.50799999999          -7.1297265775166         -8.4826122918024         -7                       -5.6032773996276
494.50599999999          -7.1297265775166         -8.4826122918024         -7                       -5.5975996654798
496.50399999999          -7.1297265775166         -8.4826122918024         -7                       -5.591921931332
498.50199999999          -7.1297265775166         -8.4826122918024         -7                       -5.5862441971842
500.49999999999          -7.1297265775166         -8.4826122918024         -7                       -5.5805664630364
502.49799999999          -7.1297265775166         -8.4826122918024         -7                       -5.5748887288886
504.49599999999          -7.1297265775166         -8.4826122918024         -7                       -5.5692109947408
506.49399999999          -7.1297265775166         -8.4826122918024         -7                       -5.563533260593
508.49199999999          -7.1297265775166         -8.4826122918024         -7                       -5.5578555264452
510.48999999999          -7.1297265775166         -8.4826122918024         -7                       -5.5521777922974
512.48799999999          -7.1297265775166         -8.4826122918024         -7                       -5.5465000581496
514.48599999999          -7.1297265775166         -8.4826122918024         -7                       -5.5408223240018
516.48399999999          -7.1297265775166         -8.4826122918024         -7                       -5.5351445898541
518.48199999999          -7.1297265775166         -8.4826122918024         -7                       -5.5294668557063
520.47999999999          -7.1297265775166         -8.4826122918024         -7                       -5.5237891215585
522.47799999999          -7.1297265775166         -8.4826122918024         -7                       -5.5181113874107
524.47599999999          -7.1297265775166         -8.4826122918024         -7                       -5.5124336532629
526.47399999999          -7.1297265775166         -8.4826122918024         -7                       -5.5067559191151
528.47199999999          -7.1297265775166         -8.4826122918024         -7                       -5.5010781849673
530.46999999999          -7.1297265775166         -8.4826122918024         -7                       -5.4954004508195
532.46799999999          -7.1297265775166         -8.4826122918024         -7                       -5.4897227166717
534.46599999999          -7.1297265775166         -8.4826122918024         -7                       -5.4840449825239
536.46399999999          -7.1297265775166         -8.4826122918024         -7                       -5.4783672483761
538.46199999999          -7.1297265775166         -8.4826122918024         -7                       -5.4726895142283
540.45999999999          -7.1297265775166         -8.4826122918024         -7                       -5.4670117800805
542.45799999999          -7.1297265775166         -8.4826122918024         -7                       -5.4613340459327
544.45599999999          -7.1297265775166         -8.4826122918024         -7                       -5.4556563117849
546.45399999999          -7.1297265775166         -8.4826122918024         -7                       -5.4499785776372
548.45199999999          -7.1297265775166         -8.4826122918024         -7                       -5.4443008434894
550.44999999999          -7.1297265775166         -8.4826122918024         -7                       -5.4386231093416
552.44799999999          -7.1297265775166         -8.4826122918024         -7                       -5.4329453751938
554.44599999999          -7.1297265775166         -8.4826122918024         -7                       -5.427267641046
556.44399999999          -7.1297265775166         -8.4826122918024         -7                       -5.4215899068982
558.44199999999          -7.1297265775166         -8.4826122918024         -7                       -5.4159121727504
560.43999999999          -7.1297265775166         -8.4826122918024         -7                       -5.4102344386026
562.43799999999          -7.1297265775166         -8.4826122918024         -7                       -5.4045567044548
564.43599999999          -7.1297265775166         -8.4826122918024         -7                       -5.398878970307
566.43399999999          -7.1297265775166         -8.4826122918024         -7                       -5.3932012361592
568.43199999999          -7.1297265775166         -8.4826122918024         -7                       -5.3875235020114
570.42999999999          -7.1297265775166         -8.4826122918024         -7                       -5.3818457678636
572.42799999999          -7.1297265775166         -8.4826122918024         -7                       -5.3761680337158
574.42599999999          -7.1297265775166         -8.4826122918024         -7                       -5.370490299568
576.42399999999          -7.1297265775166         -8.4826122918024         -7                       -5.3648125654202
578.42199999999          -7.1297265775166         -8.4826122918024         -7                       -5.3591348312725
580.41999999999          -7.1297265775166         -8.4826122918024         -7                       -5.3534570971247
582.41799999999          -7.1297265775166         -8.4826122918024         -7                       -5.3477793629769
584.41599999999          -7.1297265775166         -8.4826122918024         -7                       -5.3421016288291
586.41399999999          -7.1297265775166         -8.4826122918024         -7                       -5.3364238946813
588.41199999999          -7.1297265775166         -8.4826122918024         -7                       -5.3307461605335
590.40999999999          -7.1297265775166         -8.4826122918024         -7                       -5.3250684263857
592.40799999999          -7.1297265775166         -8.4826122918024         -7                       -5.3193906922379
594.40599999999          -7.1297265775166         -8.4826122918024         -7                       -5.3137129580901
596.40399999999          -7.1297265775166         -8.4826122918024         -7                       -5.3080352239423
598.40199999999          -7.1297265775166         -8.4826122918024         -7                       -5.3023574897945
600.39999999999          -7.1297265775166         -8.4826122918024         -7                       -5.2966797556467
602.39799999999          -7.1297265775166         -8.4826122918024         -7                       -5.2910020214989
604.39599999999          -7.1297265775166         -8.4826122918024         -7                       -5.2853242873511
606.39399999999          -7.1297265775166         -8.4826122918024         -7                       -5.2796465532033
608.39199999999          -7.1297265775166         -8.4826122918024         -7                       -5.2739688190555
610.38999999999          -7.1297265775166         -8.4826122918024         -7                       -5.2682910849077
612.38799999999          -7.1297265775166         -8.4826122918024         -7                       -5.2626133507599
614.38599999999          -7.1297265775166         -8.4826122918024         -7                       -5.2569356166121
616.38399999999          -7.1297265775166         -8.4826122918024         -7                       -5.2512578824643
618.38199999999          -7.1297265775166         -8.4826122918024         -7                       -5.2455801483166
620.37999999999          -7.1297265775166         -8.4826122918024         -7                       -5.2399024141688
622.37799999999          -7.1297265775166         -8.4826122918024         -7                       -5.234224680021
624.37599999999          -7.1297265775166         -8.4826122918024         -7                       -5.2285469458732
626.37399999999          -7.1297265775166         -8.4826122918024         -7                       -5.2228692117254
628.37199999999          -7.1297265775166         -8.4826122918024         -7                       -5.2171914775776
630.37                   -7.1297265775166         -8.4826122918024         -7                       -5.2115137434298
632.368                  -7.1297265775166         -8.4826122918024         -7                       -5.205836009282
634.36599999999          -7.1297265775166         -8.4826122918024         -7                       -5.2001582751342
636.364                  -7.1297265775166         -8.4826122918024         -7                       -5.1944805409864
638.362                  -7.1297265775166         -8.4826122918024         -7                       -5.1888028068386
640.36                   -7.1297265775166         -8.4826122918024         -7                       -5.1831250726908
642.358                  -7.1297265775166         -8.4826122918024         -7                       -5.177447338543
644.356                  -7.1297265775166         -8.4826122918024         -7                       -5.1717696043952
646.354                  -7.1297265775166         -8.4826122918024         -7                       -5.1660918702474
648.352                  -7.1297265775166         -8.4826122918024         -7                       -5.1604141360996
650.35                   -7.1297265775166         -8.4826122918024         -7                       -5.1547364019519
652.348                  -7.1297265775166         -8.4826122918024         -7                       -5.1490586678041
654.346                  -7.1297265775166         -8.4826122918024         -7                       -5.1433809336563
656.344                  -7.1297265775166         -8.4826122918024         -7                       -5.1377031995085
658.342                  -7.1297265775166         -8.4826122918024         -7                       -5.1320254653607
660.34                   -7.1297265775166         -8.4826122918024         -7                       -5.1263477312129
662.338                  -7.1297265775166         -8.4826122918024         -7                       -5.1206699970651
664.336                  -7.1297265775166         -8.4826122918024         -7                       -5.1149922629173
666.334                  -7.1297265775166         -8.4826122918024         -7                       -5.1093145287695
668.332                  -7.1297265775166         -8.4826122918024         -7                       -5.1036367946217
670.33                   -7.1297265775166         -8.4826122918024         -7                       -5.0979590604739
672.328                  -7.1297265775166         -8.4826122918024         -7                       -5.0922813263261
674.326                  -7.1297265775166         -8.4826122918024         -7                       -5.0866035921783
676.324                  -7.1297265775166         -8.4826122918024         -7                       -5.0809258580305
678.322                  -7.1297265775166         -8.4826122918024         -7                       -5.0752481238827
680.32                   -7.1297265775166         -8.4826122918024         -7                       -5.069570389735
682.318                  -7.1297265775166         -8.4826122918024         -7                       -5.0638926555872
684.316                  -7.1297265775166         -8.4826122918024         -7                       -5.0582149214394
686.314                  -7.1297265775166         -8.4826122918024         -7                       -5.0525371872916
688.312                  -7.1297265775166         -8.4826122918024         -7                       -5.0468594531438
690.31                   -7.1297265775166         -8.4826122918024         -7                       -5.041181718996
692.308                  -7.1297265775166         -8.4826122918024         -7                       -5.0355039848482
694.306                  -7.1297265775166         -8.4826122918024         -7                       -5.0298262507004
696.304                  -7.1297265775166         -8.4826122918024         -7                       -5.0241485165526
698.302                  -7.1297265775166         -8.4826122918024         -7                       -5.0184707824048
700.3                    -7.1297265775166         -8.4826122918024         -7                       -5.012793048257
702.298                  -7.1297265775166         -8.4826122918024         -7                       -5.0071153141092
704.296                  -7.1297265775166         -8.4826122918024         -7                       -5.0014375799614
706.294                  -7.1297265775166         -8.4826122918024         -7                       -4.9957598458136
708.292                  -7.1297265775166         -8.4826122918024         -7                       -4.9900821116658
710.29                   -7.1297265775166         -8.4826122918024         -7                       -4.984404377518
712.288                  -7.1297265775166         -8.4826122918024         -7                       -4.9787266433703
714.286                  -7.1297265775166         -8.4826122918024         -7                       -4.9730489092225
716.284                  -7.1297265775166         -8.4826122918024         -7                       -4.9673711750747
718.282                  -7.1297265775166         -8.4826122918024         -7                       -4.9616934409269
720.28                   -7.1297265775166         -8.4826122918024         -7                       -4.9560157067791
722.278                  -7.1297265775166         -8.4826122918024         -7                       -4.9503379726313
724.276                  -7.1297265775166         -8.4826122918024         -7                       -4.9446602384835
726.274                  -7.1297265775166         -8.4826122918024         -7                       -4.9389825043357
728.272                  -7.1297265775166         -8.4826122918024         -7                       -4.9333047701879
730.27                   -7.1297265775166         -8.4826122918024         -7                       -4.9276270360401
732.268                  -7.1297265775166         -8.4826122918024         -7                       -4.9219493018923
734.266                  -7.1297265775166         -8.4826122918024         -7                       -4.9162715677445
736.264                  -7.1297265775166         -8.4826122918024         -7                       -4.9105938335967
738.262                  -7.1297265775166         -8.4826122918024         -7                       -4.9049160994489
740.26                   -7.1297265775166         -8.4826122918024         -7                       -4.8992383653011
742.258                  -7.1297265775166         -8.4826122918024         -7                       -4.8935606311534
744.256                  -7.1297265775166         -8.4826122918024         -7                       -4.8878828970056
746.254                  -7.1297265775166         -8.4826122918024         -7                       -4.8822051628578
748.252                  -7.1297265775166         -8.4826122918024         -7                       -4.87652742871
750.25                   -7.1297265775166         -8.4826122918024         -7                       -4.8708496945622
752.248                  -7.1297265775166         -8.4826122918024         -7                       -4.8651719604144
754.246                  -7.1297265775166         -8.4826122918024         -7                       -4.8594942262666
756.244                  -7.1297265775166         -8.4826122918024         -7                       -4.8538164921188
758.242                  -7.1297265775166         -8.4826122918024         -7                       -4.848138757971
760.24                   -7.1297265775166         -8.4826122918024         -7                       -4.8424610238232
762.238                  -7.1297265775166         -8.4826122918024         -7                       -4.8367832896754
764.236                  -7.1297265775166         -8.4826122918024         -7                       -4.8311055555276
766.234                  -7.1297265775166         -8.4826122918024         -7                       -4.8254278213798
768.232                  -7.1297265775166         -8.4826122918024         -7                       -4.819750087232
770.23                   -7.1297265775166         -8.4826122918024         -7                       -4.8140723530843
772.228                  -7.1297265775166         -8.4826122918024         -7                       -4.8083946189365
774.226                  -7.1297265775166         -8.4826122918024         -7                       -4.8027168847887
776.224                  -7.1297265775166         -8.4826122918024         -7                       -4.7970391506409
778.222                  -7.1297265775166         -8.4826122918024         -7                       -4.7913614164931
780.22                   -7.1297265775166         -8.4826122918024         -7                       -4.7856836823453
782.218                  -7.1297265775166         -8.4826122918024         -7                       -4.7800059481975
784.216                  -7.1297265775166         -8.4826122918024         -7                       -4.7743282140497
786.214                  -7.1297265775166         -8.4826122918024         -7                       -4.7686504799019
788.212                  -7.1297265775166         -8.4826122918024         -7                       -4.7629727457541
790.21                   -7.1297265775166         -8.4826122918024         -7                       -4.7572950116063
792.208                  -7.1297265775166         -8.4826122918024         -7                       -4.7516172774585
794.206                  -7.1297265775166         -8.4826122918024         -7                       -4.7459395433107
796.204                  -7.1297265775166         -8.4826122918024         -7                       -4.7402618091629
798.202                  -7.1297265775166         -8.4826122918024         -7                       -4.7345840750151
800.2                    -7.1297265775166         -8.4826122918024         -7                       -4.7289063408674
802.198                  -7.1297265775166         -8.4826122918024         -7                       -4.7232286067196
804.196                  -7.1297265775166         -8.4826122918024         -7                       -4.7175508725718
806.194                  -7.1297265775166         -8.4826122918024         -7                       -4.711873138424
808.192                  -7.1297265775166         -8.4826122918024         -7                       -4.7061954042762
810.19                   -7.1297265775166         -8.4826122918024         -7                       -4.7005176701284
812.188                  -7.1297265775166         -8.4826122918024         -7                       -4.6948399359806
814.186                  -7.1297265775166         -8.4826122918024         -7                       -4.6891622018328
816.184                  -7.1297265775166         -8.4826122918024         -7                       -4.683484467685
818.182                  -7.1297265775166         -8.4826122918024         -7                       -4.6778067335372
820.18                   -7.1297265775166         -8.4826122918024         -7                       -4.6721289993894
822.178                  -7.1297265775166         -8.4826122918024         -7                       -4.6664512652416
824.176                  -7.1297265775166         -8.4826122918024         -7                       -4.6607735310938
826.174                  -7.1297265775166         -8.4826122918024         -7                       -4.6550957969461
828.172                  -7.1297265775166         -8.4826122918024         -7                       -4.6494180627983
830.17                   -7.1297265775166         -8.4826122918024         -7                       -4.6437403286505
832.168                  -7.1297265775166         -8.4826122918024         -7                       -4.6380625945027
834.166                  -7.1297265775166         -8.4826122918024         -7                       -4.6323848603549
836.164                  -7.1297265775166         -8.4826122918024         -7                       -4.6267071262071
838.162                  -7.1297265775166         -8.4826122918024         -7                       -4.6210293920593
840.16                   -7.1297265775166         -8.4826122918024         -7                       -4.6153516579115
842.158                  -7.1297265775166         -8.4826122918024         -7                       -4.6096739237637
844.156                  -7.1297265775166         -8.4826122918024         -7                       -4.6039961896159
846.154                  -7.1297265775166         -8.4826122918024         -7                       -4.5983184554681
848.152                  -7.1297265775166         -8.4826122918024         -7                       -4.5926407213203
850.15                   -7.1297265775166         -8.4826122918024         -7                       -4.5869629871726
852.148                  -7.1297265775166         -8.4826122918024         -7                       -4.5812852530248
854.146                  -7.1297265775166         -8.4826122918024         -7                       -4.575607518877
856.144                  -7.1297265775166         -8.4826122918024         -7                       -4.5699297847292
858.142                  -7.1297265775166         -8.4826122918024         -7                       -4.5642520505814
860.14                   -7.1297265775166         -8.4826122918024         -7                       -4.5585743164336
862.138                  -7.1297265775166         -8.4826122918024         -7                       -4.5528965822858
864.136                  -7.1297265775166         -8.4826122918024         -7                       -4.547218848138
866.134                  -7.1297265775166         -8.4826122918024         -7                       -4.5415411139902
868.132                  -7.1297265775166         -8.4826122918024         -7                       -4.5358633798424
870.13                   -7.1297265775166         -8.4826122918024         -7                       -4.5301856456946
872.128                  -7.1297265775166         -8.4826122918024         -7                       -4.5245079115468
874.126                  -7.1297265775166         -8.4826122918024         -7                       -4.518830177399
876.124                  -7.1297265775166         -8.4826122918024         -7                       -4.5131524432513
878.122                  -7.1297265775166         -8.4826122918024         -7                       -4.5074747091035
880.12                   -7.1297265775166         -8.4826122918024         -7                       -4.5017969749557
882.118                  -7.1297265775166         -8.4826122918024         -7                       -4.4961192408079
884.116                  -7.1297265775166         -8.4826122918024         -7                       -4.4904415066601
886.114                  -7.1297265775166         -8.4826122918024         -7                       -4.4847637725123
888.112                  -7.1297265775166         -8.4826122918024         -7                       -4.4790860383645
890.11                   -7.1297265775166         -8.4826122918024         -7                       -4.4734083042167
892.108                  -7.1297265775166         -8.4826122918024         -7                       -4.4677305700689
894.106                  -7.1297265775166         -8.4826122918023         -7                       -4.4620528359211
896.104                  -7.1297265775166         -8.4826122918023         -7                       -4.4563751017733
898.102                  -7.1297265775166         -8.4826122918023         -7                       -4.4506973676255
900.1                    -7.1297265775166         -8.4826122918023         -7                       -4.4450196334777
902.098                  -7.1297265775165         -8.4826122918022         -7                       -4.43934189933
904.096                  -7.1297265775164         -8.4826122918021         -7                       -4.4336641651822
906.094                  -7.1297265775163         -8.482612291802          -7                       -4.4279864310344
908.092                  -7.129726577516          -8.4826122918017         -7                       -4.4223086968866
910.09                   -7.1297265775155         -8.4826122918012         -7                       -4.4166309627388
912.088                  -7.1297265775147         -8.4826122918004         -7                       -4.410953228591
914.086                  -7.1297265775132         -8.4826122917989         -7                       -4.4052754944432
916.084                  -7.1297265775107         -8.4826122917964         -7                       -4.3995977602954
918.082                  -7.1297265775063         -8.482612291792          -7                       -4.3939200261476
920.08                   -7.1297265774987         -8.4826122917844         -7                       -4.3882422919998
922.078                  -7.1297265774856         -8.4826122917713         -7                       -4.382564557852
924.076                  -7.1297265774628         -8.4826122917485         -7                       -4.3768868237042
926.074                  -7.1297265774235         -8.4826122917092         -7                       -4.3712090895564
928.072                  -7.1297265773554         -8.4826122916411         -7                       -4.3655313554086
930.07                   -7.1297265772374         -8.4826122915231         -7                       -4.3598536212608
932.068                  -7.1297265770333         -8.482612291319          -7                       -4.3541758871131
934.066                  -7.1297265766798         -8.4826122909655         -7                       -4.3484981529653
936.064                  -7.1297265760679         -8.4826122903536         -7                       -4.3428204188175
938.062                  -7.1297265750085         -8.4826122892942         -7                       -4.3371426846697
940.06                   -7.1297265731745         -8.4826122874603         -7                       -4.3314649505219
942.058                  -7.1297265699995         -8.4826122842852         -7                       -4.3257872163741
944.056                  -7.1297265645029         -8.4826122787886         -7                       -4.3201094822263
946.054                  -7.1297265549871         -8.4826122692728         -7                       -4.3144317480785
948.052                  -7.1297265385131         -8.4826122527989         -7                       -4.3087540139307
950.05                   -7.1297265099932         -8.4826122242789         -7                       -4.3030762797829
952.048                  -7.1297264606191         -8.4826121749048         -7                       -4.2973985456351
954.046                  -7.129726375142          -8.4826120894277         -7                       -4.2917208114873
956.044                  -7.1297262271628         -8.4826119414486         -7                       -4.2860430773395
958.042                  -7.1297259709793         -8.482611685265          -7                       -4.2803653431917
960.04                   -7.1297255274708         -8.4826112417565         -7                       -4.2746876090439
962.038                  -7.1297247596633         -8.482610473949          -7                       -4.2690098748961
964.036                  -7.1297234304257         -8.4826091447114         -7                       -4.2633321407483
966.034                  -7.129721129236          -8.4826068435217         -7                       -4.2576544066005
968.032                  -7.1297171453995         -8.4826028596852         -7                       -4.2519766724527
970.03                   -7.1297102485727         -8.4825959628584         -7                       -4.246298938305
972.028                  -7.1296983088304         -8.4825840231161         -7                       -4.2406212041572
974.026                  -7.1296776390055         -8.4825633532912         -7                       -4.2349434700094
976.024                  -7.1296418563896         -8.4825275706753         -7                       -4.2292657358616
978.022                  -7.1295799128484         -8.4824656271341         -7                       -4.2235880017138
980.02                   -7.1294726867952         -8.4823584010809         -7                       -4.217910267566
982.018                  -7.1292870899525         -8.4821728042382         -7                       -4.2122325334182
984.016                  -7.1289658852408         -8.4818515995266         -7                       -4.2065547992704
986.014                  -7.1284101203523         -8.481295834638          -7                       -4.2008770651226
988.012                  -7.1274488993715         -8.4803346136572         -7                       -4.1951993309748
990.01                   -7.1257875994293         -8.478673313715          -7                       -4.189521596827
992.008                  -7.1229198684564         -8.4758055827421         -7                       -4.1838438626792
994.006                  -7.1179802182775         -8.4708659325632         -7                       -4.1781661285314
996.004                  -7.1095037116004         -8.4623894258861         -7                       -4.1724883943836
998.002                  -7.095054895252          -8.4479406095377         -7                       -4.1668106602358
1000                     -7.070722484113          -8.4236081983987         -7                       -4.161132926088
1002                     -7.0447654019293         -8.397651116215          -7                       -4.1554495085227
1004                     -7.0262922628655         -8.3791779771512         -7                       -4.1497660909573
1006                     -7.0125498205833         -8.365435534869          -7                       -4.144082673392
1008                     -7.0019638410535         -8.3548495553392         -7                       -4.1383992558266
1010                     -6.9935869568416         -8.3464726711274         -7                       -4.1327158382612
1012                     -6.9868194939422         -8.3397052082279         -7                       -4.1270324206959
1014                     -6.9812637888121         -8.3341495030978         -7                       -4.1213490031305
1016                     -6.9766451095539         -8.3295308238396         -7                       -4.1156655855652
1018                     -6.9727668485436         -8.3256525628293         -7                       -4.1099821679998
1020                     -6.9694840294781         -8.3223697437638         -7                       -4.1042987504345
1022                     -6.9666870030283         -8.319572717314          -7                       -4.0986153328691
1024                     -6.9642910387879         -8.3171767530736         -7                       -4.0929319153037
1026                     -6.9622294585888         -8.3151151728745         -7                       -4.0872484977384
1028                     -6.9604489706728         -8.3133346849585         -7                       -4.081565080173
1030                     -6.9589064147557         -8.3117921290414         -7                       -4.0758816626077
1032                     -6.9575664373143         -8.3104521516            -7                       -4.0701982450423
1034                     -6.9563997959306         -8.3092855102163         -7                       -4.0645148274769
1036                     -6.9553820988942         -8.3082678131799         -7                       -4.0588314099116
1038                     -6.9544928522845         -8.3073785665702         -7                       -4.0531479923462
1040                     -6.9537147284012         -8.3066004426869         -7                       -4.0474645747809
1042                     -6.9530329963001         -8.3059187105858         -7                       -4.0417811572155
1044                     -6.9524350729278         -8.3053207872135         -7                       -4.0360977396502
1046                     -6.9519101652758         -8.3047958795615         -7                       -4.0304143220848
1048                     -6.9514489821485         -8.3043346964342         -7                       -4.0247309045194
1050                     -6.9510434998256         -8.3039292141114         -7                       -4.0190474869541
1052                     -6.9506867699225         -8.3035724842082         -7                       -4.0133640693887
1054                     -6.9503727606374         -8.3032584749231         -7                       -4.0076806518234
1056                     -6.9500962246699         -8.3029819389556         -7                       -4.001997234258
1058                     -6.9498525886371         -8.3027383029229         -7                       -3.9963138166926
1060                     -6.9496378599614         -8.3025235742471         -7                       -3.9906303991273
1062                     -6.9494485480661         -8.3023342623518         -7                       -3.9849469815619
1064                     -6.9492815973727         -8.3021673116584         -7                       -3.9792635639966
1066                     -6.9491343300939         -8.3020200443796         -7                       -3.9735801464312
1068                     -6.9490043972081         -8.3018901114938         -7                       -3.9678967288658
1070                     -6.9488897363042         -8.3017754505899         -7                       -3.9622133113005
1072                     -6.948788535224          -8.3016742495097         -7                       -3.9565298937351
1074                     -6.9486992006213         -8.301584914907          -7                       -3.9508464761698
1076                     -6.9486203307069         -8.3015060449926         -7                       -3.9451630586044
1078                     -6.948550691571          -8.3014364058567         -7                       -3.9394796410391
1080                     -6.9484891965747         -8.3013749108604         -7                       -3.9337962234737
1082                     -6.9484348883811         -8.3013206026668         -7                       -3.9281128059083
1084                     -6.9483869232654         -8.3012726375511         -7                       -3.922429388343
1086                     -6.9483445573945         -8.3012302716802         -7                       -3.9167459707776
1088                     -6.9483071348165         -8.3011928491022         -7                       -3.9110625532123
1090                     -6.9482740769338         -8.3011597912195         -7                       -3.9053791356469
1092                     -6.9482448732693         -8.3011305875551         -7                       -3.8996957180815
1094                     -6.9482190733592         -8.3011047876449         -7                       -3.8940123005162
1096                     -6.9481962796292         -8.3010819939149         -7                       -3.8883288829508
1098                     -6.9481761411322         -8.3010618554179         -7                       -3.8826454653855
1100                     -6.9481583480381         -8.3010440623238         -7                       -3.8769620478201
1102                     -6.9481426267847         -8.3010283410704         -7                       -3.8712786302548
1104                     -6.9481287358069         -8.3010144500926         -7                       -3.8655952126894
1106                     -6.9481164617745         -8.3010021760602         -7                       -3.859911795124
1108                     -6.9481056162769         -8.3009913305626         -7                       -3.8542283775587
1110                     -6.9480960329001         -8.3009817471858         -7                       -3.8485449599933
1112                     -6.9480875646492         -8.3009732789349         -7                       -3.842861542428
1114                     -6.9480800816754         -8.3009657959611         -7                       -3.8371781248626
1116                     -6.94807346927           -8.3009591835558         -7                       -3.8314947072972
1118                     -6.948067626095          -8.3009533403807         -7                       -3.8258112897319
1120                     -6.9480624626207         -8.3009481769065         -7                       -3.8201278721665
1122                     -6.9480578997475         -8.3009436140332         -7                       -3.8144444546012
1124                     -6.9480538675881         -8.3009395818738         -7                       -3.8087610370358
1126                     -6.9480503043938         -8.3009360186795         -7                       -3.8030776194705
1128                     -6.9480471556045         -8.3009328698903         -7                       -3.7973942019051
1130                     -6.9480443730117         -8.3009300872974         -7                       -3.7917107843397
1132                     -6.9480419140176         -8.3009276283033         -7                       -3.7860273667744
1134                     -6.9480397409818         -8.3009254552675         -7                       -3.780343949209
1136                     -6.9480378206439         -8.3009235349296         -7                       -3.7746605316437
1138                     -6.9480361236136         -8.3009218378993         -7                       -3.7689771140783
1140                     -6.9480346239195         -8.3009203382052         -7                       -3.7632936965129
1142                     -6.948033298612          -8.3009190128977         -7                       -3.7576102789476
1144                     -6.9480321274109         -8.3009178416966         -7                       -3.7519268613822
1146                     -6.9480310923948         -8.3009168066806         -7                       -3.7462434438169
1148                     -6.9480301777272         -8.300915892013          -7                       -3.7405600262515
1150                     -6.9480293694132         -8.3009150836989         -7                       -3.7348766086862
1152                     -6.9480286550856         -8.3009143693714         -7                       -3.7291931911208
1154                     -6.9480280238156         -8.3009137381013         -7                       -3.7235097735554
1156                     -6.9480274659451         -8.3009131802309         -7                       -3.7178263559901
1158                     -6.9480269729395         -8.3009126872252         -7                       -3.7121429384247
1160                     -6.9480265372564         -8.3009122515421         -7                       -3.7064595208594
1162                     -6.9480261522306         -8.3009118665163         -7                       -3.700776103294
1164                     -6.948025811972          -8.3009115262577         -7                       -3.6950926857286
1166                     -6.9480255112752         -8.3009112255609         -7                       -3.6894092681633
1168                     -6.9480252455404         -8.3009109598261         -7                       -3.6837258505979
1170                     -6.9480250107023         -8.300910724988          -7                       -3.6780424330326
1172                     -6.9480248031687         -8.3009105174544         -7                       -3.6723590154672
1174                     -6.9480246197647         -8.3009103340504         -7                       -3.6666755979018
1176                     -6.9480244576849         -8.3009101719706         -7                       -3.6609921803365
1178                     -6.9480243144498         -8.3009100287355         -7                       -3.6553087627711
1180                     -6.9480241878684         -8.3009099021541         -7                       -3.6496253452058
1182                     -6.9480240760043         -8.30090979029           -7                       -3.6439419276404
1184                     -6.9480239771465         -8.3009096914322         -7                       -3.6382585100751
1186                     -6.9480238897826         -8.3009096040683         -7                       -3.6325750925097
1188                     -6.9480238125763         -8.300909526862          -7                       -3.6268916749443
1190                     -6.9480237443466         -8.3009094586323         -7                       -3.621208257379
1192                     -6.9480236840497         -8.3009093983354         -7                       -3.6155248398136
1194                     -6.9480236307635         -8.3009093450492         -7                       -3.6098414222483
1196                     -6.9480235836726         -8.3009092979583         -7                       -3.6041580046829
1198                     -6.9480235420569         -8.3009092563426         -7                       -3.5984745871175
1200                     -6.9480235052798         -8.3009092195655         -7                       -3.5927911695522
1202                     -6.9480234727786         -8.3009091870643         -7                       -3.5871077519868
1204                     -6.9480234440562         -8.3009091583419         -7                       -3.5814243344215
1206                     -6.9480234186733         -8.300909132959          -7                       -3.5757409168561
1208                     -6.9480233962416         -8.3009091105273         -7                       -3.5700574992907
1210                     -6.9480233764179         -8.3009090907036         -7                       -3.5643740817254
1212                     -6.9480233588991         -8.3009090731848         -7                       -3.55869066416
1214                     -6.9480233434171         -8.3009090577029         -7                       -3.5530072465947
1216                     -6.9480233297352         -8.3009090440209         -7                       -3.5473238290293
1218                     -6.9480233176441         -8.3009090319298         -7                       -3.541640411464
1220                     -6.9480233069587         -8.3009090212444         -7                       -3.5359569938986
1222                     -6.9480232975157         -8.3009090118014         -7                       -3.5302735763332
1224                     -6.9480232891706         -8.3009090034563         -7                       -3.5245901587679
1226                     -6.9480232817958         -8.3009089960815         -7                       -3.5189067412025
1228                     -6.9480232752784         -8.3009089895641         -7                       -3.5132233236372
1230                     -6.9480232695187         -8.3009089838044         -7                       -3.5075399060718
1232                     -6.9480232644287         -8.3009089787145         -7                       -3.5018564885064
1234                     -6.9480232599306         -8.3009089742163         -7                       -3.4961730709411
1236                     -6.9480232559554         -8.3009089702411         -7                       -3.4904896533757
1238                     -6.9480232524423         -8.3009089667281         -7                       -3.4848062358104
1240                     -6.9480232493378         -8.3009089636235         -7                       -3.479122818245
1242                     -6.9480232465942         -8.3009089608799         -7                       -3.4734394006797
1244                     -6.9480232441696         -8.3009089584553         -7                       -3.4677559831143
1246                     -6.9480232420268         -8.3009089563126         -7                       -3.4620725655489
1248                     -6.9480232401332         -8.300908954419          -7                       -3.4563891479836
1250                     -6.9480232384598         -8.3009089527455         -7                       -3.4507057304182
1252                     -6.948023236981          -8.3009089512667         -7                       -3.4450223128529
1254                     -6.948023235674          -8.3009089499597         -7                       -3.4393388952875
1256                     -6.9480232345191         -8.3009089488048         -7                       -3.4336554777222
1258                     -6.9480232334984         -8.3009089477841         -7                       -3.4279720601568
1260                     -6.9480232325964         -8.3009089468821         -7                       -3.4222886425914
1262                     -6.9480232317992         -8.3009089460849         -7                       -3.4166052250261
1264                     -6.9480232310948         -8.3009089453805         -7                       -3.4109218074607
1266                     -6.9480232304722         -8.3009089447579         -7                       -3.4052383898954
1268                     -6.948023229922          -8.3009089442078         -7                       -3.39955497233
1270                     -6.9480232294358         -8.3009089437216         -7                       -3.3938715547647
1272                     -6.9480232290062         -8.3009089432919         -7                       -3.3881881371993
1274                     -6.9480232286264         -8.3009089429122         -7                       -3.3825047196339
1276                     -6.9480232282909         -8.3009089425766         -7                       -3.3768213020686
1278                     -6.9480232279943         -8.30090894228           -7                       -3.3711378845032
1280                     -6.9480232277323         -8.300908942018          -7                       -3.3654544669379
1282                     -6.9480232275006         -8.3009089417864         -7                       -3.3597710493725
1284                     -6.948023227296          -8.3009089415817         -7                       -3.3540876318072
1286                     -6.9480232271151         -8.3009089414008         -7                       -3.3484042142418
1288                     -6.9480232269552         -8.300908941241          -7                       -3.3427207966764
1290                     -6.948023226814          -8.3009089410997         -7                       -3.3370373791111
1292                     -6.9480232266891         -8.3009089409749         -7                       -3.3313539615457
1294                     -6.9480232265788         -8.3009089408645         -7                       -3.3256705439804
1296                     -6.9480232264813         -8.300908940767          -7                       -3.319987126415
1298                     -6.9480232263952         -8.3009089406809         -7                       -3.3143037088497
1300                     -6.948023226319          -8.3009089406047         -7                       -3.3086202912843
1302                     -6.9480232262517         -8.3009089405374         -7                       -3.302936873719
1304                     -6.9480232261923         -8.300908940478          -7                       -3.2972534561536
1306                     -6.9480232261397         -8.3009089404254         -7                       -3.2915700385882
1308                     -6.9480232260933         -8.300908940379          -7                       -3.2858866210229
1310                     -6.9480232260522         -8.3009089403379         -7                       -3.2802032034575
1312                     -6.948023226016          -8.3009089403017         -7                       -3.2745197858922
1314                     -6.9480232259839         -8.3009089402696         -7                       -3.2688363683268
1316                     -6.9480232259556         -8.3009089402413         -7                       -3.2631529507615
1318                     -6.9480232259305         -8.3009089402163         -7                       -3.2574695331961
1320                     -6.9480232259084         -8.3009089401941         -7                       -3.2517861156308
1322                     -6.9480232258889         -8.3009089401746         -7                       -3.2461026980654
1324                     -6.9480232258716         -8.3009089401573         -7                       -3.2404192805
1326                     -6.9480232258563         -8.300908940142          -7                       -3.2347358629347
1328                     -6.9480232258428         -8.3009089401285         -7                       -3.2290524453693
1330                     -6.9480232258309         -8.3009089401166         -7                       -3.223369027804
1332                     -6.9480232258204         -8.3009089401061         -7                       -3.2176856102386
1334                     -6.948023225811          -8.3009089400968         -7                       -3.2120021926733
1336                     -6.9480232258028         -8.3009089400885         -7                       -3.2063187751079
1338                     -6.9480232257955         -8.3009089400813         -7                       -3.2006353575426
1340                     -6.9480232257891         -8.3009089400748         -7                       -3.1949519399772
1342                     -6.9480232257834         -8.3009089400691         -7                       -3.1892685224118
1344                     -6.9480232257784         -8.3009089400641         -7                       -3.1835851048465
1346                     -6.948023225774          -8.3009089400597         -7                       -3.1779016872811
1348                     -6.9480232257701         -8.3009089400558         -7                       -3.1722182697158
1350                     -6.9480232257666         -8.3009089400523         -7                       -3.1665348521504
1352                     -6.9480232257635         -8.3009089400492         -7                       -3.1608514345851
1354                     -6.9480232257608         -8.3009089400465         -7                       -3.1551680170197
1356                     -6.9480232257584         -8.3009089400441         -7                       -3.1494845994544
1358                     -6.9480232257563         -8.300908940042          -7                       -3.143801181889
1360                     -6.9480232257544         -8.3009089400402         -7                       -3.1381177643236
1362                     -6.9480232257528         -8.3009089400385         -7                       -3.1324343467583
1364                     -6.9480232257513         -8.300908940037          -7                       -3.1267509291929
1366                     -6.94802322575           -8.3009089400358         -7                       -3.1210675116276
1368                     -6.9480232257489         -8.3009089400346         -7                       -3.1153840940622
1370                     -6.9480232257479         -8.3009089400336         -7                       -3.1097006764969
1372                     -6.948023225747          -8.3009089400327         -7                       -3.1040172589315
1374                     -6.9480232257462         -8.3009089400319         -7                       -3.0983338413662
1376                     -6.9480232257455         -8.3009089400312         -7                       -3.0926504238008
1378                     -6.9480232257449         -8.3009089400306         -7                       -3.0869670062354
1380                     -6.9480232257444         -8.3009089400301         -7                       -3.0812835886701
1382                     -6.9480232257439         -8.3009089400296         -7                       -3.0756001711047
1384                     -6.9480232257435         -8.3009089400292         -7                       -3.0699167535394
1386                     -6.9480232257431         -8.3009089400288         -7                       -3.064233335974
1388                     -6.9480232257428         -8.3009089400285         -7                       -3.0585499184087
1390                     -6.9480232257425         -8.3009089400282         -7                       -3.0528665008433
1392                     -6.9480232257422         -8.3009089400279         -7                       -3.047183083278
1394                     -6.948023225742          -8.3009089400277         -7                       -3.0414996657126
1396                     -6.9480232257418         -8.3009089400275         -7                       -3.0358162481473
1398                     -6.9480232257416         -8.3009089400273         -7                       -3.0301328305819
1400                     -6.9480232257414         -8.3009089400272         -7                       -3.0244494130165
1402                     -6.9480232257413         -8.300908940027          -7                       -3.0187659954512
1404                     -6.9480232257412         -8.3009089400269         -7                       -3.0130825778858
1406                     -6.9480232257411         -8.3009089400268         -7                       -3.0073991603205
1408                     -6.948023225741          -8.3009089400267         -7                       -3.0017157427551
1410                     -6.9480232257409         -8.3009089400266         -7                       -2.9960323251898
1412                     -6.9480232257408         -8.3009089400265         -7                       -2.9903489076244
1414                     -6.9480232257407         -8.3009089400265         -7                       -2.9846654900591
1416                     -6.9480232257407         -8.3009089400264         -7                       -2.9789820724937
1418                     -6.9480232257406         -8.3009089400264         -7                       -2.9732986549284
1420                     -6.9480232257406         -8.3009089400263         -7                       -2.967615237363
1422                     -6.9480232257406         -8.3009089400263         -7                       -2.9619318197976
1424                     -6.9480232257405         -8.3009089400262         -7                       -2.9562484022323
1426                     -6.9480232257405         -8.3009089400262         -7                       -2.9505649846669
1428                     -6.9480232257405         -8.3009089400262         -7                       -2.9448815671016
1430                     -6.9480232257404         -8.3009089400262         -7                       -2.9391981495362
1432                     -6.9480232257404         -8.3009089400261         -7                       -2.9335147319709
1434                     -6.9480232257404         -8.3009089400261         -7                       -2.9278313144055
1436                     -6.9480232257404         -8.3009089400261         -7                       -2.9221478968402
1438                     -6.9480232257404         -8.3009089400261         -7                       -2.9164644792748
1440                     -6.9480232257404         -8.3009089400261         -7                       -2.9107810617094
1442                     -6.9480232257403         -8.3009089400261         -7                       -2.9050976441441
1444                     -6.9480232257403         -8.3009089400261         -7                       -2.8994142265787
1446                     -6.9480232257403         -8.300908940026          -7                       -2.8937308090134
1448                     -6.9480232257403         -8.300908940026          -7                       -2.888047391448
1450                     -6.9480232257403         -8.300908940026          -7                       -2.8823639738827
1452                     -6.9480232257403         -8.300908940026          -7                       -2.8766805563173
1454                     -6.9480232257403         -8.300908940026          -7                       -2.870997138752
1456                     -6.9480232257403         -8.300908940026          -7                       -2.8653137211866
1458                     -6.9480232257403         -8.300908940026          -7                       -2.8596303036212
1460                     -6.9480232257403         -8.300908940026          -7                       -2.8539468860559
1462                     -6.9480232257403         -8.300908940026          -7                       -2.8482634684905
1464                     -6.9480232257403         -8.300908940026          -7                       -2.8425800509252
1466                     -6.9480232257403         -8.300908940026          -7                       -2.8368966333598
1468                     -6.9480232257403         -8.300908940026          -7                       -2.8312132157945
1470                     -6.9480232257403         -8.300908940026          -7                       -2.8255297982291
1472                     -6.9480232257403         -8.300908940026          -7                       -2.8198463806638
1474                     -6.9480232257403         -8.300908940026          -7                       -2.8141629630984
1476                     -6.9480232257403         -8.300908940026          -7                       -2.808479545533
1478                     -6.9480232257403         -8.300908940026          -7                       -2.8027961279677
1480                     -6.9480232257403         -8.300908940026          -7                       -2.7971127104023
1482                     -6.9480232257403         -8.300908940026          -7                       -2.791429292837
1484                     -6.9480232257403         -8.300908940026          -7                       -2.7857458752716
1486                     -6.9480232257403         -8.300908940026          -7                       -2.7800624577063
1488                     -6.9480232257403         -8.300908940026          -7                       -2.7743790401409
1490                     -6.9480232257402         -8.300908940026          -7                       -2.7686956225755
1492                     -6.9480232257402         -8.300908940026          -7                       -2.7630122050102
1494                     -6.9480232257402         -8.300908940026          -7                       -2.7573287874448
1496                     -6.9480232257402         -8.300908940026          -7                       -2.7516453698795
1498                     -6.9480232257402         -8.300908940026          -7                       -2.7459619523141
1500                     -6.9480232257402         -8.300908940026          -7                       -2.7402785347488
1502                     -6.9480232257402         -8.300908940026          -7                       -2.7345951171834
1504                     -6.9480232257402         -8.300908940026          -7                       -2.7289116996181
1506                     -6.9480232257402         -8.300908940026          -7                       -2.7232282820527
1508                     -6.9480232257402         -8.300908940026          -7                       -2.7175448644873
1510                     -6.9480232257402         -8.300908940026          -7                       -2.711861446922
1512                     -6.9480232257402         -8.300908940026          -7                       -2.7061780293566
1514                     -6.9480232257402         -8.300908940026          -7                       -2.7004946117913
1516                     -6.9480232257402         -8.300908940026          -7                       -2.6948111942259
1518                     -6.9480232257402         -8.300908940026          -7                       -2.6891277766606
1520                     -6.9480232257402         -8.3009089400259         -7                       -2.6834443590952
1522                     -6.9480232257402         -8.3009089400259         -7                       -2.6777609415299
1524                     -6.9480232257402         -8.3009089400259         -7                       -2.6720775239645
1526                     -6.9480232257402         -8.3009089400259         -7                       -2.6663941063991
1528                     -6.9480232257402         -8.3009089400259         -7                       -2.6607106888338
1530                     -6.9480232257402         -8.3009089400259         -7                       -2.6550272712684
1532                     -6.9480232257402         -8.3009089400259         -7                       -2.6493438537031
1534                     -6.9480232257402         -8.3009089400259         -7                       -2.6436604361377
1536                     -6.9480232257402         -8.3009089400259         -7                       -2.6379770185724
1538                     -6.9480232257402         -8.3009089400259         -7                       -2.632293601007
1540                     -6.9480232257402         -8.3009089400259         -7                       -2.6266101834416
1542                     -6.9480232257402         -8.3009089400259         -7                       -2.6209267658763
1544                     -6.9480232257402         -8.3009089400259         -7                       -2.6152433483109
1546                     -6.9480232257402         -8.3009089400259         -7                       -2.6095599307456
1548                     -6.9480232257402         -8.3009089400259         -7                       -2.6038765131802
1550                     -6.9480232257402         -8.3009089400259         -7                       -2.5981930956149
1552                     -6.9480232257401         -8.3009089400259         -7                       -2.5925096780495
1554                     -6.9480232257401         -8.3009089400258         -7                       -2.5868262604842
1556                     -6.9480232257401         -8.3009089400258         -7                       -2.5811428429188
1558                     -6.9480232257401         -8.3009089400258         -7                       -2.5754594253534
1560                     -6.9480232257401         -8.3009089400258         -7                       -2.5697760077881
1562                     -6.9480232257401         -8.3009089400258         -7                       -2.5640925902227
1564                     -6.94802322574           -8.3009089400258         -7                       -2.5584091726574
1566                     -6.94802322574           -8.3009089400257         -7                       -2.552725755092
1568                     -6.94802322574           -8.3009089400257         -7                       -2.5470423375267
1570                     -6.9480232257399         -8.3009089400257         -7                       -2.5413589199613
1572                     -6.9480232257399         -8.3009089400256         -7                       -2.5356755023959
1574                     -6.9480232257399         -8.3009089400256         -7                       -2.5299920848306
1576                     -6.9480232257398         -8.3009089400255         -7                       -2.5243086672652
1578                     -6.9480232257398         -8.3009089400255         -7                       -2.5186252496999
1580                     -6.9480232257397         -8.3009089400254         -7                       -2.5129418321345
1582                     -6.9480232257396         -8.3009089400253         -7                       -2.5072584145692
1584                     -6.9480232257395         -8.3009089400253         -7                       -2.5015749970038
1586                     -6.9480232257394         -8.3009089400252         -7                       -2.4958915794385
1588                     -6.9480232257393         -8.3009089400251         -7                       -2.4902081618731
1590                     -6.9480232257392         -8.3009089400249         -7                       -2.4845247443077
1592                     -6.9480232257391         -8.3009089400248         -7                       -2.4788413267424
1594                     -6.9480232257389         -8.3009089400246         -7                       -2.473157909177
1596                     -6.9480232257388         -8.3009089400245         -7                       -2.4674744916117
1598                     -6.9480232257386         -8.3009089400243         -7                       -2.4617910740463
1600                     -6.9480232257383         -8.300908940024          -7                       -2.456107656481
1602                     -6.9480232257381         -8.3009089400238         -7                       -2.4504242389156
1604                     -6.9480232257378         -8.3009089400235         -7                       -2.4447408213502
1606                     -6.9480232257375         -8.3009089400232         -7                       -2.4390574037849
1608                     -6.9480232257371         -8.3009089400228         -7                       -2.4333739862195
1610                     -6.9480232257367         -8.3009089400224         -7                       -2.4276905686542
1612                     -6.9480232257362         -8.3009089400219         -7                       -2.4220071510888
1614                     -6.9480232257357         -8.3009089400214         -7                       -2.4163237335235
1616                     -6.9480232257351         -8.3009089400208         -7                       -2.4106403159581
1618                     -6.9480232257344         -8.3009089400201         -7                       -2.4049568983927
1620                     -6.9480232257336         -8.3009089400194         -7                       -2.3992734808274
1622                     -6.9480232257328         -8.3009089400185         -7                       -2.393590063262
1624                     -6.9480232257318         -8.3009089400175         -7                       -2.3879066456967
1626                     -6.9480232257307         -8.3009089400164         -7                       -2.3822232281313
1628                     -6.9480232257294         -8.3009089400151         -7                       -2.376539810566
1630                     -6.948023225728          -8.3009089400137         -7                       -2.3708563930006
1632                     -6.9480232257264         -8.3009089400121         -7                       -2.3651729754353
1634                     -6.9480232257246         -8.3009089400103         -7                       -2.3594895578699
1636                     -6.9480232257225         -8.3009089400082         -7                       -2.3538061403045
1638                     -6.9480232257202         -8.3009089400059         -7                       -2.3481227227392
1640                     -6.9480232257176         -8.3009089400033         -7                       -2.3424393051738
1642                     -6.9480232257146         -8.3009089400003         -7                       -2.3367558876085
1644                     -6.9480232257112         -8.3009089399969         -7                       -2.3310724700431
1646                     -6.9480232257074         -8.3009089399931         -7                       -2.3253890524778
1648                     -6.9480232257031         -8.3009089399888         -7                       -2.3197056349124
1650                     -6.9480232256982         -8.3009089399839         -7                       -2.3140222173471
1652                     -6.9480232256926         -8.3009089399783         -7                       -2.3083387997817
1654                     -6.9480232256864         -8.3009089399721         -7                       -2.3026553822163
1656                     -6.9480232256793         -8.300908939965          -7                       -2.296971964651
1658                     -6.9480232256713         -8.300908939957          -7                       -2.2912885470856
1660                     -6.9480232256622         -8.3009089399479         -7                       -2.2856051295203
1662                     -6.9480232256519         -8.3009089399376         -7                       -2.2799217119549
1664                     -6.9480232256403         -8.300908939926          -7                       -2.2742382943896
1666                     -6.9480232256271         -8.3009089399128         -7                       -2.2685548768242
1668                     -6.9480232256123         -8.300908939898          -7                       -2.2628714592588
1670                     -6.9480232255954         -8.3009089398811         -7                       -2.2571880416935
1672                     -6.9480232255764         -8.3009089398621         -7                       -2.2515046241281
1674                     -6.9480232255548         -8.3009089398405         -7                       -2.2458212065628
1676                     -6.9480232255304         -8.3009089398161         -7                       -2.2401377889974
1678                     -6.9480232255028         -8.3009089397885         -7                       -2.2344543714321
1680                     -6.9480232254716         -8.3009089397573         -7                       -2.2287709538667
1682                     -6.9480232254362         -8.3009089397219         -7                       -2.2230875363014
1684                     -6.9480232253962         -8.3009089396819         -7                       -2.217404118736
1686                     -6.9480232253509         -8.3009089396367         -7                       -2.2117207011706
1688                     -6.9480232252997         -8.3009089395854         -7                       -2.2060372836053
1690                     -6.9480232252418         -8.3009089395275         -7                       -2.2003538660399
1692                     -6.9480232251762         -8.3009089394619         -7                       -2.1946704484746
1694                     -6.948023225102          -8.3009089393877         -7                       -2.1889870309092
1696                     -6.948023225018          -8.3009089393037         -7                       -2.1833036133439
1698                     -6.948023224923          -8.3009089392087         -7                       -2.1776201957785
1700                     -6.9480232248155         -8.3009089391012         -7                       -2.1719367782131
1702                     -6.9480232246938         -8.3009089389795         -7                       -2.1662533606478
1704                     -6.9480232245561         -8.3009089388419         -7                       -2.1605699430824
1706                     -6.9480232244003         -8.3009089386861         -7                       -2.1548865255171
1708                     -6.9480232242241         -8.3009089385098         -7                       -2.1492031079517
1710                     -6.9480232240246         -8.3009089383103         -7                       -2.1435196903864
1712                     -6.9480232237989         -8.3009089380846         -7                       -2.137836272821
1714                     -6.9480232235435         -8.3009089378292         -7                       -2.1321528552556
1716                     -6.9480232232545         -8.3009089375402         -7                       -2.1264694376903
1718                     -6.9480232229274         -8.3009089372131         -7                       -2.1207860201249
1720                     -6.9480232225574         -8.3009089368431         -7                       -2.1151026025596
1722                     -6.9480232221386         -8.3009089364243         -7                       -2.1094191849942
1724                     -6.9480232216648         -8.3009089359505         -7                       -2.1037357674289
1726                     -6.9480232211286         -8.3009089354143         -7                       -2.0980523498635
1728                     -6.9480232205219         -8.3009089348076         -7                       -2.0923689322981
1730                     -6.9480232198353         -8.300908934121          -7                       -2.0866855147328
1732                     -6.9480232190584         -8.3009089333442         -7                       -2.0810020971674
1734                     -6.9480232181794         -8.3009089324651         -7                       -2.0753186796021
1736                     -6.9480232171846         -8.3009089314703         -7                       -2.0696352620367
1738                     -6.948023216059          -8.3009089303447         -7                       -2.0639518444714
1740                     -6.9480232147853         -8.300908929071          -7                       -2.058268426906
1742                     -6.9480232133441         -8.3009089276298         -7                       -2.0525850093406
1744                     -6.9480232117132         -8.3009089259989         -7                       -2.0469015917753
1746                     -6.9480232098678         -8.3009089241535         -7                       -2.0412181742099
1748                     -6.9480232077795         -8.3009089220652         -7                       -2.0355347566446
1750                     -6.9480232054165         -8.3009089197023         -7                       -2.0298513390792
1752                     -6.9480232027427         -8.3009089170284         -7                       -2.0241679215138
1754                     -6.9480231997171         -8.3009089140028         -7                       -2.0184845039485
1756                     -6.9480231962934         -8.3009089105791         -7                       -2.0128010863831
1758                     -6.9480231924193         -8.300908906705          -7                       -2.0071176688178
1760                     -6.9480231880355         -8.3009089023212         -7                       -2.0014342512524
1762                     -6.9480231830749         -8.3009088973606         -7                       -1.9957508336871
1764                     -6.9480231774617         -8.3009088917474         -7                       -1.9900674161217
1766                     -6.94802317111           -8.3009088853957         -7                       -1.9843839985563
1768                     -6.9480231639227         -8.3009088782084         -7                       -1.978700580991
1770                     -6.9480231557898         -8.3009088700755         -7                       -1.9730171634256
1772                     -6.9480231465869         -8.3009088608726         -7                       -1.9673337458603
1774                     -6.9480231361732         -8.300908850459          -7                       -1.9616503282949
1776                     -6.9480231243895         -8.3009088386752         -7                       -1.9559669107296
1778                     -6.9480231110555         -8.3009088253412         -7                       -1.9502834931642
1780                     -6.9480230959673         -8.300908810253          -7                       -1.9446000755988
1782                     -6.9480230788939         -8.3009087931796         -7                       -1.9389166580335
1784                     -6.9480230595744         -8.3009087738601         -7                       -1.9332332404681
1786                     -6.9480230377131         -8.3009087519988         -7                       -1.9275498229028
1788                     -6.9480230129757         -8.3009087272614         -7                       -1.9218664053374
1790                     -6.9480229849837         -8.3009086992695         -7                       -1.9161829877721
1792                     -6.9480229533091         -8.3009086675948         -7                       -1.9104995702067
1794                     -6.9480229174673         -8.300908631753          -7                       -1.9048161526413
1796                     -6.94802287691           -8.3009085911957         -7                       -1.899132735076
1798                     -6.9480228310169         -8.3009085453026         -7                       -1.8934493175106
1800                     -6.948022779086          -8.3009084933717         -7                       -1.8877658999453
1802                     -6.9480227203229         -8.3009084346086         -7                       -1.8820824823799
1804                     -6.9480226538288         -8.3009083681145         -7                       -1.8763990648146
1806                     -6.9480225785866         -8.3009082928723         -7                       -1.8707156472492
1808                     -6.9480224934454         -8.3009082077311         -7                       -1.8650322296838
1810                     -6.9480223971029         -8.3009081113886         -7                       -1.8593488121185
1812                     -6.9480222880853         -8.300908002371          -7                       -1.8536653945531
1814                     -6.9480221647252         -8.300907879011          -7                       -1.8479819769878
1816                     -6.9480220251358         -8.3009077394215         -7                       -1.8422985594224
1818                     -6.9480218671817         -8.3009075814674         -7                       -1.836615141857
1820                     -6.9480216884471         -8.3009074027328         -7                       -1.8309317242917
1822                     -6.948021486198          -8.3009072004837         -7                       -1.8252483067263
1824                     -6.948021257341          -8.3009069716267         -7                       -1.819564889161
1826                     -6.9480209983755         -8.3009067126613         -7                       -1.8138814715956
1828                     -6.9480207053407         -8.3009064196265         -7                       -1.8081980540303
1830                     -6.9480203737546         -8.3009060880403         -7                       -1.8025146364649
1832                     -6.9480199985455         -8.3009057128312         -7                       -1.7968312188995
1834                     -6.9480195739747         -8.3009052882604         -7                       -1.7911478013342
1836                     -6.9480190935485         -8.3009048078342         -7                       -1.7854643837688
1838                     -6.9480185499193         -8.300904264205          -7                       -1.7797809662035
1840                     -6.9480179347726         -8.3009036490583         -7                       -1.7740975486381
1842                     -6.9480172387007         -8.3009029529864         -7                       -1.7684141310728
1844                     -6.9480164510582         -8.300902165344          -7                       -1.7627307135074
1846                     -6.9480155597998         -8.3009012740856         -7                       -1.757047295942
1848                     -6.9480145512959         -8.3009002655816         -7                       -1.7513638783767
1850                     -6.9480134101245         -8.3008991244102         -7                       -1.7456804608113
1852                     -6.9480121188353         -8.300897833121          -7                       -1.739997043246
1854                     -6.9480106576837         -8.3008963719695         -7                       -1.7343136256806
1856                     -6.9480090043287         -8.3008947186144         -7                       -1.7286302081153
1858                     -6.9480071334918         -8.3008928477775         -7                       -1.7229467905499
1860                     -6.9480050165712         -8.3008907308569         -6.9999999999999         -1.7172633729845
1862                     -6.9480026212054         -8.3008883354911         -6.9999999999999         -1.7115799554192
1864                     -6.947999910779          -8.3008856250647         -6.9999999999999         -1.7058965378538
1866                     -6.9479968438644         -8.3008825581501         -6.9999999999999         -1.7002131202885
1868                     -6.9479933735901         -8.3008790878758         -6.9999999999999         -1.6945297027231
1870                     -6.9479894469261         -8.3008751612118         -6.9999999999998         -1.6888462851578
1872                     -6.9479850038763         -8.300870718162          -6.9999999999998         -1.6831628675924
1874                     -6.9479799765644         -8.3008656908501         -6.9999999999998         -1.677479450027
1876                     -6.9479742882016         -8.3008600024873         -6.9999999999998         -1.6717960324617
1878                     -6.9479678519181         -8.3008535662038         -6.9999999999997         -1.6661126148963
1880                     -6.9479605694437         -8.3008462837294         -6.9999999999997         -1.660429197331
1882                     -6.9479523296151         -8.3008380439009         -6.9999999999997         -1.6547457797656
1884                     -6.9479430066904         -8.3008287209761         -6.9999999999997         -1.6490623622003
1886                     -6.9479324584434         -8.3008181727291         -6.9999999999996         -1.6433789446349
1888                     -6.9479205240115         -8.3008062382973         -6.9999999999996         -1.6376955270695
1890                     -6.9479070214654         -8.3007927357511         -6.9999999999996         -1.6320121095042
1892                     -6.9478917450636         -8.3007774593494         -6.9999999999996         -1.6263286919388
1894                     -6.9478744621551         -8.3007601764408         -6.9999999999995         -1.6206452743735
1896                     -6.9478549096823         -8.300740623968          -6.9999999999995         -1.6149618568081
1898                     -6.9478327902377         -8.3007185045235         -6.9999999999995         -1.6092784392428
1900                     -6.9478077676167         -8.3006934819024         -6.9999999999995         -1.6035950216774
1902                     -6.9477794618051         -8.3006651760908         -6.9999999999995         -1.597911604112
1904                     -6.947747443334          -8.3006331576197         -6.9999999999994         -1.5922281865467
1906                     -6.947711226923          -8.3005969412087         -6.9999999999994         -1.5865447689813
1908                     -6.9476702643306         -8.3005559786163         -6.9999999999994         -1.580861351416
1910                     -6.9476239363153         -8.3005096506011         -6.9999999999994         -1.5751779338506
1912                     -6.9475715436088         -8.3004572578945         -6.9999999999993         -1.5694945162853
1914                     -6.9475122967858         -8.3003980110715         -6.9999999999993         -1.5638110987199
1916                     -6.9474453049131         -8.3003310191989         -6.9999999999993         -1.5581276811545
1918                     -6.9473695628434         -8.3002552771291         -6.9999999999993         -1.5524442635892
1920                     -6.9472839370156         -8.3001696513013         -6.9999999999992         -1.5467608460238
1922                     -6.947187149612          -8.3000728638977         -6.9999999999992         -1.5410774284585
1924                     -6.9470777609173         -8.299963475203          -6.9999999999992         -1.5353940108931
1926                     -6.9469541497179         -8.2998398640036         -6.9999999999992         -1.5297105933278
1928                     -6.9468144915792         -8.2997002058649         -6.9999999999991         -1.5240271757624
1930                     -6.946656734843          -8.2995424491287         -6.9999999999991         -1.518343758197
1932                     -6.9464785741929         -8.2993642884786         -6.9999999999991         -1.5126603406317
1934                     -6.9462774216554         -8.2991631359411         -6.999999999999          -1.5069769230663
1936                     -6.9460503749316         -8.2989360892173         -6.999999999999          -1.501293505501
1938                     -6.9457941829931         -8.2986798972788         -6.999999999999          -1.4956100879356
1940                     -6.945505208937          -8.2983909232227         -6.999999999999          -1.4899266703703
1942                     -6.9451793901685         -8.2980651044542         -6.9999999999989         -1.4842432528049
1944                     -6.9448121960848         -8.2976979103705         -6.9999999999989         -1.4785598352395
1946                     -6.9443985835626         -8.2972842978483         -6.9999999999989         -1.4728764176742
1948                     -6.9439329507163         -8.296818665002          -6.9999999999988         -1.4671930001088
1950                     -6.9434090895918         -8.2962948038775         -6.9999999999988         -1.4615095825435
1952                     -6.9428201386998         -8.2957058529855         -6.9999999999988         -1.4558261649781
1954                     -6.9421585365674         -8.2950442508531         -6.9999999999988         -1.4501427474127
1956                     -6.9414159777997         -8.2943016920854         -6.9999999999987         -1.4444593298474
1958                     -6.9405833734798         -8.2934690877655         -6.9999999999987         -1.438775912282
1960                     -6.9396508180888         -8.2925365323745         -6.9999999999986         -1.4330924947167
1962                     -6.9386075654669         -8.2914932797527         -6.9999999999986         -1.4274090771513
1964                     -6.9374420166398         -8.2903277309256         -6.9999999999986         -1.421725659586
1966                     -6.9361417225466         -8.2890274368323         -6.9999999999985         -1.4160422420206
1968                     -6.93469340479           -8.2875791190757         -6.9999999999985         -1.4103588244552
1970                     -6.9330829974114         -8.2859687116972         -6.9999999999984         -1.4046754068899
1972                     -6.9312957123246         -8.2841814266104         -6.9999999999984         -1.3989919893245
1974                     -6.9293161303555         -8.2822018446412         -6.9999999999983         -1.3933085717592
1976                     -6.9271283188069         -8.2800140330926         -6.9999999999983         -1.3876251541938
1978                     -6.9247159750805         -8.2776016893662         -6.9999999999982         -1.3819417366285
1980                     -6.9220625941909         -8.2749483084767         -6.9999999999981         -1.3762583190631
1982                     -6.9191516561029         -8.2720373703886         -6.9999999999981         -1.3705749014977
1984                     -6.9159668268696         -8.2688525411553         -6.999999999998          -1.3648914839324
1986                     -6.9124921657717         -8.2653778800574         -6.9999999999979         -1.359208066367
1988                     -6.9087123293001         -8.2615980435858         -6.9999999999978         -1.3535246488017
1990                     -6.9046127621375         -8.2574984764232         -6.9999999999976         -1.3478412312363
1992                     -6.900179865462          -8.2530655797477         -6.9999999999975         -1.3421578136709
1994                     -6.8954011340038         -8.2482868482895         -6.9999999999973         -1.3364743961056
1996                     -6.8902652552894         -8.2431509695751         -6.9999999999971         -1.3307909785402
1998                     -6.8847621672076         -8.2376478814933         -6.9999999999968         -1.3251075609749
2000                     -6.940020856944          -8.1121611389489         -6.9999999999968         -1.3194241434095
2002                     -6.9960048174574         -7.9873996671815         -6.9999999999968         -1.3165586221451
2004                     -6.9916695377916         -7.9830643875157         -6.9999999999968         -1.3136931008807
2006                     -6.9879946114581         -7.9793894611822         -6.9999999999968         -1.3108275796164
2008                     -6.984859538888          -7.9762543886121         -6.9999999999968         -1.307962058352
2010                     -6.9821707809736         -7.9735656306977         -6.9999999999968         -1.3050965370876
2012                     -6.9798545174124         -7.9712493671365         -6.9999999999968         -1.3022310158232
2014                     -6.9778516445576         -7.9692464942817         -6.9999999999968         -1.2993654945588
2016                     -6.9761142443033         -7.9675090940274         -6.9999999999967         -1.2964999732944
2018                     -6.9746030407277         -7.9659978904518         -6.9999999999967         -1.29363445203
2020                     -6.9732855339146         -7.9646803836387         -6.9999999999967         -1.2907689307657
2022                     -6.9721346071492         -7.9635294568733         -6.9999999999967         -1.2879034095013
2024                     -6.9711274710699         -7.962522320794          -6.9999999999967         -1.2850378882369
2026                     -6.9702448517381         -7.9616397014622         -6.9999999999967         -1.2821723669725
2028                     -6.9694703580591         -7.9608652077832         -6.9999999999967         -1.2793068457081
2030                     -6.9687899829986         -7.9601848327227         -6.9999999999967         -1.2764413244437
2032                     -6.9681917059658         -7.9595865556899         -6.9999999999967         -1.2735758031793
2034                     -6.967665172649          -7.9590600223731         -6.9999999999967         -1.270710281915
2036                     -6.9672014348478         -7.9585962845719         -6.9999999999966         -1.2678447606506
2038                     -6.9667927372789         -7.958187587003          -6.9999999999966         -1.2649792393862
2040                     -6.9664323415387         -7.9578271912628         -6.9999999999966         -1.2621137181218
2042                     -6.9661143797296         -7.9575092294537         -6.9999999999966         -1.2592481968574
2044                     -6.9658337319794         -7.9572285817035         -6.9999999999966         -1.256382675593
2046                     -6.9655859233619         -7.956980773086          -6.9999999999966         -1.2535171543286
2048                     -6.9653670366906         -7.9567618864147         -6.9999999999966         -1.2506516330643
2050                     -6.9651736383928         -7.9565684881169         -6.9999999999966         -1.2477861117999
2052                     -6.9650027152296         -7.9563975649537         -6.9999999999966         -1.2449205905355
2054                     -6.9648516200682         -7.9562464697923         -6.9999999999966         -1.2420550692711
2056                     -6.9647180252473         -7.9561128749714         -6.9999999999966         -1.2391895480067
2058                     -6.9645998823481         -7.9559947320722         -6.9999999999966         -1.2363240267423
2060                     -6.9644953873907         -7.9558902371148         -6.9999999999966         -1.2334585054779
2062                     -6.9644029506508         -7.9557978003749         -6.9999999999966         -1.2305929842136
2064                     -6.9643211704214         -7.9557160201455         -6.9999999999966         -1.2277274629492
2066                     -6.9642488101586         -7.9556436598827         -6.9999999999965         -1.2248619416848
2068                     -6.9641847785382         -7.9555796282623         -6.9999999999965         -1.2219964204204
2070                     -6.964128112025          -7.9555229617491         -6.9999999999965         -1.219130899156
2072                     -6.9640779596152         -7.9554728093393         -6.9999999999965         -1.2162653778916
2074                     -6.9640335694633         -7.9554284191874         -6.9999999999965         -1.2133998566272
2076                     -6.9639942771488         -7.9553891268729         -6.9999999999965         -1.2105343353629
2078                     -6.9639594953691         -7.9553543450932         -6.9999999999965         -1.2076688140985
2080                     -6.9639287048788         -7.9553235546029         -6.9999999999965         -1.2048032928341
2082                     -6.9639014465163         -7.9552962962404         -6.9999999999965         -1.2019377715697
2084                     -6.9638773141839         -7.955272163908          -6.9999999999965         -1.1990722503053
2086                     -6.9638559486619         -7.955250798386          -6.9999999999965         -1.1962067290409
2088                     -6.9638370321558         -7.9552318818799         -6.9999999999965         -1.1933412077765
2090                     -6.9638202834858         -7.9552151332099         -6.9999999999965         -1.1904756865122
2092                     -6.963805453843          -7.9552003035671         -6.9999999999965         -1.1876101652478
2094                     -6.9637923230417         -7.9551871727658         -6.9999999999965         -1.1847446439834
2096                     -6.9637806962105         -7.9551755459346         -6.9999999999965         -1.181879122719
2098                     -6.9637704008689         -7.955165250593          -6.9999999999965         -1.1790136014546
2100                     -6.9637612843442         -7.9551561340683         -6.9999999999965         -1.1761480801902
2102                     -6.9637532114883         -7.9551480612124         -6.9999999999965         -1.1732825589258
2104                     -6.9637460626592         -7.9551409123833         -6.9999999999965         -1.1704170376614
2106                     -6.963739731936          -7.9551345816601         -6.9999999999965         -1.1675515163971
2108                     -6.96373412554           -7.9551289752641         -6.9999999999965         -1.1646859951327
2110                     -6.963729160439          -7.9551240101631         -6.9999999999964         -1.1618204738683
2112                     -6.9637247631112         -7.9551196128353         -6.9999999999964         -1.1589549526039
2114                     -6.9637208684523         -7.9551157181764         -6.9999999999964         -1.1560894313395
2116                     -6.9637174188085         -7.9551122685326         -6.9999999999964         -1.1532239100751
2118                     -6.9637143631194         -7.9551092128435         -6.9999999999964         -1.1503583888107
2120                     -6.9637116561612         -7.9551065058853         -6.9999999999964         -1.1474928675464
2122                     -6.9637092578747         -7.9551041075988         -6.9999999999964         -1.144627346282
2124                     -6.9637071327718         -7.9551019824959         -6.9999999999964         -1.1417618250176
2126                     -6.9637052494091         -7.9551000991332         -6.9999999999964         -1.1388963037532
2128                     -6.9637035799219         -7.955098429646          -6.9999999999964         -1.1360307824888
2130                     -6.9637020996112         -7.9550969493353         -6.9999999999964         -1.1331652612244
2132                     -6.9637007865781         -7.9550956363022         -6.9999999999964         -1.13029973996
2134                     -6.9636996213989         -7.955094471123          -6.9999999999964         -1.1274342186957
2136                     -6.9636985868381         -7.9550934365622         -6.9999999999964         -1.1245686974313
2138                     -6.9636976675928         -7.9550925173169         -6.9999999999964         -1.1217031761669
2140                     -6.9636968500661         -7.9550916997902         -6.9999999999965         -1.1188376549025
2142                     -6.9636961221661         -7.9550909718902         -6.9999999999965         -1.1159721336381
2144                     -6.9636954731271         -7.9550903228512         -6.9999999999965         -1.1131066123737
2146                     -6.9636948933495         -7.9550897430736         -6.9999999999965         -1.1102410911093
2148                     -6.9636943742586         -7.9550892239827         -6.9999999999965         -1.107375569845
2150                     -6.9636939081773         -7.9550887579014         -6.9999999999965         -1.1045100485806
2152                     -6.9636934882126         -7.9550883379367         -6.9999999999965         -1.1016445273162
2154                     -6.9636931081536         -7.9550879578777         -6.9999999999965         -1.0987790060518
2156                     -6.9636927623796         -7.9550876121037         -6.9999999999965         -1.0959134847874
2158                     -6.9636924457772         -7.9550872955013         -6.9999999999965         -1.093047963523
2160                     -6.9636921536643         -7.9550870033884         -6.9999999999965         -1.0901824422586
2162                     -6.9636918817209         -7.955086731445          -6.9999999999965         -1.0873169209943
2164                     -6.9636916259255         -7.9550864756496         -6.9999999999965         -1.0844513997299
2166                     -6.9636913824954         -7.9550862322195         -6.9999999999965         -1.0815858784655
2168                     -6.9636911478307         -7.9550859975548         -6.9999999999965         -1.0787203572011
2170                     -6.9636909184613         -7.9550857681854         -6.9999999999965         -1.0758548359367
2172                     -6.9636906909952         -7.9550855407193         -6.9999999999965         -1.0729893146723
2174                     -6.9636904620689         -7.955085311793          -6.9999999999965         -1.0701237934079
2176                     -6.963690228297          -7.9550850780211         -6.9999999999965         -1.0672582721435
2178                     -6.9636899862227         -7.9550848359468         -6.9999999999965         -1.0643927508792
2180                     -6.9636897322664         -7.9550845819905         -6.9999999999965         -1.0615272296148
2182                     -6.9636894626727         -7.9550843123968         -6.9999999999965         -1.0586617083504
2184                     -6.9636891734551         -7.9550840231792         -6.9999999999965         -1.055796187086
2186                     -6.9636888603371         -7.9550837100612         -6.9999999999965         -1.0529306658216
2188                     -6.9636885186886         -7.9550833684127         -6.9999999999965         -1.0500651445572
2190                     -6.9636881434578         -7.9550829931819         -6.9999999999965         -1.0471996232928
2192                     -6.9636877290963         -7.9550825788204         -6.9999999999965         -1.0443341020285
2194                     -6.9636872694774         -7.9550821192015         -6.9999999999965         -1.0414685807641
2196                     -6.9636867578051         -7.9550816075292         -6.9999999999965         -1.0386030594997
2198                     -6.963686186514          -7.9550810362381         -6.9999999999965         -1.0357375382353
2200                     -6.9636855471571         -7.9550803968812         -6.9999999999965         -1.0328720169709
2202                     -6.9636848302815         -7.9550796800056         -6.9999999999965         -1.0300064957065
2204                     -6.9636840252883         -7.9550788750124         -6.9999999999965         -1.0271409744421
2206                     -6.9636831202759         -7.95507797              -6.9999999999965         -1.0242754531778
2208                     -6.9636821018647         -7.9550769515889         -6.9999999999965         -1.0214099319134
2210                     -6.9636809549989         -7.955075804723          -6.9999999999965         -1.018544410649
2212                     -6.9636796627242         -7.9550745124483         -6.9999999999965         -1.0156788893846
2214                     -6.9636782059376         -7.9550730556617         -6.9999999999965         -1.0128133681202
2216                     -6.9636765631051         -7.9550714128292         -6.9999999999965         -1.0099478468558
2218                     -6.9636747099441         -7.9550695596682         -6.9999999999965         -1.0070823255914
2220                     -6.9636726190643         -7.9550674687884         -6.9999999999965         -1.004216804327
2222                     -6.9636702595642         -7.9550651092883         -6.9999999999965         -1.0013512830627
2224                     -6.9636675965748         -7.9550624462989         -6.9999999999966         -0.99848576179828
2226                     -6.9636645907454         -7.9550594404695         -6.9999999999966         -0.99562024053389
2228                     -6.9636611976633         -7.9550560473874         -6.9999999999966         -0.9927547192695
2230                     -6.9636573671993         -7.9550522169234         -6.9999999999966         -0.98988919800512
2232                     -6.9636530427692         -7.9550478924933         -6.9999999999966         -0.98702367674073
2234                     -6.9636481605004         -7.9550430102245         -6.9999999999966         -0.98415815547635
2236                     -6.9636426482921         -7.9550374980162         -6.9999999999966         -0.98129263421196
2238                     -6.9636364247544         -7.9550312744785         -6.9999999999966         -0.97842711294757
2240                     -6.9636293980125         -7.9550242477366         -6.9999999999966         -0.97556159168319
2242                     -6.963621464357          -7.9550163140811         -6.9999999999966         -0.9726960704188
2244                     -6.9636125067224         -7.9550073564465         -6.9999999999966         -0.96983054915441
2246                     -6.9636023929708         -7.9549972426949         -6.9999999999966         -0.96696502789003
2248                     -6.963590973957          -7.9549858236811         -6.9999999999966         -0.96409950662564
2250                     -6.9635780813478         -7.9549729310719         -6.9999999999966         -0.96123398536126
2252                     -6.9635635251638         -7.9549583748879         -6.9999999999966         -0.95836846409687
2254                     -6.9635470910096         -7.9549419407337         -6.9999999999965         -0.95550294283248
2256                     -6.9635285369541         -7.9549233866782         -6.9999999999965         -0.9526374215681
2258                     -6.9635075900174         -7.9549024397415         -6.9999999999965         -0.94977190030371
2260                     -6.9634839422161         -7.9548787919402         -6.9999999999965         -0.94690637903932
2262                     -6.9634572461135         -7.9548520958376         -6.9999999999965         -0.94404085777494
2264                     -6.9634271098148         -7.9548219595389         -6.9999999999965         -0.94117533651055
2266                     -6.9633930913413         -7.9547879410654         -6.9999999999965         -0.93830981524617
2268                     -6.9633546923104         -7.9547495420345         -6.9999999999965         -0.93544429398178
2270                     -6.9633113508396         -7.9547062005637         -6.9999999999965         -0.93257877271739
2272                     -6.9632624335864         -7.9546572833105         -6.9999999999965         -0.92971325145301
2274                     -6.9632072268267         -7.9546020765508         -6.9999999999965         -0.92684773018862
2276                     -6.9631449264638         -7.9545397761879         -6.9999999999965         -0.92398220892423
2278                     -6.9630746268542         -7.9544694765783         -6.9999999999965         -0.92111668765985
2280                     -6.9629953083252         -7.9543901580493         -6.9999999999965         -0.91825116639546
2282                     -6.9629058232504         -7.9543006729745         -6.9999999999965         -0.91538564513107
2284                     -6.9628048805447         -7.9541997302688         -6.9999999999965         -0.91252012386669
2286                     -6.9626910284279         -7.954085878152          -6.9999999999965         -0.9096546026023
2288                     -6.9625626353094         -7.9539574850335         -6.9999999999965         -0.90678908133791
2290                     -6.962417868637          -7.9538127183611         -6.9999999999965         -0.90392356007353
2292                     -6.9622546715618         -7.9536495212859         -6.9999999999965         -0.90105803880914
2294                     -6.9620707372769         -7.953465587001          -6.9999999999965         -0.89819251754475
2296                     -6.9618634809017         -7.9532583306258         -6.9999999999965         -0.89532699628037
2298                     -6.9616300088135         -7.9530248585376         -6.9999999999965         -0.89246147501598
2300                     -6.9613670853596         -7.9527619350837         -6.9999999999965         -0.88959595375159
2302                     -6.9610710969414         -7.9524659466655         -6.9999999999965         -0.88673043248721
2304                     -6.9607380135286         -7.9521328632527         -6.9999999999965         -0.88386491122282
2306                     -6.9603633477575         -7.9517581974816         -6.9999999999964         -0.88099938995843
2308                     -6.9599421118857         -7.9513369616098         -6.9999999999964         -0.87813386869405
2310                     -6.9594687730266         -7.9508636227507         -6.9999999999964         -0.87526834742966
2312                     -6.9589372072691         -7.9503320569932         -6.9999999999964         -0.87240282616527
2314                     -6.9583406535076         -7.9497355032317         -6.9999999999964         -0.86953730490089
2316                     -6.957671668067          -7.9490665177911         -6.9999999999964         -0.8666717836365
2318                     -6.9569220814944         -7.9483169312185         -6.9999999999964         -0.86380626237211
2320                     -6.956082959214          -7.9474778089381         -6.9999999999964         -0.86094074110773
2322                     -6.9551445680792         -7.9465394178033         -6.9999999999964         -0.85807521984334
2324                     -6.9540963511898         -7.9454912009139         -6.9999999999964         -0.85520969857895
2326                     -6.952926913654          -7.9443217633781         -6.9999999999964         -0.85234417731457
2328                     -6.9516240222114         -7.9430188719355         -6.9999999999964         -0.84947865605018
2330                     -6.9501746217623         -7.9415694714864         -6.9999999999964         -0.84661313478579
2332                     -6.9485648718016         -7.9399597215257         -6.9999999999964         -0.84374761352141
2334                     -6.9467802054805         -7.9381750552046         -6.9999999999964         -0.84088209225702
2336                     -6.94480541345           -7.9362002631741         -6.9999999999964         -0.83801657099263
2338                     -6.942624753737          -7.9340196034611         -6.9999999999964         -0.83515104972825
2340                     -6.940222087642          -7.9316169373661         -6.9999999999964         -0.83228552846386
2342                     -6.9375810400514         -7.9289758897755         -6.9999999999964         -0.82942000719947
2344                     -6.9346851807059         -7.92608003043           -6.9999999999964         -0.82655448593509
2346                     -6.9315182210009         -7.922913070725          -6.9999999999964         -0.8236889646707
2348                     -6.9280642190164         -7.9194590687405         -6.9999999999964         -0.82082344340631
2350                     -6.9243077839441         -7.9157026336682         -6.9999999999964         -0.81795792214193
2352                     -6.9202342701391         -7.9116291198632         -6.9999999999964         -0.81509240087754
2354                     -6.915829950919          -7.9072248006431         -6.9999999999964         -0.81222687961315
2356                     -6.9110821630686         -7.9024770127927         -6.9999999999964         -0.80936135834877
2358                     -6.9059794148111         -7.8973742645352         -6.9999999999964         -0.80649583708438
2360                     -6.9005114525862         -7.8919063023103         -6.9999999999964         -0.80363031581999
2362                     -6.8946692850642         -7.8860641347883         -6.9999999999964         -0.80076479455561
2364                     -6.8884451660083         -7.8798400157324         -6.9999999999964         -0.79789927329122
2366                     -6.8818325404835         -7.8732273902076         -6.9999999999964         -0.79503375202683
2368                     -6.87482596115           -7.8662208108741         -6.9999999999964         -0.79216823076245
2370                     -6.8674209827434         -7.8588158324675         -6.9999999999964         -0.78930270949806
2372                     -6.8596140432721         -7.8510088929962         -6.9999999999964         -0.78643718823368
2374                     -6.8514023400359         -7.84279718976           -6.9999999999964         -0.78357166696929
2376                     -6.8427837074649         -7.834178557189          -6.9999999999964         -0.7807061457049
2378                     -6.8337565022671         -7.8251513519912         -6.9999999999964         -0.77784062444052
2380                     -6.8243194996915         -7.8157143494156         -6.9999999999964         -0.77497510317613
2382                     -6.814471803096          -7.8058666528201         -6.9999999999964         -0.77210958191174
2384                     -6.8042127675999         -7.795607617324          -6.9999999999964         -0.76924406064736
2386                     -6.793541937504          -7.7849367872281         -6.9999999999964         -0.76637853938297
2388                     -6.7824589963878         -7.7738538461119         -6.9999999999964         -0.76351301811858
2390                     -6.7709637283354         -7.7623585780595         -6.9999999999964         -0.7606474968542
2392                     -6.7590559885423         -7.7504508382664         -6.9999999999964         -0.75778197558981
2394                     -6.746735681554          -7.7381305312781         -6.9999999999964         -0.75491645432542
2396                     -6.734002745517          -7.7253975952411         -6.9999999999964         -0.75205093306104
2398                     -6.7208571410291         -7.7122519907532         -6.9999999999964         -0.74918541179665
2400                     -6.707298843413          -7.6986936931371         -6.9999999999964         -0.74631989053227
2402                     -6.6933278374731         -7.6847226871972         -6.9999999999964         -0.74345436926788
2404                     -6.6789441140089         -7.670338963733          -6.9999999999964         -0.74058884800349
2406                     -6.6641476675425         -7.6555425172666         -6.9999999999964         -0.73772332673911
2408                     -6.648938494867          -7.6403333445911         -6.9999999999964         -0.73485780547472
2410                     -6.6333165941356         -7.6247114438597         -6.9999999999964         -0.73199228421033
2412                     -6.617281964303          -7.6086768140271         -6.9999999999963         -0.72912676294595
2414                     -6.6008346047867         -7.5922294545108         -6.9999999999963         -0.72626124168156
2416                     -6.5839745152679         -7.575369364992          -6.9999999999962         -0.72339572041717
2418                     -6.5667016955747         -7.5580965452988         -6.999999999996          -0.72053019915279
2420                     -6.5490161456162         -7.5404109953403         -6.9999999999956         -0.7176646778884
2422                     -6.5309178653447         -7.5223127150688         -6.9999999999949         -0.71479915662402
2424                     -6.5124068547361         -7.5038017044602         -6.9999999999934         -0.71193363535963
2426                     -6.493483113778          -7.4848779635021         -6.9999999999903         -0.70906811409524
2428                     -6.4741466424644         -7.4655414921885         -6.9999999999839         -0.70620259283086
2430                     -6.4543974407923         -7.4457922905164         -6.9999999999702         -0.70333707156647
2432                     -6.4342355087603         -7.4256303584844         -6.9999999999407         -0.70047155030208
2434                     -6.4136608463677         -7.4050556960918         -6.9999999998761         -0.6976060290377
2436                     -6.3926734536141         -7.3840683033382         -6.9999999997322         -0.69474050777331
2438                     -6.3712733304995         -7.3626681802236         -6.9999999994065         -0.69187498650892
2440                     -6.3494604770237         -7.3408553267478         -6.9999999986577         -0.68900946524454
2442                     -6.3272348931868         -7.3186297429109         -6.9999999969082         -0.68614394398015
2444                     -6.3045965789888         -7.2959914287129         -6.9999999927555         -0.68327842271576
2446                     -6.2815455344295         -7.2729403841536         -6.9999999827402         -0.68041290145138
2448                     -6.2580817595091         -7.2494766092332         -6.9999999581981         -0.67754738018699
2450                     -6.2342052542275         -7.2256001039516         -6.9999998970946         -0.67468185892261
2452                     -6.2099160185848         -7.2013108683089         -6.9999997425221         -0.67181633765822
2454                     -6.1852140525809         -7.176608902305          -6.999999345233          -0.66895081639383
2456                     -6.1600993562158         -7.1514942059399         -6.9999983077363         -0.66608529512945
2458                     -6.1345719294895         -7.1259667792136         -6.9999955550119         -0.66321977386506
2460                     -6.108631772402          -7.1000266221261         -6.9999881349341         -0.66035425260067
2462                     -6.0822788849534         -7.0736737346775         -6.9999678183157         -0.65748873133629
2464                     -6.0555132671436         -7.0469081168677         -6.9999113391199         -0.6546232100719
2466                     -6.0283349189726         -7.0197297686967         -6.9997521390731         -0.65175768880751
2468                     -6.0007438404405         -6.9921386901646         -6.9992988632055         -0.64889216754313
2470                     -5.9727400315471         -6.9641348812712         -6.9980094206661         -0.64602664627874
2472                     -5.9443234922926         -6.9357183420167         -6.9944548014429         -0.64316112501435
2474                     -5.9154942226769         -6.9068890724011         -6.9894690116558         -0.64029560374997
2476                     -5.8862522227001         -6.8776470724242         -6.9844832218686         -0.63743008248558
2478                     -5.8565974923621         -6.8479923420862         -6.9794974320815         -0.63456456122119
2480                     -5.8265300316629         -6.817924881387          -6.9745116422943         -0.63169903995681
2482                     -5.7960498406025         -6.7874446903266         -6.9695258525071         -0.62883351869242
2484                     -5.7651569191809         -6.756551768905          -6.96454006272           -0.62596799742803
2486                     -5.7338512673982         -6.7252461171223         -6.9595542729328         -0.62310247616365
2488                     -5.7021328852543         -6.6935277349784         -6.9545684831457         -0.62023695489926
2490                     -5.6700017727492         -6.6613966224733         -6.9495826933585         -0.61737143363487
2492                     -5.637457929883          -6.6288527796071         -6.9445969035713         -0.61450591237049
2494                     -5.6045013566556         -6.5958962063797         -6.9396111137842         -0.6116403911061
2496                     -5.571132053067          -6.5625269027911         -6.934625323997          -0.60877486984171
2498                     -5.5373500191172         -6.5287448688413         -6.9296395342099         -0.60590934857733
2500                     -5.5031552548062         -6.4945501045303         -6.9246537444227         -0.60304382731294
2502                     -5.4685477601341         -6.4599426098582         -6.9196679546356         -0.60017830604855
2504                     -5.4335275351008         -6.4249223848249         -6.9146821648484         -0.59731278478417
2506                     -5.3980945797063         -6.3894894294304         -6.9096963750612         -0.59444726351978
2508                     -5.3622488939507         -6.3536437436748         -6.9047105852741         -0.59158174225539
2510                     -5.3259904778339         -6.317385327558          -6.8997247954869         -0.58871622099101
2512                     -5.2893193313559         -6.28071418108           -6.8947390056998         -0.58585069972662
2514                     -5.2522354545167         -6.2436303042408         -6.8897532159126         -0.58298517846223
2516                     -5.2147388473164         -6.2061336970405         -6.8847674261254         -0.58011965719785
2518                     -5.1768295097548         -6.1682243594789         -6.8797816363383         -0.57725413593346
2520                     -5.1385074418322         -6.1299022915563         -6.8747958465511         -0.57438861466907
2522                     -5.0997726435483         -6.0911674932724         -6.869810056764          -0.57152309340468
2524                     -5.0606251149032         -6.0520199646273         -6.8648242669768         -0.5686575721403
2526                     -5.021064855897          -6.0124597056211         -6.8598384771896         -0.56579205087591
2528                     -4.9810918665296         -5.9724867162537         -6.8548526874025         -0.56292652961152
2530                     -4.9407061468011         -5.9321009965252         -6.8498668976153         -0.56006100834714
2532                     -4.8999076967113         -5.8913025464354         -6.8448811078282         -0.55719548708275
2534                     -4.8586965162604         -5.8500913659845         -6.839895318041          -0.55432996581836
2536                     -4.8170726054483         -5.8084674551724         -6.8349095282538         -0.55146444455398
2538                     -4.775035964275          -5.7664308139991         -6.8299237384667         -0.54859892328959
2540                     -4.7325865927406         -5.7239814424647         -6.8249379486795         -0.5457334020252
2542                     -4.689724490845          -5.6811193405691         -6.8199521588924         -0.54286788076082
2544                     -4.6464496585882         -5.6378445083123         -6.8149663691052         -0.54000235949643
2546                     -4.6027620959702         -5.5941569456943         -6.8099805793181         -0.53713683823204
2548                     -4.5586618029911         -5.5500566527152         -6.8049947895309         -0.53427131696766
2550                     -4.4530109958173         -5.6251512778222         -6.8000089997437         -0.53140579570327
2552                     -4.3439708584913         -5.696856572777          -6.7886023631171         -0.52572237813791
2554                     -4.2960398053505         -5.6489255196362         -6.7771957264905         -0.52003896057255
2556                     -4.2480800525616         -5.6009657668473         -6.7657890898639         -0.51435554300719
2558                     -4.2000916001245         -5.5529773144102         -6.7543824532373         -0.50867212544183
2560                     -4.1520744480392         -5.5049601623249         -6.7429758166107         -0.50298870787647
2562                     -4.1040285963057         -5.4569143105914         -6.7315691799841         -0.49730529031111
2564                     -4.0559540449241         -5.4088397592098         -6.7201625433575         -0.49162187274575
2566                     -4.0078507938942         -5.3607365081799         -6.7087559067309         -0.48593845518039
2568                     -3.9597188432162         -5.3126045575019         -6.6973492701043         -0.48025503761503
2570                     -3.91155819289           -5.2644439071757         -6.6859426334776         -0.47457162004967
2572                     -3.8633688429156         -5.2162545572013         -6.674535996851          -0.46888820248431
2574                     -3.815150793293          -5.1680365075787         -6.6631293602244         -0.46320478491895
2576                     -3.7669040440222         -5.1197897583079         -6.6517227235978         -0.45752136735359
2578                     -3.7186285951033         -5.071514309389          -6.6403160869712         -0.45183794978824
2580                     -3.6703244465362         -5.0232101608219         -6.6289094503446         -0.44615453222288
2582                     -3.6219915983208         -4.9748773126066         -6.617502813718          -0.44047111465752
2584                     -3.5736300504573         -4.9265157647431         -6.6060961770914         -0.43478769709216
2586                     -3.5252398029457         -4.8781255172314         -6.5946895404648         -0.4291042795268
2588                     -3.4768208557858         -4.8297065700715         -6.5832829038382         -0.42342086196144
2590                     -3.4283732089777         -4.7812589232635         -6.5718762672115         -0.41773744439608
2592                     -3.3798968625215         -4.7327825768072         -6.5604696305849         -0.41205402683072
2594                     -3.3313918164171         -4.6842775307028         -6.5490629939583         -0.40637060926536
2596                     -3.2828580706645         -4.6357437849502         -6.5376563573317         -0.4006871917
2598                     -3.2342956252637         -4.5871813395494         -6.5262497207051         -0.39500377413464
2600                     -3.1857044802148         -4.5385901945005         -6.5148430840785         -0.38932035656928
2602                     -3.1370846355176         -4.4899703498033         -6.5034364474519         -0.38363693900392
2604                     -3.0884360911723         -4.441321805458          -6.4920298108253         -0.37795352143856
2606                     -3.0397588471788         -4.3926445614645         -6.4806231741987         -0.3722701038732
2608                     -2.9910529035371         -4.3439386178228         -6.469216537572          -0.36658668630784
2610                     -2.9423182602472         -4.2952039745329         -6.4578099009454         -0.36090326874248
2612                     -2.8935549173091         -4.2464406315948         -6.4464032643188         -0.35521985117712
2614                     -2.8447628747229         -4.1976485890086         -6.4349966276922         -0.34953643361176
2616                     -2.7959421324884         -4.1488278467741         -6.4235899910656         -0.3438530160464
2618                     -2.7470926906058         -4.0999784048915         -6.412183354439          -0.33816959848104
2620                     -2.698214549075          -4.0511002633607         -6.4007767178124         -0.33248618091568
2622                     -2.649307707896          -4.0021934221817         -6.3893700811858         -0.32680276335032
2624                     -2.6003721670689         -3.9532578813546         -6.3779634445592         -0.32111934578496
2626                     -2.5514079265935         -3.9042936408792         -6.3665568079326         -0.3154359282196
2628                     -2.50241498647           -3.8553007007557         -6.355150171306          -0.30975251065424
2630                     -2.4533933466983         -3.806279060984          -6.3437435346793         -0.30406909308888
2632                     -2.4043430072784         -3.7572287215641         -6.3323368980527         -0.29838567552352
2634                     -2.3552639682103         -3.708149682496          -6.3209302614261         -0.29270225795816
2636                     -2.306156229494          -3.6590419437797         -6.3095236247995         -0.2870188403928
2638                     -2.2570197911296         -3.6099055054153         -6.2981169881729         -0.28133542282744
2640                     -2.2078546531169         -3.5607403674026         -6.2867103515463         -0.27565200526208
2642                     -2.1586608154561         -3.5115465297418         -6.2753037149197         -0.26996858769672
2644                     -2.1094382781471         -3.4623239924328         -6.2638970782931         -0.26428517013136
2646                     -2.0601870411899         -3.4130727554756         -6.2524904416665         -0.258601752566
2648                     -2.0109071045845         -3.3637928188703         -6.2410838050399         -0.25291833500064
2650                     -1.961598468331          -3.3144841826167         -6.2296771684132         -0.24723491743528
2652                     -1.9122611324293         -3.265146846715          -6.2182705317866         -0.24155149986992
2654                     -1.8628950968793         -3.215780811165          -6.20686389516           -0.23586808230456
2656                     -1.8135003616812         -3.1663860759669         -6.1954572585334         -0.2301846647392
2658                     -1.7640769268349         -3.1169626411207         -6.1840506219068         -0.22450124717384
2660                     -1.7146247923405         -3.0675105066262         -6.1726439852802         -0.21881782960848
2662                     -1.6651439581978         -3.0180296724835         -6.1612373486536         -0.21313441204312
2664                     -1.615634424407          -2.9685201386927         -6.149830712027          -0.20745099447776
2666                     -1.566096190968          -2.9189819052537         -6.1384240754003         -0.20176757691241
2668                     -1.5165292578808         -2.8694149721665         -6.1270174387737         -0.19608415934705
2670                     -1.4669336251454         -2.8198193394311         -6.1156108021471         -0.19040074178169
2672                     -1.4173092927618         -2.7701950070475         -6.1042041655205         -0.18471732421633
2674                     -1.36765626073           -2.7205419750158         -6.0927975288939         -0.17903390665097
2676                     -1.3179745290501         -2.6708602433358         -6.0813908922673         -0.17335048908561
2678                     -1.268264097722          -2.6211498120077         -6.0699842556407         -0.16766707152025
2680                     -1.2185249667457         -2.5714106810314         -6.0585776190141         -0.16198365395489
2682                     -1.1687571361212         -2.5216428504069         -6.0471709823874         -0.15630023638953
2684                     -1.1189606058485         -2.4718463201342         -6.0357643457608         -0.15061681882417
2686                     -1.0691353759277         -2.4220210902134         -6.0243577091342         -0.14493340125881
2688                     -1.0192814463586         -2.3721671606443         -6.0129510725076         -0.13924998369345
2690                     -0.96939881714139        -2.3222845314271         -6.001544435881          -0.13356656612809
2692                     -0.91948748827598        -2.2723732025617         -5.9901377992544         -0.12788314856273
2694                     -0.86954745976239        -2.2224331740481         -5.9787311626278         -0.12219973099737
2696                     -0.81957873160061        -2.1724644458863         -5.9673245260011         -0.11651631343201
2698                     -0.76958130379065        -2.1224670180764         -5.9559178893745         -0.11083289586665
2700                     -0.71955517633251        -2.0724408906182         -5.9445112527479         -0.10514947830129
2702                     -0.66950034922619        -2.0223860635119         -5.9331046161213         -0.099466060735929
2704                     -0.61941682247168        -1.9723025367574         -5.9216979794947         -0.093782643170569
2706                     -0.56930459606898        -1.9221903103547         -5.9102913428681         -0.088099225605209
2708                     -0.51916367001811        -1.8720493843038         -5.8988847062415         -0.082415808039849
2710                     -0.46899404431905        -1.8218797586048         -5.8874780696148         -0.076732390474489
2712                     -0.41879571897181        -1.7716814332575         -5.8760714329882         -0.07104897290913
2714                     -0.36856869397638        -1.7214544082621         -5.8646647963616         -0.06536555534377
2716                     -0.31831296933277        -1.6711986836185         -5.853258159735          -0.05968213777841
2718                     -0.26802854504098        -1.6209142593267         -5.8418515231084         -0.05399872021305
2720                     -0.217715421101          -1.5706011353867         -5.8304448864818         -0.04831530264769
2722                     -0.16737359751284        -1.5202593117986         -5.8190382498552         -0.042631885082331
2724                     -0.1170030742765         -1.4698887885622         -5.8076316132286         -0.036948467516971
2726                     -0.066603851391971       -1.4194895656777         -5.7962249766019         -0.031265049951611
2728                     -0.016175928859262       -1.369061643145          -5.7848183399753         -0.025581632386251
2730                     0.034280693321632        -1.3186050209641         -5.7734117033487         -0.019898214820891
2732                     0.084766015150708        -1.268119699135          -5.7620050667221         -0.014214797255532
2734                     0.13528003662797         -1.2176056776577         -5.7505984300955         -0.0085313796901717
2736                     0.18582275775341         -1.1670629565323         -5.7391917934689         -0.0028479621248119
2738                     0.23639417852704         -1.1164915357587         -5.7277851568423         -1.4544960308344e-07
2740                     0.22655395525087         -0.94764821239783        -5.7163785202156         -6.2716395480783e-09
2741.9548839583          0.21093077124323         -0.78046407848086        -5.7115051999784         -1.0299193511478e-09
2743.8115212149          0.25484403762772         -0.73655081209638        -5.7068767984421         -1.9636360959369e-10
2745.5748493593          0.29657173698151         -0.69482311274259        -5.7024810067153         -4.0888269847043e-11
2747.2495578322          0.33622161405389         -0.65517323567021        -5.698306134515          -9.4697169410509e-12
2748.8401003969          0.37389620398614         -0.61749864573796        -5.6943410790775         -2.6178242952977e-12
2750.3507069837          0.40969307401234         -0.58170177571176        -5.6905752956311         -1.0111808668703e-12
2751.7853949391          0.44370505498591         -0.54768979473819        -5.6869987693532         -6.0755713730489e-13
2753.1479797095          0.47602046305334         -0.51537438667076        -5.683601988737          -4.9928403178934e-13
2754.4420849884          0.50672331180398         -0.48467153792012        -5.6803759202954         -4.6836963699508e-13
2755.671152353           0.53589351523784         -0.45550133448626        -5.6773119845383         -4.5900320459262e-13
2756.8384504171          0.56360708191777         -0.42778776780633        -5.674402033155          -4.5600057234372e-13
2757.9470835235          0.58993630072282         -0.40145854900128        -5.6716383273452         -4.5498491615205e-13
2759                     0.61494991871538         -0.37644493100872        -5.6690135172376         -4.5462336643713e-13
2760                     0.69985109564093         -0.47228918636398        -5.6665206223441         -4.5441311830131e-13
2761                     0.78609524249699         -0.56679047178873        -5.6608173040308         -4.5366412042365e-13
2762                     0.81051281397165         -0.54237290031406        -5.6551139857175         -1.8468924265374e-13
2763                     0.83424159391174         -0.51864412037397        -5.6494106674042         -7.8075116205222e-14
2764                     0.85728158235009         -0.49560413193562        -5.6437073490909         -3.4681474326088e-14
2765                     0.87963277936532         -0.4732529349204         -5.6380040307776         -1.6545326494831e-14
2766                     0.90129518514054         -0.45159052914517        -5.6323007124643         -8.7618989368014e-15
2767                     0.92226880009077         -0.43061691419494        -5.626597394151          -5.3318293880515e-15
2768                     0.94255362513087         -0.41033208915484        -5.6208940758377         -3.7796551452493e-15
2769                     0.9621496622226          -0.39073605206311        -5.6151907575244         -3.0584101074611e-15
2770                     0.98105691545756         -0.37182879882815        -5.6094874392111         -2.7142747278018e-15
2771                     0.99927539313531         -0.35361032115041        -5.6037841208978         -2.5456663333264e-15
2772                     1.0168051116276          -0.33608060265816        -5.5980808025845         -2.4608398177069e-15
2773                     1.033646102337           -0.31923961194871        -5.5923774842712         -2.4170184789605e-15
2774                     1.0497984238268          -0.30308729045893        -5.5866741659579         -2.3937729238986e-15
2775                     1.0652621822692          -0.28762353201654        -5.5809708476446         -2.3811112079551e-15
2776                     1.0800375647614          -0.27284814952434        -5.5752675293313         -2.3740294570479e-15
2777                     1.0941248917277          -0.25876082255806        -5.569564211018          -2.3699624071845e-15
2778                     1.1075246963945          -0.24536101789117        -5.5638608927047         -2.3675641175739e-15
2779                     1.1202378408399          -0.2326478734458         -5.5581575743914         -2.3661120223473e-15
2780                     1.132265678833           -0.22062003545274        -5.5524542560781         -2.3652093269841e-15
2781                     1.1436102748904          -0.20927543939533        -5.5467509377648         -2.3646332091477e-15
2782                     1.1542746859097          -0.19861102837598        -5.5410476194515         -2.3642557563468e-15
2783                     1.1642633058055          -0.18862240848024        -5.5353443011382         -2.3640019321225e-15
2784                     1.1735822646256          -0.17930344966007        -5.5296409828249         -2.3638267721632e-15
2785                     1.1822398623022          -0.17064585198352        -5.5239376645116         -2.36370276475e-15
2786                     1.1902470050796          -0.16263870920611        -5.5182343461983         -2.3636127297603e-15
2787                     1.1976176022519          -0.15526811203384        -5.5125310278849         -2.3635457229741e-15
2788                     1.2043688750248          -0.14851683926088        -5.5068277095716         -2.3634946359987e-15
2789                     1.2105215306399          -0.14236418364583        -5.5011243912583         -2.3634547639273e-15
2790                     1.2160997645826          -0.13678594970312        -5.495421072945          -2.3634229351816e-15
2791                     1.2211310710029          -0.13175464328278        -5.4897177546317         -2.3633969736385e-15
2792                     1.22564586357            -0.12723985071573        -5.4840144363184         -2.3633753605002e-15
2793                     1.2296769316245          -0.12320878266124        -5.4783111180051         -2.3633570182191e-15
2794                     1.2332587752109          -0.11962693907486        -5.4726077996918         -2.3633411702103e-15
2795                     1.236426873965           -0.1164588403207         -5.4669044813785         -2.3633272483544e-15
2796                     1.2392169474461          -0.11366876683963        -5.4612011630652         -2.3633148310961e-15
2797                     1.2416642589734          -0.1112214553123         -5.4554978447519         -2.3633036014144e-15
2798                     1.2438030036077          -0.10908271067799        -5.4497945264386         -2.3632933178864e-15
2799                     1.2456658065659          -0.10721990771979        -5.4440912081253         -2.3632837944926e-15
2800                     1.2472833439154          -0.10560237037029        -5.438387889812          -2.3632748863382e-15
2801                     1.2486840849585          -0.10420162932724        -5.4326845714987         -2.3632664794283e-15
2802                     1.2498941464452          -0.10299156784051        -5.4269812531854         -2.3632584832562e-15
2803                     1.2509372429271          -0.10194847135857        -5.4212779348721         -2.3632508253654e-15
2804                     1.2518347148408          -0.10105099944491        -5.4155746165588         -2.3632434473148e-15
2805                     1.2526056156184          -0.10028009866731        -5.4098712982455         -2.3632363016506e-15
2806                     1.2532668404887          -0.099618873797004       -5.4041679799322         -2.3632293496101e-15
2807                     1.2538332819533          -0.099052432332431       -5.3984646616189         -2.3632225593614e-15
2808                     1.2543179996431          -0.098567714642581       -5.3927613433056         -2.3632159046425e-15
2809                     1.2547323949872          -0.098153319298475       -5.3870580249923         -2.3632093636971e-15
2810                     1.2550863836165          -0.097799330669246       -5.381354706679          -2.3632029184374e-15
2811                     1.2553885605618          -0.097497153723899       -5.3756513883657         -2.3631965537781e-15
2812                     1.2556463550451          -0.097239359240609       -5.3699480700524         -2.363190257104e-15
2813                     1.255866173017           -0.097019541268676       -5.3642447517391         -2.3631840178409e-15
2814                     1.2560535266136          -0.096832187672123       -5.3585414334258         -2.3631778271072e-15
2815                     1.2562131504318          -0.096672563853934       -5.3528381151125         -2.36317167743e-15
2816                     1.2563491050256          -0.096536609260121       -5.3471347967992         -2.3631655625121e-15
2817                     1.2564648683442          -0.096420845941498       -5.3414314784859         -2.3631594770405e-15
2818                     1.2565634160221          -0.096322298263608       -5.3357281601726         -2.3631534165272e-15
2819                     1.2566472915207          -0.096238422764974       -5.3300248418593         -2.3631473771778e-15
2820                     1.256718667144           -0.096167047141744       -5.324321523546          -2.3631413557816e-15
2821                     1.2567793969253          -0.096106317360424       -5.3186182052327         -2.3631353496198e-15
2822                     1.2568310623326          -0.096054651953108       -5.3129148869194         -2.3631293563892e-15
2823                     1.2568750116665          -0.096010702619233       -5.3072115686061         -2.3631233741371e-15
2824                     1.25691239395            -0.095973320335738       -5.3015082502928         -2.3631174012077e-15
2825                     1.256944188028           -0.095941526257684       -5.2958049319795         -2.3631114361961e-15
2826                     1.2569712275157          -0.095914486770027       -5.2901016136662         -2.3631054779104e-15
2827                     1.25699422216            -0.095891492125733       -5.2843982953529         -2.3630995253386e-15
2828                     1.2570137761112          -0.095871938174533       -5.2786949770396         -2.3630935776215e-15
2829                     1.2570304035362          -0.095855310749496       -5.2729916587263         -2.3630876340295e-15
2830                     1.2570445419505          -0.095841172335198       -5.267288340413          -2.3630816939429e-15
2831                     1.2570565635941          -0.095829150691578       -5.2615850220997         -2.3630757568353e-15
2832                     1.2570667851337          -0.095818929152034       -5.2558817037864         -2.3630698222595e-15
2833                     1.2570754759324          -0.09581023835329        -5.2501783854731         -2.3630638898356e-15
2834                     1.2570828650971          -0.095802849188576       -5.2444750671598         -2.3630579592405e-15
2835                     1.2570891474805          -0.095796566805227       -5.2387717488465         -2.3630520302001e-15
2836                     1.2570944887923          -0.095791225493394       -5.2330684305332         -2.363046102481e-15
2837                     1.2570990299511          -0.095786684334648       -5.2273651122199         -2.3630401758851e-15
2838                     1.2571028907874          -0.095782823498277       -5.2216617939066         -2.363034250244e-15
2839                     1.2571061731963          -0.095779541089433       -5.2159584755933         -2.3630283254145e-15
2840                     1.2571089638184          -0.095776750467308       -5.21025515728           -2.3630224012749e-15
2841                     1.2571113363222          -0.095774377963546       -5.2045518389667         -2.3630164777218e-15
2842                     1.2571133533444          -0.095772360941356       -5.1988485206534         -2.3630105546673e-15
2843                     1.2571150681411          -0.095770646144619       -5.1931452023401         -2.3630046320367e-15
2844                     1.2571165259919          -0.095769188293767       -5.1874418840268         -2.3629987097663e-15
2845                     1.2571177653941          -0.095767948891618       -5.1817385657135         -2.3629927878022e-15
2846                     1.2571188190779          -0.095766895207845       -5.1760352474002         -2.3629868660985e-15
2847                     1.2571197148703          -0.095765999415386       -5.1703319290869         -2.3629809446162e-15
2848                     1.2571204764296          -0.095765237856106       -5.1646286107736         -2.3629750233221e-15
2849                     1.2571211238693          -0.09576459041637        -5.1589252924603         -2.362969102188e-15
2850                     1.2571216742896          -0.095764039996113       -5.153221974147          -2.3629631811898e-15
2851                     1.2571221422283          -0.095763572057397       -5.1475186558337         -2.3629572603073e-15
2852                     1.2571225400451          -0.095763174240585       -5.1418153375204         -2.3629513395231e-15
2853                     1.2571228782477          -0.095762836037993       -5.1361120192071         -2.3629454188224e-15
2854                     1.2571231657693          -0.095762548516424       -5.1304087008938         -2.3629394981928e-15
2855                     1.2571234102044          -0.095762304081266       -5.1247053825805         -2.3629335776235e-15
2856                     1.2571236180098          -0.095762096275929       -5.1190020642672         -2.3629276571056e-15
2857                     1.2571237946744          -0.095761919611328       -5.1132987459539         -2.3629217366314e-15
2858                     1.2571239448648          -0.095761769420911       -5.1075954276406         -2.3629158161943e-15
2859                     1.2571240725483          -0.095761641737414       -5.1018921093273         -2.3629098957887e-15
2860                     1.2571241810976          -0.095761533188069       -5.0961887910139         -2.3629039754099e-15
2861                     1.2571242733802          -0.095761440905528       -5.0904854727006         -2.3628980550539e-15
2862                     1.2571243518336          -0.095761362452122       -5.0847821543873         -2.3628921347173e-15
2863                     1.2571244185302          -0.095761295755477       -5.079078836074          -2.3628862143972e-15
2864                     1.2571244752319          -0.095761239053772       -5.0733755177607         -2.3628802940911e-15
2865                     1.2571245234365          -0.095761190849204       -5.0676721994474         -2.3628743737969e-15
2866                     1.2571245644173          -0.095761149868423       -5.0619688811341         -2.3628684535129e-15
2867                     1.2571245992568          -0.095761115028898       -5.0562655628208         -2.3628625332374e-15
2868                     1.2571246288754          -0.09576108541032        -5.0505622445075         -2.3628566129693e-15
2869                     1.2571246540554          -0.095761060230297       -5.0448589261942         -2.3628506927074e-15
2870                     1.257124675462           -0.095761038823679       -5.0391556078809         -2.3628447724507e-15
2871                     1.2571246936607          -0.095761020624996       -5.0334522895676         -2.3628388521986e-15
2872                     1.2571247091322          -0.095761005153517       -5.0277489712543         -2.3628329319503e-15
2873                     1.2571247222852          -0.09576099200055        -5.022045652941          -2.3628270117052e-15
2874                     1.2571247334671          -0.095760980818651       -5.0163423346277         -2.3628210914629e-15
2875                     1.2571247429733          -0.095760971312441       -5.0106390163144         -2.362815171223e-15
2876                     1.2571247510549          -0.095760963230806       -5.0049356980011         -2.362809250985e-15
2877                     1.2571247579255          -0.095760956360263       -4.9992323796878         -2.3628033307487e-15
2878                     1.2571247637664          -0.09576095051932        -4.9935290613745         -2.3627974105139e-15
2879                     1.257124768732           -0.095760945553686       -4.9878257430612         -2.3627914902803e-15
2880                     1.2571247729535          -0.095760941332188       -4.9821224247479         -2.3627855700478e-15
2881                     1.2571247765424          -0.095760937743313       -4.9764191064346         -2.3627796498161e-15
2882                     1.2571247795935          -0.095760934692257       -4.9707157881213         -2.3627737295852e-15
2883                     1.2571247821873          -0.095760932098425       -4.965012469808          -2.362767809355e-15
2884                     1.2571247843924          -0.095760929893296       -4.9593091514947         -2.3627618891253e-15
2885                     1.2571247862671          -0.095760928018623       -4.9536058331814         -2.362755968896e-15
2886                     1.2571247878608          -0.095760926424884       -4.9479025148681         -2.3627500486671e-15
2887                     1.2571247892157          -0.095760925069977       -4.9421991965548         -2.3627441284386e-15
2888                     1.2571247903676          -0.095760923918114       -4.9364958782415         -2.3627382082104e-15
2889                     1.2571247913468          -0.095760922938866       -4.9307925599282         -2.3627322879824e-15
2890                     1.2571247921793          -0.095760922106365       -4.9250892416149         -2.3627263677546e-15
2891                     1.2571247928871          -0.095760921398621       -4.9193859233016         -2.3627204475269e-15
2892                     1.2571247934888          -0.095760920796937       -4.9136826049883         -2.3627145272995e-15
2893                     1.2571247940003          -0.09576092028542        -4.907979286675          -2.3627086070721e-15
2894                     1.2571247944352          -0.095760919850558       -4.9022759683617         -2.3627026868449e-15
2895                     1.2571247948049          -0.095760919480863       -4.8965726500484         -2.3626967666177e-15
2896                     1.2571247951191          -0.09576091916657        -4.8908693317351         -2.3626908463907e-15
2897                     1.2571247953863          -0.095760918899376       -4.8851660134218         -2.3626849261637e-15
2898                     1.2571247956135          -0.095760918672222       -4.8794626951085         -2.3626790059367e-15
2899                     1.2571247958066          -0.09576091847911        -4.8737593767952         -2.3626730857098e-15
2900                     1.2571247959708          -0.095760918314937       -4.8680560584819         -2.362667165483e-15
2901                     1.2571247961103          -0.095760918175366       -4.8623527401686         -2.3626612452561e-15
2902                     1.257124796229           -0.095760918056711       -4.8566494218553         -2.3626553250293e-15
2903                     1.2571247963299          -0.095760917955837       -4.850946103542          -2.3626494048026e-15
2904                     1.2571247964156          -0.09576091787008        -4.8452427852287         -2.3626434845758e-15
2905                     1.2571247964885          -0.095760917797174       -4.8395394669154         -2.3626375643491e-15
2906                     1.2571247965505          -0.095760917735194       -4.8338361486021         -2.3626316441224e-15
2907                     1.2571247966032          -0.095760917682502       -4.8281328302887         -2.3626257238957e-15
2908                     1.257124796648           -0.095760917637707       -4.8224295119754         -2.362619803669e-15
2909                     1.2571247966861          -0.095760917599624       -4.8167261936621         -2.3626138834423e-15
2910                     1.2571247967185          -0.095760917567248       -4.8110228753488         -2.3626079632156e-15
2911                     1.257124796746           -0.095760917539724       -4.8053195570355         -2.3626020429889e-15
2912                     1.2571247967694          -0.095760917516325       -4.7996162387222         -2.3625961227623e-15
2913                     1.2571247967893          -0.095760917496432       -4.7939129204089         -2.3625902025356e-15
2914                     1.2571247968062          -0.09576091747952        -4.7882096020956         -2.362584282309e-15
2915                     1.2571247968206          -0.095760917465143       -4.7825062837823         -2.3625783620823e-15
2916                     1.2571247968328          -0.09576091745292        -4.776802965469          -2.3625724418557e-15
2917                     1.2571247968432          -0.095760917442529       -4.7710996471557         -2.362566521629e-15
2918                     1.257124796852           -0.095760917433696       -4.7653963288424         -2.3625606014024e-15
2919                     1.2571247968595          -0.095760917426186       -4.7596930105291         -2.3625546811758e-15
2920                     1.2571247968659          -0.095760917419801       -4.7539896922158         -2.3625487609491e-15
2921                     1.2571247968713          -0.095760917414373       -4.7482863739025         -2.3625428407225e-15
2922                     1.257124796876           -0.095760917409758       -4.7425830555892         -2.3625369204958e-15
2923                     1.2571247968799          -0.095760917405836       -4.7368797372759         -2.3625310002692e-15
2924                     1.2571247968832          -0.0957609174025         -4.7311764189626         -2.3625250800426e-15
2925                     1.257124796886           -0.095760917399665       -4.7254731006493         -2.3625191598159e-15
2926                     1.2571247968885          -0.095760917397254       -4.719769782336          -2.3625132395893e-15
2927                     1.2571247968905          -0.095760917395205       -4.7140664640227         -2.3625073193627e-15
2928                     1.2571247968923          -0.095760917393463       -4.7083631457094         -2.362501399136e-15
2929                     1.2571247968937          -0.095760917391982       -4.7026598273961         -2.3624954789094e-15
2930                     1.257124796895           -0.095760917390723       -4.6969565090828         -2.3624895586828e-15
2931                     1.2571247968961          -0.095760917389652       -4.6912531907695         -2.3624836384562e-15
2932                     1.257124796897           -0.095760917388742       -4.6855498724562         -2.3624777182295e-15
2933                     1.2571247968977          -0.095760917387968       -4.6798465541429         -2.3624717980029e-15
2934                     1.2571247968984          -0.095760917387311       -4.6741432358296         -2.3624658777763e-15
2935                     1.257124796899           -0.095760917386752       -4.6684399175163         -2.3624599575496e-15
2936                     1.2571247968994          -0.095760917386276       -4.662736599203          -2.362454037323e-15
2937                     1.2571247968998          -0.095760917385872       -4.6570332808897         -2.3624481170964e-15
2938                     1.2571247969002          -0.095760917385529       -4.6513299625764         -2.3624421968697e-15
2939                     1.2571247969005          -0.095760917385237       -4.6456266442631         -2.3624362766431e-15
2940                     1.2571247969007          -0.095760917384988       -4.6399233259498         -2.3624303564165e-15
2941                     1.2571247969009          -0.095760917384778       -4.6342200076365         -2.3624244361899e-15
2942                     1.2571247969011          -0.095760917384598       -4.6285166893232         -2.3624185159632e-15
2943                     1.2571247969013          -0.095760917384445       -4.6228133710099         -2.3624125957366e-15
2944                     1.2571247969014          -0.095760917384315       -4.6171100526966         -2.36240667551e-15
2945                     1.2571247969015          -0.095760917384205       -4.6114067343833         -2.3624007552833e-15
2946                     1.2571247969016          -0.095760917384111       -4.60570341607           -2.3623948350567e-15
2947                     1.2571247969017          -0.095760917384032       -4.6000000977567         -2.3623889148301e-15
2948                     1.2571247969018          -0.095760917383964       -4.5942967794434         -2.3623829946035e-15
2949                     1.2571247969018          -0.095760917383906       -4.5885934611301         -2.3623770743768e-15
2950                     1.2571247969019          -0.095760917383857       -4.5828901428168         -2.3623711541502e-15
2951                     1.2571247969019          -0.095760917383816       -4.5771868245035         -2.3623652339236e-15
2952                     1.2571247969019          -0.095760917383781       -4.5714835061902         -2.362359313697e-15
2953                     1.257124796902           -0.095760917383751       -4.5657801878769         -2.3623533934703e-15
2954                     1.257124796902           -0.095760917383725       -4.5600768695636         -2.3623474732437e-15
2955                     1.257124796902           -0.095760917383703       -4.5543735512503         -2.3623415530171e-15
2956                     1.257124796902           -0.095760917383685       -4.548670232937          -2.3623356327904e-15
2957                     1.257124796902           -0.095760917383669       -4.5429669146237         -2.3623297125638e-15
2958                     1.2571247969021          -0.095760917383656       -4.5372635963104         -2.3623237923372e-15
2959                     1.2571247969021          -0.095760917383645       -4.5315602779971         -2.3623178721106e-15
2960                     1.2571247969021          -0.095760917383635       -4.5258569596838         -2.3623119518839e-15
2961                     1.2571247969021          -0.095760917383627       -4.5201536413705         -2.3623060316573e-15
2962                     1.2571247969021          -0.09576091738362        -4.5144503230572         -2.3623001114307e-15
2963                     1.2571247969021          -0.095760917383614       -4.5087470047439         -2.362294191204e-15
2964                     1.2571247969021          -0.095760917383609       -4.5030436864306         -2.3622882709774e-15
2965                     1.2571247969021          -0.095760917383605       -4.4973403681173         -2.3622823507508e-15
2966                     1.2571247969021          -0.095760917383601       -4.491637049804          -2.3622764305242e-15
2967                     1.2571247969021          -0.095760917383598       -4.4859337314907         -2.3622705102975e-15
2968                     1.2571247969021          -0.095760917383595       -4.4802304131774         -2.3622645900709e-15
2969                     1.2571247969021          -0.095760917383593       -4.4745270948641         -2.3622586698443e-15
2970                     1.2571247969021          -0.095760917383591       -4.4688237765508         -2.3622527496177e-15
2971                     1.2571247969021          -0.09576091738359        -4.4631204582375         -2.362246829391e-15
2972                     1.2571247969021          -0.095760917383588       -4.4574171399242         -2.3622409091644e-15
2973                     1.2571247969021          -0.095760917383587       -4.4517138216109         -2.3622349889378e-15
2974                     1.2571247969021          -0.095760917383586       -4.4460105032976         -2.3622290687112e-15
2975                     1.2571247969021          -0.095760917383585       -4.4403071849843         -2.3622231484845e-15
2976                     1.2571247969021          -0.095760917383584       -4.434603866671          -2.3622172282579e-15
2977                     1.2571247969021          -0.095760917383584       -4.4289005483577         -2.3622113080313e-15
2978                     1.2571247969021          -0.095760917383583       -4.4231972300444         -2.3622053878046e-15
2979                     1.2571247969021          -0.095760917383583       -4.4174939117311         -2.362199467578e-15
2980                     1.2571247969021          -0.095760917383582       -4.4117905934178         -2.3621935473514e-15
2981                     1.2571247969021          -0.095760917383582       -4.4060872751045         -2.3621876271248e-15
2982                     1.2571247969021          -0.095760917383582       -4.4003839567912         -2.3621817068981e-15
2983                     1.2571247969021          -0.095760917383582       -4.3946806384779         -2.3621757866715e-15
2984                     1.2571247969021          -0.095760917383582       -4.3889773201646         -2.3621698664449e-15
2985                     1.2571247969021          -0.095760917383582       -4.3832740018513         -2.3621639462183e-15
2986                     1.2571247969021          -0.095760917383582       -4.377570683538          -2.3621580259916e-15
2987                     1.2571247969021          -0.095760917383582       -4.3718673652247         -2.362152105765e-15
2988                     1.2571247969021          -0.095760917383581       -4.3661640469114         -2.3621461855384e-15
2989                     1.2571247969021          -0.095760917383581       -4.3604607285981         -2.3621402653118e-15
2990                     1.2571247969021          -0.095760917383581       -4.3547574102848         -2.3621343450851e-15
2991                     1.2571247969021          -0.095760917383581       -4.3490540919715         -2.3621284248585e-15
2992                     1.2571247969021          -0.095760917383581       -4.3433507736582         -2.3621225046319e-15
2993                     1.2571247969021          -0.095760917383581       -4.3376474553449         -2.3621165844053e-15
2994                     1.2571247969021          -0.095760917383581       -4.3319441370316         -2.3621106641786e-15
2995                     1.2571247969021          -0.095760917383581       -4.3262408187183         -2.362104743952e-15
2996                     1.2571247969021          -0.095760917383581       -4.320537500405          -2.3620988237254e-15
2997                     1.2571247969021          -0.095760917383581       -4.3148341820917         -2.3620929034988e-15
2998                     1.2571247969021          -0.095760917383581       -4.3091308637784         -2.3620869832721e-15
2999                     1.2571247969021          -0.095760917383581       -4.3034275454651         -2.3620810630455e-15
3000                     1.2571247969021          -0.095760917383581       -4.2977242271518         -2.3620751428189e-15
3001                     1.2571247969021          -0.095760917383581       -4.2920209088385         -2.3620692225923e-15
3002                     1.2571247969021          -0.095760917383581       -4.2863175905252         -2.3620633023656e-15
3003                     1.2571247969021          -0.095760917383581       -4.2806142722119         -2.362057382139e-15
3004                     1.2571247969021          -0.095760917383582       -4.2749109538986         -2.3620514619124e-15
3005                     1.2571247969021          -0.095760917383582       -4.2692076355853         -2.3620455416858e-15
3006                     1.2571247969021          -0.095760917383582       -4.263504317272          -2.3620396214591e-15
3007                     1.2571247969021          -0.095760917383582       -4.2578009989587         -2.3620337012325e-15
3008                     1.2571247969021          -0.095760917383582       -4.2520976806454         -2.3620277810059e-15
3009                     1.2571247969021          -0.095760917383582       -4.2463943623321         -2.3620218607793e-15
3010                     1.2571247969021          -0.095760917383581       -4.2406910440188         -2.3620159405526e-15
3011                     1.2571247969021          -0.095760917383581       -4.2349877257055         -2.362010020326e-15
3012                     1.2571247969021          -0.095760917383581       -4.2292844073922         -2.3620041000994e-15
3013                     1.2571247969021          -0.095760917383582       -4.2235810890789         -2.3619981798728e-15
3014                     1.2571247969021          -0.095760917383582       -4.2178777707656         -2.3619922596461e-15
3015                     1.2571247969021          -0.095760917383582       -4.2121744524523         -2.3619863394195e-15
3016                     1.2571247969021          -0.095760917383582       -4.206471134139          -2.3619804191929e-15
3017                     1.2571247969021          -0.095760917383582       -4.2007678158257         -2.3619744989663e-15
3018                     1.2571247969021          -0.095760917383582       -4.1950644975124         -2.3619685787396e-15
3019                     1.2571247969021          -0.095760917383582       -4.1893611791991         -2.361962658513e-15
3020                     1.2571247969021          -0.095760917383582       -4.1836578608858         -2.3619567382864e-15
3021                     1.2571247969021          -0.095760917383582       -4.1779545425725         -2.3619508180598e-15
3022                     1.2571247969021          -0.095760917383582       -4.1722512242592         -2.3619448978331e-15
3023                     1.2571247969021          -0.095760917383582       -4.1665479059459         -2.3619389776065e-15
3024                     1.2571247969021          -0.095760917383582       -4.1608445876326         -2.3619330573799e-15
3025                     1.2571247969021          -0.095760917383582       -4.1551412693193         -2.3619271371533e-15
3026                     1.2571247969021          -0.095760917383582       -4.149437951006          -2.3619212169267e-15
3027                     1.2571247969021          -0.095760917383582       -4.1437346326927         -2.3619152967e-15
3028                     1.2571247969021          -0.095760917383582       -4.1380313143794         -2.3619093764734e-15
3029                     1.2571247969021          -0.095760917383582       -4.1323279960661         -2.3619034562468e-15
3030                     1.2571247969021          -0.095760917383582       -4.1266246777528         -2.3618975360202e-15
3031                     1.2571247969021          -0.095760917383582       -4.1209213594395         -2.3618916157935e-15
3032                     1.2571247969021          -0.095760917383581       -4.1152180411262         -2.3618856955669e-15
3033                     1.2571247969021          -0.095760917383581       -4.1095147228129         -2.3618797753403e-15
3034                     1.2571247969021          -0.095760917383581       -4.1038114044996         -2.3618738551137e-15
3035                     1.2571247969021          -0.095760917383581       -4.0981080861863         -2.361867934887e-15
3036                     1.2571247969021          -0.095760917383581       -4.092404767873          -2.3618620146604e-15
3037                     1.2571247969021          -0.095760917383581       -4.0867014495597         -2.3618560944338e-15
3038                     1.2571247969021          -0.095760917383581       -4.0809981312464         -2.3618501742072e-15
3039                     1.2571247969021          -0.095760917383581       -4.0752948129331         -2.3618442539806e-15
3040                     1.2571247969021          -0.095760917383581       -4.0695914946198         -2.3618383337539e-15
3041                     1.2571247969021          -0.095760917383581       -4.0638881763065         -2.3618324135273e-15
3042                     1.2571247969021          -0.095760917383581       -4.0581848579932         -2.3618264933007e-15
3043                     1.2571247969021          -0.095760917383581       -4.0524815396799         -2.3618205730741e-15
3044                     1.2571247969021          -0.095760917383581       -4.0467782213666         -2.3618146528474e-15
3045                     1.2571247969021          -0.095760917383581       -4.0410749030533         -2.3618087326208e-15
3046                     1.2571247969021          -0.095760917383581       -4.03537158474           -2.3618028123942e-15
3047                     1.2571247969021          -0.095760917383581       -4.0296682664267         -2.3617968921676e-15
3048                     1.2571247969021          -0.095760917383581       -4.0239649481134         -2.3617909719409e-15
3049                     1.2571247969021          -0.095760917383581       -4.0182616298001         -2.3617850517143e-15
3050                     1.2571247969021          -0.09576091738358        -4.0125583114868         -2.3617791314877e-15
3051                     1.2571247969021          -0.09576091738358        -4.0068549931735         -2.3617732112611e-15
3052                     1.2571247969021          -0.09576091738358        -4.0011516748602         -2.3617672910345e-15
3053                     1.2571247969021          -0.09576091738358        -3.9954483565469         -2.3617613708078e-15
3054                     1.2571247969021          -0.095760917383579       -3.9897450382336         -2.3617554505812e-15
3055                     1.2571247969021          -0.095760917383579       -3.9840417199203         -2.3617495303546e-15
3056                     1.2571247969021          -0.095760917383579       -3.978338401607          -2.361743610128e-15
3057                     1.2571247969021          -0.095760917383579       -3.9726350832937         -2.3617376899013e-15
3058                     1.2571247969021          -0.095760917383579       -3.9669317649804         -2.3617317696747e-15
3059                     1.2571247969021          -0.095760917383579       -3.9612284466671         -2.3617258494481e-15
3060                     1.2571247969021          -0.095760917383579       -3.9555251283538         -2.3617199292215e-15
3061                     1.2571247969021          -0.095760917383579       -3.9498218100405         -2.3617140089948e-15
3062                     1.2571247969021          -0.095760917383579       -3.9441184917272         -2.3617080887682e-15
3063                     1.2571247969021          -0.095760917383579       -3.9384151734139         -2.3617021685416e-15
3064                     1.2571247969021          -0.095760917383579       -3.9327118551006         -2.361696248315e-15
3065                     1.2571247969021          -0.095760917383579       -3.9270085367873         -2.3616903280883e-15
3066                     1.2571247969021          -0.095760917383579       -3.921305218474          -2.3616844078617e-15
3067                     1.2571247969021          -0.095760917383579       -3.9156019001607         -2.3616784876351e-15
3068                     1.2571247969021          -0.095760917383579       -3.9098985818474         -2.3616725674085e-15
3069                     1.2571247969021          -0.095760917383579       -3.9041952635341         -2.3616666471819e-15
3070                     1.2571247969021          -0.095760917383579       -3.8984919452208         -2.3616607269552e-15
3071                     1.2571247969021          -0.095760917383579       -3.8927886269075         -2.3616548067286e-15
3072                     1.2571247969021          -0.095760917383579       -3.8870853085942         -2.361648886502e-15
3073                     1.2571247969021          -0.095760917383579       -3.8813819902809         -2.3616429662754e-15
3074                     1.2571247969021          -0.095760917383579       -3.8756786719676         -2.3616370460487e-15
3075                     1.2571247969021          -0.095760917383579       -3.8699753536543         -2.3616311258221e-15
3076                     1.2571247969021          -0.09576091738358        -3.864272035341          -2.3616252055955e-15
3077                     1.2571247969021          -0.09576091738358        -3.8585687170277         -2.3616192853689e-15
3078                     1.2571247969021          -0.09576091738358        -3.8528653987144         -2.3616133651422e-15
3079                     1.2571247969021          -0.09576091738358        -3.8471620804011         -2.3616074449156e-15
3080                     1.2571247969021          -0.095760917383581       -3.8414587620878         -2.361601524689e-15
3081                     1.2571247969021          -0.095760917383581       -3.8357554437745         -2.3615956044624e-15
3082                     1.2571247969021          -0.095760917383581       -3.8300521254612         -2.3615896842358e-15
3083                     1.2571247969021          -0.095760917383581       -3.8243488071479         -2.3615837640091e-15
3084                     1.2571247969021          -0.095760917383581       -3.8186454888346         -2.3615778437825e-15
3085                     1.2571247969021          -0.095760917383581       -3.8129421705213         -2.3615719235559e-15
3086                     1.2571247969021          -0.095760917383581       -3.807238852208          -2.3615660033293e-15
3087                     1.2571247969021          -0.095760917383581       -3.8015355338947         -2.3615600831026e-15
3088                     1.2571247969021          -0.095760917383581       -3.7958322155814         -2.361554162876e-15
3089                     1.2571247969021          -0.095760917383581       -3.7901288972681         -2.3615482426494e-15
3090                     1.2571247969021          -0.095760917383581       -3.7844255789548         -2.3615423224228e-15
3091                     1.2571247969021          -0.095760917383581       -3.7787222606415         -2.3615364021962e-15
3092                     1.2571247969021          -0.095760917383581       -3.7730189423282         -2.3615304819695e-15
3093                     1.2571247969021          -0.095760917383581       -3.7673156240149         -2.3615245617429e-15
3094                     1.2571247969021          -0.095760917383581       -3.7616123057016         -2.3615186415163e-15
3095                     1.2571247969021          -0.095760917383581       -3.7559089873883         -2.3615127212897e-15
3096                     1.2571247969021          -0.095760917383581       -3.750205669075          -2.361506801063e-15
3097                     1.2571247969021          -0.095760917383581       -3.7445023507617         -2.3615008808364e-15
3098                     1.2571247969021          -0.095760917383581       -3.7387990324484         -2.3614949606098e-15
3099                     1.2571247969021          -0.095760917383581       -3.7330957141351         -2.3614890403832e-15
3100                     1.2571247969021          -0.095760917383581       -3.7273923958218         -2.3614831201566e-15
3101                     1.2571247969021          -0.095760917383581       -3.7216890775085         -2.3614771999299e-15
3102                     1.2571247969021          -0.095760917383581       -3.7159857591952         -2.3614712797033e-15
3103                     1.2571247969021          -0.095760917383581       -3.7102824408819         -2.3614653594767e-15
3104                     1.2571247969021          -0.095760917383581       -3.7045791225686         -2.3614594392501e-15
3105                     1.2571247969021          -0.095760917383581       -3.6988758042553         -2.3614535190234e-15
3106                     1.2571247969021          -0.095760917383581       -3.693172485942          -2.3614475987968e-15
3107                     1.2571247969021          -0.095760917383581       -3.6874691676287         -2.3614416785702e-15
3108                     1.2571247969021          -0.095760917383581       -3.6817658493154         -2.3614357583436e-15
3109                     1.2571247969021          -0.09576091738358        -3.6760625310021         -2.361429838117e-15
3110                     1.2571247969021          -0.09576091738358        -3.6703592126888         -2.3614239178903e-15
3111                     1.2571247969021          -0.09576091738358        -3.6646558943755         -2.3614179976637e-15
3112                     1.2571247969021          -0.09576091738358        -3.6589525760622         -2.3614120774371e-15
3113                     1.2571247969021          -0.095760917383579       -3.6532492577489         -2.3614061572105e-15
3114                     1.2571247969021          -0.095760917383579       -3.6475459394356         -2.3614002369838e-15
3115                     1.2571247969021          -0.095760917383579       -3.6418426211223         -2.3613943167572e-15
3116                     1.2571247969021          -0.095760917383579       -3.6361393028091         -2.3613883965306e-15
3117                     1.2571247969021          -0.095760917383579       -3.6304359844958         -2.361382476304e-15
3118                     1.2571247969021          -0.095760917383579       -3.6247326661825         -2.3613765560774e-15
3119                     1.2571247969021          -0.095760917383579       -3.6190293478692         -2.3613706358507e-15
3120                     1.2571247969021          -0.095760917383579       -3.6133260295559         -2.3613647156241e-15
3121                     1.2571247969021          -0.095760917383579       -3.6076227112426         -2.3613587953975e-15
3122                     1.2571247969021          -0.095760917383579       -3.6019193929293         -2.3613528751709e-15
3123                     1.2571247969021          -0.095760917383579       -3.596216074616          -2.3613469549443e-15
3124                     1.2571247969021          -0.095760917383579       -3.5905127563027         -2.3613410347176e-15
3125                     1.2571247969021          -0.095760917383579       -3.5848094379894         -2.361335114491e-15
3126                     1.2571247969021          -0.095760917383579       -3.5791061196761         -2.3613291942644e-15
3127                     1.2571247969021          -0.095760917383579       -3.5734028013628         -2.3613232740378e-15
3128                     1.2571247969021          -0.095760917383579       -3.5676994830495         -2.3613173538111e-15
3129                     1.2571247969021          -0.095760917383579       -3.5619961647362         -2.3613114335845e-15
3130                     1.2571247969021          -0.095760917383579       -3.5562928464229         -2.3613055133579e-15
3131                     1.2571247969021          -0.09576091738358        -3.5505895281096         -2.3612995931313e-15
3132                     1.2571247969021          -0.09576091738358        -3.5448862097963         -2.3612936729047e-15
3133                     1.2571247969021          -0.09576091738358        -3.539182891483          -2.361287752678e-15
3134                     1.2571247969021          -0.09576091738358        -3.5334795731697         -2.3612818324514e-15
3135                     1.2571247969021          -0.09576091738358        -3.5277762548564         -2.3612759122248e-15
3136                     1.2571247969021          -0.09576091738358        -3.5220729365431         -2.3612699919982e-15
3137                     1.2571247969021          -0.09576091738358        -3.5163696182298         -2.3612640717716e-15
3138                     1.2571247969021          -0.095760917383581       -3.5106662999165         -2.3612581515449e-15
3139                     1.2571247969021          -0.095760917383581       -3.5049629816032         -2.3612522313183e-15
3140                     1.2571247969021          -0.095760917383581       -3.4992596632899         -2.3612463110917e-15
3141                     1.2571247969021          -0.095760917383581       -3.4935563449766         -2.3612403908651e-15
3142                     1.2571247969021          -0.095760917383581       -3.4878530266633         -2.3612344706385e-15
3143                     1.2571247969021          -0.095760917383581       -3.48214970835           -2.3612285504118e-15
3144                     1.2571247969021          -0.095760917383581       -3.4764463900367         -2.3612226301852e-15
3145                     1.2571247969021          -0.095760917383581       -3.4707430717234         -2.3612167099586e-15
3146                     1.2571247969021          -0.09576091738358        -3.4650397534101         -2.361210789732e-15
3147                     1.2571247969021          -0.09576091738358        -3.4593364350968         -2.3612048695054e-15
3148                     1.2571247969021          -0.09576091738358        -3.4536331167835         -2.3611989492787e-15
3149                     1.2571247969021          -0.09576091738358        -3.4479297984702         -2.3611930290521e-15
3150                     1.2571247969021          -0.09576091738358        -3.4422264801569         -2.3611871088255e-15
3151                     1.2571247969021          -0.09576091738358        -3.4365231618436         -2.3611811885989e-15
3152                     1.2571247969021          -0.09576091738358        -3.4308198435303         -2.3611752683722e-15
3153                     1.2571247969021          -0.09576091738358        -3.425116525217          -2.3611693481456e-15
3154                     1.2571247969021          -0.095760917383581       -3.4194132069037         -2.361163427919e-15
3155                     1.2571247969021          -0.095760917383581       -3.4137098885904         -2.3611575076924e-15
3156                     1.2571247969021          -0.095760917383581       -3.4080065702771         -2.3611515874658e-15
3157                     1.2571247969021          -0.095760917383581       -3.4023032519638         -2.3611456672391e-15
3158                     1.2571247969021          -0.095760917383581       -3.3965999336506         -2.3611397470125e-15
3159                     1.2571247969021          -0.095760917383581       -3.3908966153373         -2.3611338267859e-15
3160                     1.2571247969021          -0.095760917383581       -3.385193297024          -2.3611279065593e-15
3161                     1.2571247969021          -0.095760917383581       -3.3794899787107         -2.3611219863327e-15
3162                     1.2571247969021          -0.09576091738358        -3.3737866603974         -2.361116066106e-15
3163                     1.2571247969021          -0.09576091738358        -3.3680833420841         -2.3611101458794e-15
3164                     1.2571247969021          -0.09576091738358        -3.3623800237708         -2.3611042256528e-15
3165                     1.2571247969021          -0.09576091738358        -3.3566767054575         -2.3610983054262e-15
3166                     1.2571247969021          -0.095760917383579       -3.3509733871442         -2.3610923851995e-15
3167                     1.2571247969021          -0.095760917383579       -3.3452700688309         -2.3610864649729e-15
3168                     1.2571247969021          -0.095760917383579       -3.3395667505176         -2.3610805447463e-15
3169                     1.2571247969021          -0.095760917383579       -3.3338634322043         -2.3610746245197e-15
3170                     1.2571247969021          -0.095760917383579       -3.328160113891          -2.3610687042931e-15
3171                     1.2571247969021          -0.095760917383579       -3.3224567955777         -2.3610627840664e-15
3172                     1.2571247969021          -0.095760917383579       -3.3167534772644         -2.3610568638398e-15
3173                     1.2571247969021          -0.095760917383579       -3.3110501589511         -2.3610509436132e-15
3174                     1.2571247969021          -0.09576091738358        -3.3053468406378         -2.3610450233866e-15
3175                     1.2571247969021          -0.09576091738358        -3.2996435223245         -2.36103910316e-15
3176                     1.2571247969021          -0.09576091738358        -3.2939402040112         -2.3610331829333e-15
3177                     1.2571247969021          -0.09576091738358        -3.2882368856979         -2.3610272627067e-15
3178                     1.2571247969021          -0.09576091738358        -3.2825335673846         -2.3610213424801e-15
3179                     1.2571247969021          -0.09576091738358        -3.2768302490713         -2.3610154222535e-15
3180                     1.2571247969021          -0.09576091738358        -3.271126930758          -2.3610095020269e-15
3181                     1.2571247969021          -0.095760917383581       -3.2654236124447         -2.3610035818002e-15
3182                     1.2571247969021          -0.095760917383581       -3.2597202941314         -2.3609976615736e-15
3183                     1.2571247969021          -0.095760917383581       -3.2540169758181         -2.360991741347e-15
3184                     1.2571247969021          -0.095760917383581       -3.2483136575048         -2.3609858211204e-15
3185                     1.2571247969021          -0.095760917383581       -3.2426103391915         -2.3609799008937e-15
3186                     1.2571247969021          -0.095760917383581       -3.2369070208782         -2.3609739806671e-15
3187                     1.2571247969021          -0.095760917383581       -3.2312037025649         -2.3609680604405e-15
3188                     1.2571247969021          -0.095760917383581       -3.2255003842516         -2.3609621402139e-15
3189                     1.2571247969021          -0.095760917383581       -3.2197970659383         -2.3609562199873e-15
3190                     1.2571247969021          -0.095760917383581       -3.214093747625          -2.3609502997606e-15
3191                     1.2571247969021          -0.095760917383581       -3.2083904293117         -2.360944379534e-15
3192                     1.2571247969021          -0.095760917383581       -3.2026871109984         -2.3609384593074e-15
3193                     1.2571247969021          -0.095760917383581       -3.1969837926851         -2.3609325390808e-15
3194                     1.2571247969021          -0.095760917383581       -3.1912804743718         -2.3609266188542e-15
3195                     1.2571247969021          -0.095760917383581       -3.1855771560585         -2.3609206986275e-15
3196                     1.2571247969021          -0.095760917383581       -3.1798738377452         -2.3609147784009e-15
3197                     1.2571247969021          -0.09576091738358        -3.1741705194319         -2.3609088581743e-15
3198                     1.2571247969021          -0.09576091738358        -3.1684672011186         -2.3609029379477e-15
3199                     1.2571247969021          -0.09576091738358        -3.1627638828053         -2.3608970177211e-15
3200                     1.2571247969021          -0.09576091738358        -3.157060564492          -2.3608910974944e-15
3201                     1.2571247969021          -0.095760917383579       -3.1513572461787         -2.3608851772678e-15
3202                     1.2571247969021          -0.095760917383579       -3.1456539278654         -2.3608792570412e-15
3203                     1.2571247969021          -0.095760917383579       -3.1399506095521         -2.3608733368146e-15
3204                     1.2571247969021          -0.095760917383579       -3.1342472912388         -2.360867416588e-15
3205                     1.2571247969021          -0.095760917383579       -3.1285439729255         -2.3608614963614e-15
3206                     1.2571247969021          -0.095760917383579       -3.1228406546122         -2.3608555761347e-15
3207                     1.2571247969021          -0.095760917383579       -3.1171373362989         -2.3608496559081e-15
3208                     1.2571247969021          -0.09576091738358        -3.1114340179856         -2.3608437356815e-15
3209                     1.2571247969021          -0.09576091738358        -3.1057306996723         -2.3608378154549e-15
3210                     1.2571247969021          -0.09576091738358        -3.1000273813591         -2.3608318952283e-15
3211                     1.2571247969021          -0.095760917383581       -3.0943240630458         -2.3608259750016e-15
3212                     1.2571247969021          -0.095760917383581       -3.0886207447325         -2.360820054775e-15
3213                     1.2571247969021          -0.095760917383581       -3.0829174264192         -2.3608141345484e-15
3214                     1.2571247969021          -0.095760917383581       -3.0772141081059         -2.3608082143218e-15
3215                     1.2571247969021          -0.095760917383581       -3.0715107897926         -2.3608022940952e-15
3216                     1.2571247969021          -0.095760917383582       -3.0658074714793         -2.3607963738686e-15
3217                     1.2571247969021          -0.095760917383582       -3.060104153166          -2.3607904536419e-15
3218                     1.2571247969021          -0.095760917383582       -3.0544008348527         -2.3607845334153e-15
3219                     1.2571247969021          -0.095760917383582       -3.0486975165394         -2.3607786131887e-15
3220                     1.2571247969021          -0.095760917383582       -3.0429941982261         -2.3607726929621e-15
3221                     1.2571247969021          -0.095760917383582       -3.0372908799128         -2.3607667727355e-15
3222                     1.2571247969021          -0.095760917383582       -3.0315875615995         -2.3607608525088e-15
3223                     1.2571247969021          -0.095760917383582       -3.0258842432862         -2.3607549322822e-15
3224                     1.2571247969021          -0.095760917383582       -3.0201809249729         -2.3607490120556e-15
3225                     1.2571247969021          -0.095760917383582       -3.0144776066596         -2.360743091829e-15
3226                     1.2571247969021          -0.095760917383582       -3.0087742883463         -2.3607371716024e-15
3227                     1.2571247969021          -0.095760917383582       -3.003070970033          -2.3607312513758e-15
3228                     1.2571247969021          -0.095760917383582       -2.9973676517197         -2.3607253311491e-15
3229                     1.2571247969021          -0.095760917383582       -2.9916643334064         -2.3607194109225e-15
3230                     1.2571247969021          -0.095760917383582       -2.9859610150931         -2.3607134906959e-15
3231                     1.2571247969021          -0.095760917383582       -2.9802576967798         -2.3607075704693e-15
3232                     1.2571247969021          -0.095760917383582       -2.9745543784665         -2.3607016502427e-15
3233                     1.2571247969021          -0.095760917383582       -2.9688510601532         -2.360695730016e-15
3234                     1.2571247969021          -0.095760917383582       -2.9631477418399         -2.3606898097894e-15
3235                     1.2571247969021          -0.095760917383582       -2.9574444235266         -2.3606838895628e-15
3236                     1.2571247969021          -0.095760917383582       -2.9517411052133         -2.3606779693362e-15
3237                     1.2571247969021          -0.095760917383581       -2.9460377869            -2.3606720491096e-15
3238                     1.2571247969021          -0.095760917383581       -2.9403344685867         -2.360666128883e-15
3239                     1.2571247969021          -0.095760917383581       -2.9346311502734         -2.3606602086563e-15
3240                     1.2571247969021          -0.095760917383581       -2.9289278319601         -2.3606542884297e-15
3241                     1.2571247969021          -0.095760917383581       -2.9232245136468         -2.3606483682031e-15
3242                     1.2571247969021          -0.095760917383581       -2.9175211953335         -2.3606424479765e-15
3243                     1.2571247969021          -0.095760917383581       -2.9118178770202         -2.3606365277499e-15
3244                     1.2571247969021          -0.095760917383581       -2.9061145587069         -2.3606306075233e-15
3245                     1.2571247969021          -0.095760917383581       -2.9004112403936         -2.3606246872966e-15
3246                     1.2571247969021          -0.095760917383581       -2.8947079220803         -2.36061876707e-15
3247                     1.2571247969021          -0.095760917383581       -2.889004603767          -2.3606128468434e-15
3248                     1.2571247969021          -0.095760917383581       -2.8833012854537         -2.3606069266168e-15
3249                     1.2571247969021          -0.095760917383581       -2.8775979671404         -2.3606010063902e-15
3250                     1.2571247969021          -0.095760917383581       -2.8718946488271         -2.3605950861636e-15
3251                     1.2571247969021          -0.095760917383581       -2.8661913305138         -2.3605891659369e-15
3252                     1.2571247969021          -0.095760917383581       -2.8604880122005         -2.3605832457103e-15
3253                     1.2571247969021          -0.095760917383582       -2.8547846938872         -2.3605773254837e-15
3254                     1.2571247969021          -0.095760917383582       -2.8490813755739         -2.3605714052571e-15
3255                     1.2571247969021          -0.095760917383581       -2.8433780572606         -2.3605654850305e-15
3256                     1.2571247969021          -0.095760917383581       -2.8376747389473         -2.3605595648039e-15
3257                     1.2571247969021          -0.095760917383581       -2.831971420634          -2.3605536445772e-15
3258                     1.2571247969021          -0.095760917383581       -2.8262681023207         -2.3605477243506e-15
3259                     1.2571247969021          -0.095760917383581       -2.8205647840074         -2.360541804124e-15
3260                     1.2571247969021          -0.095760917383581       -2.8148614656941         -2.3605358838974e-15
3261                     1.2571247969021          -0.09576091738358        -2.8091581473808         -2.3605299636708e-15
3262                     1.2571247969021          -0.09576091738358        -2.8034548290675         -2.3605240434442e-15
3263                     1.2571247969021          -0.09576091738358        -2.7977515107542         -2.3605181232176e-15
3264                     1.2571247969021          -0.09576091738358        -2.7920481924409         -2.3605122029909e-15
3265                     1.2571247969021          -0.09576091738358        -2.7863448741276         -2.3605062827643e-15
3266                     1.2571247969021          -0.095760917383579       -2.7806415558143         -2.3605003625377e-15
3267                     1.2571247969021          -0.095760917383579       -2.774938237501          -2.3604944423111e-15
3268                     1.2571247969021          -0.095760917383579       -2.7692349191877         -2.3604885220845e-15
3269                     1.2571247969021          -0.095760917383579       -2.7635316008744         -2.3604826018579e-15
3270                     1.2571247969021          -0.095760917383579       -2.7578282825611         -2.3604766816313e-15
3271                     1.2571247969021          -0.095760917383579       -2.7521249642478         -2.3604707614046e-15
3272                     1.2571247969021          -0.095760917383579       -2.7464216459345         -2.360464841178e-15
3273                     1.2571247969021          -0.095760917383579       -2.7407183276212         -2.3604589209514e-15
3274                     1.2571247969021          -0.095760917383579       -2.7350150093079         -2.3604530007248e-15
3275                     1.2571247969021          -0.09576091738358        -2.7293116909946         -2.3604470804982e-15
3276                     1.2571247969021          -0.09576091738358        -2.7236083726813         -2.3604411602716e-15
3277                     1.2571247969021          -0.09576091738358        -2.717905054368          -2.360435240045e-15
3278                     1.2571247969021          -0.09576091738358        -2.7122017360547         -2.3604293198183e-15
3279                     1.2571247969021          -0.09576091738358        -2.7064984177414         -2.3604233995917e-15
3280                     1.2571247969021          -0.09576091738358        -2.7007950994281         -2.3604174793651e-15
3281                     1.2571247969021          -0.09576091738358        -2.6950917811148         -2.3604115591385e-15
3282                     1.2571247969021          -0.09576091738358        -2.6893884628015         -2.3604056389119e-15
3283                     1.2571247969021          -0.09576091738358        -2.6836851444882         -2.3603997186853e-15
3284                     1.2571247969021          -0.09576091738358        -2.6779818261749         -2.3603937984587e-15
3285                     1.2571247969021          -0.09576091738358        -2.6722785078616         -2.3603878782321e-15
3286                     1.2571247969021          -0.09576091738358        -2.6665751895483         -2.3603819580054e-15
3287                     1.2571247969021          -0.09576091738358        -2.660871871235          -2.3603760377788e-15
3288                     1.2571247969021          -0.09576091738358        -2.6551685529217         -2.3603701175522e-15
3289                     1.2571247969021          -0.09576091738358        -2.6494652346084         -2.3603641973256e-15
3290                     1.2571247969021          -0.09576091738358        -2.6437619162951         -2.360358277099e-15
3291                     1.2571247969021          -0.09576091738358        -2.6380585979818         -2.3603523568724e-15
3292                     1.2571247969021          -0.09576091738358        -2.6323552796685         -2.3603464366458e-15
3293                     1.2571247969021          -0.09576091738358        -2.6266519613552         -2.3603405164191e-15
3294                     1.2571247969021          -0.095760917383579       -2.6209486430419         -2.3603345961925e-15
3295                     1.2571247969021          -0.095760917383579       -2.6152453247286         -2.3603286759659e-15
3296                     1.2571247969021          -0.09576091738358        -2.6095420064153         -2.3603227557393e-15
3297                     1.2571247969021          -0.09576091738358        -2.603838688102          -2.3603168355127e-15
3298                     1.2571247969021          -0.09576091738358        -2.5981353697887         -2.3603109152861e-15
3299                     1.2571247969021          -0.09576091738358        -2.5924320514754         -2.3603049950595e-15
3300                     1.2571247969021          -0.09576091738358        -2.5867287331621         -2.3602990748328e-15
3301                     1.2571247969021          -0.09576091738358        -2.5810254148488         -2.3602931546062e-15
3302                     1.2571247969021          -0.09576091738358        -2.5753220965355         -2.3602872343796e-15
3303                     1.2571247969021          -0.09576091738358        -2.5696187782222         -2.360281314153e-15
3304                     1.2571247969021          -0.09576091738358        -2.5639154599089         -2.3602753939264e-15
3305                     1.2571247969021          -0.09576091738358        -2.5582121415956         -2.3602694736998e-15
3306                     1.2571247969021          -0.09576091738358        -2.5525088232823         -2.3602635534732e-15
3307                     1.2571247969021          -0.095760917383581       -2.546805504969          -2.3602576332465e-15
3308                     1.2571247969021          -0.095760917383581       -2.5411021866557         -2.3602517130199e-15
3309                     1.2571247969021          -0.095760917383581       -2.5353988683424         -2.3602457927933e-15
3310                     1.2571247969021          -0.095760917383581       -2.5296955500291         -2.3602398725667e-15
3311                     1.2571247969021          -0.095760917383581       -2.5239922317158         -2.3602339523401e-15
3312                     1.2571247969021          -0.095760917383581       -2.5182889134024         -2.3602280321135e-15
3313                     1.2571247969021          -0.095760917383581       -2.5125855950891         -2.3602221118869e-15
3314                     1.2571247969021          -0.095760917383581       -2.5068822767758         -2.3602161916602e-15
3315                     1.2571247969021          -0.095760917383581       -2.5011789584625         -2.3602102714336e-15
3316                     1.2571247969021          -0.095760917383581       -2.4954756401492         -2.360204351207e-15
3317                     1.2571247969021          -0.095760917383581       -2.4897723218359         -2.3601984309804e-15
3318                     1.2571247969021          -0.095760917383581       -2.4840690035226         -2.3601925107538e-15
3319                     1.2571247969021          -0.095760917383581       -2.4783656852093         -2.3601865905272e-15
3320                     1.2571247969021          -0.095760917383581       -2.472662366896          -2.3601806703006e-15
3321                     1.2571247969021          -0.095760917383581       -2.4669590485827         -2.3601747500739e-15
3322                     1.2571247969021          -0.095760917383581       -2.4612557302694         -2.3601688298473e-15
3323                     1.2571247969021          -0.095760917383581       -2.4555524119561         -2.3601629096207e-15
3324                     1.2571247969021          -0.095760917383581       -2.4498490936428         -2.3601569893941e-15
3325                     1.2571247969021          -0.095760917383581       -2.4441457753295         -2.3601510691675e-15
3326                     1.2571247969021          -0.095760917383581       -2.4384424570162         -2.3601451489409e-15
3327                     1.2571247969021          -0.095760917383581       -2.4327391387029         -2.3601392287143e-15
3328                     1.2571247969021          -0.095760917383581       -2.4270358203896         -2.3601333084876e-15
3329                     1.2571247969021          -0.095760917383581       -2.4213325020763         -2.360127388261e-15
3330                     1.2571247969021          -0.095760917383581       -2.415629183763          -2.3601214680344e-15
3331                     1.2571247969021          -0.095760917383581       -2.4099258654497         -2.3601155478078e-15
3332                     1.2571247969021          -0.095760917383581       -2.4042225471364         -2.3601096275812e-15
3333                     1.2571247969021          -0.095760917383581       -2.3985192288231         -2.3601037073546e-15
3334                     1.2571247969021          -0.095760917383581       -2.3928159105098         -2.3600977871279e-15
3335                     1.2571247969021          -0.095760917383581       -2.3871125921965         -2.3600918669013e-15
3336                     1.2571247969021          -0.095760917383581       -2.3814092738832         -2.3600859466747e-15
3337                     1.2571247969021          -0.095760917383581       -2.3757059555699         -2.3600800264481e-15
3338                     1.2571247969021          -0.095760917383581       -2.3700026372566         -2.3600741062215e-15
3339                     1.2571247969021          -0.095760917383581       -2.3642993189433         -2.3600681859949e-15
3340                     1.2571247969021          -0.095760917383581       -2.35859600063           -2.3600622657683e-15
3341                     1.2571247969021          -0.095760917383581       -2.3528926823167         -2.3600563455416e-15
3342                     1.2571247969021          -0.095760917383581       -2.3471893640034         -2.360050425315e-15
3343                     1.2571247969021          -0.095760917383581       -2.3414860456901         -2.3600445050884e-15
3344                     1.2571247969021          -0.095760917383581       -2.3357827273768         -2.3600385848618e-15
3345                     1.2571247969021          -0.095760917383581       -2.3300794090635         -2.3600326646352e-15
3346                     1.2571247969021          -0.095760917383581       -2.3243760907502         -2.3600267444086e-15
3347                     1.2571247969021          -0.09576091738358        -2.3186727724369         -2.360020824182e-15
3348                     1.2571247969021          -0.09576091738358        -2.3129694541236         -2.3600149039553e-15
3349                     1.2571247969021          -0.09576091738358        -2.3072661358103         -2.3600089837287e-15
3350                     1.2571247969021          -0.09576091738358        -2.301562817497          -2.3600030635021e-15
3351                     1.2571247969021          -0.095760917383579       -2.2958594991837         -2.3599971432755e-15
3352                     1.2571247969021          -0.095760917383579       -2.2901561808704         -2.3599912230489e-15
3353                     1.2571247969021          -0.095760917383579       -2.2844528625571         -2.3599853028223e-15
3354                     1.2571247969021          -0.09576091738358        -2.2787495442438         -2.3599793825957e-15
3355                     1.2571247969021          -0.09576091738358        -2.2730462259305         -2.359973462369e-15
3356                     1.2571247969021          -0.09576091738358        -2.2673429076172         -2.3599675421424e-15
3357                     1.2571247969021          -0.09576091738358        -2.2616395893039         -2.3599616219158e-15
3358                     1.2571247969021          -0.09576091738358        -2.2559362709905         -2.3599557016892e-15
3359                     1.2571247969021          -0.09576091738358        -2.2502329526772         -2.3599497814626e-15
3360                     1.2571247969021          -0.09576091738358        -2.2445296343639         -2.359943861236e-15
3361                     1.2571247969021          -0.09576091738358        -2.2388263160506         -2.3599379410094e-15
3362                     1.2571247969021          -0.09576091738358        -2.2331229977373         -2.3599320207828e-15
3363                     1.2571247969021          -0.09576091738358        -2.227419679424          -2.3599261005561e-15
3364                     1.2571247969021          -0.09576091738358        -2.2217163611107         -2.3599201803295e-15
3365                     1.2571247969021          -0.09576091738358        -2.2160130427974         -2.3599142601029e-15
3366                     1.2571247969021          -0.09576091738358        -2.2103097244841         -2.3599083398763e-15
3367                     1.2571247969021          -0.095760917383579       -2.2046064061708         -2.3599024196497e-15
3368                     1.2571247969021          -0.095760917383579       -2.1989030878575         -2.3598964994231e-15
3369                     1.2571247969021          -0.095760917383579       -2.1931997695442         -2.3598905791965e-15
3370                     1.2571247969021          -0.095760917383579       -2.1874964512309         -2.3598846589698e-15
3371                     1.2571247969021          -0.095760917383578       -2.1817931329176         -2.3598787387432e-15
3372                     1.2571247969021          -0.095760917383578       -2.1760898146043         -2.3598728185166e-15
3373                     1.2571247969021          -0.095760917383578       -2.170386496291          -2.35986689829e-15
3374                     1.2571247969021          -0.095760917383578       -2.1646831779777         -2.3598609780634e-15
3375                     1.2571247969021          -0.095760917383578       -2.1589798596644         -2.3598550578368e-15
3376                     1.2571247969021          -0.095760917383578       -2.1532765413511         -2.3598491376101e-15
3377                     1.2571247969021          -0.095760917383577       -2.1475732230378         -2.3598432173835e-15
3378                     1.2571247969021          -0.095760917383577       -2.1418699047245         -2.3598372971569e-15
3379                     1.2571247969021          -0.095760917383577       -2.1361665864112         -2.3598313769303e-15
3380                     1.2571247969021          -0.095760917383577       -2.1304632680979         -2.3598254567037e-15
3381                     1.2571247969021          -0.095760917383578       -2.1247599497846         -2.3598195364771e-15
3382                     1.2571247969021          -0.095760917383578       -2.1190566314713         -2.3598136162505e-15
3383                     1.2571247969021          -0.095760917383578       -2.113353313158          -2.3598076960238e-15
3384                     1.2571247969021          -0.095760917383578       -2.1076499948447         -2.3598017757972e-15
3385                     1.2571247969021          -0.095760917383578       -2.1019466765314         -2.3597958555706e-15
3386                     1.2571247969021          -0.095760917383578       -2.0962433582181         -2.359789935344e-15
3387                     1.2571247969021          -0.095760917383578       -2.0905400399048         -2.3597840151174e-15
3388                     1.2571247969021          -0.095760917383579       -2.0848367215915         -2.3597780948908e-15
3389                     1.2571247969021          -0.095760917383579       -2.0791334032782         -2.3597721746642e-15
3390                     1.2571247969021          -0.095760917383579       -2.0734300849648         -2.3597662544375e-15
3391                     1.2571247969021          -0.095760917383579       -2.0677267666515         -2.3597603342109e-15
3392                     1.2571247969021          -0.09576091738358        -2.0620234483382         -2.3597544139843e-15
3393                     1.2571247969021          -0.09576091738358        -2.0563201300249         -2.3597484937577e-15
3394                     1.2571247969021          -0.09576091738358        -2.0506168117116         -2.3597425735311e-15
3395                     1.2571247969021          -0.09576091738358        -2.0449134933983         -2.3597366533045e-15
3396                     1.2571247969021          -0.09576091738358        -2.039210175085          -2.3597307330779e-15
3397                     1.2571247969021          -0.09576091738358        -2.0335068567717         -2.3597248128512e-15
3398                     1.2571247969021          -0.095760917383581       -2.0278035384584         -2.3597188926246e-15
3399                     1.2571247969021          -0.095760917383581       -2.0221002201451         -2.359712972398e-15
3400                     1.2571247969021          -0.095760917383581       -2.0163969018318         -2.3597070521714e-15
3401                     1.2571247969021          -0.095760917383581       -2.0106935835185         -2.3597011319448e-15
3402                     1.2571247969021          -0.095760917383581       -2.0049902652052         -2.3596952117182e-15
3403                     1.2571247969021          -0.095760917383581       -1.9992869468919         -2.3596892914916e-15
3404                     1.2571247969021          -0.095760917383581       -1.9935836285786         -2.359683371265e-15
3405                     1.2571247969021          -0.095760917383581       -1.9878803102653         -2.3596774510383e-15
3406                     1.2571247969021          -0.095760917383581       -1.982176991952          -2.3596715308117e-15
3407                     1.2571247969021          -0.095760917383581       -1.9764736736387         -2.3596656105851e-15
3408                     1.2571247969021          -0.095760917383581       -1.9707703553254         -2.3596596903585e-15
3409                     1.2571247969021          -0.09576091738358        -1.9650670370121         -2.3596537701319e-15
3410                     1.2571247969021          -0.09576091738358        -1.9593637186988         -2.3596478499053e-15
3411                     1.2571247969021          -0.09576091738358        -1.9536604003855         -2.3596419296787e-15
3412                     1.2571247969021          -0.09576091738358        -1.9479570820722         -2.359636009452e-15
3413                     1.2571247969021          -0.09576091738358        -1.9422537637589         -2.3596300892254e-15
3414                     1.2571247969021          -0.095760917383579       -1.9365504454456         -2.3596241689988e-15
3415                     1.2571247969021          -0.095760917383579       -1.9308471271323         -2.3596182487722e-15
3416                     1.2571247969021          -0.095760917383579       -1.925143808819          -2.3596123285456e-15
3417                     1.2571247969021          -0.095760917383579       -1.9194404905057         -2.359606408319e-15
3418                     1.2571247969021          -0.095760917383579       -1.9137371721924         -2.3596004880924e-15
3419                     1.2571247969021          -0.09576091738358        -1.9080338538791         -2.3595945678657e-15
3420                     1.2571247969021          -0.09576091738358        -1.9023305355657         -2.3595886476391e-15
3421                     1.2571247969021          -0.09576091738358        -1.8966272172524         -2.3595827274125e-15
3422                     1.2571247969021          -0.09576091738358        -1.8909238989391         -2.3595768071859e-15
3423                     1.2571247969021          -0.09576091738358        -1.8852205806258         -2.3595708869593e-15
3424                     1.2571247969021          -0.09576091738358        -1.8795172623125         -2.3595649667327e-15
3425                     1.2571247969021          -0.09576091738358        -1.8738139439992         -2.3595590465061e-15
3426                     1.2571247969021          -0.095760917383579       -1.8681106256859         -2.3595531262794e-15
3427                     1.2571247969021          -0.095760917383579       -1.8624073073726         -2.3595472060528e-15
3428                     1.2571247969021          -0.095760917383579       -1.8567039890593         -2.3595412858262e-15
3429                     1.2571247969021          -0.095760917383579       -1.851000670746          -2.3595353655996e-15
3430                     1.2571247969021          -0.095760917383579       -1.8452973524327         -2.359529445373e-15
3431                     1.2571247969021          -0.095760917383579       -1.8395940341194         -2.3595235251464e-15
3432                     1.2571247969021          -0.095760917383579       -1.8338907158061         -2.3595176049198e-15
3433                     1.2571247969021          -0.095760917383578       -1.8281873974928         -2.3595116846931e-15
3434                     1.2571247969021          -0.095760917383578       -1.8224840791795         -2.3595057644665e-15
3435                     1.2571247969021          -0.095760917383578       -1.8167807608662         -2.3594998442399e-15
3436                     1.2571247969021          -0.095760917383578       -1.8110774425529         -2.3594939240133e-15
3437                     1.2571247969021          -0.095760917383578       -1.8053741242396         -2.3594880037867e-15
3438                     1.2571247969021          -0.095760917383578       -1.7996708059263         -2.3594820835601e-15
3439                     1.2571247969021          -0.095760917383578       -1.793967487613          -2.3594761633335e-15
3440                     1.2571247969021          -0.095760917383579       -1.7882641692997         -2.3594702431069e-15
3441                     1.2571247969021          -0.095760917383579       -1.7825608509864         -2.3594643228802e-15
3442                     1.2571247969021          -0.095760917383579       -1.7768575326731         -2.3594584026536e-15
3443                     1.2571247969021          -0.095760917383579       -1.7711542143598         -2.359452482427e-15
3444                     1.2571247969021          -0.095760917383579       -1.7654508960465         -2.3594465622004e-15
3445                     1.2571247969021          -0.095760917383579       -1.7597475777332         -2.3594406419738e-15
3446                     1.2571247969021          -0.095760917383579       -1.7540442594199         -2.3594347217472e-15
3447                     1.2571247969021          -0.095760917383579       -1.7483409411066         -2.3594288015206e-15
3448                     1.2571247969021          -0.095760917383579       -1.7426376227933         -2.3594228812939e-15
3449                     1.2571247969021          -0.095760917383579       -1.73693430448           -2.3594169610673e-15
3450                     1.2571247969021          -0.095760917383579       -1.7312309861667         -2.3594110408407e-15
3451                     1.2571247969021          -0.095760917383579       -1.7255276678534         -2.3594051206141e-15
3452                     1.2571247969021          -0.095760917383579       -1.7198243495401         -2.3593992003875e-15
3453                     1.2571247969021          -0.095760917383579       -1.7141210312268         -2.3593932801609e-15
3454                     1.2571247969021          -0.095760917383579       -1.7084177129134         -2.3593873599343e-15
3455                     1.2571247969021          -0.095760917383579       -1.7027143946001         -2.3593814397077e-15
3456                     1.2571247969021          -0.095760917383579       -1.6970110762868         -2.359375519481e-15
3457                     1.2571247969021          -0.095760917383579       -1.6913077579735         -2.3593695992544e-15
3458                     1.2571247969021          -0.095760917383579       -1.6856044396602         -2.3593636790278e-15
3459                     1.2571247969021          -0.095760917383579       -1.6799011213469         -2.3593577588012e-15
3460                     1.2571247969021          -0.095760917383579       -1.6741978030336         -2.3593518385746e-15
3461                     1.2571247969021          -0.095760917383579       -1.6684944847203         -2.359345918348e-15
3462                     1.2571247969021          -0.095760917383579       -1.662791166407          -2.3593399981214e-15
3463                     1.2571247969021          -0.095760917383579       -1.6570878480937         -2.3593340778948e-15
3464                     1.2571247969021          -0.095760917383579       -1.6513845297804         -2.3593281576681e-15
3465                     1.2571247969021          -0.09576091738358        -1.6456812114671         -2.3593222374415e-15
3466                     1.2571247969021          -0.09576091738358        -1.6399778931538         -2.3593163172149e-15
3467                     1.2571247969021          -0.09576091738358        -1.6342745748405         -2.3593103969883e-15
3468                     1.2571247969021          -0.09576091738358        -1.6285712565272         -2.3593044767617e-15
3469                     1.2571247969021          -0.095760917383581       -1.6228679382139         -2.3592985565351e-15
3470                     1.2571247969021          -0.095760917383581       -1.6171646199006         -2.3592926363085e-15
3471                     1.2571247969021          -0.095760917383581       -1.6114613015873         -2.3592867160819e-15
3472                     1.2571247969021          -0.095760917383581       -1.605757983274          -2.3592807958553e-15
3473                     1.2571247969021          -0.09576091738358        -1.6000546649607         -2.3592748756286e-15
3474                     1.2571247969021          -0.09576091738358        -1.5943513466474         -2.359268955402e-15
3475                     1.2571247969021          -0.09576091738358        -1.5886480283341         -2.3592630351754e-15
3476                     1.2571247969021          -0.095760917383581       -1.5829447100208         -2.3592571149488e-15
3477                     1.2571247969021          -0.095760917383581       -1.5772413917075         -2.3592511947222e-15
3478                     1.2571247969021          -0.095760917383581       -1.5715380733942         -2.3592452744956e-15
3479                     1.2571247969021          -0.095760917383581       -1.5658347550809         -2.359239354269e-15
3480                     1.2571247969021          -0.095760917383581       -1.5601314367676         -2.3592334340424e-15
3481                     1.2571247969021          -0.095760917383581       -1.5544281184543         -2.3592275138158e-15
3482                     1.2571247969021          -0.095760917383581       -1.548724800141          -2.3592215935891e-15
3483                     1.2571247969021          -0.095760917383581       -1.5430214818277         -2.3592156733625e-15
3484                     1.2571247969021          -0.095760917383581       -1.5373181635144         -2.3592097531359e-15
3485                     1.2571247969021          -0.095760917383581       -1.5316148452011         -2.3592038329093e-15
3486                     1.2571247969021          -0.095760917383581       -1.5259115268878         -2.3591979126827e-15
3487                     1.2571247969021          -0.095760917383581       -1.5202082085745         -2.3591919924561e-15
3488                     1.2571247969021          -0.095760917383581       -1.5145048902612         -2.3591860722295e-15
3489                     1.2571247969021          -0.095760917383581       -1.5088015719479         -2.3591801520029e-15
3490                     1.2571247969021          -0.095760917383581       -1.5030982536346         -2.3591742317763e-15
3491                     1.2571247969021          -0.095760917383581       -1.4973949353212         -2.3591683115496e-15
3492                     1.2571247969021          -0.095760917383581       -1.4916916170079         -2.359162391323e-15
3493                     1.2571247969021          -0.095760917383581       -1.4859882986946         -2.3591564710964e-15
3494                     1.2571247969021          -0.095760917383581       -1.4802849803813         -2.3591505508698e-15
3495                     1.2571247969021          -0.095760917383581       -1.474581662068          -2.3591446306432e-15
3496                     1.2571247969021          -0.095760917383581       -1.4688783437547         -2.3591387104166e-15
3497                     1.2571247969021          -0.095760917383581       -1.4631750254414         -2.35913279019e-15
3498                     1.2571247969021          -0.095760917383581       -1.4574717071281         -2.3591268699634e-15
3499                     1.2571247969021          -0.09576091738358        -1.4517683888148         -2.3591209497368e-15
3500                     1.2571247969021          -0.09576091738358        -1.4460650705015         -2.3591150295101e-15
3501                     1.2571247969021          -0.09576091738358        -1.4403617521882         -2.3591091092835e-15
3502                     1.2571247969021          -0.09576091738358        -1.4346584338749         -2.3591031890569e-15
3503                     1.2571247969021          -0.09576091738358        -1.4289551155616         -2.3590972688303e-15
3504                     1.2571247969021          -0.09576091738358        -1.4232517972483         -2.3590913486037e-15
3505                     1.2571247969021          -0.09576091738358        -1.417548478935          -2.3590854283771e-15
3506                     1.2571247969021          -0.09576091738358        -1.4118451606217         -2.3590795081505e-15
3507                     1.2571247969021          -0.09576091738358        -1.4061418423084         -2.3590735879239e-15
3508                     1.2571247969021          -0.095760917383579       -1.4004385239951         -2.3590676676973e-15
3509                     1.2571247969021          -0.095760917383579       -1.3947352056818         -2.3590617474707e-15
3510                     1.2571247969021          -0.095760917383579       -1.3890318873685         -2.359055827244e-15
3511                     1.2571247969021          -0.095760917383579       -1.3833285690552         -2.3590499070174e-15
3512                     1.2571247969021          -0.095760917383579       -1.3776252507419         -2.3590439867908e-15
3513                     1.2571247969021          -0.095760917383579       -1.3719219324286         -2.3590380665642e-15
3514                     1.2571247969021          -0.095760917383579       -1.3662186141153         -2.3590321463376e-15
3515                     1.2571247969021          -0.095760917383579       -1.360515295802          -2.359026226111e-15
3516                     1.2571247969021          -0.095760917383579       -1.3548119774887         -2.3590203058844e-15
3517                     1.2571247969021          -0.095760917383579       -1.3491086591754         -2.3590143856578e-15
3518                     1.2571247969021          -0.095760917383579       -1.3434053408621         -2.3590084654312e-15
3519                     1.2571247969021          -0.095760917383579       -1.3377020225488         -2.3590025452045e-15
3520                     1.2571247969021          -0.095760917383579       -1.3319987042355         -2.3589966249779e-15
3521                     1.2571247969021          -0.095760917383579       -1.3262953859222         -2.3589907047513e-15
3522                     1.2571247969021          -0.095760917383579       -1.3205920676089         -2.3589847845247e-15
3523                     1.2571247969021          -0.095760917383579       -1.3148887492956         -2.3589788642981e-15
3524                     1.2571247969021          -0.095760917383579       -1.3091854309823         -2.3589729440715e-15
3525                     1.2571247969021          -0.095760917383579       -1.303482112669          -2.3589670238449e-15
3526                     1.2571247969021          -0.095760917383579       -1.2977787943557         -2.3589611036183e-15
3527                     1.2571247969021          -0.095760917383579       -1.2920754760423         -2.3589551833917e-15
3528                     1.2571247969021          -0.095760917383579       -1.286372157729          -2.358949263165e-15
3529                     1.2571247969021          -0.095760917383579       -1.2806688394157         -2.3589433429384e-15
3530                     1.2571247969021          -0.095760917383579       -1.2749655211024         -2.3589374227118e-15
3531                     1.2571247969021          -0.095760917383579       -1.2692622027891         -2.3589315024852e-15
3532                     1.2571247969021          -0.095760917383579       -1.2635588844758         -2.3589255822586e-15
3533                     1.2571247969021          -0.095760917383579       -1.2578555661625         -2.358919662032e-15
3534                     1.2571247969021          -0.09576091738358        -1.2521522478492         -2.3589137418054e-15
3535                     1.2571247969021          -0.09576091738358        -1.2464489295359         -2.3589078215788e-15
3536                     1.2571247969021          -0.09576091738358        -1.2407456112226         -2.3589019013522e-15
3537                     1.2571247969021          -0.09576091738358        -1.2350422929093         -2.3588959811256e-15
3538                     1.2571247969021          -0.09576091738358        -1.229338974596          -2.3588900608989e-15
3539                     1.2571247969021          -0.09576091738358        -1.2236356562827         -2.3588841406723e-15
3540                     1.2571247969021          -0.09576091738358        -1.2179323379694         -2.3588782204457e-15
3541                     1.2571247969021          -0.095760917383581       -1.2122290196561         -2.3588723002191e-15
3542                     1.2571247969021          -0.095760917383581       -1.2065257013428         -2.3588663799925e-15
3543                     1.2571247969021          -0.095760917383581       -1.2008223830295         -2.3588604597659e-15
3544                     1.2571247969021          -0.095760917383581       -1.1951190647162         -2.3588545395393e-15
3545                     1.2571247969021          -0.095760917383581       -1.1894157464029         -2.3588486193127e-15
3546                     1.2571247969021          -0.095760917383581       -1.1837124280896         -2.3588426990861e-15
3547                     1.2571247969021          -0.095760917383582       -1.1780091097763         -2.3588367788595e-15
3548                     1.2571247969021          -0.095760917383582       -1.172305791463          -2.3588308586329e-15
3549                     1.2571247969021          -0.095760917383583       -1.1666024731497         -2.3588249384062e-15
3550                     1.2571247969021          -0.095760917383583       -1.1608991548364         -2.3588190181796e-15
3551                     1.2571247969021          -0.095760917383584       -1.1551958365231         -2.358813097953e-15
3552                     1.2571247969021          -0.095760917383584       -1.1494925182098         -2.3588071777264e-15
3553                     1.2571247969021          -0.095760917383585       -1.1437891998965         -2.3588012574998e-15
3554                     1.2571247969021          -0.095760917383586       -1.1380858815832         -2.3587953372732e-15
3555                     1.2571247969021          -0.095760917383588       -1.1323825632699         -2.3587894170466e-15
3556                     1.2571247969021          -0.09576091738359        -1.1266792449566         -2.35878349682e-15
3557                     1.2571247969021          -0.095760917383591       -1.1209759266433         -2.3587775765934e-15
3558                     1.2571247969021          -0.095760917383594       -1.11527260833           -2.3587716563668e-15
3559                     1.2571247969021          -0.095760917383596       -1.1095692900167         -2.3587657361402e-15
3560                     1.2571247969021          -0.095760917383599       -1.1038659717034         -2.3587598159136e-15
3561                     1.2571247969021          -0.095760917383603       -1.0981626533901         -2.3587538956869e-15
3562                     1.2571247969021          -0.095760917383607       -1.0924593350768         -2.3587479754603e-15
3563                     1.2571247969021          -0.095760917383612       -1.0867560167635         -2.3587420552337e-15
3564                     1.2571247969021          -0.095760917383617       -1.0810526984502         -2.3587361350071e-15
3565                     1.2571247969021          -0.095760917383624       -1.0753493801368         -2.3587302147805e-15
3566                     1.2571247969021          -0.095760917383632       -1.0696460618235         -2.3587242945539e-15
3567                     1.2571247969021          -0.095760917383641       -1.0639427435102         -2.3587183743273e-15
3568                     1.2571247969021          -0.095760917383652       -1.0582394251969         -2.3587124541007e-15
3569                     1.257124796902           -0.095760917383665       -1.0525361068836         -2.3587065338741e-15
3570                     1.257124796902           -0.09576091738368        -1.0468327885703         -2.3587006136475e-15
3571                     1.257124796902           -0.095760917383697       -1.041129470257          -2.3586946934209e-15
3572                     1.257124796902           -0.095760917383718       -1.0354261519437         -2.3586887731943e-15
3573                     1.257124796902           -0.095760917383742       -1.0297228336304         -2.3586828529677e-15
3574                     1.2571247969019          -0.095760917383771       -1.0240195153171         -2.358676932741e-15
3575                     1.2571247969019          -0.095760917383804       -1.0183161970038         -2.3586710125144e-15
3576                     1.2571247969019          -0.095760917383844       -1.0126128786905         -2.3586650922878e-15
3577                     1.2571247969018          -0.09576091738389        -1.0069095603772         -2.3586591720612e-15
3578                     1.2571247969018          -0.095760917383945       -1.0012062420639         -2.3586532518346e-15
3579                     1.2571247969017          -0.095760917384009       -0.99550292375061        -2.358647331608e-15
3580                     1.2571247969016          -0.095760917384085       -0.98979960543731        -2.3586414113814e-15
3581                     1.2571247969015          -0.095760917384175       -0.98409628712401        -2.3586354911548e-15
3582                     1.2571247969014          -0.095760917384279       -0.9783929688107         -2.3586295709282e-15
3583                     1.2571247969013          -0.095760917384403       -0.9726896504974         -2.3586236507016e-15
3584                     1.2571247969012          -0.095760917384548       -0.9669863321841         -2.358617730475e-15
3585                     1.257124796901           -0.095760917384719       -0.96128301387079        -2.3586118102484e-15
3586                     1.2571247969008          -0.09576091738492        -0.95557969555749        -2.3586058900217e-15
3587                     1.2571247969006          -0.095760917385156       -0.94987637724419        -2.3585999697951e-15
3588                     1.2571247969003          -0.095760917385434       -0.94417305893088        -2.3585940495685e-15
3589                     1.2571247969             -0.095760917385761       -0.93846974061758        -2.3585881293419e-15
3590                     1.2571247968996          -0.095760917386145       -0.93276642230428        -2.3585822091153e-15
3591                     1.2571247968991          -0.095760917386598       -0.92706310399097        -2.3585762888887e-15
3592                     1.2571247968986          -0.09576091738713        -0.92135978567767        -2.3585703686621e-15
3593                     1.257124796898           -0.095760917387755       -0.91565646736437        -2.3585644484355e-15
3594                     1.2571247968972          -0.095760917388491       -0.90995314905107        -2.3585585282089e-15
3595                     1.2571247968964          -0.095760917389357       -0.90424983073776        -2.3585526079823e-15
3596                     1.2571247968953          -0.095760917390375       -0.89854651242446        -2.3585466877557e-15
3597                     1.2571247968941          -0.095760917391573       -0.89284319411116        -2.3585407675291e-15
3598                     1.2571247968927          -0.095760917392982       -0.88713987579785        -2.3585348473024e-15
3599                     1.2571247968911          -0.095760917394639       -0.88143655748455        -2.3585289270758e-15
3600                     1.2571247968891          -0.095760917396588       -0.87573323917125        -2.3585230068492e-15
3601                     1.2571247968868          -0.095760917398881       -0.87002992085794        -2.3585170866226e-15
3602                     1.2571247968841          -0.095760917401578       -0.86432660254464        -2.358511166396e-15
3603                     1.257124796881           -0.095760917404751       -0.85862328423134        -2.3585052461694e-15
3604                     1.2571247968772          -0.095760917408483       -0.85291996591804        -2.3584993259428e-15
3605                     1.2571247968728          -0.095760917412873       -0.84721664760473        -2.3584934057162e-15
3606                     1.2571247968677          -0.095760917418037       -0.84151332929143        -2.3584874854895e-15
3607                     1.2571247968616          -0.095760917424111       -0.83581001097813        -2.3584815652629e-15
3608                     1.2571247968545          -0.095760917431255       -0.83010669266482        -2.3584756450363e-15
3609                     1.2571247968461          -0.095760917439659       -0.82440337435152        -2.3584697248097e-15
3610                     1.2571247968362          -0.095760917449545       -0.81870005603822        -2.3584638045831e-15
3611                     1.2571247968245          -0.095760917461172       -0.81299673772491        -2.3584578843565e-15
3612                     1.2571247968109          -0.09576091747485        -0.80729341941161        -2.3584519641298e-15
3613                     1.2571247967948          -0.095760917490939       -0.80159010109831        -2.3584460439032e-15
3614                     1.2571247967759          -0.095760917509864       -0.79588678278501        -2.3584401236766e-15
3615                     1.2571247967536          -0.095760917532125       -0.7901834644717         -2.3584342034499e-15
3616                     1.2571247967274          -0.095760917558309       -0.7844801461584         -2.3584282832233e-15
3617                     1.2571247966966          -0.09576091758911        -0.7787768278451         -2.3584223629966e-15
3618                     1.2571247966604          -0.09576091762534        -0.77307350953179        -2.35841644277e-15
3619                     1.2571247966178          -0.095760917667956       -0.76737019121849        -2.3584105225433e-15
3620                     1.2571247965676          -0.095760917718084       -0.76166687290519        -2.3584046023166e-15
3621                     1.2571247965087          -0.095760917777048       -0.75596355459189        -2.3583986820899e-15
3622                     1.2571247964393          -0.095760917846406       -0.75026023627858        -2.3583927618632e-15
3623                     1.2571247963577          -0.09576091792799        -0.74455691796528        -2.3583868416365e-15
3624                     1.2571247962618          -0.095760918023955       -0.73885359965198        -2.3583809214098e-15
3625                     1.2571247961489          -0.095760918136836       -0.73315028133867        -2.358375001183e-15
3626                     1.2571247960161          -0.095760918269615       -0.72744696302537        -2.3583690809562e-15
3627                     1.2571247958599          -0.095760918425799       -0.72174364471207        -2.3583631607294e-15
3628                     1.2571247956762          -0.095760918609515       -0.71604032639877        -2.3583572405025e-15
3629                     1.2571247954601          -0.095760918825614       -0.71033700808546        -2.3583513202756e-15
3630                     1.2571247952059          -0.095760919079806       -0.70463368977216        -2.3583454000487e-15
3631                     1.2571247949069          -0.095760919378805       -0.69893037145886        -2.3583394798216e-15
3632                     1.2571247945552          -0.09576091973051        -0.69322705314555        -2.3583335595945e-15
3633                     1.2571247941415          -0.095760920144211       -0.68752373483225        -2.3583276393673e-15
3634                     1.2571247936549          -0.095760920630836       -0.68182041651895        -2.3583217191401e-15
3635                     1.2571247930825          -0.09576092120324        -0.67611709820565        -2.3583157989126e-15
3636                     1.2571247924092          -0.095760921876544       -0.67041377989234        -2.3583098786851e-15
3637                     1.2571247916172          -0.095760922668534       -0.66471046157904        -2.3583039584574e-15
3638                     1.2571247906856          -0.09576092360013        -0.65900714326574        -2.3582980382295e-15
3639                     1.2571247895898          -0.095760924695941       -0.65330382495243        -2.3582921180013e-15
3640                     1.2571247883008          -0.095760925984914       -0.64760050663913        -2.3582861977729e-15
3641                     1.2571247867846          -0.095760927501099       -0.64189718832583        -2.3582802775442e-15
3642                     1.2571247850012          -0.095760929284546       -0.63619387001253        -2.3582743573151e-15
3643                     1.2571247829033          -0.095760931382368       -0.63049055169922        -2.3582684370855e-15
3644                     1.2571247804357          -0.095760933849979       -0.62478723338592        -2.3582625168554e-15
3645                     1.2571247775332          -0.095760936752563       -0.61908391507262        -2.3582565966248e-15
3646                     1.2571247741189          -0.095760940166796       -0.61338059675931        -2.3582506763934e-15
3647                     1.2571247701028          -0.095760944182866       -0.60767727844601        -2.3582447561611e-15
3648                     1.2571247653789          -0.095760948906862       -0.60197396013271        -2.3582388359279e-15
3649                     1.2571247598221          -0.09576095446357        -0.59627064181941        -2.3582329156935e-15
3650                     1.2571247532859          -0.095760960999778       -0.5905673235061         -2.3582269954578e-15
3651                     1.2571247455976          -0.095760968688143       -0.5848640051928         -2.3582210752204e-15
3652                     1.257124736554           -0.09576097773176        -0.5791606868795         -2.3582151549811e-15
3653                     1.2571247259162          -0.095760988369523       -0.5734573685662         -2.3582092347396e-15
3654                     1.2571247134033          -0.095761000882438       -0.56775405025289        -2.3582033144954e-15
3655                     1.2571246986847          -0.095761015601041       -0.56205073193959        -2.3581973942482e-15
3656                     1.2571246813716          -0.095761032914136       -0.55634741362629        -2.3581914739973e-15
3657                     1.2571246610067          -0.095761053279062       -0.55064409531298        -2.3581855537422e-15
3658                     1.2571246370519          -0.095761077233772       -0.54494077699968        -2.358179633482e-15
3659                     1.2571246088747          -0.095761105411046       -0.53923745868638        -2.3581737132159e-15
3660                     1.2571245757305          -0.095761138555206       -0.53353414037308        -2.3581677929428e-15
3661                     1.2571245367439          -0.095761177541777       -0.52783082205977        -2.3581618726616e-15
3662                     1.2571244908851          -0.095761223400611       -0.52212750374647        -2.3581559523707e-15
3663                     1.2571244369426          -0.095761277343096       -0.51642418543317        -2.3581500320685e-15
3664                     1.2571243734916          -0.095761340794149       -0.51072086711987        -2.358144111753e-15
3665                     1.2571242988559          -0.095761415429859       -0.50501754880656        -2.3581381914217e-15
3666                     1.257124211064           -0.095761503221756       -0.49931423049326        -2.3581322710721e-15
3667                     1.2571241077968          -0.095761606488889       -0.49361091217996        -2.3581263507008e-15
3668                     1.2571239863266          -0.095761727959081       -0.48790759386665        -2.3581204303039e-15
3669                     1.2571238434447          -0.095761870840977       -0.48220427555335        -2.358114509877e-15
3670                     1.2571236753769          -0.095762038908796       -0.47650095724005        -2.3581085894149e-15
3671                     1.2571234776837          -0.095762236602015       -0.47079763892675        -2.3581026689112e-15
3672                     1.2571232451431          -0.095762469142627       -0.46509432061344        -2.3580967483586e-15
3673                     1.2571229716127          -0.09576274267305        -0.45939100230014        -2.3580908277486e-15
3674                     1.2571226498674          -0.095763064418358       -0.45368768398684        -2.3580849070711e-15
3675                     1.2571222714086          -0.095763442877083       -0.44798436567354        -2.358078986314e-15
3676                     1.2571218262401          -0.095763888045641       -0.44228104736023        -2.3580730654634e-15
3677                     1.2571213026034          -0.095764411682305       -0.43657772904693        -2.3580671445028e-15
3678                     1.257120686668           -0.095765027617681       -0.43087441073363        -2.3580612234129e-15
3679                     1.2571199621658          -0.095765752119866       -0.42517109242032        -2.3580553021707e-15
3680                     1.2571191099618          -0.095766604323942       -0.41946777410702        -2.3580493807495e-15
3681                     1.2571181075486          -0.095767606737093       -0.41376445579372        -2.3580434591178e-15
3682                     1.257116928453           -0.095768785832677       -0.40806113748042        -2.3580375372383e-15
3683                     1.2571155415368          -0.095770172748878       -0.40235781916711        -2.3580316150674e-15
3684                     1.2571139101754          -0.095771804110329       -0.39665450085381        -2.3580256925538e-15
3685                     1.2571119912914          -0.095773722994316       -0.39095118254051        -2.3580197696369e-15
3686                     1.2571097342188          -0.09577598006695        -0.3852478642272         -2.3580138462458e-15
3687                     1.2571070793666          -0.095778634919122       -0.3795445459139         -2.3580079222967e-15
3688                     1.2571039566484          -0.095781757637295       -0.3738412276006         -2.3580019976912e-15
3689                     1.2571002836355          -0.095785430650252       -0.3681379092873         -2.3579960723137e-15
3690                     1.2570959633856          -0.095789750900097       -0.36243459097399        -2.3579901460279e-15
3691                     1.2570908818915          -0.09579483239418        -0.35673127266069        -2.3579842186736e-15
3692                     1.2570849050813          -0.095800809204405       -0.35102795434739        -2.3579782900622e-15
3693                     1.2570778752939          -0.09580783899186        -0.34532463603408        -2.357972359972e-15
3694                     1.2570696071377          -0.095816107148059       -0.33962131772078        -2.357966428142e-15
3695                     1.257059882626           -0.095825831659711       -0.33391799940748        -2.3579604942651e-15
3696                     1.2570484454636          -0.095837268822081       -0.32821468109418        -2.3579545579797e-15
3697                     1.2570349943386          -0.095850719947102       -0.32251136278087        -2.3579486188606e-15
3698                     1.2570191750488          -0.095866539236894       -0.31680804446757        -2.3579426764071e-15
3699                     1.2570005712641          -0.095885143021583       -0.31110472615427        -2.3579367300298e-15
3700                     1.2569786936928          -0.095907020592954       -0.30540140784096        -2.3579307790347e-15
3701                     1.2569529673829          -0.095932746902843       -0.29969808952766        -2.3579248226048e-15
3702                     1.2569227168478          -0.0959629974379         -0.29399477121436        -2.3579188597779e-15
3703                     1.2568871486549          -0.095998565630844       -0.28829145290106        -2.3579128894204e-15
3704                     1.2568453310627          -0.096040383222966       -0.28258813458775        -2.3579069101967e-15
3705                     1.2567961702321          -0.096089544053576       -0.27688481627445        -2.3579009205326e-15
3706                     1.2567383824664          -0.096147331819357       -0.27118149796115        -2.357894918572e-15
3707                     1.2566704618662          -0.096215252419521       -0.26547817964784        -2.3578889021256e-15
3708                     1.2565906427055          -0.096295071580249       -0.25977486133454        -2.35788286861e-15
3709                     1.2564968557538          -0.096388858531916       -0.25407154302124        -2.3578768149746e-15
3710                     1.256386677694           -0.096499036591722       -0.24836822470794        -2.3578707376151e-15
3711                     1.2562572727085          -0.096628441577261       -0.24266490639463        -2.3578646322696e-15
3712                     1.2561053252501          -0.096780389035579       -0.23696158808133        -2.3578584938942e-15
3713                     1.2559269629793          -0.096958751306403       -0.23125826976803        -2.3578523165127e-15
3714                     1.2557176688535          -0.097168045432235       -0.22555495145473        -2.3578460930362e-15
3715                     1.2554721814242          -0.097413532861469       -0.21985163314142        -2.3578398150438e-15
3716                     1.2551843825491          -0.097701331736632       -0.21414831482812        -2.3578334725148e-15
3717                     1.2548471720017          -0.098038542284064       -0.20844499651482        -2.357827053503e-15
3718                     1.2544523289041          -0.098433385381598       -0.20274167820151        -2.3578205437333e-15
3719                     1.2539903605583          -0.098895353727391       -0.19703835988821        -2.3578139261046e-15
3720                     1.2534503401749          -0.099435374110842       -0.19133504157491        -2.3578071800681e-15
3721                     1.2528197362459          -0.1000659780398         -0.18563172326161        -2.3578002808477e-15
3722                     1.252084237926           -0.10080147635971        -0.1799284049483         -2.3577931984524e-15
3723                     1.2512275828002          -0.10165813148548        -0.174225086635          -2.3577858964157e-15
3724                     1.2502313958098          -0.10265431847593        -0.1685217683217         -2.3577783301706e-15
3725                     1.249075050779           -0.10381066350671        -0.1628184500084         -2.3577704449359e-15
3726                     1.247735568744           -0.10515014554174        -0.15711513169509        -2.3577621729379e-15
3727                     1.2461875697786          -0.1066981445071         -0.15141181338179        -2.3577534297205e-15
3728                     1.2444032967431          -0.10848241754257        -0.14570849506849        -2.3577441091899e-15
3729                     1.2423527296781          -0.1105329846076         -0.14000517675518        -2.3577340768837e-15
3730                     1.2400038076719          -0.1128819066138         -0.13430185844188        -2.3577231607208e-15
3731                     1.2373227702139          -0.11556294407186        -0.12859854012858        -2.3577111381319e-15
3732                     1.2342746218364          -0.11861109244933        -0.12289522181528        -2.3576977179312e-15
3733                     1.2308237123079          -0.12206200197782        -0.11719190350197        -2.3576825144432e-15
3734                     1.2269344106299          -0.12595130365581        -0.11148858518867        -2.3576650100834e-15
3735                     1.2225718364383          -0.13031387784741        -0.10578526687537        -2.3576445004823e-15
3736                     1.2177025997617          -0.13518311452398        -0.10008194856206        -2.3576200128555e-15
3737                     1.2122954924607          -0.14059022182505        -0.094378630248762       -2.3575901827679e-15
3738                     1.2063220746244          -0.14656363966127        -0.088675311935459       -2.3575530652308e-15
3739                     1.1997571079538          -0.15312860633195        -0.082971993622156       -2.3575058405448e-15
3740                     1.1925788049068          -0.16030690937887        -0.077268675308854       -2.3574443487517e-15
3741                     1.1847688842724          -0.16811683001328        -0.071565356995551       -2.3573623404111e-15
3742                     1.1763124465851          -0.17657326770059        -0.065862038682248       -2.3572502499408e-15
3743                     1.1671977019599          -0.18568801232586        -0.060158720368945       -2.3570931514963e-15
3744                     1.1574155951314          -0.19547011915433        -0.054455402055643       -2.3568672903728e-15
3745                     1.1469593763264          -0.20592633795931        -0.04875208374234        -2.3565340870894e-15
3746                     1.1358241627472          -0.21706155153855        -0.043048765429037       -2.3560295742499e-15
3747                     1.1240065261349          -0.22887918815081        -0.037345447115734       -2.3552454233693e-15
3748                     1.1115041299976          -0.24138158428808        -0.031642128802432       -2.3539941862384e-15
3749                     1.098315428305           -0.25457028598071        -0.025938810489129       -2.3519443239545e-15
3750                     1.0844394276657          -0.26844628662           -0.020235492175826       -2.3484962530222e-15
3751                     1.0698755081261          -0.28301020615966        -0.014532173862523       -2.3425408950106e-15
3752                     1.0546232938305          -0.29826242045519        -0.0088288555492206      -2.3319793272528e-15
3753                     1.0386825633744          -0.3142031509113         -0.0042050016811701      -2.3127464999194e-15
3754                     1.0220531900121          -0.3308325242736         -0.0020194304300637      -2.276783536012e-15
3755                     1.0047351032211          -0.34815061106465        -0.00095200190937528     -2.207732915901e-15
3756                     0.98672826485647         -0.36615744942925        -0.00042977776869725     -2.0715944324843e-15
3757                     0.96803265485928         -0.38485305942643        -0.00017752106333002     -1.7959834500623e-15
3758                     0.94864826297287         -0.40423745131284        -5.8066737551846e-05     -1.2230353621106e-15
3759                     0.92857508409733         -0.42431063018838        -2.8096918042643e-06     -3.0568845029792e-21
3760                     0.84314926054109         -0.20192193185259        -1.6275190811766e-06     -2.4794273079335e-21
3761                     0.76582948252559         0.028572812023957        -1.4902635687539e-06     -2.4076255564627e-21
3762.0374419527          0.75900695734074         0.021750286839107        -1.4091308742773e-06     -2.3399894658184e-21
3763.1137277578          0.75532046485503         0.018063794353392        -1.3400188452445e-06     -2.2594478387291e-21
3764.2303118051          0.75334598473402         0.016089314232379        -1.2756385966745e-06     -2.1692579305786e-21
3765.3887029394          0.75230489451807         0.01504822401643         -1.2125988758846e-06     -2.0717497094152e-21
3766.5904664997          0.75176679052963         0.014510120027994        -1.1491568712414e-06     -1.9683653866395e-21
3767.8372264344          0.75149490443276         0.014238233931127        -1.084360075969e-06      -1.8599022528664e-21
3769.1306674955          0.75136086722053         0.014104196718894        -1.0176623281093e-06     -1.7467436721784e-21
3770.4725375156          0.75129648531941         0.014039814817778        -9.4873232265923e-07     -1.6290249021951e-21
3771.8646497695          0.75126639021885         0.014009719717217        -8.7735214375105e-07     -1.5067384179845e-21
3773.3088854244          0.75125271383225         0.013996043330619        -8.0336221457797e-07     -1.3797962528609e-21
3774.8071960824          0.75124667757329         0.013990007071649        -7.2663143948395e-07     -1.2480651140882e-21
3776.3616064171          0.75124409244362         0.01398742194198         -6.470412269476e-07      -1.1113853612365e-21
3777.9742169099          0.75124301899893         0.013986348497293        -5.6447710275229e-07     -9.6958085583995e-22
3779.6472066885          0.75124258670079         0.013985916199157        -4.7882438963273e-07     -8.224638403492e-22
3781.3828364711          0.75124241649202         0.013985745990383        -3.8996600707174e-07     -6.6983720104098e-22
3783.1834516219          0.75124234658511         0.013985676083473        -2.9778134405698e-07     -5.1149539497629e-22
3785.05148532            0.75124230363454         0.013985633132903        -2.0214566341213e-07     -3.4722470536134e-22
3786.9894618473          0.75124223454018         0.013985564038546        -1.0292978505217e-07     -1.7680313551122e-22
3789                     0.37660800708836         0.007011058265114        0                        0
3791                     0                        0                        0                        0
3793                     0                        0                        0                        0
3795                     0                        0                        0                        0
3797                     0                        0                        0                        0
3799                     0                        0                        0                        0
