x[nm]                    Hole_density[1e18_cm^-3]
-9                       0
-7                       0
-5                       0
-3                       0
-1                       0
1                        1.2180519015216e-24
2.998                    1.956726391625e-24
4.996                    1.5708967392105e-24
6.9939999999999          1.2611463334149e-24
8.9919999999999          1.0124731217136e-24
10.99                    8.1283356058818e-25
12.988                   6.5255903914907e-25
14.986                   5.2388748917671e-25
16.984                   4.2058740644037e-25
18.982                   3.376560325792e-25
20.98                    2.7107706109379e-25
22.978                   2.1762612424076e-25
24.976                   1.7471463649951e-25
26.974                   1.4026443012353e-25
28.972                   1.1260711057394e-25
30.97                    9.0403257283719e-26
32.968                   7.2577556519015e-26
34.966                   5.8266724786894e-26
36.964                   4.6777700722702e-26
38.962                   3.7554080706337e-26
40.96                    3.0149172704042e-26
42.958                   2.4204363352122e-26
44.956                   1.9431750617004e-26
46.954                   1.5600200945293e-26
48.952                   1.2524155663168e-26
50.949999999999          1.005464452836e-26
52.947999999999          8.0720712286591e-27
54.945999999999          6.4804214347763e-27
56.943999999999          5.2026129084734e-27
58.941999999999          4.1767624756894e-27
60.939999999999          3.353189077342e-27
62.937999999999          2.6920077581264e-27
64.935999999999          2.1611980722415e-27
66.933999999999          1.735053360586e-27
68.931999999999          1.3929357992433e-27
70.929999999999          1.1182769273208e-27
72.927999999999          8.9777525055875e-28
74.925999999999          7.2075206134045e-28
76.923999999999          5.7863427801468e-28
78.921999999999          4.6453925788414e-28
80.919999999999          3.7294147670608e-28
82.917999999999          2.9940493227894e-28
84.915999999999          2.4036831264978e-28
86.913999999999          1.9297252482224e-28
88.911999999999          1.5492223132809e-28
90.909999999999          1.2437468899669e-28
92.907999999999          9.9850506479375e-29
94.905999999999          8.0161998591629e-29
96.903999999999          6.4355667735464e-29
98.901999999999          5.1666026826205e-29
100.9                    4.14785274077e-29
102.898                  3.3299797596177e-29
104.896                  2.6733748501893e-29
106.894                  2.1462391982963e-29
108.892                  1.7230440751612e-29
110.89                   1.3832945029169e-29
112.888                  1.1105367003575e-29
114.886                  8.9156124038694e-30
116.884                  7.1576332876197e-30
118.882                  5.7462922297752e-30
120.88                   4.6132391899833e-30
122.878                  3.7036013785938e-30
124.876                  2.9733258143875e-30
126.874                  2.3870458763734e-30
128.872                  1.9163685285815e-30
130.87                   1.5384992696149e-30
132.868                  1.2351382144424e-30
134.866                  9.9159384661784e-31
136.864                  7.9607152070361e-31
138.862                  6.3910225768034e-31
140.86                   5.13084170391e-31
142.858                  4.1191431064776e-31
144.856                  3.3069310867088e-31
146.854                  2.6548709111474e-31
148.852                  2.1313838631794e-31
150.85                   1.7111179127944e-31
152.848                  1.3737199394569e-31
154.846                  1.1028500478847e-31
156.844                  8.8539024089584e-32
158.842                  7.1080912602505e-32
160.84                   5.706518891933e-32
162.838                  4.5813083529316e-32
164.836                  3.6779666592032e-32
166.834                  2.9527457451223e-32
168.832                  2.3705237820795e-32
170.83                   1.9031042583629e-32
172.828                  1.527850446209e-32
174.826                  1.2265891244386e-32
176.824                  9.8473046489871e-33
178.822                  7.9056145956252e-33
180.82                   6.3467866956865e-33
182.818                  5.0953282471972e-33
184.816                  4.0906321878332e-33
186.814                  3.2840419467268e-33
188.812                  2.6364950483543e-33
190.81                   2.1166313502558e-33
192.808                  1.6992742981568e-33
194.806                  1.3642116469771e-33
196.804                  1.0952165990899e-33
198.802                  8.7926195438966e-34
200.8                    7.0588921413308e-34
202.798                  5.667020847903e-34
204.796                  4.5495985273e-34
206.794                  3.6525093722338e-34
208.792                  2.9323081221791e-34
210.79                   2.3541160465633e-34
212.788                  1.8899317976749e-34
214.786                  1.5172753293436e-34
216.784                  1.2180992075308e-34
218.782                  9.7791458853349e-35
220.78                   7.850895366767e-35
222.778                  6.3028569961678e-35
224.776                  5.0600605992416e-35
226.774                  4.0623186094118e-35
228.772                  3.2613112354522e-35
230.77                   2.6182463753198e-35
232.768                  2.1019809478332e-35
234.766                  1.6875126598867e-35
236.764                  1.3547691667773e-35
238.762                  1.0876359857197e-35
240.76                   8.731760852268e-36
242.758                  7.0100335573893e-36
244.756                  5.6277961922158e-36
246.754                  4.5181081833383e-36
248.752                  3.6272282895721e-36
250.75                   2.9120119596054e-36
252.748                  2.337821878282e-36
254.746                  1.8768505110517e-36
256.744                  1.5067734088551e-36
258.742                  1.2096680541492e-36
260.74                   9.7114588871132e-37
262.738                  7.7965548807048e-37
264.736                  6.2592313589981e-37
266.734                  5.0250370586663e-37
268.732                  4.0342010053152e-37
270.73                   3.2387378563146e-37
272.728                  2.6001240116954e-37
274.726                  2.0874319491507e-37
276.724                  1.6758324305823e-37
278.722                  1.3453920433354e-37
280.72                   1.0801078420718e-37
282.718                  8.671323398143e-38
284.716                  6.9615131514056e-38
286.714                  5.5888430326069e-38
288.712                  4.4868358018995e-38
290.71                   3.6021221916151e-38
292.708                  2.8918562782781e-38
294.706                  2.321640491176e-38
296.704                  1.8638597674284e-38
298.702                  1.4963441781112e-38
300.7                    1.2012952575593e-38
302.698                  9.6442403889738e-39
304.696                  7.7425905159475e-39
306.694                  6.2159076795907e-39
308.692                  4.9902559358674e-39
310.69                   4.0062780190932e-39
312.688                  3.2163207203282e-39
314.686                  2.5821270832207e-39
316.684                  2.0729836523336e-39
318.682                  1.6642330467649e-39
320.68                   1.3360798242797e-39
322.678                  1.072631804973e-39
324.676                  8.6113042658958e-40
326.674                  6.9133285826541e-40
328.672                  5.550159489896e-40
330.67                   4.4557798743391e-40
332.668                  3.577189867194e-40
334.666                  2.8718401058475e-40
336.664                  2.3055711046235e-40
338.662                  1.8509589401065e-40
340.66                   1.4859871339859e-40
342.658                  1.1929804138414e-40
344.656                  9.5774871481679e-41
346.654                  7.6889996691528e-41
348.652                  6.1728838679299e-41
350.65                   4.9557155529373e-41
352.648                  3.9785483036896e-41
354.646                  3.1940587460493e-41
356.644                  2.5642547216916e-41
358.642                  2.0586353603705e-41
360.64                   1.6527139488593e-41
362.638                  1.3268320603716e-41
364.636                  1.0652075137655e-41
366.634                  8.5517005600896e-42
368.632                  6.8654775266197e-42
370.63                   5.5117436979143e-42
372.628                  4.4249389024592e-42
374.626                  3.552430113524e-42
376.624                  2.8519624766929e-42
378.622                  2.2896129434045e-42
380.62                   1.8381474067234e-42
382.618                  1.4757017768339e-42
384.616                  1.1847231218701e-42
386.614                  9.5111959443802e-43
388.612                  7.6357797549861e-43
390.61                   6.1301578484571e-43
392.608                  4.9214142435761e-43
394.60599999999          3.9510105213638e-43
396.60399999999          3.1719508595126e-43
398.60199999999          2.5465060649064e-43
400.59999999999          2.0443863810683e-43
402.59799999999          1.6412745811588e-43
404.59599999999          1.3176483054785e-43
406.59399999999          1.0578346102848e-43
408.59199999999          8.4925094053078e-44
410.58999999999          6.8179576748604e-44
412.58799999999          5.4735938033976e-44
414.58599999999          4.3943113984214e-44
416.58399999999          3.5278417361388e-44
418.58199999999          2.8322224318728e-44
420.57999999999          2.2737652376613e-44
422.57799999999          1.8254245492218e-44
424.57599999999          1.4654876104663e-44
426.57399999999          1.1765229832949e-44
428.57199999999          9.4453635795721e-45
430.56999999999          7.5829282059972e-45
432.56799999999          6.087727559971e-45
434.56599999999          4.8873503530101e-45
436.56399999999          3.9236633436306e-45
438.56199999999          3.149995994183e-45
440.55999999999          2.5288802566297e-45
442.55799999999          2.0302360270241e-45
444.55599999999          1.6299143918028e-45
446.55399999999          1.3085281165559e-45
448.55199999999          1.0505127388461e-45
450.54999999999          8.4337279460423e-46
452.54799999999          6.7707667349171e-46
454.54599999999          5.4357079659146e-46
456.54399999999          4.363895884691e-46
458.54199999999          3.5034235488437e-46
460.53999999999          2.8126190190862e-46
462.53799999999          2.2580272228677e-46
464.53599999999          1.8127897538247e-46
466.53399999999          1.4553441421305e-46
468.53199999999          1.1683796025242e-46
470.52999999999          9.3799868778543e-47
472.52799999999          7.5304424725183e-47
474.52599999999          6.0455909555473e-47
476.52399999999          4.8535222379269e-47
478.52199999999          3.8965054512059e-47
480.51999999999          3.1281930909135e-47
482.51799999999          2.5113764465569e-47
484.51599999999          2.0161836155961e-47
486.51399999999          1.6186328327525e-47
488.51199999999          1.2994710536271e-47
490.50999999999          1.0432415462272e-47
492.50799999999          8.3753533465536e-48
494.50599999999          6.7239024302e-48
496.50399999999          5.3980843577726e-48
498.50199999999          4.3336908939593e-48
500.49999999999          3.4791743736543e-48
502.49799999999          2.7931512926235e-48
504.49599999999          2.2423981397891e-48
506.49399999999          1.8002424110034e-48
508.49199999999          1.4452708824849e-48
510.48999999999          1.1602925867047e-48
512.48799999999          9.3150626853229e-49
514.48599999999          7.4783200225325e-49
516.48399999999          6.0037460024317e-49
518.48199999999          4.81992826639e-49
520.47999999999          3.8695355339376e-49
522.47799999999          3.1065410978866e-49
524.47599999999          2.4939937902672e-49
526.47399999999          2.0022284688662e-49
528.47199999999          1.6074293597614e-49
530.46999999999          1.2904766797598e-49
532.46799999999          1.0360206816498e-49
534.46599999999          8.3173827907212e-50
536.46399999999          6.6773624998704e-50
538.46199999999          5.3607211639237e-50
540.45999999999          4.3036949690686e-50
542.45799999999          3.4550930407338e-50
544.45599999999          2.7738183133156e-50
546.45399999999          2.2268772344408e-50
548.45199999999          1.7877819154432e-50
550.44999999999          1.4352673455699e-50
552.44799999999          1.1522615456978e-50
554.44599999999          9.2505878698626e-51
556.44399999999          7.4265583415115e-51
558.44199999999          5.9621906819089e-51
560.43999999999          4.7865668177333e-51
562.43799999999          3.842752290722e-51
564.43599999999          3.0850389705501e-51
566.43399999999          2.476731449173e-51
568.43199999999          1.988369913599e-51
570.42999999999          1.5963034323426e-51
572.42799999999          1.2815445610402e-51
574.42599999999          1.0288497967592e-51
576.42399999999          8.2598134818839e-52
578.42199999999          6.631144698712e-52
580.41999999999          5.3236165818635e-52
582.41799999999          4.2739066629321e-52
584.41599999999          3.431178388332e-52
586.41399999999          2.7546191484865e-52
588.41199999999          2.2114637580521e-52
590.40999999999          1.7754076660163e-52
592.40799999999          1.4253330487883e-52
594.40599999999          1.1442860920652e-52
596.40399999999          9.1865593210435e-53
598.40199999999          7.3751549323424e-53
600.39999999999          5.9209229892476e-53
602.39799999999          4.7534362825197e-53
604.39599999999          3.8161544294712e-53
606.39399999999          3.0636856715902e-53
608.39199999999          2.4595885904983e-53
610.38999999999          1.9746072812259e-53
612.38799999999          1.585254513756e-53
614.38599999999          1.2726742665629e-53
616.38399999999          1.0217285456162e-53
618.38199999999          8.2026426427734e-54
620.37999999999          6.5852467970806e-54
622.37799999999          5.2867688215902e-54
624.37599999999          4.2443245385016e-54
626.37399999999          3.4074292627587e-54
628.37199999999          2.7355528719307e-54
630.37                   2.1961569670473e-54
632.368                  1.7631190657655e-54
634.36599999999          1.4154675128916e-54
636.364                  1.1363658410565e-54
638.362                  9.1229739500134e-55
640.36                   7.3241073152325e-55
642.358                  5.8799409336213e-55
644.356                  4.7205350624736e-55
646.354                  3.7897406670577e-55
648.352                  3.0424801708867e-55
650.35                   2.4425643872422e-55
652.348                  1.9609399078138e-55
654.346                  1.574282070983e-55
656.344                  1.2638653684097e-55
658.342                  1.0146565846794e-55
660.34                   8.1458675153715e-56
662.338                  6.5396665807823e-56
664.336                  5.2501761055033e-56
666.334                  4.2149471686831e-56
668.332                  3.3838445183138e-56
670.33                   2.7166185638572e-56
672.328                  2.1809561229992e-56
674.326                  1.7509155218664e-56
676.324                  1.4056702619476e-56
678.322                  1.1285004105838e-56
680.32                   9.0598286892932e-57
682.318                  7.273413027548e-57
684.316                  5.8392425379772e-57
686.314                  4.6878615703768e-57
688.312                  3.7635097292309e-57
690.31                   3.0214214454453e-57
692.308                  2.4256580181241e-57
694.306                  1.9473671340221e-57
696.304                  1.5633855746912e-57
698.302                  1.255117441622e-57
700.3                    1.0076335727832e-57
702.298                  8.0894853607298e-58
704.296                  6.4944018509338e-58
706.294                  5.2138366682954e-58
708.292                  4.1857731362517e-58
710.29                   3.3604230172201e-58
712.288                  2.6978153108354e-58
714.286                  2.1658604925872e-58
716.284                  1.7387964455943e-58
718.282                  1.3959408233166e-58
720.28                   1.1206894212024e-58
722.278                  8.9971204926222e-59
724.276                  7.2230696236883e-59
726.274                  5.7988258389377e-59
728.272                  4.6554142299906e-59
730.27                   3.7374603505541e-59
732.268                  3.000508479348e-59
734.266                  2.4088686675444e-59
736.264                  1.9338883050709e-59
738.262                  1.5525644992105e-59
740.26                   1.2464300641812e-59
742.258                  1.0006591711229e-59
744.256                  8.0334934588574e-60
746.254                  6.4494504238728e-60
748.252                  5.1777487568787e-60
750.25                   4.1568010337942e-60
752.248                  3.3371636295787e-60
754.246                  2.6791422057596e-60
756.244                  2.1508693475688e-60
758.242                  1.7267612523015e-60
760.24                   1.3862787276317e-60
762.238                  1.1129324960951e-60
764.236                  8.9348463348388e-61
766.234                  7.1730746749944e-61
768.232                  5.7586888867262e-61
770.23                   4.6231914759943e-61
772.228                  3.7115912743567e-61
774.226                  2.9797402637141e-61
776.224                  2.3921955255534e-61
778.222                  1.9205027707162e-61
780.22                   1.5418183225117e-61
782.218                  1.2378028169916e-61
784.216                  9.9373304323974e-62
786.214                  7.9778891085952e-62
788.212                  6.4048101310529e-62
790.21                   5.1419106302998e-62
792.208                  4.1280294636373e-62
794.206                  3.3140652333091e-62
796.204                  2.6605983478011e-62
798.202                  2.1359819647406e-62
800.2                    1.7148093613859e-62
802.198                  1.3766835087738e-62
804.196                  1.1052292610521e-62
806.194                  8.87300321171e-63
808.192                  7.1234257696058e-63
810.19                   5.718829745054e-63
812.188                  4.5911917538974e-63
814.186                  3.6859012526622e-63
816.184                  2.9591157966432e-63
818.182                  2.3756377878055e-63
820.18                   1.9072098852135e-63
822.178                  1.5311465261782e-63
824.176                  1.2292352838582e-63
826.174                  9.868548550043e-64
828.172                  7.9226696274846e-64
830.17                   6.3604788189438e-64
832.168                  5.106320559662e-64
834.166                  4.0994570377889e-64
836.164                  3.291126714103e-64
838.162                  2.6421828423709e-64
840.16                   2.1211976259084e-64
842.158                  1.7029401962667e-64
844.156                  1.3671547038522e-64
846.154                  1.0975793444554e-64
848.152                  8.8115881398121e-65
850.15                   7.0741205123715e-65
852.148                  5.6792464910442e-65
854.146                  4.5594135199749e-65
856.144                  3.6603890461368e-65
858.142                  2.9386340831731e-65
860.14                   2.3591946555246e-65
862.138                  1.8940090072888e-65
864.136                  1.5205485953821e-65
866.134                  1.2207270514665e-65
868.132                  9.8002427459911e-66
870.13                   7.8678323516276e-66
872.128                  6.3164543489129e-66
874.126                  5.0709768280266e-66
876.124                  4.0710823778546e-66
878.122                  3.2683469653574e-66
880.12                   2.6238948010654e-66
882.118                  2.1065156178437e-66
884.116                  1.6911531843494e-66
886.114                  1.3576918531763e-66
888.112                  1.0899823772562e-66
890.11                   8.7505981563458e-67
892.108                  7.0251565246958e-67
894.106                  5.6399372151137e-67
896.104                  4.5278552411769e-67
898.102                  3.6350534240199e-67
900.1                    2.9182941352277e-67
902.098                  2.3428653354684e-67
904.096                  1.8808995001182e-67
906.094                  1.5100240188782e-67
908.092                  1.2122777093919e-67
910.09                   9.7324097254555e-68
912.088                  7.8133746361594e-68
914.086                  6.2727345979658e-68
916.084                  5.0358777315047e-68
918.082                  4.0429041166043e-68
920.08                   3.245724890385e-68
922.078                  2.6057333447652e-68
924.076                  2.0919352366114e-68
926.074                  1.6794477630574e-68
928.072                  1.3482945086512e-68
930.07                   1.0824380046525e-68
932.068                  8.6900304815196e-69
934.066                  6.9765316702903e-69
936.064                  5.6009003347769e-69
938.062                  4.4965158313034e-69
940.06                   3.6098937703721e-69
942.058                  2.8980958142372e-69
944.056                  2.3266502110649e-69
946.054                  1.8678823590514e-69
948.052                  1.4995745513138e-69
950.05                   1.2038899943911e-69
952.048                  9.6650899182141e-70
954.046                  7.7593545936605e-70
956.044                  6.2294018765409e-70
958.042                  5.0011389082534e-70
960.04                   4.0150839695012e-70
962.038                  3.2234860512695e-70
964.036                  2.5880126202422e-70
966.034                  2.0778936334274e-70
968.032                  1.6684319668778e-70
970.03                   1.3398081898829e-70
972.028                  1.076121903996e-70
974.026                  8.6462337700846e-71
976.024                  6.9509851276682e-71
978.022                  5.5937780356118e-71
980.02                   4.5094628355229e-71
982.018                  3.6463719426197e-71
984.016                  2.9639797494383e-71
986.014                  2.4312517745594e-71
988.012                  2.025797364343e-71
990.01                   1.7342946197004e-71
992.008                  1.5556679381114e-71
994.006                  1.5118810937421e-71
996.004                  1.684747983739e-71
998.002                  2.3652804439864e-71
1000                     4.8670680850321e-71
1002                     1.0662277887108e-70
1004                     1.7486700100126e-70
1006                     2.3883255155282e-70
1008                     2.8870408873012e-70
1010                     3.204064002553e-70
1012                     3.34127593525e-70
1014                     3.3248102772821e-70
1016                     3.1906565045305e-70
1018                     2.9754643868406e-70
1020                     2.7116053165755e-70
1022                     2.4251423747389e-70
1024                     2.1355534956273e-70
1026                     1.8563773682708e-70
1028                     1.596246407289e-70
1030                     1.3599925169924e-70
1032                     1.1496613630454e-70
1034                     9.6536474843183e-71
1036                     8.0595497565644e-71
1038                     6.6953341015853e-71
1040                     5.5381784642818e-71
1042                     4.5639652480214e-71
1044                     3.7489511937632e-71
1046                     3.0707936516329e-71
1048                     2.5091172533599e-71
1050                     2.0457640715749e-71
1052                     1.6648347520644e-71
1054                     1.3525989432218e-71
1056                     1.0973304500271e-71
1058                     8.8910514422839e-72
1060                     7.1958680830395e-72
1062                     5.8181683045481e-72
1064                     4.7001716153877e-72
1066                     3.7941149449034e-72
1068                     3.0606667637388e-72
1070                     2.467544837946e-72
1072                     1.9883276112196e-72
1074                     1.6014430013668e-72
1076                     1.2893155756436e-72
1078                     1.0376524177515e-72
1080                     8.3484867055416e-73
1082                     6.7149515663266e-73
1084                     5.3997226093278e-73
1086                     4.3411615978025e-73
1088                     3.4894534676196e-73
1090                     2.8043715101389e-73
1092                     2.2534552262009e-73
1094                     1.8105275599166e-73
1096                     1.4544903525762e-73
1098                     1.1683472588393e-73
1100                     9.3841219273043e-74
1102                     7.5366879569117e-74
1104                     6.0525262230608e-74
1106                     4.860328927086e-74
1108                     3.9027492144461e-74
1110                     3.1336784120275e-74
1112                     2.516051192754e-74
1114                     2.0200772086049e-74
1116                     1.621816966381e-74
1118                     1.3020353864202e-74
1120                     1.0452792210801e-74
1122                     8.3913484834404e-75
1124                     6.736313362605e-75
1126                     5.407604587483e-75
1128                     4.3409083061874e-75
1130                     3.4845776350251e-75
1132                     2.79714024111e-75
1134                     2.2452956439379e-75
1136                     1.8023062185643e-75
1138                     1.4467046492292e-75
1140                     1.1612556980795e-75
1142                     9.3212232404725e-76
1144                     7.4819598226805e-76
1146                     6.0055881562455e-76
1148                     4.8205178930451e-76
1150                     3.8692791705904e-76
1152                     3.1057382636358e-76
1154                     2.4928620416114e-76
1156                     2.0009231258583e-76
1158                     1.6060589166896e-76
1160                     1.2891147546356e-76
1162                     1.0347152131241e-76
1164                     8.3051855114848e-77
1166                     6.6661821484499e-77
1168                     5.3506239297771e-77
1170                     4.2946834611547e-77
1172                     3.4471281841272e-77
1174                     2.766835259047e-77
1176                     2.2207967407174e-77
1178                     1.7825183311263e-77
1180                     1.4307340675108e-77
1182                     1.1483746174436e-77
1184                     9.2173914668179e-78
1186                     7.3983059524406e-78
1188                     5.9382212046537e-78
1190                     4.7662882635438e-78
1192                     3.8256400455991e-78
1194                     3.0706321104353e-78
1196                     2.4646279277818e-78
1198                     1.978221199238e-78
1200                     1.5878089899763e-78
1202                     1.2744464434107e-78
1204                     1.0229275120384e-78
1206                     8.2104710255014e-79
1208                     6.5900883466034e-79
1210                     5.2894967779321e-79
1212                     4.2455840040036e-79
1214                     3.4076931836082e-79
1216                     2.7351648239924e-79
1218                     2.1953637698531e-79
1220                     1.7620955701177e-79
1222                     1.4143353787885e-79
1224                     1.1352077110137e-79
1226                     9.1116754774403e-80
1228                     7.3134305243911e-80
1230                     5.8700800527603e-80
1232                     4.7115835473274e-80
1234                     3.7817233863502e-80
1236                     3.0353768192568e-80
1238                     2.4363263329668e-80
1240                     1.9555021535614e-80
1242                     1.5695715994394e-80
1244                     1.259806833187e-80
1246                     1.0111760688107e-80
1248                     8.1161413428402e-81
1250                     6.5143699270359e-81
1252                     5.2287181105241e-81
1254                     4.1967977262118e-81
1256                     3.3685332960981e-81
1258                     2.7037320472015e-81
1260                     2.1701334993408e-81
1262                     1.7418439784857e-81
1264                     1.3980800883591e-81
1266                     1.1221601655579e-81
1268                     9.0069477716203e-82
1270                     7.2293697860521e-82
1272                     5.802608021541e-82
1274                     4.6574266890522e-82
1276                     3.73825411717e-82
1278                     3.000486053017e-82
1280                     2.4083211735101e-82
1282                     1.9330237719682e-82
1284                     1.5515293143629e-82
1286                     1.2453251977655e-82
1288                     9.9955239812209e-83
1290                     8.022844134737e-83
1292                     6.4394851225728e-83
1294                     5.1686120188995e-83
1296                     4.1485537554874e-83
1298                     3.3298104387969e-83
1300                     2.6726512918768e-83
1302                     2.1451866575644e-83
1304                     1.7218205040011e-83
1306                     1.3820083379467e-83
1308                     1.1092602517304e-83
1310                     8.9034072517972e-84
1312                     7.1462635168856e-84
1314                     5.7359032110017e-84
1316                     4.6038864314897e-84
1318                     3.6952803231929e-84
1320                     2.9659933772567e-84
1322                     2.3806358229009e-84
1324                     1.9108022844014e-84
1326                     1.5336933665649e-84
1328                     1.2310092790268e-84
1330                     9.8806181078566e-85
1332                     7.9306156217801e-85
1334                     6.3654584612922e-85
1336                     5.1091949670911e-85
1338                     4.1008630202395e-85
1340                     3.2915317615671e-85
1342                     2.6419271464615e-85
1344                     2.1205261114382e-85
1346                     1.7020268689896e-85
1348                     1.366121099419e-85
1350                     1.0965084583844e-85
1352                     8.8010557761046e-86
1354                     7.0641117431198e-86
1356                     5.6699646029016e-86
1358                     4.5509612201597e-86
1360                     3.6528002338146e-86
1362                     2.9318969998993e-86
1364                     2.3532685796447e-86
1366                     1.8888361385468e-86
1368                     1.5160623777157e-86
1370                     1.2168578767671e-86
1372                     9.7670327686288e-87
1374                     7.8394470648066e-87
1376                     6.2922825936541e-87
1378                     5.0504608183424e-87
1380                     4.0537204262358e-87
1382                     3.2536930559604e-87
1384                     2.6115561482398e-87
1386                     2.0961490214641e-87
1388                     1.682460751663e-87
1390                     1.3504164789321e-87
1392                     1.0839032439635e-87
1394                     8.6998808190073e-88
1396                     6.9829043031635e-88
1398                     5.6047839644603e-88
1400                     4.498644392709e-88
1402                     3.6108084629783e-88
1404                     2.898192570508e-88
1406                     2.326215932488e-88
1408                     1.8671225023568e-88
1410                     1.4986340649283e-88
1412                     1.2028691517175e-88
1414                     9.6547531516464e-89
1416                     7.7493265403066e-89
1418                     6.2199479246177e-89
1420                     4.9924018537248e-89
1422                     4.0071197654927e-89
1424                     3.216289330359e-89
1426                     2.5815342844654e-89
1428                     2.0720521623986e-89
1430                     1.663119560153e-89
1432                     1.3348923939065e-89
1434                     1.0714429353144e-89
1436                     8.5998689398139e-90
1438                     6.9026304009621e-90
1440                     5.5403526246428e-90
1442                     4.4469289853772e-90
1444                     3.5692994184216e-90
1446                     2.8648755984719e-90
1448                     2.2994742756406e-90
1450                     1.845658480652e-90
1452                     1.4814061036858e-90
1454                     1.1890412376087e-90
1456                     9.5437642737969e-91
1458                     7.660242019611e-91
1460                     6.1484447976268e-91
1462                     4.9350103211735e-91
1464                     3.9610548149489e-91
1466                     3.1793155892122e-91
1468                     2.5518575450308e-91
1470                     2.0482323152273e-91
1472                     1.6440007105062e-91
1474                     1.319546770184e-91
1476                     1.0591258675108e-91
1478                     8.5010067742721e-92
1480                     6.8232793091976e-92
1482                     5.4766619728183e-92
1484                     4.3958080866015e-92
1486                     3.5282675524137e-92
1488                     2.8319416307912e-92
1490                     2.2730400348244e-92
1492                     1.8244412044859e-92
1494                     1.4643761911933e-92
1496                     1.1753722860792e-92
1498                     9.4340512990545e-93
1500                     7.5721815944868e-93
1502                     6.0777636544789e-93
1504                     4.8782785487605e-93
1506                     3.9155194167116e-93
1508                     3.1427668898779e-93
1510                     2.5225219627202e-93
1512                     2.0246862956652e-93
1514                     1.6251016468589e-93
1516                     1.3043775563047e-93
1518                     1.0469503939525e-93
1520                     8.4032811059894e-94
1522                     6.7448404197731e-94
1524                     5.4137034944338e-94
1526                     4.3452748622076e-94
1528                     3.4877073795321e-94
1530                     2.7993862646154e-94
1532                     2.246909676112e-94
1534                     1.8034678373688e-94
1536                     1.4475420507564e-94
1538                     1.1618604697521e-94
1540                     9.3255995600759e-95
1542                     7.4851334922727e-95
1544                     6.0078950459126e-95
1546                     4.8221989520917e-95
1548                     3.8705074832114e-95
1550                     3.1066383462049e-95
1552                     2.4935236156945e-95
1554                     2.0014109558722e-95
1556                     1.6064198426169e-95
1558                     1.2893827243136e-95
1560                     1.034914886914e-95
1562                     8.306678870128e-96
1564                     6.6673032462789e-96
1566                     5.351468772641e-96
1568                     4.2953225564682e-96
1570                     3.4476134773375e-96
1572                     2.7672051476603e-96
1574                     2.2210797061721e-96
1576                     1.7827355754024e-96
1578                     1.4309014318462e-96
1580                     1.1485039822565e-96
1582                     9.218394558161e-97
1584                     7.3990860756963e-97
1586                     5.9388296313618e-97
1588                     4.7667640340349e-97
1590                     3.8260129969364e-97
1592                     3.0709251282875e-97
1594                     2.4648586272721e-97
1596                     1.9784031842646e-97
1598                     1.5879528002966e-97
1600                     1.2745602696296e-97
1602                     1.0230177374395e-97
1604                     8.2111871525796e-98
1606                     6.5906574233552e-98
1608                     5.2899494878091e-98
1610                     4.2459444917377e-98
1612                     3.4079804861089e-98
1614                     2.7353939780247e-98
1616                     2.1955466721517e-98
1618                     1.7622416472129e-98
1620                     1.4144521100703e-98
1622                     1.1353010382283e-98
1624                     9.1124219634687e-99
1626                     7.3140278432501e-99
1628                     5.8705581794391e-99
1630                     4.7119663852801e-99
1632                     3.7820300110358e-99
1634                     3.0356224630923e-99
1636                     2.4365231665605e-99
1638                     1.9556599061404e-99
1640                     1.5696980521343e-99
1642                     1.2599082116328e-99
1644                     1.0112573559008e-99
1646                     8.1167931952409e-100
1648                     6.5148927116491e-100
1650                     5.2291374221676e-100
1652                     4.197134072784e-100
1654                     3.3688031128696e-100
1656                     2.7039485079194e-100
1658                     2.1703071651213e-100
1660                     1.7419833171279e-100
1662                     1.3981918900972e-100
1664                     1.122249875997e-100
1666                     9.0076676396851e-101
1668                     7.2299474517982e-101
1670                     5.803071588635e-101
1672                     4.6577987032715e-101
1674                     3.7385526666241e-101
1676                     3.0007256502605e-101
1678                     2.4085134628795e-101
1680                     1.9331780968327e-101
1682                     1.5516531720771e-101
1684                     1.2454246045901e-101
1686                     9.996321819507e-102
1688                     8.023484486647e-102
1690                     6.4399990803237e-102
1692                     5.1690245348912e-102
1694                     4.1488848551021e-102
1696                     3.3300761935269e-102
1698                     2.6728646001819e-102
1700                     2.1453578714646e-102
1702                     1.7219579318983e-102
1704                     1.3821186481299e-102
1706                     1.1093487961934e-102
1708                     8.9041179949075e-103
1710                     7.146834035465e-103
1712                     5.7363611771029e-103
1714                     4.6042540555276e-103
1716                     3.6955754320377e-103
1718                     2.9662302794892e-103
1720                     2.3808260032596e-103
1722                     1.9109549611395e-103
1724                     1.5338159387903e-103
1726                     1.2311076857391e-103
1728                     9.8814081904563e-104
1730                     7.931249983976e-104
1732                     6.3659678171033e-104
1734                     5.1096039704327e-104
1736                     4.1011914608358e-104
1738                     3.2917955248408e-104
1740                     2.6421389839783e-104
1742                     2.1206962592991e-104
1744                     1.7021635441827e-104
1746                     1.366230898219e-104
1748                     1.0965966761289e-104
1750                     8.8017646537201e-105
1752                     7.0646814492068e-105
1754                     5.6704225370103e-105
1756                     4.5513293804538e-105
1758                     3.6530962825258e-105
1760                     2.9321351185491e-105
1762                     2.3534601555285e-105
1764                     1.8889903157757e-105
1766                     1.5161864995436e-105
1768                     1.2169578406557e-105
1770                     9.7678381950309e-106
1772                     7.840096325922e-106
1774                     6.2928062536675e-106
1776                     5.0508834328832e-106
1778                     4.0540617260512e-106
1780                     3.2539688971849e-106
1782                     2.6117792752968e-106
1784                     2.0963296795692e-106
1786                     1.6826071785928e-106
1788                     1.350535299873e-106
1790                     1.083999788558e-106
1792                     8.7006663883183e-107
1794                     6.9835445174941e-107
1796                     5.6053066221465e-107
1798                     4.4990718874223e-107
1800                     3.6111588428929e-107
1802                     2.8984803891199e-107
1804                     2.3264529321414e-107
1806                     1.8673181634394e-107
1808                     1.4987960471935e-107
1810                     1.2030036489751e-107
1812                     9.6558734039571e-108
1814                     7.7502626861829e-108
1816                     6.2207329053175e-108
1818                     4.9930624207056e-108
1820                     4.0076776734377e-108
1822                     3.2167622973748e-108
1824                     2.5819367651586e-108
1826                     2.0723959705418e-108
1828                     1.6634143704302e-108
1830                     1.3351461464179e-108
1832                     1.0716621618712e-108
1834                     8.6017698147434e-109
1836                     6.9042844322417e-109
1838                     5.5417967569323e-109
1840                     4.448193952246e-109
1842                     3.570410869035e-109
1844                     2.8658550110116e-109
1846                     2.300339698716e-109
1848                     1.8464251358908e-109
1850                     1.4820868762138e-109
1852                     1.1896470759188e-109
1854                     9.5491666990424e-110
1856                     7.665068442987e-110
1858                     6.152763938026e-110
1860                     4.9388814612869e-110
1862                     3.9645292849944e-110
1864                     3.1824379925727e-110
1866                     2.5546667735559e-110
1868                     2.0507623928137e-110
1870                     1.6462814962181e-110
1872                     1.3216045462448e-110
1874                     1.0609838327202e-110
1876                     8.5177936269796e-111
1878                     6.8384555051507e-111
1880                     5.4903894681831e-111
1882                     4.4082311890716e-111
1884                     3.5395150909944e-111
1886                     2.8421288178712e-111
1888                     2.2822700702103e-111
1890                     1.8328066622762e-111
1892                     1.4719602232326e-111
1894                     1.1822496699066e-111
1896                     9.4964318436287e-112
1898                     7.6287754723486e-112
1900                     6.1291179872153e-112
1902                     4.9248871740737e-112
1904                     3.9578283889085e-112
1906                     3.1811793551362e-112
1908                     2.5574024902974e-112
1910                     2.0563647340691e-112
1912                     1.6538765638993e-112
1914                     1.3305193135166e-112
1916                     1.0707038988197e-112
1918                     8.6191528407745e-113
1920                     6.9410603381091e-113
1922                     5.5920952953095e-113
1924                     4.5074923669516e-113
1926                     3.6352506756236e-113
1928                     2.9336162621497e-113
1930                     2.369061243962e-113
1932                     1.9146616666209e-113
1934                     1.5487953761346e-113
1936                     1.2540967651082e-113
1938                     1.0166177071968e-113
1940                     8.251539965398e-114
1942                     6.7070463714218e-114
1944                     5.4603777110295e-114
1946                     4.4534220685211e-114
1948                     3.6394766010399e-114
1950                     2.9810015251782e-114
1952                     2.4478168774626e-114
1954                     2.015654714378e-114
1956                     1.6649966499672e-114
1958                     1.3801404610508e-114
1960                     1.1484505928567e-114
1962                     9.5975630995932e-115
1964                     8.0586839131673e-115
1966                     6.8019101089148e-115
1968                     5.7741005547638e-115
1970                     4.9324283256842e-115
1972                     4.2423709301766e-115
1974                     3.6760967994038e-115
1976                     3.2111703286595e-115
1978                     2.8295131741567e-115
1980                     2.5165719091277e-115
1982                     2.2606521360394e-115
1984                     2.0523872247075e-115
1986                     1.8843163963328e-115
1988                     1.7505522268077e-115
1990                     1.6465220706517e-115
1992                     1.5687716421105e-115
1994                     1.5148222396123e-115
1996                     1.483076060479e-115
1998                     1.4727669261322e-115
2000                     5.0227371921616e-112
2002                     1.0973573396055e-111
2004                     1.161552722778e-111
2006                     1.1984952961984e-111
2008                     1.2110570341314e-111
2010                     1.202804662531e-111
2012                     1.177519152249e-111
2014                     1.1388751691998e-111
2016                     1.0902460586016e-111
2018                     1.0346012278723e-111
2020                     9.7446779615709e-112
2022                     9.1193434323967e-112
2024                     8.486802084814e-112
2026                     7.8601853653725e-112
2028                     7.2494501976776e-112
2030                     6.661871173769e-112
2032                     6.1025058355818e-112
2034                     5.5746157217124e-112
2036                     5.0800355201547e-112
2038                     4.6194888944591e-112
2040                     4.1928533317318e-112
2042                     3.7993784543681e-112
2044                     3.4378632045725e-112
2046                     3.1067975555773e-112
2048                     2.8044742093957e-112
2050                     2.5290753015678e-112
2052                     2.2787385769975e-112
2054                     2.051606909713e-112
2056                     1.845864463052e-112
2058                     1.6597622535158e-112
2060                     1.4916354049931e-112
2062                     1.3399139648529e-112
2064                     1.2031287984148e-112
2066                     1.0799137794265e-112
2068                     9.6900524557262e-113
2070                     8.6923948344463e-113
2072                     7.7954884052063e-113
2074                     6.9895692670332e-113
2076                     6.2657325955446e-113
2078                     5.6158762094085e-113
2080                     5.0326432437961e-113
2082                     4.50936538585e-113
2084                     4.0400077075099e-113
2086                     3.6191158062765e-113
2088                     3.2417657154193e-113
2090                     2.9035168561337e-113
2092                     2.6003681625753e-113
2094                     2.3287174062621e-113
2096                     2.0853236708987e-113
2098                     1.8672728756641e-113
2100                     1.6719462092173e-113
2102                     1.4969913140208e-113
2104                     1.3402960477945e-113
2106                     1.1999646434801e-113
2108                     1.0742960890323e-113
2110                     9.6176455212676e-114
2112                     8.6100168131131e-114
2114                     7.7078062332626e-114
2116                     6.9000160560057e-114
2118                     6.1767894278384e-114
2120                     5.5292933622326e-114
2122                     4.9496134526989e-114
2124                     4.430659190038e-114
2126                     3.966078862738e-114
2128                     3.5501831076808e-114
2130                     3.1778762611836e-114
2132                     2.8445947376638e-114
2134                     2.5462517348359e-114
2136                     2.2791876303999e-114
2138                     2.0401254958759e-114
2140                     1.8261312087566e-114
2142                     1.6345776948678e-114
2144                     1.4631128789488e-114
2146                     1.3096309634054e-114
2148                     1.1722466931803e-114
2150                     1.049272299105e-114
2152                     9.3919684319434e-115
2154                     8.4066771743176e-115
2156                     7.5247407292155e-115
2158                     6.7353197911175e-115
2160                     6.028711333396e-115
2162                     5.3962295944636e-115
2164                     4.8300995083309e-115
2166                     4.3233612827381e-115
2168                     3.8697849622503e-115
2170                     3.4637939342441e-115
2172                     3.1003964438807e-115
2174                     2.7751242812607e-115
2176                     2.4839778909993e-115
2178                     2.2233772325786e-115
2180                     1.9901177898329e-115
2182                     1.7813311906972e-115
2184                     1.5944499545923e-115
2186                     1.4271759352424e-115
2188                     1.2774520718782e-115
2190                     1.1434371022532e-115
2192                     1.0234829271478e-115
2194                     9.1611434850498e-116
2196                     8.2001093242579e-116
2198                     7.3399077429668e-116
2200                     6.5699596664542e-116
2202                     5.8807959120837e-116
2204                     5.2639407539425e-116
2206                     4.7118077007597e-116
2208                     4.2176062063355e-116
2210                     3.7752581659776e-116
2212                     3.3793231726023e-116
2214                     3.0249316137589e-116
2216                     2.7077247871762e-116
2218                     2.4238012986392e-116
2220                     2.1696690832225e-116
2222                     1.9422024600034e-116
2224                     1.7386036922381e-116
2226                     1.5563685803715e-116
2228                     1.3932556648145e-116
2230                     1.2472586598041e-116
2232                     1.1165817793761e-116
2234                     9.9961765204463e-117
2236                     8.9492755260204e-117
2238                     8.0122370794885e-117
2240                     7.1735345936021e-117
2242                     6.422850864245e-117
2244                     5.7509511832169e-117
2246                     5.1495697639763e-117
2248                     4.61130808362e-117
2250                     4.129543890913e-117
2252                     3.6983497613338e-117
2254                     3.312420197522e-117
2256                     2.96700637859e-117
2258                     2.6578577558351e-117
2260                     2.3811697765789e-117
2262                     2.1335370932295e-117
2264                     1.9119116821201e-117
2266                     1.7135653570628e-117
2268                     1.5360562166023e-117
2270                     1.3771986123385e-117
2272                     1.2350362689922e-117
2274                     1.1078182256541e-117
2276                     9.939773023588e-118
2278                     8.9211082718907e-118
2280                     8.0096338692451e-118
2282                     7.1941138914493e-118
2284                     6.4644924598903e-118
2286                     5.8117700972583e-118
2288                     5.2278930817037e-118
2290                     4.7056544398327e-118
2292                     4.2386053623484e-118
2294                     3.820975954672e-118
2296                     3.4476043501214e-118
2298                     3.1138733166141e-118
2300                     2.8156535807176e-118
2302                     2.5492531763585e-118
2304                     2.3113722007231e-118
2306                     2.0990624278212e-118
2308                     1.9096912917738e-118
2310                     1.7409098080138e-118
2312                     1.5906240521029e-118
2314                     1.4569698636251e-118
2316                     1.3382904875108e-118
2318                     1.2331169080919e-118
2320                     1.1401506732841e-118
2322                     1.0582490487375e-118
2324                     9.8641238611336e-119
2326                     9.2377363769322e-119
2328                     8.6959000373469e-119
2330                     8.2323676254434e-119
2332                     7.8420341043546e-119
2334                     7.5209233541276e-119
2336                     7.266203726668e-119
2338                     7.0762375300709e-119
2340                     6.9506717307174e-119
2342                     6.8905801100571e-119
2344                     6.8986711548102e-119
2346                     6.9795815581387e-119
2348                     7.1402830390343e-119
2350                     7.390641233674e-119
2352                     7.7441811299083e-119
2354                     8.2191360649241e-119
2356                     8.8398899219945e-119
2358                     9.6389697283286e-119
2360                     1.0659815801843e-118
2362                     1.1960660315627e-118
2364                     1.3620000268736e-118
2366                     1.57443848582e-118
2368                     1.8479593381012e-118
2370                     2.2026826679236e-118
2372                     2.6666382653022e-118
2374                     3.279261204035e-118
2376                     4.096604401162e-118
2378                     5.1991908720272e-118
2380                     6.7039657782002e-118
2382                     8.7826822725862e-118
2384                     1.1690490793181e-117
2386                     1.581088433071e-117
2388                     2.172714882487e-117
2390                     3.0337242599477e-117
2392                     4.3040636990254e-117
2394                     6.2045758713904e-117
2396                     9.088189457348e-117
2398                     1.3526180209677e-116
2400                     2.0455302477794e-116
2402                     3.1431842328341e-116
2404                     4.9075769485129e-116
2406                     7.7857031255767e-116
2408                     1.2550529728853e-115
2410                     2.055700303376e-115
2412                     3.4212994448489e-115
2414                     5.7857002199655e-115
2416                     9.9415551648119e-115
2418                     1.7357464584881e-114
2420                     3.0792986544439e-114
2422                     5.5507401982594e-114
2424                     1.0166782991228e-113
2426                     1.892124771045e-113
2428                     3.5780759418072e-113
2430                     6.8751614506885e-113
2432                     1.3423006901365e-112
2434                     2.6628719969916e-112
2436                     5.3676517663843e-112
2438                     1.0993903980455e-111
2440                     2.2879846759755e-111
2442                     4.8382449070538e-111
2444                     1.0395757728043e-110
2446                     2.269645432288e-110
2448                     5.034930124611e-110
2450                     1.1349126690577e-109
2452                     2.5993514636641e-109
2454                     6.0492444049222e-109
2456                     1.4304438751646e-108
2458                     3.4369568399957e-108
2460                     8.3909454807163e-108
2462                     2.0815233404954e-107
2464                     5.2466879583895e-107
2466                     1.34376322433e-106
2468                     3.4969855016667e-106
2470                     9.246949314174e-106
2472                     2.4844867638639e-105
2474                     6.7827914265242e-105
2476                     1.8815415038526e-104
2478                     5.3033795250398e-104
2480                     1.5188859942394e-103
2482                     4.4200910165509e-103
2484                     1.3069856278285e-102
2486                     3.926846964956e-102
2488                     1.1988109633186e-101
2490                     3.7186987720392e-101
2492                     1.1721005228074e-100
2494                     3.7538099734424e-100
2496                     1.2215556954925e-99
2498                     4.0391299600919e-99
2500                     1.3570503014146e-98
2502                     4.6327368248728e-98
2504                     1.6069889050893e-97
2506                     5.6639797494029e-97
2508                     2.0284488947048e-96
2510                     7.3814216423762e-96
2512                     2.729288983145e-95
2514                     1.0253983053944e-94
2516                     3.9144363301864e-94
2518                     1.5183763705497e-93
2520                     5.9844356914797e-93
2522                     2.3966274941877e-92
2524                     9.7523984095402e-92
2526                     4.0323284279197e-91
2528                     1.6940800383974e-90
2530                     7.2317851901165e-90
2532                     3.1368277759296e-89
2534                     1.3825135519574e-88
2536                     6.1912976615091e-88
2538                     2.8172639388417e-87
2540                     1.3025876409755e-86
2542                     6.1195563061621e-86
2544                     2.921234908882e-85
2546                     1.4169241207317e-84
2548                     6.9832930932309e-84
2550                     1.7488061675565e-83
2552                     2.6452661389405e-86
2554                     1.3558086902098e-85
2556                     6.9568010981974e-85
2558                     3.5735749312407e-84
2560                     1.8377157270339e-83
2562                     9.4609751984806e-83
2564                     4.8761337417643e-82
2566                     2.5159235864618e-81
2568                     1.2995752064591e-80
2570                     6.7202823581104e-80
2572                     3.4790106403449e-79
2574                     1.8030431746815e-78
2576                     9.3548887746586e-78
2578                     4.8590712047524e-77
2580                     2.5266787687912e-76
2582                     1.3153124525535e-75
2584                     6.8547238794759e-75
2586                     3.5762933220596e-74
2588                     1.8679206833705e-73
2590                     9.7671051493577e-73
2592                     5.1127602522192e-72
2594                     2.6793356716397e-71
2596                     1.4056621697563e-70
2598                     7.3827288917641e-70
2600                     3.881816637475e-69
2602                     2.0433146391122e-68
2604                     1.0767567642907e-67
2606                     5.6804416599108e-67
2608                     3.0000516505458e-66
2610                     1.5861983460563e-65
2612                     8.3959218297581e-65
2614                     4.4489898304096e-64
2616                     2.3601335170787e-63
2618                     1.2534120478444e-62
2620                     6.6639739398294e-62
2622                     3.5469482170652e-61
2624                     1.8899857907128e-60
2626                     1.0081945905074e-59
2628                     5.3840901074898e-59
2630                     2.8784746503141e-58
2632                     1.5406168076156e-57
2634                     8.2548462138509e-57
2636                     4.4279782096109e-56
2638                     2.3778480352545e-55
2640                     1.2783355008799e-54
2642                     6.8799888868921e-54
2644                     3.7069160981033e-53
2646                     1.9994930958879e-52
2648                     1.0797151476518e-51
2650                     5.8368779536757e-51
2652                     3.1588875315209e-50
2654                     1.7114721940133e-49
2656                     9.2829853375019e-49
2658                     5.0406624326731e-48
2660                     2.7401207206007e-47
2662                     1.4911931920819e-46
2664                     8.124193534486e-46
2666                     4.4310713361052e-45
2668                     2.4194650663865e-44
2670                     1.3225500091256e-43
2672                     7.2374734348386e-43
2674                     3.9650073375e-42
2676                     2.1746188131504e-41
2678                     1.1940002543865e-40
2680                     6.5630820029e-40
2682                     3.6115478624937e-39
2684                     1.9895783746676e-38
2686                     1.0972633203373e-37
2688                     6.0581888102289e-37
2690                     3.3485507092463e-36
2692                     1.852904724323e-35
2694                     1.0264349469538e-34
2696                     5.6923540498724e-34
2698                     3.1603451185044e-33
2700                     1.756544883245e-32
2702                     9.7738602314724e-32
2704                     5.4444639930732e-31
2706                     3.0361712849533e-30
2708                     1.6950383949219e-29
2710                     9.4735978318756e-29
2712                     5.3006909203314e-28
2714                     2.9691500897642e-27
2716                     1.6649989139798e-26
2718                     9.3471215518727e-26
2720                     5.2532002839081e-25
2722                     2.9556442547793e-24
2724                     1.6648016400294e-23
2726                     9.3876083443983e-23
2728                     5.2994349119572e-22
2730                     2.9949273751143e-21
2732                     1.6944359669566e-20
2734                     9.5972356855138e-20
2736                     5.4418841474276e-19
2738                     3.4472323343296e-18
2740                     8.1667780323973e-14
2741.9548839583          9.8701985303178e-13
2743.8115212149          5.3955569488427e-12
2745.5748493593          2.7103836858754e-11
2747.2495578322          1.2563753079931e-10
2748.8401003969          5.3954124193986e-10
2750.3507069837          2.1546939691828e-09
2751.7853949391          8.0308539625604e-09
2753.1479797095          2.8030877301397e-08
2754.4420849884          9.1922504277986e-08
2755.671152353           2.8409245183094e-07
2756.8384504171          8.2990258561068e-07
2757.9470835235          2.2979390667791e-06
2759                     6.0471222856909e-06
2760                     7.5821127755953e-06
2761                     5.9161550403589e-09
2762                     1.5213764645039e-08
2763                     3.8094532801004e-08
2764                     9.2878976647638e-08
2765                     2.2049614675495e-07
2766                     5.0969855503868e-07
2767                     1.1472408987806e-06
2768                     2.5143438691815e-06
2769                     5.3656653744138e-06
2770                     1.1149397884393e-05
2771                     2.2558399300619e-05
2772                     4.4442084252909e-05
2773                     8.5253121946915e-05
2774                     0.00015924168790142
2775                     0.00028962461031981
2776                     0.00051291951176494
2777                     0.00088451050645271
2778                     0.0014852689977997
2779                     0.0024286737386921
2780                     0.0038673789458284
2781                     0.0059976472790983
2782                     0.0090596461129263
2783                     0.013331508943875
2784                     0.019115504565471
2785                     0.026715768090806
2786                     0.036408774725515
2787                     0.048409762133423
2788                     0.062840072409521
2789                     0.079701244645665
2790                     0.098861165918845
2791                     0.12005562020155
2792                     0.14290561510428
2793                     0.16694775263613
2794                     0.19167254068048
2795                     0.21656452463881
2796                     0.24113856759108
2797                     0.26496817030339
2798                     0.28770379181047
2799                     0.30908110431814
2800                     0.32892058253481
2801                     0.34712063151937
2802                     0.36364665396801
2803                     0.37851822061348
2804                     0.39179603648916
2805                     0.40356985939757
2806                     0.41394803648539
2807                     0.42304893621075
2808                     0.43099428028118
2809                     0.43790421228223
2810                     0.443893854342
2811                     0.44907107587272
2812                     0.45353520773927
2813                     0.45737646456668
2814                     0.46067587575513
2815                     0.46350556479016
2816                     0.46592925246926
2817                     0.46800289075155
2818                     0.469775359501
2819                     0.47128917865158
2820                     0.47258120389433
2821                     0.47368328563071
2822                     0.47462287942128
2823                     0.47542360217293
2824                     0.47610573244291
2825                     0.47668665597157
2826                     0.47718125926975
2827                     0.47760227507194
2828                     0.47796058394538
2829                     0.4782654764805
2830                     0.47852488039969
2831                     0.47874555669453
2832                     0.478933268596
2833                     0.47909292683939
2834                     0.47922871433297
2835                     0.47934419299458
2836                     0.47944239519443
2837                     0.47952590194115
2838                     0.47959690967456
2839                     0.47965728728327
2840                     0.47970862474722
2841                     0.47975227461356
2842                     0.47978938734574
2843                     0.47982094143955
2844                     0.47984776907243
2845                     0.47987057794269
2846                     0.47988996986021
2847                     0.47990645656879
2848                     0.47992047321006
2849                     0.47993238977894
2850                     0.47994252086902
2851                     0.47995113396239
2852                     0.47995845648053
2853                     0.47996468178121
2854                     0.47996997425844
2855                     0.47997447367945
2856                     0.47997829887279
2857                     0.47998155086433
2858                     0.4799843155438
2859                     0.47998666593218
2860                     0.47998866410947
2861                     0.47999036285378
2862                     0.47999180703496
2863                     0.47999303479945
2864                     0.47999407857763
2865                     0.47999496594031
2866                     0.47999572032685
2867                     0.47999636166424
2868                     0.47999690689337
2869                     0.47999737041654
2870                     0.4799977644778
2871                     0.47999809948642
2872                     0.47999838429177
2873                     0.47999862641711
2874                     0.47999883225831
2875                     0.47999900725277
2876                     0.4799991560231
2877                     0.47999928249914
2878                     0.47999939002185
2879                     0.47999948143151
2880                     0.47999955914277
2881                     0.47999962520845
2882                     0.4799996813737
2883                     0.47999972912219
2884                     0.47999976971522
2885                     0.47999980422508
2886                     0.47999983356339
2887                     0.47999985850515
2888                     0.47999987970919
2889                     0.47999989773566
2890                     0.47999991306073
2891                     0.47999992608922
2892                     0.4799999371653
2893                     0.47999994658154
2894                     0.47999995458669
2895                     0.47999996139221
2896                     0.47999996717787
2897                     0.47999997209651
2898                     0.47999997627806
2899                     0.47999997983296
2900                     0.47999998285514
2901                     0.47999998542443
2902                     0.47999998760868
2903                     0.47999998946562
2904                     0.47999999104427
2905                     0.47999999238636
2906                     0.47999999352732
2907                     0.4799999944973
2908                     0.47999999532192
2909                     0.47999999602296
2910                     0.47999999661895
2911                     0.47999999712563
2912                     0.47999999755637
2913                     0.47999999792257
2914                     0.47999999823389
2915                     0.47999999849855
2916                     0.47999999872355
2917                     0.47999999891483
2918                     0.47999999907745
2919                     0.4799999992157
2920                     0.47999999933323
2921                     0.47999999943315
2922                     0.47999999951809
2923                     0.47999999959031
2924                     0.4799999996517
2925                     0.4799999997039
2926                     0.47999999974827
2927                     0.479999999786
2928                     0.47999999981807
2929                     0.47999999984534
2930                     0.47999999986852
2931                     0.47999999988822
2932                     0.47999999990497
2933                     0.47999999991922
2934                     0.47999999993132
2935                     0.47999999994162
2936                     0.47999999995036
2937                     0.4799999999578
2938                     0.47999999996413
2939                     0.4799999999695
2940                     0.47999999997407
2941                     0.47999999997795
2942                     0.47999999998126
2943                     0.47999999998407
2944                     0.47999999998646
2945                     0.47999999998849
2946                     0.47999999999022
2947                     0.47999999999168
2948                     0.47999999999293
2949                     0.47999999999399
2950                     0.47999999999489
2951                     0.47999999999566
2952                     0.47999999999631
2953                     0.47999999999686
2954                     0.47999999999733
2955                     0.47999999999773
2956                     0.47999999999806
2957                     0.47999999999836
2958                     0.4799999999986
2959                     0.4799999999988
2960                     0.47999999999898
2961                     0.47999999999913
2962                     0.47999999999926
2963                     0.47999999999937
2964                     0.47999999999947
2965                     0.47999999999954
2966                     0.47999999999961
2967                     0.47999999999967
2968                     0.47999999999972
2969                     0.47999999999976
2970                     0.47999999999979
2971                     0.47999999999982
2972                     0.47999999999985
2973                     0.47999999999987
2974                     0.47999999999989
2975                     0.47999999999991
2976                     0.47999999999992
2977                     0.47999999999993
2978                     0.47999999999995
2979                     0.47999999999995
2980                     0.47999999999996
2981                     0.47999999999996
2982                     0.47999999999997
2983                     0.47999999999997
2984                     0.47999999999997
2985                     0.47999999999997
2986                     0.47999999999997
2987                     0.47999999999997
2988                     0.47999999999997
2989                     0.47999999999997
2990                     0.47999999999997
2991                     0.47999999999997
2992                     0.47999999999997
2993                     0.47999999999998
2994                     0.47999999999998
2995                     0.47999999999998
2996                     0.47999999999998
2997                     0.47999999999998
2998                     0.47999999999998
2999                     0.47999999999998
3000                     0.47999999999998
3001                     0.47999999999998
3002                     0.47999999999997
3003                     0.47999999999997
3004                     0.47999999999997
3005                     0.47999999999997
3006                     0.47999999999997
3007                     0.47999999999997
3008                     0.47999999999997
3009                     0.47999999999997
3010                     0.47999999999997
3011                     0.47999999999997
3012                     0.47999999999997
3013                     0.47999999999997
3014                     0.47999999999997
3015                     0.47999999999997
3016                     0.47999999999997
3017                     0.47999999999996
3018                     0.47999999999996
3019                     0.47999999999996
3020                     0.47999999999996
3021                     0.47999999999996
3022                     0.47999999999996
3023                     0.47999999999996
3024                     0.47999999999997
3025                     0.47999999999997
3026                     0.47999999999996
3027                     0.47999999999996
3028                     0.47999999999997
3029                     0.47999999999997
3030                     0.47999999999997
3031                     0.47999999999997
3032                     0.47999999999997
3033                     0.47999999999997
3034                     0.47999999999997
3035                     0.47999999999997
3036                     0.47999999999997
3037                     0.47999999999997
3038                     0.47999999999997
3039                     0.47999999999997
3040                     0.47999999999998
3041                     0.47999999999998
3042                     0.47999999999999
3043                     0.47999999999999
3044                     0.47999999999999
3045                     0.47999999999999
3046                     0.47999999999999
3047                     0.47999999999999
3048                     0.47999999999999
3049                     0.47999999999999
3050                     0.47999999999999
3051                     0.48
3052                     0.48
3053                     0.48000000000001
3054                     0.48000000000001
3055                     0.48000000000001
3056                     0.48000000000002
3057                     0.48000000000002
3058                     0.48000000000002
3059                     0.48000000000002
3060                     0.48000000000002
3061                     0.48000000000002
3062                     0.48000000000002
3063                     0.48000000000002
3064                     0.48000000000002
3065                     0.48000000000001
3066                     0.48000000000001
3067                     0.48000000000001
3068                     0.48000000000001
3069                     0.48000000000001
3070                     0.48000000000001
3071                     0.48000000000001
3072                     0.48000000000001
3073                     0.48000000000001
3074                     0.48000000000001
3075                     0.48000000000001
3076                     0.48000000000001
3077                     0.48
3078                     0.48
3079                     0.47999999999999
3080                     0.47999999999999
3081                     0.47999999999999
3082                     0.47999999999999
3083                     0.47999999999999
3084                     0.47999999999999
3085                     0.47999999999999
3086                     0.47999999999999
3087                     0.47999999999999
3088                     0.47999999999999
3089                     0.47999999999999
3090                     0.47999999999998
3091                     0.47999999999998
3092                     0.47999999999998
3093                     0.47999999999998
3094                     0.47999999999998
3095                     0.47999999999998
3096                     0.47999999999997
3097                     0.47999999999997
3098                     0.47999999999997
3099                     0.47999999999997
3100                     0.47999999999998
3101                     0.47999999999998
3102                     0.47999999999998
3103                     0.47999999999998
3104                     0.47999999999998
3105                     0.47999999999998
3106                     0.47999999999999
3107                     0.47999999999999
3108                     0.47999999999999
3109                     0.47999999999999
3110                     0.48
3111                     0.48
3112                     0.48
3113                     0.48000000000001
3114                     0.48000000000001
3115                     0.48000000000002
3116                     0.48000000000002
3117                     0.48000000000002
3118                     0.48000000000003
3119                     0.48000000000003
3120                     0.48000000000003
3121                     0.48000000000003
3122                     0.48000000000003
3123                     0.48000000000002
3124                     0.48000000000002
3125                     0.48000000000002
3126                     0.48000000000001
3127                     0.48000000000001
3128                     0.48000000000001
3129                     0.48000000000001
3130                     0.48000000000001
3131                     0.48000000000001
3132                     0.48000000000001
3133                     0.48
3134                     0.48
3135                     0.47999999999999
3136                     0.47999999999999
3137                     0.47999999999999
3138                     0.47999999999999
3139                     0.47999999999999
3140                     0.47999999999999
3141                     0.47999999999999
3142                     0.47999999999999
3143                     0.47999999999999
3144                     0.47999999999999
3145                     0.47999999999999
3146                     0.47999999999999
3147                     0.47999999999999
3148                     0.48
3149                     0.48
3150                     0.48
3151                     0.48
3152                     0.47999999999999
3153                     0.47999999999999
3154                     0.47999999999999
3155                     0.47999999999999
3156                     0.47999999999999
3157                     0.47999999999999
3158                     0.47999999999999
3159                     0.47999999999999
3160                     0.47999999999999
3161                     0.47999999999999
3162                     0.47999999999999
3163                     0.48
3164                     0.48
3165                     0.48000000000001
3166                     0.48000000000001
3167                     0.48000000000001
3168                     0.48000000000001
3169                     0.48000000000001
3170                     0.48000000000001
3171                     0.48000000000001
3172                     0.48000000000001
3173                     0.48000000000001
3174                     0.48000000000001
3175                     0.48000000000001
3176                     0.48
3177                     0.48
3178                     0.48
3179                     0.47999999999999
3180                     0.47999999999999
3181                     0.47999999999999
3182                     0.47999999999999
3183                     0.47999999999999
3184                     0.47999999999999
3185                     0.47999999999999
3186                     0.47999999999999
3187                     0.47999999999999
3188                     0.47999999999998
3189                     0.47999999999998
3190                     0.47999999999998
3191                     0.47999999999998
3192                     0.47999999999998
3193                     0.47999999999998
3194                     0.47999999999998
3195                     0.47999999999999
3196                     0.47999999999999
3197                     0.47999999999999
3198                     0.48
3199                     0.48
3200                     0.48000000000001
3201                     0.48000000000001
3202                     0.48000000000001
3203                     0.48000000000001
3204                     0.48000000000001
3205                     0.48000000000001
3206                     0.48000000000001
3207                     0.48000000000001
3208                     0.48000000000001
3209                     0.48
3210                     0.48
3211                     0.47999999999999
3212                     0.47999999999999
3213                     0.47999999999998
3214                     0.47999999999998
3215                     0.47999999999997
3216                     0.47999999999997
3217                     0.47999999999997
3218                     0.47999999999997
3219                     0.47999999999997
3220                     0.47999999999997
3221                     0.47999999999997
3222                     0.47999999999997
3223                     0.47999999999997
3224                     0.47999999999997
3225                     0.47999999999996
3226                     0.47999999999996
3227                     0.47999999999996
3228                     0.47999999999996
3229                     0.47999999999996
3230                     0.47999999999996
3231                     0.47999999999996
3232                     0.47999999999996
3233                     0.47999999999997
3234                     0.47999999999997
3235                     0.47999999999997
3236                     0.47999999999997
3237                     0.47999999999997
3238                     0.47999999999997
3239                     0.47999999999998
3240                     0.47999999999998
3241                     0.47999999999999
3242                     0.47999999999999
3243                     0.47999999999999
3244                     0.47999999999999
3245                     0.47999999999998
3246                     0.47999999999998
3247                     0.47999999999998
3248                     0.47999999999998
3249                     0.47999999999998
3250                     0.47999999999997
3251                     0.47999999999997
3252                     0.47999999999997
3253                     0.47999999999997
3254                     0.47999999999997
3255                     0.47999999999997
3256                     0.47999999999997
3257                     0.47999999999998
3258                     0.47999999999998
3259                     0.47999999999999
3260                     0.47999999999999
3261                     0.47999999999999
3262                     0.48
3263                     0.48
3264                     0.48000000000001
3265                     0.48000000000001
3266                     0.48000000000001
3267                     0.48000000000001
3268                     0.48000000000001
3269                     0.48000000000001
3270                     0.48000000000002
3271                     0.48000000000002
3272                     0.48000000000001
3273                     0.48000000000001
3274                     0.48000000000001
3275                     0.48000000000001
3276                     0.48
3277                     0.48
3278                     0.48
3279                     0.47999999999999
3280                     0.47999999999999
3281                     0.47999999999999
3282                     0.48
3283                     0.48
3284                     0.48
3285                     0.48000000000001
3286                     0.48000000000001
3287                     0.48000000000001
3288                     0.48000000000001
3289                     0.48000000000001
3290                     0.48
3291                     0.48
3292                     0.48000000000001
3293                     0.48000000000001
3294                     0.48000000000001
3295                     0.48000000000001
3296                     0.48000000000001
3297                     0.48000000000001
3298                     0.48000000000001
3299                     0.48000000000001
3300                     0.48000000000001
3301                     0.48
3302                     0.48
3303                     0.48
3304                     0.48
3305                     0.48
3306                     0.47999999999999
3307                     0.47999999999999
3308                     0.47999999999999
3309                     0.47999999999999
3310                     0.47999999999999
3311                     0.47999999999998
3312                     0.47999999999998
3313                     0.47999999999998
3314                     0.47999999999998
3315                     0.47999999999999
3316                     0.47999999999999
3317                     0.47999999999999
3318                     0.47999999999999
3319                     0.47999999999999
3320                     0.47999999999999
3321                     0.47999999999999
3322                     0.47999999999999
3323                     0.47999999999998
3324                     0.47999999999998
3325                     0.47999999999998
3326                     0.47999999999998
3327                     0.47999999999998
3328                     0.47999999999998
3329                     0.47999999999998
3330                     0.47999999999998
3331                     0.47999999999998
3332                     0.47999999999998
3333                     0.47999999999998
3334                     0.47999999999998
3335                     0.47999999999998
3336                     0.47999999999998
3337                     0.47999999999998
3338                     0.47999999999998
3339                     0.47999999999998
3340                     0.47999999999998
3341                     0.47999999999998
3342                     0.47999999999998
3343                     0.47999999999998
3344                     0.47999999999999
3345                     0.47999999999999
3346                     0.47999999999999
3347                     0.47999999999999
3348                     0.48
3349                     0.48
3350                     0.48000000000001
3351                     0.48000000000001
3352                     0.48000000000001
3353                     0.48000000000001
3354                     0.48000000000001
3355                     0.48000000000001
3356                     0.48
3357                     0.48
3358                     0.48
3359                     0.47999999999999
3360                     0.47999999999999
3361                     0.47999999999999
3362                     0.47999999999999
3363                     0.47999999999999
3364                     0.48
3365                     0.48
3366                     0.48000000000001
3367                     0.48000000000001
3368                     0.48000000000002
3369                     0.48000000000002
3370                     0.48000000000003
3371                     0.48000000000003
3372                     0.48000000000003
3373                     0.48000000000004
3374                     0.48000000000004
3375                     0.48000000000004
3376                     0.48000000000004
3377                     0.48000000000005
3378                     0.48000000000005
3379                     0.48000000000005
3380                     0.48000000000005
3381                     0.48000000000004
3382                     0.48000000000004
3383                     0.48000000000004
3384                     0.48000000000004
3385                     0.48000000000003
3386                     0.48000000000003
3387                     0.48000000000003
3388                     0.48000000000003
3389                     0.48000000000002
3390                     0.48000000000001
3391                     0.48000000000001
3392                     0.48
3393                     0.48
3394                     0.47999999999999
3395                     0.47999999999999
3396                     0.47999999999999
3397                     0.47999999999999
3398                     0.47999999999999
3399                     0.47999999999999
3400                     0.47999999999999
3401                     0.47999999999999
3402                     0.47999999999999
3403                     0.47999999999999
3404                     0.47999999999999
3405                     0.47999999999999
3406                     0.47999999999999
3407                     0.47999999999999
3408                     0.47999999999999
3409                     0.47999999999999
3410                     0.48
3411                     0.48
3412                     0.48000000000001
3413                     0.48000000000001
3414                     0.48000000000001
3415                     0.48000000000001
3416                     0.48000000000001
3417                     0.48000000000001
3418                     0.48000000000001
3419                     0.48000000000001
3420                     0.48
3421                     0.48
3422                     0.48
3423                     0.48
3424                     0.48000000000001
3425                     0.48000000000001
3426                     0.48000000000001
3427                     0.48000000000001
3428                     0.48000000000002
3429                     0.48000000000002
3430                     0.48000000000002
3431                     0.48000000000003
3432                     0.48000000000003
3433                     0.48000000000003
3434                     0.48000000000003
3435                     0.48000000000003
3436                     0.48000000000003
3437                     0.48000000000003
3438                     0.48000000000003
3439                     0.48000000000003
3440                     0.48000000000003
3441                     0.48000000000003
3442                     0.48000000000003
3443                     0.48000000000003
3444                     0.48000000000003
3445                     0.48000000000003
3446                     0.48000000000002
3447                     0.48000000000002
3448                     0.48000000000002
3449                     0.48000000000002
3450                     0.48000000000003
3451                     0.48000000000003
3452                     0.48000000000003
3453                     0.48000000000003
3454                     0.48000000000003
3455                     0.48000000000003
3456                     0.48000000000003
3457                     0.48000000000003
3458                     0.48000000000003
3459                     0.48000000000002
3460                     0.48000000000002
3461                     0.48000000000002
3462                     0.48000000000002
3463                     0.48000000000002
3464                     0.48000000000001
3465                     0.48000000000001
3466                     0.48
3467                     0.48
3468                     0.47999999999999
3469                     0.47999999999999
3470                     0.47999999999999
3471                     0.47999999999999
3472                     0.47999999999999
3473                     0.47999999999999
3474                     0.47999999999999
3475                     0.47999999999999
3476                     0.47999999999999
3477                     0.47999999999999
3478                     0.47999999999999
3479                     0.47999999999998
3480                     0.47999999999998
3481                     0.47999999999998
3482                     0.47999999999998
3483                     0.47999999999998
3484                     0.47999999999998
3485                     0.47999999999998
3486                     0.47999999999998
3487                     0.47999999999998
3488                     0.47999999999998
3489                     0.47999999999999
3490                     0.47999999999999
3491                     0.47999999999999
3492                     0.47999999999999
3493                     0.47999999999999
3494                     0.47999999999999
3495                     0.47999999999999
3496                     0.47999999999999
3497                     0.47999999999999
3498                     0.47999999999999
3499                     0.47999999999999
3500                     0.48
3501                     0.48
3502                     0.48
3503                     0.48
3504                     0.48
3505                     0.48
3506                     0.48
3507                     0.48000000000001
3508                     0.48000000000001
3509                     0.48000000000001
3510                     0.48000000000001
3511                     0.48000000000002
3512                     0.48000000000002
3513                     0.48000000000002
3514                     0.48000000000002
3515                     0.48000000000002
3516                     0.48000000000003
3517                     0.48000000000003
3518                     0.48000000000003
3519                     0.48000000000003
3520                     0.48000000000003
3521                     0.48000000000003
3522                     0.48000000000003
3523                     0.48000000000003
3524                     0.48000000000003
3525                     0.48000000000003
3526                     0.48000000000002
3527                     0.48000000000002
3528                     0.48000000000002
3529                     0.48000000000002
3530                     0.48000000000002
3531                     0.48000000000001
3532                     0.48000000000001
3533                     0.48000000000001
3534                     0.48000000000001
3535                     0.48
3536                     0.48
3537                     0.48
3538                     0.48
3539                     0.48
3540                     0.47999999999999
3541                     0.47999999999999
3542                     0.47999999999999
3543                     0.47999999999998
3544                     0.47999999999998
3545                     0.47999999999998
3546                     0.47999999999997
3547                     0.47999999999997
3548                     0.47999999999996
3549                     0.47999999999995
3550                     0.47999999999994
3551                     0.47999999999993
3552                     0.47999999999992
3553                     0.4799999999999
3554                     0.47999999999988
3555                     0.47999999999986
3556                     0.47999999999982
3557                     0.47999999999979
3558                     0.47999999999975
3559                     0.4799999999997
3560                     0.47999999999965
3561                     0.47999999999958
3562                     0.47999999999951
3563                     0.47999999999942
3564                     0.47999999999931
3565                     0.47999999999919
3566                     0.47999999999904
3567                     0.47999999999887
3568                     0.47999999999867
3569                     0.47999999999844
3570                     0.47999999999817
3571                     0.47999999999784
3572                     0.47999999999746
3573                     0.47999999999702
3574                     0.47999999999649
3575                     0.47999999999587
3576                     0.47999999999515
3577                     0.47999999999429
3578                     0.47999999999328
3579                     0.47999999999209
3580                     0.4799999999907
3581                     0.47999999998905
3582                     0.47999999998712
3583                     0.47999999998485
3584                     0.47999999998218
3585                     0.47999999997903
3586                     0.47999999997534
3587                     0.47999999997099
3588                     0.47999999996587
3589                     0.47999999995985
3590                     0.47999999995278
3591                     0.47999999994445
3592                     0.47999999993466
3593                     0.47999999992314
3594                     0.47999999990959
3595                     0.47999999989366
3596                     0.47999999987492
3597                     0.47999999985286
3598                     0.47999999982693
3599                     0.47999999979642
3600                     0.47999999976054
3601                     0.47999999971833
3602                     0.47999999966868
3603                     0.47999999961027
3604                     0.47999999954157
3605                     0.47999999946076
3606                     0.4799999993657
3607                     0.47999999925389
3608                     0.47999999912237
3609                     0.47999999896767
3610                     0.47999999878569
3611                     0.47999999857164
3612                     0.47999999831985
3613                     0.47999999802368
3614                     0.4799999976753
3615                     0.47999999726552
3616                     0.4799999967835
3617                     0.47999999621651
3618                     0.47999999554957
3619                     0.47999999476508
3620                     0.47999999384229
3621                     0.47999999275685
3622                     0.47999999148007
3623                     0.47999998997824
3624                     0.47999998821167
3625                     0.4799999861337
3626                     0.47999998368944
3627                     0.47999998081433
3628                     0.47999997743241
3629                     0.47999997345435
3630                     0.47999996877506
3631                     0.47999996327094
3632                     0.47999995679659
3633                     0.47999994918099
3634                     0.47999994022296
3635                     0.47999992968587
3636                     0.47999991729137
3637                     0.47999990271206
3638                     0.4799998855628
3639                     0.47999986539059
3640                     0.47999984166256
3641                     0.47999981375192
3642                     0.47999978092138
3643                     0.4799997423037
3644                     0.47999969687876
3645                     0.47999964344663
3646                     0.47999958059586
3647                     0.47999950666619
3648                     0.47999941970472
3649                     0.4799993174143
3650                     0.47999919709286
3651                     0.47999905556201
3652                     0.47999888908314
3653                     0.4799986932586
3654                     0.47999846291558
3655                     0.47999819196943
3656                     0.47999787326299
3657                     0.47999749837751
3658                     0.47999705741025
3659                     0.47999653871295
3660                     0.47999592858415
3661                     0.4799952109073
3662                     0.47999436672506
3663                     0.4799933737386
3664                     0.47999220571869
3665                     0.47999083181296
3666                     0.47998921573108
3667                     0.47998731478643
3668                     0.47998507876886
3669                     0.47998244861887
3670                     0.47997935486821
3671                     0.47997571580584
3672                     0.47997143532081
3673                     0.47996640036536
3674                     0.47996047797129
3675                     0.47995351174114
3676                     0.47994531772189
3677                     0.47993567955269
3678                     0.47992434275917
3679                     0.47991100804469
3680                     0.4798953234027
3681                     0.47987687484385
3682                     0.47985517549553
3683                     0.47982965278984
3684                     0.47979963340656
3685                     0.47976432558071
3686                     0.47972279831733
3687                     0.47967395697802
3688                     0.47961651461363
3689                     0.47954895831193
3690                     0.47946950970786
3691                     0.47937607866347
3692                     0.47926620896329
3693                     0.47913701468691
3694                     0.47898510571004
3695                     0.47880650054946
3696                     0.47859652450146
3697                     0.47834969073113
3698                     0.4780595616508
3699                     0.4777185875858
3700                     0.47731791937441
3701                     0.47684719120019
3702                     0.47629426963428
3703                     0.47564496460906
3704                     0.47488269790532
3705                     0.47398812479142
3706                     0.47293870481034
3707                     0.47170821852034
3708                     0.47026622845692
3709                     0.46857748496839
3710                     0.4666012812356
3711                     0.46429076716522
3712                     0.46159223950276
3713                     0.45844443610584
3714                     0.45477787659969
3715                     0.4505143103789
3716                     0.44556635680466
3717                     0.43983745185028
3718                     0.43322225009182
3719                     0.42560766936403
3720                     0.41687480422785
3721                     0.40690196738189
3722                     0.39556913514318
3723                     0.38276405914102
3724                     0.36839024136358
3725                     0.35237682979733
3726                     0.33469025334323
3727                     0.31534706167441
3728                     0.29442697287178
3729                     0.27208460029157
3730                     0.24855782360859
3731                     0.2241704392628
3732                     0.19932676774536
3733                     0.17449649925836
3734                     0.15018932734967
3735                     0.12692076939044
3736                     0.10517267036849
3737                     0.085353674355297
3738                     0.067765793732631
3739                     0.052582651654374
3740                     0.039842975468908
3741                     0.029459945455337
3742                     0.021243896959595
3743                     0.01493353024331
3744                     0.010229797804772
3745                     0.0068271095676429
3746                     0.0044380498029945
3747                     0.0028098124167609
3748                     0.0017324261417844
3749                     0.0010401589175299
3750                     0.00060813012682085
3751                     0.0003462067125267
3752                     0.00019191581551519
3753                     0.00010359027120758
3754                     5.4445021894472e-05
3755                     2.786296509794e-05
3756                     1.3884360120304e-05
3757                     6.7367976143081e-06
3758                     3.1828053330281e-06
3759                     1.4641835630378e-06
3760                     9.8421437037645
3761                     14.652457040305
3762.0374419527          12.324360334347
3763.1137277578          11.178061488318
3764.2303118051          10.595971535615
3765.3887029394          10.297922818851
3766.5904664997          10.14625958938
3767.8372264344          10.070246108062
3769.1306674955          10.032924359185
3770.4725375156          10.015033352712
3771.8646497695          10.006678204187
3773.3088854244          10.002882970778
3774.8071960824          10.001208225223
3776.3616064171          10.000491049434
3777.9742169099          10.00019326159
3779.6472066885          10.00007333815
3781.3828364711          10.000026120972
3783.1834516219          10.000006728323
3785.05148532            9.9999948135584
3786.9894618473          9.9999756463604
3789                     5.0130986565377
3791                     0
3793                     0
3795                     0
3797                     0
3799                     0
