x[nm]                        Electron_density[1e18_cm^-3]
-9                           0
-7                           0
-5                           0
-3                           0
-1                           0
1                            2.4987445838315
2.998                        4.9999944625516
4.996                        4.9999968014074
6.9939999999999              4.9999981523991
8.9919999999999              4.9999989327717
10.99                        4.9999993835377
12.988                       4.9999996439131
14.986                       4.9999997943138
16.984                       4.9999998811895
18.982                       4.9999999313713
20.98                        4.9999999603579
22.978                       4.9999999771013
24.976                       4.9999999867729
26.974                       4.9999999923594
28.972                       4.9999999955865
30.97                        4.9999999974505
32.968                       4.9999999985274
34.966                       4.9999999991493
36.964                       4.9999999995085
38.962                       4.9999999997159
40.96                        4.9999999998358
42.958                       4.9999999999051
44.956                       4.999999999945
46.954                       4.9999999999682
48.952                       4.9999999999816
50.949999999999              4.9999999999892
52.947999999999              4.9999999999936
54.945999999999              4.9999999999961
56.943999999999              4.9999999999977
58.941999999999              4.9999999999984
60.939999999999              4.999999999999
62.937999999999              4.9999999999994
64.935999999999              4.9999999999998
66.933999999999              4.9999999999999
68.931999999999              4.9999999999999
70.929999999999              4.9999999999999
72.927999999999              4.9999999999999
74.925999999999              4.9999999999999
76.923999999999              5.0000000000001
78.921999999999              5.0000000000001
80.919999999999              5.0000000000001
82.917999999999              5.0000000000001
84.915999999999              5.0000000000001
86.913999999999              5.0000000000001
88.911999999999              5.0000000000001
90.909999999999              5.0000000000001
92.907999999999              5.0000000000001
94.905999999999              5.0000000000001
96.903999999999              4.9999999999999
98.901999999999              4.9999999999999
100.9                        4.9999999999999
102.898                      4.9999999999999
104.896                      5.0000000000001
106.894                      5.0000000000001
108.892                      5.0000000000001
110.89                       5.0000000000001
112.888                      5.0000000000001
114.886                      5.0000000000001
116.884                      4.9999999999999
118.882                      4.9999999999999
120.88                       4.9999999999999
122.878                      5.0000000000001
124.876                      4.9999999999999
126.874                      4.9999999999999
128.872                      4.9999999999999
130.87                       5.0000000000001
132.868                      5.0000000000001
134.866                      5.0000000000001
136.864                      5.0000000000001
138.862                      5.0000000000001
140.86                       5.0000000000001
142.858                      5.0000000000001
144.856                      5.0000000000001
146.854                      5.0000000000001
148.852                      5.0000000000001
150.85                       5.0000000000001
152.848                      5.0000000000001
154.846                      5.0000000000001
156.844                      5.0000000000003
158.842                      5.0000000000001
160.84                       5.0000000000001
162.838                      5.0000000000001
164.836                      5.0000000000001
166.834                      5.0000000000001
168.832                      5.0000000000001
170.83                       5.0000000000001
172.828                      5.0000000000001
174.826                      5.0000000000001
176.824                      5.0000000000001
178.822                      5.0000000000001
180.82                       5.0000000000001
182.818                      5.0000000000001
184.816                      5.0000000000001
186.814                      5.0000000000001
188.812                      5.0000000000003
190.81                       5.0000000000001
192.808                      5.0000000000001
194.806                      5.0000000000001
196.804                      5.0000000000001
198.802                      5.0000000000001
200.8                        5.0000000000001
202.798                      5.0000000000001
204.796                      5.0000000000001
206.794                      4.9999999999999
208.792                      5.0000000000001
210.79                       5.0000000000001
212.788                      5.0000000000001
214.786                      5.0000000000001
216.784                      5.0000000000001
218.782                      5.0000000000001
220.78                       5.0000000000001
222.778                      5.0000000000001
224.776                      5.0000000000001
226.774                      5.0000000000001
228.772                      5.0000000000001
230.77                       5.0000000000001
232.768                      5.0000000000001
234.766                      5.0000000000001
236.764                      5.0000000000001
238.762                      5.0000000000001
240.76                       5.0000000000001
242.758                      5.0000000000001
244.756                      5.0000000000001
246.754                      5.0000000000003
248.752                      5.0000000000001
250.75                       5.0000000000001
252.748                      5.0000000000001
254.746                      5.0000000000001
256.744                      5.0000000000001
258.742                      5.0000000000001
260.74                       5.0000000000001
262.738                      5.0000000000001
264.736                      5.0000000000001
266.734                      4.9999999999999
268.732                      5.0000000000001
270.73                       5.0000000000001
272.728                      5.0000000000001
274.726                      5.0000000000001
276.724                      5.0000000000001
278.722                      5.0000000000001
280.72                       4.9999999999999
282.718                      4.9999999999999
284.716                      4.9999999999999
286.714                      4.9999999999999
288.712                      4.9999999999999
290.71                       5.0000000000001
292.708                      5.0000000000001
294.706                      5.0000000000001
296.704                      5.0000000000001
298.702                      5.0000000000001
300.7                        5.0000000000001
302.698                      5.0000000000001
304.696                      5.0000000000001
306.694                      5.0000000000001
308.692                      5.0000000000001
310.69                       5.0000000000001
312.688                      5.0000000000001
314.686                      5.0000000000001
316.684                      5.0000000000001
318.682                      5.0000000000001
320.68                       5.0000000000001
322.678                      5.0000000000001
324.676                      5.0000000000001
326.674                      5.0000000000001
328.672                      5.0000000000001
330.67                       5.0000000000001
332.668                      5.0000000000001
334.666                      5.0000000000001
336.664                      5.0000000000001
338.662                      5.0000000000001
340.66                       5.0000000000001
342.658                      5.0000000000001
344.656                      5.0000000000001
346.654                      5.0000000000001
348.652                      5.0000000000001
350.65                       5.0000000000001
352.648                      5.0000000000001
354.646                      5.0000000000001
356.644                      5.0000000000001
358.642                      4.9999999999999
360.64                       4.9999999999999
362.638                      4.9999999999999
364.636                      4.9999999999999
366.634                      5.0000000000001
368.632                      5.0000000000001
370.63                       5.0000000000001
372.628                      5.0000000000001
374.626                      5.0000000000001
376.624                      5.0000000000001
378.622                      5.0000000000001
380.62                       5.0000000000001
382.618                      5.0000000000001
384.616                      4.9999999999999
386.614                      4.9999999999999
388.612                      4.9999999999999
390.61                       5.0000000000001
392.608                      5.0000000000001
394.60599999999              5.0000000000001
396.60399999999              5.0000000000001
398.60199999999              5.0000000000001
400.59999999999              5.0000000000001
402.59799999999              5.0000000000001
404.59599999999              5.0000000000001
406.59399999999              5.0000000000001
408.59199999999              5.0000000000001
410.58999999999              5.0000000000001
412.58799999999              5.0000000000001
414.58599999999              5.0000000000001
416.58399999999              5.0000000000001
418.58199999999              5.0000000000001
420.57999999999              5.0000000000001
422.57799999999              5.0000000000001
424.57599999999              5.0000000000001
426.57399999999              5.0000000000001
428.57199999999              5.0000000000001
430.56999999999              5.0000000000001
432.56799999999              5.0000000000001
434.56599999999              5.0000000000001
436.56399999999              5.0000000000001
438.56199999999              5.0000000000001
440.55999999999              5.0000000000001
442.55799999999              5.0000000000001
444.55599999999              5.0000000000001
446.55399999999              5.0000000000001
448.55199999999              5.0000000000001
450.54999999999              5.0000000000001
452.54799999999              5.0000000000001
454.54599999999              5.0000000000001
456.54399999999              5.0000000000001
458.54199999999              4.9999999999999
460.53999999999              4.9999999999999
462.53799999999              4.9999999999999
464.53599999999              4.9999999999999
466.53399999999              4.9999999999999
468.53199999999              4.9999999999999
470.52999999999              4.9999999999999
472.52799999999              5.0000000000001
474.52599999999              5.0000000000001
476.52399999999              5.0000000000001
478.52199999999              5.0000000000001
480.51999999999              5.0000000000001
482.51799999999              5.0000000000001
484.51599999999              5.0000000000001
486.51399999999              5.0000000000001
488.51199999999              5.0000000000001
490.50999999999              5.0000000000001
492.50799999999              5.0000000000001
494.50599999999              4.9999999999999
496.50399999999              4.9999999999999
498.50199999999              4.9999999999999
500.49999999999              5.0000000000001
502.49799999999              5.0000000000001
504.49599999999              5.0000000000001
506.49399999999              5.0000000000001
508.49199999999              4.9999999999999
510.48999999999              4.9999999999999
512.48799999999              4.9999999999999
514.48599999999              4.9999999999999
516.48399999999              4.9999999999999
518.48199999999              4.9999999999999
520.47999999999              4.9999999999999
522.47799999999              4.9999999999998
524.47599999999              4.9999999999998
526.47399999999              4.9999999999998
528.47199999999              4.9999999999999
530.46999999999              4.9999999999999
532.46799999999              4.9999999999999
534.46599999999              4.9999999999999
536.46399999999              4.9999999999999
538.46199999999              4.9999999999999
540.45999999999              4.9999999999999
542.45799999999              4.9999999999999
544.45599999999              4.9999999999999
546.45399999999              4.9999999999999
548.45199999999              4.9999999999999
550.44999999999              4.9999999999999
552.44799999999              4.9999999999999
554.44599999999              4.9999999999999
556.44399999999              4.9999999999999
558.44199999999              4.9999999999998
560.43999999999              4.9999999999998
562.43799999999              4.9999999999999
564.43599999999              4.9999999999999
566.43399999999              4.9999999999999
568.43199999999              4.9999999999999
570.42999999999              4.9999999999999
572.42799999999              4.9999999999999
574.42599999999              4.9999999999999
576.42399999999              4.9999999999999
578.42199999999              4.9999999999999
580.41999999999              4.9999999999999
582.41799999999              4.9999999999999
584.41599999999              4.9999999999999
586.41399999999              4.9999999999999
588.41199999999              4.9999999999999
590.40999999999              4.9999999999999
592.40799999999              4.9999999999999
594.40599999999              4.9999999999999
596.40399999999              4.9999999999999
598.40199999999              4.9999999999999
600.39999999999              4.9999999999999
602.39799999999              4.9999999999999
604.39599999999              4.9999999999999
606.39399999999              4.9999999999999
608.39199999999              4.9999999999999
610.38999999999              4.9999999999999
612.38799999999              4.9999999999999
614.38599999999              4.9999999999999
616.38399999999              4.9999999999999
618.38199999999              4.9999999999999
620.37999999999              4.9999999999999
622.37799999999              4.9999999999999
624.37599999999              4.9999999999999
626.37399999999              4.9999999999999
628.37199999999              4.9999999999999
630.37                       4.9999999999999
632.368                      4.9999999999999
634.36599999999              4.9999999999999
636.364                      4.9999999999999
638.362                      4.9999999999999
640.36                       4.9999999999999
642.358                      4.9999999999999
644.356                      4.9999999999999
646.354                      4.9999999999999
648.352                      4.9999999999999
650.35                       4.9999999999999
652.348                      4.9999999999999
654.346                      4.9999999999999
656.344                      4.9999999999999
658.342                      4.9999999999999
660.34                       4.9999999999999
662.338                      4.9999999999999
664.336                      4.9999999999999
666.334                      4.9999999999999
668.332                      4.9999999999999
670.33                       4.9999999999999
672.328                      4.9999999999999
674.326                      4.9999999999999
676.324                      4.9999999999999
678.322                      4.9999999999999
680.32                       4.9999999999999
682.318                      4.9999999999999
684.316                      4.9999999999999
686.314                      4.9999999999999
688.312                      4.9999999999999
690.31                       4.9999999999999
692.308                      4.9999999999999
694.306                      4.9999999999999
696.304                      4.9999999999999
698.302                      4.9999999999999
700.3                        4.9999999999999
702.298                      4.9999999999999
704.296                      4.9999999999999
706.294                      4.9999999999999
708.292                      4.9999999999999
710.29                       4.9999999999999
712.288                      4.9999999999999
714.286                      4.9999999999999
716.284                      4.9999999999999
718.282                      4.9999999999999
720.28                       4.9999999999999
722.278                      4.9999999999999
724.276                      4.9999999999999
726.274                      4.9999999999999
728.272                      4.9999999999999
730.27                       4.9999999999999
732.268                      4.9999999999999
734.266                      4.9999999999999
736.264                      4.9999999999999
738.262                      4.9999999999999
740.26                       4.9999999999999
742.258                      4.9999999999999
744.256                      4.9999999999999
746.254                      4.9999999999999
748.252                      4.9999999999999
750.25                       4.9999999999999
752.248                      4.9999999999999
754.246                      4.9999999999999
756.244                      4.9999999999999
758.242                      4.9999999999999
760.24                       4.9999999999999
762.238                      4.9999999999999
764.236                      4.9999999999999
766.234                      4.9999999999999
768.232                      4.9999999999999
770.23                       4.9999999999999
772.228                      4.9999999999999
774.226                      4.9999999999999
776.224                      4.9999999999999
778.222                      4.9999999999999
780.22                       4.9999999999999
782.218                      4.9999999999999
784.216                      4.9999999999999
786.214                      4.9999999999999
788.212                      4.9999999999999
790.21                       4.9999999999999
792.208                      4.9999999999999
794.206                      4.9999999999999
796.204                      4.9999999999999
798.202                      4.9999999999999
800.2                        4.9999999999999
802.198                      4.9999999999999
804.196                      4.9999999999999
806.194                      4.9999999999999
808.192                      4.9999999999999
810.19                       4.9999999999999
812.188                      4.9999999999999
814.186                      4.9999999999999
816.184                      4.9999999999999
818.182                      4.9999999999999
820.18                       4.9999999999999
822.178                      4.9999999999999
824.176                      4.9999999999999
826.174                      4.9999999999999
828.172                      4.9999999999999
830.17                       4.9999999999999
832.168                      4.9999999999999
834.166                      4.9999999999999
836.164                      4.9999999999999
838.162                      4.9999999999999
840.16                       4.9999999999999
842.158                      4.9999999999999
844.156                      4.9999999999999
846.154                      4.9999999999999
848.152                      4.9999999999999
850.15                       4.9999999999999
852.148                      4.9999999999999
854.146                      4.9999999999999
856.144                      4.9999999999999
858.142                      4.9999999999999
860.14                       4.9999999999999
862.138                      4.9999999999999
864.136                      4.9999999999999
866.134                      4.9999999999999
868.132                      4.9999999999999
870.13                       4.9999999999999
872.128                      4.9999999999999
874.126                      4.9999999999999
876.124                      4.9999999999999
878.122                      4.9999999999999
880.12                       4.9999999999999
882.118                      4.9999999999999
884.116                      4.9999999999999
886.114                      4.9999999999998
888.112                      4.9999999999998
890.11                       4.9999999999998
892.108                      4.9999999999996
894.106                      4.9999999999994
896.104                      4.9999999999986
898.102                      4.9999999999976
900.1                        4.9999999999959
902.098                      4.9999999999931
904.096                      4.9999999999879
906.094                      4.9999999999791
908.092                      4.9999999999639
910.09                       4.9999999999377
912.088                      4.9999999998923
914.086                      4.9999999998134
916.084                      4.999999999677
918.082                      4.9999999994408
920.08                       4.9999999990319
922.078                      4.9999999983242
924.076                      4.9999999970987
926.074                      4.9999999949772
928.072                      4.9999999913046
930.07                       4.9999999849462
932.068                      4.9999999739385
934.066                      4.999999954882
936.064                      4.9999999218912
938.062                      4.999999864777
940.06                       4.9999997659
942.058                      4.9999995947228
944.056                      4.9999992983783
946.054                      4.9999987853427
948.052                      4.9999978971681
950.05                       4.999996359548
952.048                      4.9999936975985
954.046                      4.9999890891954
956.044                      4.9999811110677
958.042                      4.999967299235
960.04                       4.9999433880395
962.038                      4.9999019927747
964.036                      4.999830329114
966.034                      4.9997062651944
968.032                      4.9994914876545
970.03                       4.9991196727583
972.028                      4.998476014593
974.026                      4.9973618035352
976.024                      4.9954331625515
978.022                      4.9920951621391
980.02                       4.9863190367446
982.018                      4.9763273244217
984.016                      4.9590535047115
986.014                      4.9292206963886
988.012                      4.8777892297107
990.01                       4.7893968056366
992.008                      4.6383110247097
994.006                      4.382581135991
996.004                      3.9574310818558
998.002                      3.2746492905969
1000                         2.2558240977289
1002                         1.3758388261638
1004                         0.89617330543637
1006                         0.62191314391482
1008                         0.45686452931442
1010                         0.35239042537144
1012                         0.28311021319763
1014                         0.23524692656203
1016                         0.20099430737518
1018                         0.17573680211398
1020                         0.1566338973412
1022                         0.14187232159541
1024                         0.13025577357451
1026                         0.12097138133227
1028                         0.11345207589947
1030                         0.10729284999615
1032                         0.10219828964544
1034                         0.097948810655049
1036                         0.094378397439433
1038                         0.091359597310625
1040                         0.088793199293262
1042                         0.086601002804156
1044                         0.084720664694116
1046                         0.08310196967293
1048                         0.08170409184847
1050                         0.080493557034719
1052                         0.079442707613726
1054                         0.078528532578706
1056                         0.077731766211404
1058                         0.077036186650677
1060                         0.076428064809313
1062                         0.075895727525457
1064                         0.075429208343474
1066                         0.075019966126582
1068                         0.074660656629843
1070                         0.074344945762372
1072                         0.07406735592337
1074                         0.073823138773145
1076                         0.073608169283768
1078                         0.073418857035988
1080                         0.073252071584112
1082                         0.07310507936753
1084                         0.072975490154628
1086                         0.072861211400308
1088                         0.072760409207395
1090                         0.072671474826451
1092                         0.072592995821736
1094                         0.072523731185485
1096                         0.072462589806538
1098                         0.072408611799448
1100                         0.072360952281075
1102                         0.07231886724821
1104                         0.07228170126386
1106                         0.072248876704754
1108                         0.072219884359712
1110                         0.072194275199492
1112                         0.072171653164411
1114                         0.072151668838041
1116                         0.072134013893421
1118                         0.072118416213721
1120                         0.072104635602714
1122                         0.072092460011408
1124                         0.072081702217128
1126                         0.072072196899222
1128                         0.072063798063152
1130                         0.072056376770516
1132                         0.072049819138005
1134                         0.07204402457305
1136                         0.072038904217563
1138                         0.072034379575118
1140                         0.072030381299522
1142                         0.072026848125782
1144                         0.07202372592645
1146                         0.072020966878609
1148                         0.072018528728365
1150                         0.072016374141451
1152                         0.072014470129688
1154                         0.072012787544561
1156                         0.072011300629814
1158                         0.07200998662636
1160                         0.072008825423238
1162                         0.072007799249269
1164                         0.07200689240071
1166                         0.072006091000582
1168                         0.072005382786091
1170                         0.072004756920788
1172                         0.072004203828565
1174                         0.072003715047076
1176                         0.072003283098135
1178                         0.072002901373226
1180                         0.072002564032384
1182                         0.072002265914728
1184                         0.072002002459545
1186                         0.072001769636458
1188                         0.072001563883759
1190                         0.072001382053875
1192                         0.072001221365249
1194                         0.072001079359741
1196                         0.072000953865048
1198                         0.072000842961437
1200                         0.07200074495242
1202                         0.072000658338725
1204                         0.072000581795435
1206                         0.072000514151662
1208                         0.072000454372682
1210                         0.072000401544065
1212                         0.072000354857705
1214                         0.072000313599444
1216                         0.072000277138162
1218                         0.07200024491614
1220                         0.072000216440482
1222                         0.072000191275615
1224                         0.072000169036587
1226                         0.07200014938324
1228                         0.072000132014926
1230                         0.07200011666597
1232                         0.072000103101591
1234                         0.072000091114305
1236                         0.072000080520739
1238                         0.072000071158846
1240                         0.072000062885443
1242                         0.072000055573958
1244                         0.072000049112558
1246                         0.07200004340241
1248                         0.072000038356154
1250                         0.072000033896612
1252                         0.072000029955557
1254                         0.07200002647272
1256                         0.072000023394815
1258                         0.072000020674779
1260                         0.072000018270992
1262                         0.072000016146682
1264                         0.072000014269365
1266                         0.072000012610315
1268                         0.07200001114416
1270                         0.07200000984847
1272                         0.072000008703421
1274                         0.072000007691516
1276                         0.072000006797256
1278                         0.07200000600697
1280                         0.072000005308558
1282                         0.07200000469136
1284                         0.072000004145918
1286                         0.07200000366389
1288                         0.072000003237911
1290                         0.072000002861457
1292                         0.072000002528763
1294                         0.072000002234763
1296                         0.072000001974932
1298                         0.072000001745322
1300                         0.072000001542402
1302                         0.072000001363084
1304                         0.072000001204604
1306                         0.072000001064549
1308                         0.072000000940788
1310                         0.072000000831417
1312                         0.072000000734752
1314                         0.072000000649335
1316                         0.072000000573839
1318                         0.072000000507121
1320                         0.072000000448165
1322                         0.072000000396055
1324                         0.072000000350014
1326                         0.072000000309322
1328                         0.072000000273354
1330                         0.072000000241571
1332                         0.072000000213471
1334                         0.072000000188647
1336                         0.07200000016672
1338                         0.07200000014733
1340                         0.072000000130203
1342                         0.072000000115074
1344                         0.072000000101696
1346                         0.072000000089871
1348                         0.072000000079418
1350                         0.072000000070187
1352                         0.072000000062026
1354                         0.072000000054812
1356                         0.07200000004844
1358                         0.072000000042807
1360                         0.072000000037827
1362                         0.072000000033424
1364                         0.072000000029533
1366                         0.072000000026096
1368                         0.072000000023067
1370                         0.072000000020378
1372                         0.072000000018011
1374                         0.072000000015919
1376                         0.072000000014072
1378                         0.072000000012435
1380                         0.072000000010996
1382                         0.072000000009717
1384                         0.072000000008591
1386                         0.072000000007587
1388                         0.072000000006697
1390                         0.072000000005911
1392                         0.07200000000522
1394                         0.072000000004605
1396                         0.072000000004075
1398                         0.072000000003601
1400                         0.072000000003175
1402                         0.072000000002806
1404                         0.072000000002484
1406                         0.0720000000022
1408                         0.072000000001944
1410                         0.072000000001717
1412                         0.072000000001518
1414                         0.072000000001338
1416                         0.072000000001178
1418                         0.072000000001035
1420                         0.072000000000912
1422                         0.072000000000808
1424                         0.072000000000714
1426                         0.072000000000638
1428                         0.072000000000562
1430                         0.072000000000505
1432                         0.072000000000448
1434                         0.072000000000401
1436                         0.072000000000354
1438                         0.072000000000316
1440                         0.072000000000278
1442                         0.07200000000025
1444                         0.072000000000221
1446                         0.072000000000193
1448                         0.072000000000183
1450                         0.072000000000164
1452                         0.072000000000155
1454                         0.072000000000146
1456                         0.072000000000136
1458                         0.072000000000127
1460                         0.072000000000117
1462                         0.072000000000108
1464                         0.072000000000108
1466                         0.072000000000108
1468                         0.072000000000108
1470                         0.072000000000117
1472                         0.072000000000117
1474                         0.072000000000117
1476                         0.072000000000117
1478                         0.072000000000117
1480                         0.072000000000108
1482                         0.072000000000108
1484                         0.072000000000108
1486                         0.072000000000108
1488                         0.072000000000098
1490                         0.072000000000098
1492                         0.072000000000089
1494                         0.07200000000007
1496                         0.07200000000006
1498                         0.072000000000051
1500                         0.072000000000032
1502                         0.072000000000022
1504                         0.072000000000013
1506                         0.072000000000004
1508                         0.071999999999994
1510                         0.071999999999985
1512                         0.071999999999985
1514                         0.071999999999975
1516                         0.071999999999966
1518                         0.071999999999956
1520                         0.071999999999956
1522                         0.071999999999956
1524                         0.071999999999947
1526                         0.071999999999947
1528                         0.071999999999937
1530                         0.071999999999928
1532                         0.071999999999918
1534                         0.071999999999909
1536                         0.071999999999899
1538                         0.07199999999988
1540                         0.071999999999871
1542                         0.071999999999852
1544                         0.071999999999833
1546                         0.071999999999814
1548                         0.071999999999795
1550                         0.071999999999767
1552                         0.071999999999738
1554                         0.071999999999701
1556                         0.071999999999663
1558                         0.071999999999625
1560                         0.071999999999577
1562                         0.071999999999521
1564                         0.071999999999454
1566                         0.071999999999379
1568                         0.071999999999303
1570                         0.071999999999218
1572                         0.071999999999114
1574                         0.07199999999899
1576                         0.071999999998858
1578                         0.071999999998706
1580                         0.071999999998546
1582                         0.071999999998347
1584                         0.071999999998129
1586                         0.071999999997873
1588                         0.071999999997589
1590                         0.071999999997267
1592                         0.071999999996908
1594                         0.071999999996491
1596                         0.071999999996037
1598                         0.071999999995516
1600                         0.071999999994929
1602                         0.071999999994266
1604                         0.071999999993509
1606                         0.071999999992657
1608                         0.071999999991691
1610                         0.071999999990593
1612                         0.071999999989343
1614                         0.071999999987942
1616                         0.071999999986351
1618                         0.071999999984552
1620                         0.071999999982517
1622                         0.071999999980207
1624                         0.071999999977594
1626                         0.07199999997463
1628                         0.071999999971279
1630                         0.071999999967491
1632                         0.071999999963203
1634                         0.071999999958346
1636                         0.071999999952845
1638                         0.071999999946634
1640                         0.0719999999396
1642                         0.071999999931637
1644                         0.071999999922634
1646                         0.071999999912456
1648                         0.071999999900934
1650                         0.071999999887887
1652                         0.071999999873137
1654                         0.071999999856436
1656                         0.071999999837538
1658                         0.07199999981616
1660                         0.07199999979198
1662                         0.071999999764609
1664                         0.07199999973364
1666                         0.071999999698591
1668                         0.07199999965894
1670                         0.071999999614063
1672                         0.071999999563297
1674                         0.071999999505838
1676                         0.071999999440824
1678                         0.07199999936725
1680                         0.071999999284001
1682                         0.071999999189798
1684                         0.071999999083201
1686                         0.071999998962573
1688                         0.071999998826087
1690                         0.071999998671641
1692                         0.071999998496868
1694                         0.071999998299107
1696                         0.071999998075329
1698                         0.071999997822116
1700                         0.071999997535586
1702                         0.071999997211356
1704                         0.071999996844465
1706                         0.071999996429317
1708                         0.07199999595954
1710                         0.071999995427959
1712                         0.07199999482643
1714                         0.07199999414577
1716                         0.071999993375565
1718                         0.071999992504038
1720                         0.071999991517837
1722                         0.071999990401892
1724                         0.071999989139122
1726                         0.071999987710222
1728                         0.071999986093342
1730                         0.071999984263733
1732                         0.071999982193418
1734                         0.071999979850727
1736                         0.071999977199817
1738                         0.071999974200155
1740                         0.071999970805843
1742                         0.071999966964959
1744                         0.071999962618758
1746                         0.071999957700767
1748                         0.071999952135737
1750                         0.071999945838562
1752                         0.07199993871291
1754                         0.071999930649799
1756                         0.071999921525875
1758                         0.071999911201584
1760                         0.071999899518998
1762                         0.071999886299414
1764                         0.071999871340633
1766                         0.071999854413822
1768                         0.07199983526008
1770                         0.071999813586423
1772                         0.071999789061306
1774                         0.071999761309613
1776                         0.07199972990682
1778                         0.071999694372599
1780                         0.07199965416341
1782                         0.071999608664215
1784                         0.071999557179041
1786                         0.071999498920373
1788                         0.07199943299708
1790                         0.071999358400807
1792                         0.071999273990538
1794                         0.071999178475136
1796                         0.07199907039361
1798                         0.071998948092802
1800                         0.071998809702016
1802                         0.07199865310452
1804                         0.071998475905078
1806                         0.071998275393398
1808                         0.071998048502616
1810                         0.071997791762467
1812                         0.071997501246196
1814                         0.071997172510481
1816                         0.071996800527582
1818                         0.071996379608379
1820                         0.071995903315503
1822                         0.071995364364879
1824                         0.071994754514411
1826                         0.07199406443803
1828                         0.071993283583191
1830                         0.07199240000964
1832                         0.071991400207026
1834                         0.071990268888576
1836                         0.071988988757631
1838                         0.071987540243605
1840                         0.071985901203294
1842                         0.071984046583018
1844                         0.071981948036498
1846                         0.071979573492599
1848                         0.071976886666597
1850                         0.071973846507427
1852                         0.071970406572684
1854                         0.071966514321954
1856                         0.071962110317949
1858                         0.071957127323487
1860                         0.071951489280855
1862                         0.071945110158471
1864                         0.071937892647825
1866                         0.071929726691497
1868                         0.071920487820788
1870                         0.071910035278869
1872                         0.071898209902219
1874                         0.071884831730334
1876                         0.071869697309602
1878                         0.071852576653622
1880                         0.071833209817978
1882                         0.071811303042559
1884                         0.071786524409747
1886                         0.071758498961158
1888                         0.071726803210025
1890                         0.071690958980281
1892                         0.071650426497102
1894                         0.071604596647648
1896                         0.071552782324655
1898                         0.071494208759851
1900                         0.071428002749658
1902                         0.071353180672182
1904                         0.071268635193226
1906                         0.071173120560893
1908                         0.071065236393939
1910                         0.070943409880785
1912                         0.070805876324844
1914                         0.070650658000705
1916                         0.070475541327557
1918                         0.07027805242423
1920                         0.070055431189237
1922                         0.069804604154332
1924                         0.06952215649744
1926                         0.069204303777075
1928                         0.068846864174517
1930                         0.068445232308874
1932                         0.067994356033521
1934                         0.06748871803746
1936                         0.066922324567374
1938                         0.066288704157977
1940                         0.065580919904084
1942                         0.064791599512831
1944                         0.06391298810862
1946                         0.06293702947404
1948                         0.061855482018903
1950                         0.060660076160162
1952                         0.059342719810585
1954                         0.057895758109066
1956                         0.056312292130163
1958                         0.054586558801284
1960                         0.052714370342155
1962                         0.050693605972186
1964                         0.048524741274711
1966                         0.0462113915472
1968                         0.043760835134377
1970                         0.041184472039736
1972                         0.038498163511784
1974                         0.035722391856126
1976                         0.032882178916016
1978                         0.030006709051022
1980                         0.027128620057722
1982                         0.024282954040504
1984                         0.02150579836073
1986                         0.0188326904155
1988                         0.016296902455797
1990                         0.013927755571092
1992                         0.01174912703068
1994                         0.0097783064363725
1996                         0.0080253221630215
1998                         0.0064928045315737
2000                         0.13723280594913
2002                         0.2297056191114
2004                         0.20019326271468
2006                         0.17771245489026
2008                         0.16026135145575
2010                         0.14648894463583
2012                         0.13546202720222
2014                         0.12652182663899
2016                         0.11919384530673
2018                         0.11312991895985
2020                         0.10807019482588
2022                         0.10381768118351
2024                         0.10022089045933
2026                         0.097161792881962
2028                         0.094547317901191
2030                         0.092303266207676
2032                         0.090369885928848
2034                         0.088698614942021
2036                         0.087249651783869
2038                         0.08599012307035
2040                         0.084892685640518
2042                         0.083934449181337
2044                         0.083096137682067
2046                         0.082361430691634
2048                         0.08171644124815
2050                         0.081149298644163
2052                         0.080649812301293
2054                         0.080209198910052
2056                         0.079819859297808
2058                         0.079475194669028
2060                         0.079169454231513
2062                         0.078897608002162
2064                         0.078655239931153
2066                         0.078438457509339
2068                         0.078243814809306
2070                         0.078068246517911
2072                         0.077909010988574
2074                         0.077763640709387
2076                         0.077629898871221
2078                         0.077505740947078
2080                         0.077389280373794
2082                         0.077278757569527
2084                         0.077172511634374
2086                         0.077068954172232
2088                         0.076966544744746
2090                         0.076863767527468
2092                         0.076759108785506
2094                         0.076651034826163
2096                         0.076537970118963
2098                         0.076418275303065
2100                         0.076290224829353
2102                         0.07615198401142
2104                         0.076001585289254
2106                         0.07583690354256
2108                         0.07565563033141
2110                         0.075455246992575
2112                         0.075232996584277
2114                         0.074985854755021
2116                         0.074710499717905
2118                         0.074403281647115
2120                         0.074060191984333
2122                         0.073676833357856
2124                         0.07324839108347
2126                         0.07276960754327
2128                         0.072234761133762
2130                         0.071637651945033
2132                         0.070971596881723
2134                         0.070229437562353
2136                         0.069403565026509
2138                         0.068485966015817
2140                         0.067468296333791
2142                         0.066341987465703
2144                         0.065098393153353
2146                         0.063728982834179
2148                         0.062225588583189
2150                         0.060580711206954
2152                         0.058787889153402
2154                         0.056842130612422
2156                         0.054740404294991
2158                         0.052482177662988
2160                         0.050069982772654
2162                         0.047509979606009
2164                         0.044812475439304
2166                         0.041992347638649
2168                         0.039069308135406
2170                         0.036067943184443
2172                         0.03301746469502
2174                         0.029951122172232
2176                         0.026905248942687
2178                         0.023917952835501
2180                         0.021027507088589
2182                         0.018270546022579
2184                         0.015680213294918
2186                         0.013284438408092
2188                         0.01110452093941
2190                         0.0091541770790707
2192                         0.0074391510915569
2194                         0.0059574234931462
2196                         0.0046999712976632
2198                         0.0036519684234138
2200                         0.002794268633402
2202                         0.0021049959552562
2204                         0.0015610783130446
2206                         0.0011395930769136
2208                         0.00081883886825787
2210                         0.00057909612297735
2212                         0.0004030812968025
2214                         0.00027613101853649
2216                         0.0001861711259216
2218                         0.00012353223743932
2220                         8.0670901497227e-05
2222                         5.1846670038554e-05
2224                         3.2793782629376e-05
2226                         2.0414019784271e-05
2228                         1.2506385205824e-05
2230                         7.5405201126303e-06
2232                         4.4744232158356e-06
2234                         2.6129981982513e-06
2236                         1.5017840661474e-06
2238                         8.4945863808388e-07
2240                         4.7287174931829e-07
2242                         2.5906628938534e-07
2244                         1.3968341893191e-07
2246                         7.4121676108477e-08
2248                         3.8709007362471e-08
2250                         1.9895060714847e-08
2252                         1.0063404647196e-08
2254                         5.0096921261992e-09
2256                         2.4543899964662e-09
2258                         1.1834299122673e-09
2260                         5.6157523466373e-10
2262                         2.6226466839448e-10
2264                         1.2054190859499e-10
2266                         5.4525891605849e-11
2268                         2.4273585185713e-11
2270                         1.0634853636533e-11
2272                         4.5855935501323e-12
2274                         1.9459248632317e-12
2276                         8.1268658672892e-13
2278                         3.3403097965548e-13
2280                         1.3511927963377e-13
2282                         5.3791733969228e-14
2284                         2.1075762543756e-14
2286                         8.1269109657637e-15
2288                         3.0842902086428e-15
2290                         1.1521466746373e-15
2292                         4.2372072856931e-16
2294                         1.535109917378e-16
2296                         5.488360128526e-17
2298                         1.9459574732644e-17
2300                         6.9385361729723e-18
2302                         2.5836773166572e-18
2304                         1.0971026964657e-18
2306                         5.6099669955531e-19
2308                         2.8231877770804e-19
2310                         1.3982526756254e-19
2312                         6.8155041738648e-20
2314                         3.2694654494264e-20
2316                         1.5435544406127e-20
2318                         7.171889437956e-21
2320                         3.2795303568765e-21
2322                         1.4758973733506e-21
2324                         6.5368286278262e-22
2326                         2.8493413076355e-22
2328                         1.2223294740776e-22
2330                         5.1605801669526e-23
2332                         2.1442489644563e-23
2334                         8.7683590295179e-24
2336                         3.5288067407814e-24
2338                         1.3976674776901e-24
2340                         5.4481151747454e-25
2342                         2.0900425879029e-25
2344                         7.8909706172821e-26
2346                         2.9320552656638e-26
2348                         1.0722111342206e-26
2350                         3.8588234467277e-27
2352                         1.3667715799791e-27
2354                         4.7643472306853e-28
2356                         1.6344713296931e-28
2358                         5.5184567515945e-29
2360                         1.8336836588142e-29
2362                         5.996497006474e-30
2364                         1.929910916956e-30
2366                         6.1128443769387e-31
2368                         1.9055302665427e-31
2370                         5.8459459837442e-32
2372                         1.7650628739692e-32
2374                         5.2448370192589e-33
2376                         1.5338053540719e-33
2378                         4.4144330712176e-34
2380                         1.2503916334393e-34
2382                         3.4856487145914e-35
2384                         9.5628558466103e-36
2386                         2.5820106948535e-36
2388                         6.8611181743066e-37
2390                         1.7943129743383e-37
2392                         4.618148888563e-38
2394                         1.169779748461e-38
2396                         2.916128797172e-39
2398                         7.1544415489351e-40
2400                         1.7274727814862e-40
2402                         4.1049996241828e-41
2404                         9.6002261837131e-42
2406                         2.209613140075e-42
2408                         5.0051541512458e-43
2410                         1.1157967869583e-43
2412                         2.4480438369609e-44
2414                         5.2859093315174e-45
2416                         1.1232764753576e-45
2418                         2.3492003281606e-46
2420                         4.8352605052913e-47
2422                         9.7945871896516e-48
2424                         1.9526249358214e-48
2426                         3.8310512407025e-49
2428                         7.3974753296891e-50
2430                         1.4057740601636e-50
2432                         2.6291414989135e-51
2434                         4.8392585967283e-52
2436                         8.7661749815131e-53
2438                         1.562816096124e-53
2440                         2.742029045776e-54
2442                         4.7348111458739e-55
2444                         8.046364584926e-56
2446                         1.3457462781631e-56
2448                         2.2150988065023e-57
2450                         3.588305856286e-58
2452                         5.7207403909451e-59
2454                         8.9759714135268e-60
2456                         1.3860443181651e-60
2458                         2.1063920552855e-61
2460                         3.1504147661106e-62
2462                         4.6372733398076e-63
2464                         6.7177539384474e-64
2466                         9.5774947767016e-65
2468                         1.3438357501814e-65
2470                         1.8556962591214e-66
2472                         2.5219358141189e-67
2474                         3.3730874526154e-68
2476                         4.4400474173584e-69
2478                         5.7519360688718e-70
2480                         7.333426230271e-71
2482                         9.2016612259929e-72
2484                         1.1362973332197e-72
2486                         1.3809697642563e-73
2488                         1.6517441892085e-74
2490                         1.9443204337739e-75
2492                         2.2524716223725e-76
2494                         2.568131460888e-77
2496                         2.8816525093942e-78
2498                         3.182236130994e-79
2500                         3.4585147374526e-80
2502                         3.6992466908246e-81
2504                         3.8940667565154e-82
2506                         4.0342232312018e-83
2508                         4.1132290519448e-84
2510                         4.127359500088e-85
2512                         4.0759433299832e-86
2514                         3.961415632672e-87
2516                         3.7891266366354e-88
2518                         3.5669273529668e-89
2520                         3.3045767535914e-90
2522                         3.013032788307e-91
2524                         2.7036987931257e-92
2526                         2.3876968786849e-93
2528                         2.0752313105055e-94
2530                         1.7750895447297e-95
2532                         1.4943091502505e-96
2534                         1.2380183467111e-97
2536                         1.0094391415442e-98
2538                         8.1002726243837e-100
2540                         6.3971357395569e-101
2542                         4.9720779800337e-102
2544                         3.8032662691294e-103
2546                         2.8631359310904e-104
2548                         2.1212587062312e-105
2550                         7.846636615231e-107
2552                         2.3232525624675e-109
2554                         2.3848686573374e-110
2556                         2.4454026262211e-111
2558                         2.5046909679986e-112
2560                         2.5625703226864e-113
2562                         2.6188782084193e-114
2564                         2.6734537709476e-115
2566                         2.7261385408931e-116
2568                         2.7767771938437e-117
2570                         2.8252183082333e-118
2572                         2.8713151158735e-119
2574                         2.9149262399614e-120
2576                         2.9559164153921e-121
2578                         2.994157186255e-122
2580                         3.029527575496e-123
2582                         3.0619147218616e-124
2584                         3.0912144794447e-125
2586                         3.1173319753711e-126
2588                         3.1401821214537e-127
2590                         3.1596900759548e-128
2592                         3.1757916519434e-129
2594                         3.18843366914e-130
2596                         3.1975742465399e-131
2598                         3.2031830335692e-132
2600                         3.2052413779818e-133
2602                         3.2037424292055e-134
2604                         3.198691176325e-135
2606                         3.190104420418e-136
2608                         3.1780106814511e-137
2610                         3.162450040463e-138
2612                         3.1434739182528e-139
2614                         3.1211447922858e-140
2616                         3.095535853999e-141
2618                         3.066730609135e-142
2620                         3.0348224241574e-143
2622                         2.9999140221964e-144
2624                         2.9621169323356e-145
2626                         2.9215508963619e-146
2628                         2.8783432373955e-147
2630                         2.83262819506e-148
2632                         2.7845462320303e-149
2634                         2.734243316974e-150
2636                         2.6818701889848e-151
2638                         2.6275816086767e-152
2640                         2.5715356011173e-153
2642                         2.5138926957467e-154
2644                         2.4548151683426e-155
2646                         2.3944662899841e-156
2648                         2.3330095877934e-157
2650                         2.2706081220391e-158
2652                         2.2074237839521e-159
2654                         2.1436166183324e-160
2656                         2.0793441747267e-161
2658                         2.0147608906465e-162
2660                         1.9500175099372e-163
2662                         1.8852605390597e-164
2664                         1.8206317436682e-165
2666                         1.7562676874848e-166
2668                         1.6922993150838e-167
2670                         1.6288515798091e-168
2672                         1.5660431176598e-169
2674                         1.5039859676049e-170
2676                         1.4427853384081e-171
2678                         1.3825394216938e-172
2680                         1.3233392506418e-173
2682                         1.2652686033757e-174
2684                         1.2084039498077e-175
2686                         1.1528144404287e-176
2688                         1.0985619352734e-177
2690                         1.045701071071e-178
2692                         9.9427936438773e-180
2694                         9.4433734839743e-181
2696                         8.9590874077716e-182
2698                         8.4902064010812e-183
2700                         8.0369374807488e-184
2702                         7.5994261470617e-185
2704                         7.1777590385603e-186
2706                         6.7719667613392e-187
2708                         6.3820268649832e-188
2710                         6.0078669377919e-189
2712                         5.6493677945381e-190
2714                         5.3063667308451e-191
2716                         4.9786608192643e-192
2718                         4.6660102233069e-193
2720                         4.3681415069601e-194
2722                         4.0847509186379e-195
2724                         3.8155076300194e-196
2726                         3.5600569117957e-197
2728                         3.3180232299849e-198
2730                         3.0890132481293e-199
2732                         2.8726187223835e-200
2734                         2.668419278166e-201
2736                         2.4759850587167e-202
2738                         2.2948792375379e-203
2740                         7.2927009796886e-203
2741.9548839583              1.0127794947855e-203
2743.8115212149              8.0597379081594e-205
2745.5748493593              7.277964740743e-206
2747.2495578322              7.410694779853e-207
2748.8401003969              8.4582049443777e-208
2750.3507069837              1.0759823889335e-208
2751.7853949391              1.5173932399157e-209
2753.1479797095              2.3601012988842e-210
2754.4420849884              4.0288933267784e-211
2755.671152353               7.5136499325681e-212
2756.8384504171              1.5240981442001e-212
2757.9470835235              3.3485200636016e-213
2759                         7.9367366739117e-214
2760                         1.0256721326669e-214
2761                         9.0592137173113e-217
2762                         2.8522062891469e-217
2763                         9.2223701670001e-218
2764                         3.0624947688511e-218
2765                         1.044430029118e-218
2766                         3.6580912395324e-219
2767                         1.3158333988976e-219
2768                         4.8609199225726e-220
2769                         1.8441965984336e-220
2770                         7.1856681303356e-221
2771                         2.875400097683e-221
2772                         1.1816819443196e-221
2773                         4.9873988997284e-222
2774                         2.161816361482e-222
2775                         9.6235361621464e-223
2776                         4.3996867301266e-223
2777                         2.0657607217236e-223
2778                         9.961149662873e-224
2779                         4.9329885100648e-224
2780                         2.5088917961298e-224
2781                         1.3104635561361e-224
2782                         7.0297382254978e-225
2783                         3.8727953402752e-225
2784                         2.19119551367e-225
2785                         1.2732359775504e-225
2786                         7.5981499927069e-226
2787                         4.6566973404118e-226
2788                         2.9310238372141e-226
2789                         1.8946625787421e-226
2790                         1.2578115924274e-226
2791                         8.5757180978485e-227
2792                         6.004772887923e-227
2793                         4.318111567641e-227
2794                         3.1890571889269e-227
2795                         2.418810887275e-227
2796                         1.884137725336e-227
2797                         1.5072816966174e-227
2798                         1.2383605413077e-227
2799                         1.0448895626466e-227
2800                         9.0544842982732e-228
2801                         8.0579774158331e-228
2802                         7.3647070706038e-228
2803                         6.9127156358979e-228
2804                         6.6634633628474e-228
2805                         6.5962943675096e-228
2806                         6.7055368836175e-228
2807                         6.9996581572083e-228
2808                         7.5022877735407e-228
2809                         8.2552622629905e-228
2810                         9.3242058635157e-228
2811                         1.0807626436598e-227
2812                         1.2851172637683e-227
2813                         1.5669715762986e-227
2814                         1.9581516382955e-227
2815                         2.5061278708085e-227
2816                         3.2822978982965e-227
2817                         4.3949947066761e-227
2818                         6.0100367922219e-227
2819                         8.3833751179616e-227
2820                         1.1913226140819e-226
2821                         1.7223713103799e-226
2822                         2.5299625484678e-226
2823                         3.7704354880669e-226
2824                         5.6933518907988e-226
2825                         8.6990433687624e-226
2826                         1.3432501489261e-225
2827                         2.0936904929168e-225
2828                         3.2905151725853e-225
2829                         5.2092652549402e-225
2830                         8.2995757068081e-225
2831                         1.32968146552e-224
2832                         2.1405990841157e-224
2833                         3.4604991742306e-224
2834                         5.6144978734255e-224
2835                         9.1376687111193e-224
2836                         1.4911568534816e-223
2837                         2.4389925531765e-223
2838                         3.9971877683271e-223
2839                         6.5619451099349e-223
2840                         1.0787941999741e-222
2841                         1.7757482063653e-222
2842                         2.9260559184639e-222
2843                         4.825864849114e-222
2844                         7.9652877617714e-222
2845                         1.3155651587784e-221
2846                         2.1740312402198e-221
2847                         3.5943950530145e-221
2848                         5.9451360137047e-221
2849                         9.8366586008193e-221
2850                         1.6280244824818e-220
2851                         2.6951491305934e-220
2852                         4.4626931645504e-220
2853                         7.3907724843098e-220
2854                         1.2241918591389e-219
2855                         2.0279909098479e-219
2856                         3.3599350799009e-219
2857                         5.567201013334e-219
2858                         9.2252448413359e-219
2859                         1.528792871384e-218
2860                         2.5336387573311e-218
2861                         4.1991583256217e-218
2862                         6.9598214167621e-218
2863                         1.1535847195416e-217
2864                         1.9121154763132e-217
2865                         3.1694943464533e-217
2866                         5.2538226114302e-217
2867                         8.7090133516883e-217
2868                         1.4436749377911e-216
2869                         2.3931821374171e-216
2870                         3.9672272886893e-216
2871                         6.5766186363407e-216
2872                         1.0902393301416e-215
2873                         1.8073576448422e-215
2874                         2.9961873432443e-215
2875                         4.9670215938396e-215
2876                         8.2342683624394e-215
2877                         1.3650720959981e-214
2878                         2.2630154784477e-214
2879                         3.7516353426329e-214
2880                         6.2194889102182e-214
2881                         1.0310734751744e-213
2882                         1.709327357203e-213
2883                         2.8337496375807e-213
2884                         4.6978400539179e-213
2885                         7.7881698200882e-213
2886                         1.291138914858e-212
2887                         2.1404783790387e-212
2888                         3.5485341463821e-212
2889                         5.8828443854562e-212
2890                         9.7527238342091e-212
2891                         1.6168311131348e-211
2892                         2.6804241954113e-211
2893                         4.4436773784816e-211
2894                         7.3668463716565e-211
2895                         1.2212955987342e-210
2896                         2.0246970225203e-210
2897                         3.356598210838e-210
2898                         5.5646611809059e-210
2899                         9.2252498889326e-210
2900                         1.5293876887528e-209
2901                         2.5354618098184e-209
2902                         4.2033599761723e-209
2903                         6.9684488950392e-209
2904                         1.1552491938798e-208
2905                         1.915204907648e-208
2906                         3.1750811685328e-208
2907                         5.2637400165229e-208
2908                         8.7263783688778e-208
2909                         1.4466839311249e-207
2910                         2.3983539843421e-207
2911                         3.9760598673531e-207
2912                         6.5916259112592e-207
2913                         1.0927786318116e-206
2914                         1.811639745752e-206
2915                         3.0033883333765e-206
2916                         4.9791033573101e-206
2917                         8.2545004605993e-206
2918                         1.3684547856886e-205
2919                         2.2686636423005e-205
2920                         3.7610557494348e-205
2921                         6.2351862690727e-205
2922                         1.0336870947017e-204
2923                         1.7136761692351e-204
2924                         2.8409816019955e-204
2925                         4.7098609527704e-204
2926                         7.8081428642778e-204
2927                         1.2944563686163e-203
2928                         2.145986979165e-203
2929                         3.5576789068092e-203
2930                         5.8980223717129e-203
2931                         9.7779110561814e-203
2932                         1.6210102072159e-202
2933                         2.6873573280558e-202
2934                         4.4551782456769e-202
2935                         7.3859225937303e-202
2936                         1.224459484364e-201
2937                         2.0299441405567e-201
2938                         3.3652997646389e-201
2939                         5.5790907155461e-201
2940                         9.249177010473e-201
2941                         1.5333551602306e-200
2942                         2.5420402755511e-200
2943                         4.2142674643502e-200
2944                         6.9865337827781e-200
2945                         1.1582476602091e-199
2946                         1.9201762764738e-199
2947                         3.18332344589e-199
2948                         5.277405145392e-199
2949                         8.7490340026332e-199
2950                         1.4504400149776e-198
2951                         2.4045811645739e-198
2952                         3.9863837990046e-198
2953                         6.6087416916271e-198
2954                         1.0956162012841e-197
2955                         1.8163440433006e-197
2956                         3.0111873845969e-197
2957                         4.9920330339816e-197
2958                         8.2759359115332e-197
2959                         1.3720084531893e-196
2960                         2.274555066345e-196
2961                         3.7708227947378e-196
2962                         6.2513784606746e-196
2963                         1.0363714973094e-195
2964                         1.7181264695377e-195
2965                         2.8483594666558e-195
2966                         4.7220922296164e-195
2967                         7.8284202840531e-195
2968                         1.2978180256516e-194
2969                         2.1515600422466e-194
2970                         3.5669181070851e-194
2971                         5.9133394062174e-194
2972                         9.8033041082973e-194
2973                         1.625219944906e-193
2974                         2.6943363585813e-193
2975                         4.466748292088e-193
2976                         7.4051037619467e-193
2977                         1.2276393953595e-192
2978                         2.0352158909422e-192
2979                         3.3740394275406e-192
2980                         5.5935795849793e-192
2981                         9.2731970818452e-192
2982                         1.537337277719e-191
2983                         2.54864194582e-191
2984                         4.2252119051146e-191
2985                         7.0046777941488e-191
2986                         1.1612556269769e-190
2987                         1.9251629708253e-190
2988                         3.1915905319528e-190
2989                         5.2911105594804e-190
2990                         8.7717552337495e-190
2991                         1.4542068062244e-189
2992                         2.4108258597241e-189
2993                         3.9967364346234e-189
2994                         6.6259045892566e-189
2995                         1.0984615158913e-188
2996                         1.8210610877957e-188
2997                         3.019007436771e-188
2998                         5.0049973415843e-188
2999                         8.2974285138096e-188
3000                         1.3755715586452e-187
3001                         2.2804620850961e-187
3002                         3.7806156203773e-187
3003                         6.2676132887496e-187
3004                         1.0390629538106e-186
3005                         1.7225884435462e-186
3006                         2.8557566555103e-186
3007                         4.7343555020619e-186
3008                         7.8487506898231e-186
3009                         1.3011884587916e-185
3010                         2.1571476432397e-185
3011                         3.5761813927059e-185
3012                         5.9286963475204e-185
3013                         9.8287632872286e-185
3014                         1.6294406408042e-184
3015                         2.701333549618e-184
3016                         4.4783484366081e-184
3017                         7.424334815118e-184
3018                         1.2308275746563e-183
3019                         2.0405013462613e-183
3020                         3.3828018073592e-183
3021                         5.6081061102157e-183
3022                         9.2972795731106e-183
3023                         1.5413297423728e-182
3024                         2.5552607685301e-182
3025                         4.2361847797329e-182
3026                         7.0228689412258e-182
3027                         1.1642714076495e-181
3028                         1.9301626187455e-181
3029                         3.1998790920441e-181
3030                         5.304851572742e-181
3031                         8.7945354806669e-181
3032                         1.4579833810642e-180
3033                         2.4170867740909e-180
3034                         4.0071159584973e-180
3035                         6.6431120624041e-180
3036                         1.1013142202705e-179
3037                         1.8257903831466e-179
3038                         3.0268477985976e-179
3039                         5.017995318875e-179
3040                         8.3189769343256e-179
3041                         1.3791439177619e-178
3042                         2.2863844447645e-178
3043                         3.7904338785356e-178
3044                         6.2838902794537e-178
3045                         1.0417614001346e-177
3046                         1.7270620054572e-177
3047                         2.8631730550851e-177
3048                         4.7466506225389e-177
3049                         7.8691338941019e-177
3050                         1.3045676450097e-176
3051                         2.1627497553218e-176
3052                         3.5854687352063e-176
3053                         5.9440931709785e-176
3054                         9.8542885838993e-176
3055                         1.6336722978851e-175
3056                         2.7083489124098e-175
3057                         4.4899787067738e-175
3058                         7.4436158114297e-175
3059                         1.2340240336682e-174
3060                         2.0458005279265e-174
3061                         3.3915869431036e-174
3062                         5.6226703608732e-174
3063                         9.3214246066493e-174
3064                         1.5453325754626e-173
3065                         2.5618967803293e-173
3066                         4.2471861509143e-173
3067                         7.041107330718e-173
3068                         1.1672950203046e-172
3069                         1.9351752507499e-172
3070                         3.2081891775206e-172
3071                         5.3186282714043e-172
3072                         8.8173748878624e-172
3073                         1.4617697636646e-171
3074                         2.423363948045e-171
3075                         4.01752243798e-171
3076                         6.6603642233331e-171
3077                         1.1041743331185e-170
3078                         1.8305319604693e-170
3079                         3.034708521829e-170
3080                         5.0310270518851e-170
3081                         8.3405813160422e-170
3082                         1.382725554287e-169
3083                         2.292322184787e-169
3084                         3.8002776346868e-169
3085                         6.3002095414624e-169
3086                         1.0444668543172e-168
3087                         1.7315471851973e-168
3088                         2.8706087150317e-168
3089                         4.7589776734134e-168
3090                         7.8895700335101e-168
3091                         1.3079556069659e-167
3092                         2.1683664160749e-167
3093                         3.5947801969126e-167
3094                         5.9595299799494e-167
3095                         9.8798801697025e-167
3096                         1.6379149445694e-166
3097                         2.7153824940819e-166
3098                         4.5016391807243e-166
3099                         7.462946880447e-166
3100                         1.2372287938772e-165
3101                         2.0511134715553e-165
3102                         3.4003948938272e-165
3103                         5.6372724348584e-165
3104                         9.3456323447911e-165
3105                         1.5493458039022e-164
3106                         2.5685500258383e-164
3107                         4.2582160926362e-164
3108                         7.0593930852743e-164
3109                         1.1703264852764e-163
3110                         1.9402009005514e-163
3111                         3.2165208442762e-163
3112                         5.3324407481328e-163
3113                         8.8402736089664e-163
3114                         1.4655659794956e-162
3115                         2.4296574238114e-162
3116                         4.0279559430777e-162
3117                         6.6776611881041e-162
3118                         1.1070418736766e-161
3119                         1.8352858516641e-161
3120                         3.0425896593521e-161
3121                         5.0440926282971e-161
3122                         8.3622418043255e-161
3123                         1.3863164923204e-160
3124                         2.2982753451181e-160
3125                         3.81014695507e-160
3126                         6.3165711845911e-160
3127                         1.0471793345638e-159
3128                         1.7360440129489e-159
3129                         2.878063685387e-159
3130                         4.7713367376402e-159
3131                         7.9100592455771e-159
3132                         1.3113523674601e-158
3133                         2.1739976632978e-158
3134                         3.604115840488e-158
3135                         5.9750068783204e-158
3136                         9.9055382168688e-158
3137                         1.6421686094097e-157
3138                         2.7224343419706e-157
3139                         4.513329936933e-157
3140                         7.482328152264e-157
3141                         1.2404418768508e-156
3142                         2.0564402129029e-156
3143                         3.4092257188067e-156
3144                         5.6519124304436e-156
3145                         9.3699029504547e-156
3146                         1.5533694547003e-155
3147                         2.5752205498338e-155
3148                         4.2692746791304e-155
3149                         7.0777263279606e-155
3150                         1.1733658229671e-154
3151                         1.9452396019726e-154
3152                         3.224874148383e-154
3153                         5.3462890958839e-154
3154                         8.8632317980847e-154
3155                         1.469372054105e-153
3156                         2.4359672437442e-153
3157                         4.0384165440043e-153
3158                         6.6950030731202e-153
3159                         1.109916861242e-152
3160                         1.8400520887215e-152
3161                         3.0504912642016e-152
3162                         5.057192136031e-152
3163                         8.3839585449289e-152
3164                         1.3899167560254e-151
3165                         2.3042439658155e-151
3166                         3.8200419060923e-151
3167                         6.3329753189291e-151
3168                         1.0498988591252e-150
3169                         1.7405525189679e-150
3170                         2.8855380163094e-150
3171                         4.7837278983708e-150
3172                         7.9306016681496e-150
3173                         1.3147579493448e-149
3174                         2.1796435348754e-149
3175                         3.6134757287392e-149
3176                         5.9905239702114e-149
3177                         9.9312628980065e-149
3178                         1.6464333210211e-148
3179                         2.7295045035136e-148
3180                         4.5250510540449e-148
3181                         7.5017597572581e-148
3182                         1.2436633042033e-147
3183                         2.0617807878015e-147
3184                         3.4180794774439e-147
3185                         5.6665904461066e-147
3186                         9.3942365868926e-147
3187                         1.5574035549216e-146
3188                         2.5819083971829e-146
3189                         4.2803619847778e-146
3190                         7.0961071820836e-146
3191                         1.1764130538186e-145
3192                         1.9502913889026e-145
3193                         3.2332491460218e-145
3194                         5.3601734077965e-145
3195                         8.8862496096233e-145
3196                         1.4731880130907e-144
3197                         2.44229345028e-144
3198                         4.0489043111123e-144
3199                         6.7123899950111e-144
3200                         1.1127993151498e-143
3201                         1.8448307036959e-143
3202                         3.0584133895171e-143
3203                         5.0703256631827e-143
3204                         8.4057316839004e-143
3205                         1.3935263696133e-142
3206                         2.3102280870172e-142
3207                         3.8299625542963e-142
3208                         6.3494220547937e-142
3209                         1.0526254462899e-141
3210                         1.7450727335736e-141
3211                         2.893031758063e-141
3212                         4.7961512389348e-141
3213                         7.9511974393739e-141
3214                         1.3181723755223e-140
3215                         2.1853040687754e-140
3216                         3.6228599246092e-140
3217                         6.00608135997e-140
3218                         9.9570543861063e-140
3219                         1.6507091080827e-139
3220                         2.7365930262563e-139
3221                         4.5368026108811e-139
3222                         7.5212418261016e-139
3223                         1.2468930975976e-138
3224                         2.0671352321647e-138
3225                         3.4269562292787e-138
3226                         5.6813065805536e-138
3227                         9.4186334177478e-138
3228                         1.5614481316949e-137
3229                         2.5886136128617e-137
3230                         4.2914780841417e-137
3231                         7.1145357712576e-137
3232                         1.1794681983241e-136
3233                         1.9553562953161e-136
3234                         3.2416458935179e-136
3235                         5.374093777248e-136
3236                         8.9093271983854e-136
3237                         1.4770138821163e-135
3238                         2.4486360859655e-135
3239                         4.0594193149368e-135
3240                         6.7298220707154e-135
3241                         1.1156892547868e-134
3242                         1.8496217287279e-134
3243                         3.066356088583e-134
3244                         5.0834932980897e-134
3245                         8.4275613676905e-134
3246                         1.3971453573645e-133
3247                         2.3162277489769e-133
3248                         3.8399089664162e-133
3249                         6.3659115028204e-133
3250                         1.0553591144001e-132
3251                         1.7496046871747e-132
3252                         2.9005449610616e-132
3253                         4.8086068429124e-132
3254                         7.9718466978159e-132
3255                         1.3215956689648e-131
3256                         2.1909793030828e-131
3257                         3.632268491238e-131
3258                         6.0216791522758e-131
3259                         9.9829128547135e-131
3260                         1.6549959993658e-130
3261                         2.7436999578972e-130
3262                         4.5485846865181e-130
3263                         7.5407744898917e-130
3264                         1.2501312787678e-129
3265                         2.072503582024e-129
3266                         3.4358560340447e-129
3267                         5.6960609328125e-129
3268                         9.44309360719e-129
3269                         1.565503212237e-128
3270                         2.5953362419898e-128
3271                         4.3026230520222e-128
3272                         7.1330122194883e-128
3273                         1.1825312770417e-127
3274                         1.9604343552941e-127
3275                         3.2500644473712e-127
3276                         5.3880502979049e-127
3277                         8.9324647196575e-127
3278                         1.4808496869257e-126
3279                         2.4549951934788e-126
3280                         4.0699616262313e-126
3281                         6.7472994175286e-126
3282                         1.1185866995984e-125
3283                         1.8544251960539e-125
3284                         3.0743194148422e-125
3285                         5.0966951293518e-125
3286                         8.4494477431817e-125
3287                         1.4007737436286e-124
3288                         2.3222429920615e-124
3289                         3.8498812093729e-124
3290                         6.3824437739503e-124
3291                         1.0580998818474e-123
3292                         1.7541484102607e-123
3293                         2.9080776758505e-123
3294                         4.8210947940962e-123
3295                         7.9925495823845e-123
3296                         1.3250278527006e-122
3297                         2.1966692759742e-122
3298                         3.6417014919151e-122
3299                         6.0373174520477e-122
3300                         1.0008838477762e-121
3301                         1.659294023705e-121
3302                         2.750825346238e-121
3303                         4.5603973602038e-121
3304                         7.5603578800066e-121
3305                         1.2533778694939e-120
3306                         2.0778858734868e-120
3307                         3.444778951602e-120
3308                         5.7108536021218e-120
3309                         9.4676173197409e-120
3310                         1.5695688238227e-119
3311                         2.6020763297852e-119
3312                         4.3137969633839e-119
3313                         7.1515366510541e-119
3314                         1.1856023105745e-118
3315                         1.9655256029939e-118
3316                         3.2585048642089e-118
3317                         5.4020430636467e-118
3318                         8.9556623290726e-118
3319                         1.4846954533203e-117
3320                         2.4613708155948e-117
3321                         4.080531315909e-117
3322                         6.7648221530128e-117
3323                         1.1214916690745e-116
3324                         1.859241137985e-116
3325                         3.0823034218602e-116
3326                         5.1099312457706e-116
3327                         8.4713909575913e-116
3328                         1.4044115528122e-115
3329                         2.3282738567329e-115
3330                         3.8598793502456e-115
3331                         6.39901897939e-115
3332                         1.0608477670679e-114
3333                         1.758703933396e-114
3334                         2.9156299531004e-114
3335                         4.8336151764899e-114
3336                         8.0133062323465e-114
3337                         1.3284689498181e-113
3338                         2.2023740257259e-113
3339                         3.6511589900963e-113
3340                         6.0529963644878e-113
3341                         1.0034831429659e-112
3342                         1.6636032100144e-112
3343                         2.7579692392146e-112
3344                         4.5722407114061e-112
3345                         7.5799921281912e-112
3346                         1.2566328916172e-111
3347                         2.0832821427624e-111
3348                         3.4537250419793e-111
3349                         5.7256846879981e-111
3350                         9.4922047203813e-111
3351                         1.573644993803e-110
3352                         2.6088339215906e-110
3353                         4.3249998933965e-110
3354                         7.1701091905743e-110
3355                         1.1886813195823e-109
3356                         1.9706300726653e-109
3357                         3.2669672008117e-109
3358                         5.4160721686051e-109
3359                         8.9789201826852e-109
3360                         1.4885512071712e-108
3361                         2.4677629952026e-108
3362                         4.091128455073e-108
3363                         6.782390395044e-108
3364                         1.1244041827566e-107
3365                         1.8640695869179e-107
3366                         3.0903081633452e-107
3367                         5.1232017363835e-107
3368                         8.493391158528e-107
3369                         1.408058809386e-106
3370                         2.3343203835594e-106
3371                         3.8699034562889e-106
3372                         6.4156372306362e-106
3373                         1.063602788546e-105
3374                         1.7632712872242e-105
3375                         2.9232018436131e-105
3376                         4.8461680743148e-105
3377                         8.0341167873245e-105
3378                         1.3319189834639e-104
3379                         2.2080935907112e-104
3380                         3.6606410493976e-104
3381                         6.0687159950581e-104
3382                         1.0060891885244e-103
3383                         1.6679235872793e-103
3384                         2.7651316848787e-103
3385                         4.5841148197875e-103
3386                         7.5996773665112e-103
3387                         1.2598963670316e-102
3388                         2.0886924261475e-102
3389                         3.46269436535e-102
3390                         5.7405542901993e-102
3391                         9.5168559744928e-102
3392                         1.5777317495956e-101
3393                         2.61560906286e-101
3394                         4.3362319174152e-101
3395                         7.1887299629751e-101
3396                         1.1917683247759e-100
3397                         1.9757477986435e-100
3398                         3.275451514101e-100
3399                         5.4301377071467e-100
3400                         9.0022384369409e-100
3401                         1.4924169744145e-99
3402                         2.4741717753003e-99
3403                         4.1017531150063e-99
3404                         6.8000042617988e-99
3405                         1.1273242602368e-98
3406                         1.8689105753326e-98
3407                         3.0983336931443e-98
3408                         5.1365066904625e-98
3409                         8.5154484939907e-98
3410                         1.4117155378858e-97
3411                         2.3403826132174e-97
3412                         3.8799535949379e-97
3413                         6.432298639485e-97
3414                         1.0663649648156e-96
3415                         1.7678505024717e-96
3416                         2.9307933983277e-96
3417                         4.8587535720197e-96
3418                         8.0549813873219e-96
3419                         1.3353779768486e-95
3420                         2.2138280094094e-95
3421                         3.6701477336113e-95
3422                         6.0844764495169e-95
3423                         1.0087020019845e-94
3424                         1.6722551845662e-94
3425                         2.7723127314181e-94
3426                         4.5960197652349e-94
3427                         7.6194137274062e-94
3428                         1.2631683176936e-93
3429                         2.0941167600411e-93
3430                         3.4716869820582e-93
3431                         5.7554625087647e-93
3432                         9.5415712479233e-93
3433                         1.5818291186947e-92
3434                         2.6224017991744e-92
3435                         4.3474931110054e-92
3436                         7.2073990935296e-92
3437                         1.1948633469231e-91
3438                         1.980878815358e-91
3439                         3.283957861155e-91
3440                         5.4442397738967e-91
3441                         9.0256172487104e-91
3442                         1.4962927810564e-90
3443                         2.4805971990019e-90
3444                         4.1124053671849e-90
3445                         6.8176638717709e-90
3446                         1.1302519211589e-89
3447                         1.8737641357957e-89
3448                         3.1063800652462e-89
3449                         5.1498461975104e-89
3450                         8.5375631123586e-89
3451                         1.4153817629106e-88
3452                         2.3464605864874e-88
3453                         3.8900298338004e-88
3454                         6.4490033180182e-88
3455                         1.0691343144579e-87
3456                         1.7724416099428e-87
3457                         2.9384046683128e-87
3458                         4.8713717542666e-87
3459                         8.0759001726922e-87
3460                         1.3388459532403e-86
3461                         2.2195773203947e-86
3462                         3.6796791066867e-86
3463                         6.1002778338801e-86
3464                         1.0113216009218e-85
3465                         1.676598031012e-85
3466                         2.7795124271364e-85
3467                         4.6079556278271e-85
3468                         7.6392013436323e-85
3469                         1.2664487656117e-84
3470                         2.0995551809305e-84
3471                         3.4807029525927e-84
3472                         5.7704094439748e-84
3473                         9.5663507069198e-84
3474                         1.5859371286614e-83
3475                         2.6292121762248e-83
3476                         4.3587835499148e-83
3477                         7.2261167078146e-83
3478                         1.1979664068425e-82
3479                         1.9860231573221e-82
3480                         3.2924862991907e-82
3481                         5.458378463711e-82
3482                         9.0490567752482e-82
3483                         1.5001786531672e-81
3484                         2.4870393095272e-81
3485                         4.1230852832595e-81
3486                         6.8353693437449e-81
3487                         1.1331871852156e-80
3488                         1.8786303009536e-80
3489                         3.1144473337734e-80
3490                         5.1632203472524e-80
3491                         8.5597351623802e-80
3492                         1.4190575091198e-79
3493                         2.3525543442507e-79
3494                         3.9001322406489e-79
3495                         6.4657513785905e-79
3496                         1.0719108560994e-78
3497                         1.7770446405166e-78
3498                         2.9460357047601e-78
3499                         4.8840227059226e-78
3500                         8.0968732841305e-78
3501                         1.3423229359636e-77
3502                         2.2253415623354e-77
3503                         3.6892352327293e-77
3504                         6.1161202544241e-77
3505                         1.0139480029551e-76
3506                         1.6809521558263e-76
3507                         2.7867308204583e-76
3508                         4.6199224878438e-76
3509                         7.6590403482798e-76
3510                         1.2697377328501e-75
3511                         2.1050077253939e-75
3512                         3.4897423375945e-75
3513                         5.785395196362e-75
3514                         9.591194518149e-75
3515                         1.5900558071266e-74
3516                         2.6360402398185e-74
3517                         4.3701033100843e-74
3518                         7.2448829317284e-74
3519                         1.201077525406e-73
3520                         1.9911808591383e-73
3521                         3.3010368855736e-73
3522                         5.4725538716922e-73
3523                         9.0725571742198e-73
3524                         1.5040746168851e-72
3525                         2.4934981502087e-72
3526                         4.1337929350679e-72
3527                         6.8531207968158e-72
3528                         1.1361300721508e-71
3529                         1.8835091035387e-71
3530                         3.1225355529912e-71
3531                         5.1766292296518e-71
3532                         8.5819647931999e-71
3533                         1.4227428012394e-70
3534                         2.3586639274987e-70
3535                         3.9102608834411e-70
3536                         6.4825429338648e-70
3537                         1.0746946084176e-69
3538                         1.7816596251576e-69
3539                         2.9536865590038e-69
3540                         4.8967065120914e-69
3541                         8.1179008627257e-69
3542                         1.3458089484087e-68
3543                         2.2311207740088e-68
3544                         3.6988161760253e-68
3545                         6.1320038177243e-68
3546                         1.0165812257529e-67
3547                         1.6853175882999e-67
3548                         2.7939679599428e-67
3549                         4.6319204257888e-67
3550                         7.6789308748112e-67
3551                         1.2730352415347e-66
3552                         2.1104744301126e-66
3553                         3.4988051978749e-66
3554                         5.8004198667419e-66
3555                         9.6161028487465e-66
3556                         1.5941851817982e-65
3557                         2.6428860358915e-65
3558                         4.3814524676685e-65
3559                         7.2636978915222e-65
3560                         1.2041967235441e-64
3561                         1.9963519555058e-64
3562                         3.3096096778294e-64
3563                         5.4867660932096e-64
3564                         9.0961186037322e-64
3565                         1.507980698422e-63
3566                         2.4999737645025e-63
3567                         4.1445283946548e-63
3568                         6.870918350425e-63
3569                         1.1390806017663e-62
3570                         1.8884005763802e-62
3571                         3.1306447773264e-62
3572                         5.1900729349434e-62
3573                         8.60425215442e-62
3574                         1.4264376640723e-61
3575                         2.3647893773537e-61
3576                         3.9204158303567e-61
3577                         6.4993780968834e-61
3578                         1.0774855901553e-60
3579                         1.7862865949429e-60
3580                         2.961357282573e-60
3581                         4.9094232582164e-60
3582                         8.1389830501606e-60
3583                         1.349304014071e-59
3584                         2.2369149943784e-59
3585                         3.7084220011937e-59
3586                         6.1479286309561e-59
3587                         1.0192212870923e-58
3588                         1.6896943579227e-58
3589                         2.801223894515e-58
3590                         4.643949522839e-58
3591                         7.6988730579379e-58
3592                         1.2763413140242e-57
3593                         2.1159553322045e-57
3594                         3.5078915950682e-57
3595                         5.8154835574869e-57
3596                         9.6410758688061e-57
3597                         1.5983252809486e-56
3598                         2.6497496114576e-56
3599                         4.3928311008884e-56
3600                         7.2825617174201e-56
3601                         1.2073240229521e-55
3602                         2.0015364825998e-55
3603                         3.3182047363359e-55
3604                         5.5010152291494e-55
3605                         9.1197412325799e-55
3606                         1.5118969260619e-54
3607                         2.506466199885e-54
3608                         4.1552917418717e-54
3609                         6.8887621391825e-54
3610                         1.1420387968133e-53
3611                         1.8933047580439e-53
3612                         3.138775072369e-53
3613                         5.2035515750893e-53
3614                         8.6265974379454e-53
3615                         1.4301421306599e-52
3616                         2.3709307509846e-52
3617                         3.9305971808369e-52
3618                         6.5162570415993e-52
3619                         1.080283831925e-51
3620                         1.7909256040816e-51
3621                         2.9690479720833e-51
3622                         4.9221731176247e-51
3623                         8.1601201594342e-51
3624                         1.3528081898424e-50
3625                         2.2427243275166e-50
3626                         3.7180528997922e-50
3627                         6.1638950487848e-50
3628                         1.0218682530047e-49
3629                         1.6940825882697e-49
3630                         2.8084988565491e-49
3631                         4.6560102178756e-49
3632                         7.7188677298575e-49
3633                         1.2796561086823e-48
3634                         2.1214507339891e-48
3635                         3.5170021079417e-48
3636                         5.8305873793659e-48
3637                         9.6661157147812e-48
3638                         1.60247651629e-47
3639                         2.6566317612418e-47
3640                         4.4042407460126e-47
3641                         7.3014773828694e-47
3642                         1.2104599997619e-46
3643                         2.006735557764e-46
3644                         3.3268242297878e-46
3645                         5.5153054916993e-46
3646                         9.1434332467684e-46
3647                         1.5158248914807e-45
3648                         2.5129785525202e-45
3649                         4.1660890016597e-45
3650                         6.9066638909238e-45
3651                         1.1450069407817e-44
3652                         1.8982260956559e-44
3653                         3.1469351006396e-44
3654                         5.2170820265407e-44
3655                         8.6490335273689e-44
3656                         1.4338626091071e-43
3657                         2.3771005372983e-43
3658                         3.940829276928e-43
3659                         6.5332272164543e-43
3660                         1.0830985831411e-42
3661                         1.795594683991e-42
3662                         2.9767937807732e-42
3663                         4.9350246261541e-42
3664                         8.1814458145592e-42
3665                         1.3563475290715e-41
3666                         2.2485995721744e-41
3667                         3.7278079211241e-41
3668                         6.1800962046261e-41
3669                         1.0245597825881e-40
3670                         1.6985557117837e-40
3671                         2.8159360354273e-40
3672                         4.6683817252715e-40
3673                         7.7394593534711e-40
3674                         1.2830857955347e-39
3675                         2.1271676678513e-39
3676                         3.5265404535303e-39
3677                         5.8465185921387e-39
3678                         9.692757572801e-39
3679                         1.6069382561826e-38
3680                         2.66411626974e-38
3681                         4.4168198190128e-38
3682                         7.3226648787118e-38
3683                         1.214037569564e-37
3684                         2.0127934040779e-37
3685                         3.3371144746739e-37
3686                         5.5328473741362e-37
3687                         9.1734554892561e-37
3688                         1.5209855416802e-36
3689                         2.5218918487352e-36
3690                         4.1815635674191e-36
3691                         6.9336790815234e-36
3692                         1.1497510402989e-35
3693                         1.906608719007e-35
3694                         3.1618418390638e-35
3695                         5.2437644492149e-35
3696                         8.6971103212563e-35
3697                         1.4425823567373e-34
3698                         2.3930183948799e-34
3699                         3.9700706477467e-34
3700                         6.5872694803412e-34
3701                         1.0931437643539e-33
3702                         1.8143669934494e-33
3703                         3.0120510228385e-33
3704                         5.0015486471293e-33
3705                         8.3074939027977e-33
3706                         1.3803222583732e-32
3707                         2.2943579548938e-32
3708                         3.8154146824453e-32
3709                         6.3482930488017e-32
3710                         1.0569332112141e-31
3711                         1.7610071570016e-31
3712                         2.9366581505737e-31
3713                         4.9021818406238e-31
3714                         8.1930399350141e-31
3715                         1.3712250779485e-30
3716                         2.2987049125792e-30
3717                         3.8608931271002e-30
3718                         6.4992092606661e-30
3719                         1.0968845402968e-29
3720                         1.8568316364639e-29
3721                         3.1543209109017e-29
3722                         5.3802365600806e-29
3723                         9.2200274134467e-29
3724                         1.5885726659254e-28
3725                         2.7540542786324e-28
3726                         4.8085537113702e-28
3727                         8.4636827848472e-28
3728                         1.5033964273972e-27
3729                         2.6981195746281e-27
3730                         4.8984763317663e-27
3731                         9.0082437548757e-27
3732                         1.6802984879659e-26
3733                         3.1834558663886e-26
3734                         6.1344537182723e-26
3735                         1.2039365058714e-25
3736                         2.4095881993204e-25
3737                         4.923998371968e-25
3738                         1.0285053899535e-24
3739                         2.1980260052935e-24
3740                         4.8101949532918e-24
3741                         1.078706358671e-23
3742                         2.4803033948489e-23
3743                         5.8501290499569e-23
3744                         1.4159153068348e-22
3745                         3.5174966285038e-22
3746                         8.9709144086942e-22
3747                         2.3491131648919e-21
3748                         6.3164726224439e-21
3749                         1.7441134184195e-20
3750                         4.9456222632738e-20
3751                         1.4402029329582e-19
3752                         4.3071429148492e-19
3753                         1.32288300142e-18
3754                         3.1546137225595e-18
3755                         6.8216531009337e-18
3756                         1.4358910753157e-17
3757                         3.0271369533362e-17
3758                         6.4758377910336e-17
3759                         1.4146196969581e-16
3760                         9.5066200362825e-15
3761                         3.0506795151249e-14
3762.0374419527              3.9720351930828e-14
3763.1137277578              4.5808502670675e-14
3764.2303118051              4.9444544554803e-14
3765.3887029394              5.1476659170361e-14
3766.5904664997              5.2559659719348e-14
3767.8372264344              5.31156529525e-14
3769.1306674955              5.3392077322434e-14
3770.4725375156              5.3525537860155e-14
3771.8646497695              5.3588223904624e-14
3773.3088854244              5.3616932617415e-14
3774.8071960824              5.3629818000682e-14
3776.3616064171              5.3635559483687e-14
3777.9742169099              5.3638179157557e-14
3779.6472066885              5.3639483331655e-14
3781.3828364711              5.3640258965662e-14
3783.1834516219              5.3640842305018e-14
3785.05148532                5.3641386123744e-14
3786.9894618473              5.3642001215401e-14
3789                         2.6891924774501e-14
3791                         0
3793                         0
3795                         0
3797                         0
3799                         0
