x[nm]                    Hole_density[1e18_cm^-3]
-9                       0
-7                       0
-5                       0
-3                       0
-1                       0
1                        1.218051901521e-24
2.998                    1.4367830573556e-24
4.996                    8.4697351317384e-25
6.9939999999999          4.9928528652135e-25
8.9919999999999          2.943254960371e-25
10.99                    1.7350304613831e-25
12.988                   1.0227897867055e-25
14.986                   6.0292833677188e-26
16.984                   3.5542259081584e-26
18.982                   2.0951946306646e-26
20.98                    1.2351045545657e-26
22.978                   7.2808666640443e-27
24.976                   4.2920268938039e-27
26.974                   2.5301239208381e-27
28.972                   1.4914927664772e-27
30.97                    8.7922597636729e-28
32.968                   5.1829840233252e-28
34.966                   3.0553377762796e-28
36.964                   1.8011031650705e-28
38.962                   1.0617394373758e-28
40.96                    6.2588898560165e-29
42.958                   3.6895777675913e-29
44.956                   2.1749838096777e-29
46.954                   1.2821398193499e-29
48.952                   7.5581367965109e-30
50.949999999999          4.4554759920001e-30
52.947999999999          2.6264761871603e-30
54.945999999999          1.5482918489777e-30
56.943999999999          9.12708693622e-31
58.941999999999          5.3803626232592e-31
60.939999999999          3.1716912701784e-31
62.937999999999          1.8696928474374e-31
64.935999999999          1.1021726410219e-31
66.933999999999          6.4972411499684e-32
68.931999999999          3.8300844159685e-32
70.929999999999          2.2578116303281e-32
72.927999999999          1.3309663193822e-32
74.925999999999          7.8459660652587e-33
76.923999999999          4.6251496075234e-33
78.921999999999          2.7264977587271e-33
80.919999999999          1.6072539613103e-33
82.917999999999          9.4746650272449e-34
84.915999999999          5.5852578086238e-34
86.913999999999          3.2924757444289e-34
88.911999999999          1.9408945654961e-34
90.909999999999          1.1441456237746e-34
92.907999999999          6.7446693482187e-35
94.905999999999          3.9759418444234e-35
96.903999999999          2.3437937034548e-35
98.901999999999          1.381652232177e-35
100.9                    8.1447564598619e-36
102.898                  4.8012847405122e-36
104.896                  2.8303283558049e-36
106.894                  1.6684614711728e-36
108.892                  9.8354796010813e-37
110.89                   5.7979558206571e-37
112.888                  3.4178599378719e-37
114.886                  2.0148077902369e-37
116.884                  1.1877170233394e-37
118.882                  7.0015201170332e-38
120.88                   4.1273538213162e-38
122.878                  2.4330501493367e-38
124.876                  1.4342683679348e-38
126.874                  8.4549254022529e-39
128.872                  4.9841274586981e-39
130.87                   2.9381130338452e-39
132.868                  1.7319998878817e-39
134.866                  1.0210034730001e-39
136.864                  6.0187538069255e-40
138.862                  3.5480190172067e-40
140.86                   2.0915357813731e-40
142.858                  1.2329477106941e-40
144.856                  7.2681522871583e-41
146.854                  4.2845318752069e-41
148.852                  2.5257056627857e-41
150.85                   1.4888882334947e-41
152.848                  8.7769062108132e-42
154.846                  5.1739332006546e-42
156.844                  3.0500023723452e-42
158.842                  1.7979579771416e-42
160.84                   1.0598853682467e-42
162.838                  6.2479602310255e-43
164.836                  3.6831348198585e-43
166.834                  2.1711857309676e-43
168.832                  1.2799008749124e-43
170.83                   7.5449383543597e-44
172.828                  4.4476955900971e-44
174.826                  2.6218896872414e-44
176.824                  1.5455881349814e-44
178.822                  9.1111487055313e-45
180.82                   5.3709671325409e-45
182.818                  3.1661526851522e-45
184.816                  1.8664278850193e-45
186.814                  1.1002479653979e-45
188.812                  6.485895303421e-46
190.81                   3.8233961079618e-46
192.808                  2.2538689131578e-46
194.806                  1.3286421114256e-46
196.804                  7.8322649997439e-47
198.802                  4.6170729121631e-47
200.8                    2.7217365955987e-47
202.798                  1.6044472844053e-47
204.796                  9.4581198364261e-48
206.794                  5.5755045185773e-48
208.792                  3.2867262388602e-48
210.79                   1.9375052666931e-48
212.788                  1.1421476526033e-48
214.786                  6.7328914288509e-49
216.784                  3.968998832101e-49
218.782                  2.3397008396301e-49
220.78                   1.3792395136756e-49
222.778                  8.1305336300392e-50
224.776                  4.7929004682465e-50
226.774                  2.8253858779508e-50
228.772                  1.6655479103337e-50
230.77                   9.8183043359336e-51
232.768                  5.787831105603e-51
234.766                  3.411891479508e-51
236.764                  2.0112894200853e-51
238.762                  1.1856429653883e-51
240.76                   6.9892936707003e-52
242.758                  4.1201464050603e-52
244.756                  2.4288014209927e-52
246.754                  1.4317637682415e-52
248.752                  8.4401609383609e-53
250.75                   4.9754238964243e-53
252.748                  2.9329823364622e-53
254.746                  1.7289753727683e-53
256.744                  1.0192205396113e-53
258.742                  6.0082435223012e-54
260.74                   3.5418232679113e-54
262.738                  2.0878834245909e-54
264.736                  1.2307946684343e-54
266.734                  7.2554602330985e-55
268.732                  4.2770499860089e-55
270.73                   2.5212951343003e-55
272.728                  1.4862882535957e-55
274.726                  8.7615794863681e-56
276.724                  5.1648981891792e-56
278.722                  3.0446762876594e-56
280.72                   1.7948182823931e-56
282.718                  1.0580345371586e-56
284.716                  6.2370496935662e-57
286.714                  3.6767031239343e-57
288.712                  2.1673942850728e-57
290.71                   1.2776658404606e-57
292.708                  7.5317629612806e-58
294.706                  4.4399287754667e-58
296.704                  2.6173111969349e-58
298.702                  1.5428891426036e-58
300.7                    9.0952383085062e-59
302.698                  5.3615880496073e-59
304.696                  3.1606237724204e-59
306.694                  1.8631686243634e-59
308.692                  1.0983266509299e-59
310.69                   6.4745692706967e-60
312.688                  3.8167194800893e-60
314.686                  2.2499330813596e-60
316.684                  1.3263219623564e-60
318.682                  7.8185878611388e-61
320.68                   4.6090103215769e-61
322.678                  2.7169837471532e-61
324.676                  1.6016455089582e-61
326.674                  9.4416035394162e-62
328.672                  5.565768261262e-62
330.67                   3.2809867739894e-62
332.668                  1.9341218868233e-62
334.666                  1.1401531706086e-62
336.664                  6.7211340779778e-63
338.662                  3.962067944787e-63
340.66                   2.3356151234274e-63
342.658                  1.3768310086557e-63
344.656                  8.1163356384426e-64
346.654                  4.7845308379696e-64
348.652                  2.820452031463e-64
350.65                   1.6626394376341e-64
352.648                  9.8011590650679e-65
354.646                  5.7777240720013e-65
356.644                  3.4059334442557e-65
358.642                  2.0077771942964e-65
360.64                   1.183572529503e-65
362.638                  6.977088576231e-66
364.636                  4.1129515756011e-66
366.634                  2.4245601124897e-66
368.632                  1.4292635425007e-66
370.63                   8.4254222586548e-67
372.628                  4.9667355337723e-67
374.626                  2.9278605991646e-67
376.624                  1.7259561395711e-67
378.622                  1.0174407198804e-67
380.62                   5.9977515925051e-68
382.618                  3.5356383386769e-68
384.616                  2.0842374461699e-68
386.614                  1.2286453861799e-68
388.612                  7.2427903440442e-69
390.61                   4.2695811629482e-69
392.608                  2.516892308224e-69
394.60599999999          1.4836928142206e-69
396.60399999999          8.7462795280398e-70
398.60199999999          5.1558789561701e-70
400.59999999999          3.0393595042846e-70
402.59799999999          1.7916840707112e-70
404.59599999999          1.0561869383056e-70
406.59399999999          6.2261582099391e-71
408.59199999999          3.6702826601303e-71
410.58999999999          2.1636094604454e-71
412.58799999999          1.2754347092065e-71
414.58599999999          7.5186105773162e-72
416.58399999999          4.4321755245717e-72
418.58199999999          2.6127407023686e-72
420.57999999999          1.5401948636664e-72
422.57799999999          9.0793556969275e-73
424.57599999999          5.3522253460253e-73
426.57399999999          3.1551045152171e-73
428.57199999999          1.8599150555827e-73
430.56999999999          1.0964086917879e-73
432.56799999999          6.4632630174152e-74
434.56599999999          3.8100545120788e-74
436.56399999999          2.2460041229791e-74
438.56199999999          1.3240058651252e-74
440.55999999999          7.8049346078707e-75
442.55799999999          4.6009618112516e-75
444.55599999999          2.7122391989355e-75
446.55399999999          1.5988486264446e-75
448.55199999999          9.4251160859526e-76
450.54999999999          5.556049007042e-76
452.54799999999          3.2752573323383e-76
454.54599999999          1.9307444155801e-76
456.54399999999          1.1381621717133e-76
458.54199999999          6.7093972597608e-77
460.53999999999          3.9551491613468e-77
462.53799999999          2.3315365423838e-77
464.53599999999          1.3744267097679e-77
466.53399999999          8.1021624417351e-78
468.53199999999          4.7761758241259e-78
470.52999999999          2.8155268012725e-78
472.52799999999          1.6597360441882e-78
474.52599999999          9.7840437360908e-79
476.52399999999          5.7676346889575e-79
478.52199999999          3.3999858138981e-79
480.51999999999          2.0042711021281e-79
482.51799999999          1.1815057093489e-79
484.51599999999          6.9649047962718e-80
486.51399999999          4.1057693109133e-80
488.51199999999          2.4203262108424e-80
490.50999999999          1.4267676830551e-80
492.50799999999          8.4107093179888e-81
494.50599999999          4.9580623441263e-81
496.50399999999          2.9227478062595e-81
498.50199999999          1.7229421790381e-81
500.49999999999          1.0156640083522e-81
502.49799999999          5.9872779853715e-82
504.49599999999          3.5294642105391e-82
506.49399999999          2.080597834928e-82
508.49199999999          1.2264998573387e-82
510.48999999999          7.2301425811286e-83
512.48799999999          4.2621253831101e-83
514.48599999999          2.5124971710469e-83
516.48399999999          1.481101907404e-83
518.48199999999          8.7310062888611e-84
520.47999999999          5.146875473933e-84
522.47799999999          3.0340520058919e-84
524.47599999999          1.7885553324689e-84
526.47399999999          1.054342566011e-84
528.47199999999          6.2152857466706e-85
530.46999999999          3.6638734087086e-85
532.46799999999          2.1598312454471e-85
534.46599999999          1.2732074742872e-85
536.46399999999          7.5054811620026e-86
538.46199999999          4.4244358135511e-86
540.45999999999          2.6081781894727e-86
542.45799999999          1.5375052898737e-86
544.45599999999          9.0635008218802e-87
546.45399999999          5.342878992954e-87
548.45199999999          3.1495948965369e-87
550.44999999999          1.8566671686507e-87
552.44799999999          1.0944940820597e-87
554.44599999999          6.451976508716e-88
556.44399999999          3.8034011833742e-88
558.44199999999          2.2420820258958e-88
560.43999999999          1.3216938125851e-88
562.43799999999          7.7913051977991e-89
564.43599999999          4.5929273563393e-89
566.43399999999          2.7075029362947e-89
568.43199999999          1.5960566282256e-89
570.42999999999          9.4086574250922e-90
572.42799999999          5.5463467258776e-90
574.42599999999          3.2695378961947e-90
576.42399999999          1.9273728425194e-90
578.42199999999          1.1361746497585e-90
580.41999999999          6.6976809378848e-91
582.41799999999          3.9482424603682e-91
584.41599999999          2.3274650838738e-91
586.41399999999          1.3720266095681e-91
588.41199999999          8.0880139960248e-92
590.40999999999          4.7678354008371e-92
592.40799999999          2.8106101721195e-92
594.40599999999          1.6568377209993e-92
596.40399999999          9.7669582959492e-93
598.40199999999          5.7575629251896e-93
600.39999999999          3.3940485699901e-93
602.39799999999          2.0007711327049e-93
604.39599999999          1.1794424985134e-93
606.39399999999          6.952742293012e-94
608.39199999999          4.0985995887013e-94
610.38999999999          2.4160997029023e-94
612.38799999999          1.4242761821519e-94
614.38599999999          8.3960220706471e-95
616.38399999999          4.9494043005258e-95
618.38199999999          2.9176439418503e-95
620.37999999999          1.7199334817952e-95
622.37799999999          1.0138903994996e-95
624.37599999999          5.9768226683081e-96
626.37399999999          3.5233008642779e-96
628.37199999999          2.0769645795323e-96
630.37                   1.2243580752267e-96
632.368                  7.2175169049359e-97
634.36599999999          4.2546826232511e-97
636.364                  2.5081097090627e-97
638.362                  1.4785155250634e-97
640.36                   8.7157597211748e-98
642.358                  5.1378877143678e-98
644.356                  3.0287537759122e-98
646.354                  1.785432057896e-98
648.352                  1.0525014145141e-98
650.35                   6.204432269798e-99
652.348                  3.6574753496444e-99
654.346                  2.1560596282716e-99
656.344                  1.2709841287419e-99
658.342                  7.4923746742983e-100
660.34                   4.41670961821e-100
662.338                  2.6036236439838e-100
664.336                  1.5348204128165e-100
666.334                  9.0476736337886e-101
668.332                  5.3335489611673e-101
670.33                   3.1440948991497e-101
672.328                  1.8534249534097e-101
674.326                  1.0925828157576e-101
676.324                  6.4407097093011e-102
678.322                  3.7967594731686e-102
680.32                   2.2381667778441e-102
682.318                  1.3193857975061e-102
684.316                  7.7776995883092e-103
686.314                  4.5849069317203e-103
688.312                  2.7027749444235e-103
690.31                   1.5932695055737e-103
692.308                  9.3922275053964e-104
694.306                  5.5366613874507e-104
696.304                  3.2638284476896e-104
698.302                  1.9240071571097e-104
700.3                    1.1341905985376e-104
702.298                  6.6859850757703e-105
704.296                  3.9413478202926e-105
706.294                  2.3234007351915e-105
708.292                  1.3696307005678e-105
710.29                   8.0738902571757e-106
712.288                  4.7595095420902e-106
714.286                  2.8057021286752e-106
716.284                  1.6539444590325e-106
718.282                  9.7499026914023e-107
720.28                   5.7475087493215e-107
722.278                  3.3881216940412e-107
724.276                  1.9972772751301e-107
726.274                  1.1773828905754e-107
728.272                  6.940601028615e-108
730.27                   4.0914423866704e-108
732.268                  2.4118805755333e-108
734.266                  1.4217890320507e-108
736.264                  8.3813604710206e-109
738.262                  4.9407613760998e-109
740.26                   2.9125489901029e-109
742.258                  1.7169300385127e-109
744.256                  1.0121198878249e-109
746.254                  5.9663856089209e-110
748.252                  3.5171482808072e-110
750.25                   2.0733376687367e-110
752.248                  1.2222200332186e-110
754.246                  7.2049132764316e-111
756.244                  4.2472528603708e-111
758.242                  2.5037299087188e-111
760.24                   1.4759336592137e-111
762.238                  8.7005397779307e-112
764.236                  5.1289156497509e-112
766.234                  3.0234647980097e-112
768.232                  1.7823142373667e-112
770.23                   1.0506634781432e-112
772.228                  6.1935977458989e-113
774.226                  3.6510884632446e-113
776.224                  2.1522945973142e-113
778.222                  1.2687646657325e-113
780.22                   7.4792910739075e-114
782.218                  4.4089969148013e-114
784.216                  2.5990770519073e-114
786.214                  1.5321402242478e-114
788.212                  9.0318740840533e-115
790.21                   5.3242352220239e-115
792.208                  3.1386045061779e-115
794.206                  1.8501883999137e-115
796.204                  1.0906748870197e-115
798.202                  6.4294625846263e-116
800.2                    3.7901293611028e-116
802.198                  2.2342583668256e-116
804.196                  1.3170818128165e-116
806.194                  7.7641177377201e-117
808.192                  4.5769005128289e-117
810.19                   2.6980552088442e-117
812.188                  1.590487249956e-117
814.186                  9.3758262765731e-118
816.184                  5.5269929621196e-118
818.182                  3.2581289693527e-118
820.18                   1.920647349054e-118
822.178                  1.1322100119815e-118
824.176                  6.6743096376461e-119
826.174                  3.9344652200363e-119
828.172                  2.3193434839104e-119
830.17                   1.3672389754428e-119
832.168                  8.0597911820205e-120
834.166                  4.7511982224424e-120
836.164                  2.8008026559419e-120
838.162                  1.6510562494484e-120
840.16                   9.7328768703474e-121
842.158                  5.7374721306434e-121
844.156                  3.3822051679498e-121
846.154                  1.9937895187343e-121
848.152                  1.1753268792455e-121
850.15                   6.9284809660048e-122
852.148                  4.0842976829648e-122
854.146                  2.4076688158518e-122
856.144                  1.4193062251566e-122
858.142                  8.3667244743364e-123
860.14                   4.9321335444531e-123
862.138                  2.9074629354577e-123
864.136                  1.7139318400182e-123
866.134                  1.0103524679208e-123
868.132                  5.9559667753348e-124
870.13                   3.5110064413356e-124
872.128                  2.0697170914635e-124
874.126                  1.2200857247835e-124
876.124                  7.1923316571152e-125
878.122                  4.239836071774e-125
880.12                   2.4993577566372e-125
882.118                  1.4733563019686e-125
884.116                  8.6853464126375e-126
886.114                  5.1199592526757e-126
888.112                  3.0181850560291e-126
890.11                   1.779201861358e-126
892.108                  1.0488287512843e-126
894.106                  6.1827821418817e-127
896.104                  3.6447127300021e-127
898.102                  2.1485361410775e-127
900.1                    1.2665490784829e-127
902.098                  7.4662303209045e-128
904.096                  4.4012976798068e-128
906.094                  2.5945383993963e-128
908.092                  1.5294647160216e-128
910.09                   9.0161021248249e-129
912.088                  5.3149377474913e-129
914.086                  3.133123701273e-129
916.084                  1.8469574987057e-129
918.082                  1.0887702904559e-129
920.08                   6.4182351047985e-130
922.078                  3.783510831477e-130
924.076                  2.2303567855465e-130
926.074                  1.3147818562183e-130
928.072                  7.7505596529076e-131
930.07                   4.568908124563e-131
932.068                  2.6933437655042e-131
934.066                  1.587709904271e-131
936.064                  9.3594542130417e-132
938.062                  5.5173419556393e-132
940.06                   3.2524399900544e-132
942.058                  1.9172939655896e-132
944.056                  1.1302334529916e-132
946.054                  6.6626603942286e-133
948.052                  3.9276005642246e-133
950.05                   2.3152993650058e-133
952.048                  1.3648575984786e-133
954.046                  8.0457797111855e-134
956.044                  4.7429656940945e-134
958.042                  2.7959773371471e-134
960.04                   1.6482400295866e-134
962.038                  9.7165640032054e-135
964.036                  5.7281503118958e-135
966.034                  3.3770105999151e-135
968.032                  1.9910341503095e-135
970.03                   1.1740157697298e-135
972.028                  6.9239491411357e-136
974.026                  4.084890946436e-136
976.024                  2.4113538676751e-136
978.022                  1.424888605501e-136
980.02                   8.4345436818324e-137
982.018                  5.0079368210406e-137
984.016                  2.989057040071e-137
986.014                  1.8003212253884e-137
988.012                  1.1014813883881e-137
990.01                   6.9241287355611e-138
992.008                  4.5605818403463e-138
994.006                  3.2544835756301e-138
996.004                  2.6629345274098e-138
998.002                  2.7451702265354e-138
1000                     4.1477746785e-138
1002                     6.6699803407252e-138
1004                     8.0298834333182e-138
1006                     8.0504789667512e-138
1008                     7.1434491584208e-138
1010                     5.8194645711956e-138
1012                     4.4547261456608e-138
1014                     3.2538861902805e-138
1016                     2.2921464635346e-138
1018                     1.5690756818539e-138
1020                     1.049644982353e-138
1022                     6.890964613692e-139
1024                     4.4543060836891e-139
1026                     2.8422527105024e-139
1028                     1.7940030590974e-139
1030                     1.1219838031673e-139
1032                     6.9622053271265e-140
1034                     4.2913619809023e-140
1036                     2.6299126038054e-140
1038                     1.6037239366688e-140
1040                     9.7375819737903e-141
1042                     5.8905158832134e-141
1044                     3.5517927084918e-141
1046                     2.135577227669e-141
1048                     1.2808917432335e-141
1050                     7.6660886798126e-142
1052                     4.5794808450977e-142
1054                     2.731121241607e-142
1056                     1.6264330440657e-142
1058                     9.6733901419154e-143
1060                     5.7469258842677e-143
1062                     3.4108726566897e-143
1064                     2.022645456022e-143
1066                     1.1985146692538e-143
1068                     7.0970152719949e-144
1070                     4.2000220225819e-144
1072                     2.4842842175611e-144
1074                     1.4687627343594e-144
1076                     8.6801296230716e-145
1078                     5.1279727193444e-145
1080                     3.0285056342593e-145
1082                     1.7880939463842e-145
1084                     1.0554695796855e-145
1086                     6.2288381379676e-146
1088                     3.6752368007621e-146
1090                     2.1681547879573e-146
1092                     1.2788820545114e-146
1094                     7.542468796246e-147
1096                     4.4478081814725e-147
1098                     2.622611556781e-147
1100                     1.5462598915838e-147
1102                     9.1158297531141e-148
1104                     5.3737712226036e-148
1106                     3.1676338652094e-148
1108                     1.8670965786051e-148
1110                     1.1004679182821e-148
1112                     6.4858851781397e-149
1114                     3.8224742966326e-149
1116                     2.2527098951357e-149
1118                     1.327556572403e-149
1120                     7.8232892755409e-150
1122                     4.6101563181754e-150
1124                     2.7166456743993e-150
1126                     1.6008198709906e-150
1128                     9.4328944153853e-151
1130                     5.558291614746e-151
1132                     3.2751579311437e-151
1134                     1.9298269264357e-151
1136                     1.1371041155491e-151
1138                     6.7000547202251e-152
1140                     3.9477819116623e-152
1142                     2.3260820312021e-152
1144                     1.3705481922706e-152
1146                     8.0753491363296e-153
1148                     4.7580202188528e-153
1150                     2.8034284198129e-153
1152                     1.6517757325449e-153
1154                     9.7322060575809e-154
1156                     5.7341662044059e-154
1158                     3.3785330237558e-154
1160                     1.9906050288763e-154
1162                     1.1728464953725e-154
1164                     6.9102936028162e-155
1166                     4.0714692663866e-155
1168                     2.3988618315804e-155
1170                     1.4133795033243e-155
1172                     8.3274471428449e-156
1174                     4.9064183418141e-156
1176                     2.8907924211726e-156
1178                     1.7032128425562e-156
1180                     1.0035075839552e-156
1182                     5.9125135309031e-157
1184                     3.4835609839631e-157
1186                     2.0524590210527e-157
1188                     1.2092759097121e-157
1190                     7.1248570765094e-158
1192                     4.1978486775251e-158
1194                     2.4733027696487e-158
1196                     1.4572285935663e-158
1198                     8.5857451430271e-159
1200                     5.0585753113635e-159
1202                     2.980426220666e-159
1204                     1.756015994948e-159
1206                     1.0346143631422e-159
1208                     6.0957688386819e-160
1210                     3.5915211802283e-160
1212                     2.1160617437067e-160
1214                     1.2467466362259e-160
1216                     7.3456130064945e-161
1218                     4.3279063727263e-161
1220                     2.5499264031425e-161
1222                     1.5023717680098e-161
1224                     8.8517097225781e-162
1226                     5.2152711958831e-162
1228                     3.0727456725228e-162
1230                     1.8104074240111e-162
1232                     1.0666600185376e-162
1234                     6.2845719367433e-163
1236                     3.702758418118e-163
1238                     2.1815996054831e-163
1240                     1.2853597847917e-163
1242                     7.5731117164644e-164
1244                     4.4619429548801e-164
1246                     2.6288975339193e-164
1248                     1.5488997163641e-164
1250                     9.1258418404206e-165
1252                     5.3767837768796e-165
1254                     3.1679053939974e-165
1256                     1.866473517028e-165
1258                     1.0996929953375e-165
1260                     6.4791954850158e-166
1262                     3.8174266946083e-166
1264                     2.2491598764329e-166
1266                     1.3251649706526e-166
1268                     7.8076361441803e-167
1270                     4.6001202385434e-167
1272                     2.710308955491e-167
1274                     1.5968657859135e-167
1276                     9.4084489102258e-168
1278                     5.5432905848194e-168
1280                     3.266008112492e-168
1282                     1.9242738252803e-168
1284                     1.1337478730195e-168
1286                     6.6798405793718e-169
1288                     3.9356431170792e-169
1290                     2.318810838347e-169
1292                     1.3662020515241e-169
1294                     8.049419183632e-170
1296                     4.7425744302906e-170
1298                     2.7942403922407e-170
1300                     1.6463166749133e-170
1302                     9.6998046434919e-171
1304                     5.7149521429956e-171
1306                     3.367148018791e-171
1308                     1.9838636429637e-171
1310                     1.1688571251062e-171
1312                     6.8866980021799e-172
1314                     4.0575198068947e-172
1316                     2.3906184031537e-172
1318                     1.4085097844889e-172
1320                     8.298688783456e-173
1322                     4.889439624504e-173
1324                     2.880770741424e-173
1326                     1.6972988115875e-173
1328                     1.0000182292171e-173
1330                     5.8919292930536e-174
1332                     3.4714197979834e-174
1334                     2.0452987152215e-174
1336                     1.2050535739703e-174
1338                     7.0999610241661e-175
1340                     4.1831705769678e-175
1342                     2.4646495967991e-175
1344                     1.4521276441114e-175
1346                     8.5556774378129e-176
1348                     5.0408527594166e-176
1350                     2.9699806621229e-176
1352                     1.749859707124e-176
1354                     1.0309861722754e-176
1356                     6.074386895605e-177
1358                     3.5789205664767e-177
1360                     2.1086362527053e-177
1362                     1.2423709226279e-177
1364                     7.3198281941688e-178
1366                     4.3127123965894e-178
1368                     2.5409733291832e-178
1370                     1.497096227584e-178
1372                     8.8206243209806e-179
1374                     5.196954743325e-179
1376                     3.0619531703478e-179
1378                     1.8040482706562e-179
1380                     1.0629131086543e-179
1382                     6.262494717703e-180
1384                     3.689750344581e-180
1386                     2.1739351838216e-180
1388                     1.2808438897202e-180
1390                     7.5465040634154e-181
1392                     4.446265781188e-181
1394                     2.6196606045414e-181
1396                     1.543457368656e-181
1398                     9.0937759064167e-182
1400                     5.3578907921553e-182
1402                     3.1567738237736e-182
1404                     1.8599149107417e-182
1406                     1.0958287379177e-182
1408                     6.4564277425298e-183
1410                     3.8040122285627e-183
1412                     2.2412562506861e-183
1414                     1.3205082632282e-183
1416                     7.7801994873165e-184
1418                     4.5839549624966e-184
1420                     2.700784617727e-184
1422                     1.5912541922916e-184
1424                     9.375386277992e-185
1426                     5.5238106072144e-185
1428                     3.2545308235457e-185
1430                     1.9175115938212e-185
1432                     1.1297636777128e-185
1434                     6.6563663635298e-186
1436                     3.9218125028793e-186
1438                     2.3106620741324e-186
1440                     1.3614009381921e-186
1442                     8.0211318446735e-187
1444                     4.7259080161257e-187
1446                     2.7844208285536e-187
1448                     1.640531158039e-187
1450                     9.6657173832996e-188
1452                     5.6948685232826e-188
1454                     3.3553151009271e-188
1456                     1.9768918949543e-188
1458                     1.1647494934995e-188
1460                     6.8624965587137e-189
1462                     4.0432607424339e-189
1464                     2.3822172137261e-189
1466                     1.4035599519503e-189
1468                     8.2695252446659e-190
1470                     4.8722569831903e-190
1472                     2.8706470332818e-190
1474                     1.6913341020641e-190
1476                     9.9650392808295e-191
1478                     5.8712236539952e-191
1480                     3.459220402829e-191
1482                     2.0381110481465e-191
1484                     1.2008187281678e-191
1486                     7.0750100649799e-192
1488                     4.1684699151847e-192
1490                     2.4559882281732e-192
1492                     1.4470245197053e-192
1494                     8.5256107362775e-193
1496                     5.0231379936346e-193
1498                     2.9595434372499e-193
1500                     1.7437102799225e-193
1502                     1.0273630391896e-193
1504                     6.0530400402287e-194
1506                     3.5663433792123e-194
1508                     2.1012259978329e-194
1510                     1.238004932364e-194
1512                     7.2941045567593e-195
1514                     4.2975564873839e-195
1516                     2.5320437373141e-195
1518                     1.4918350710438e-195
1520                     8.7896265234218e-196
1522                     5.1786913929557e-196
1524                     3.051192729522e-196
1526                     1.7977084105359e-196
1528                     1.0591777759703e-196
1530                     6.2404868027235e-197
1532                     3.6767836730042e-197
1534                     2.16629545185e-197
1536                     1.2763426956994e-197
1538                     7.519983829881e-198
1540                     4.4306405319045e-198
1542                     2.6104544859465e-198
1544                     1.538033287541e-198
1546                     9.0618181865248e-199
1548                     5.3390618727702e-199
1550                     3.1456801598234e-199
1552                     1.8533787215265e-199
1554                     1.0919777316459e-199
1556                     6.4337382994695e-200
1558                     3.7906440128287e-200
1560                     2.2333799360755e-200
1562                     1.3158676789444e-200
1564                     7.7528579912539e-201
1566                     4.5678458399994e-201
1568                     2.6912934096738e-201
1570                     1.5856621415568e-201
1572                     9.3424389110799e-202
1574                     5.5043986054686e-202
1576                     3.2430936178726e-202
1578                     1.9107729959525e-202
1580                     1.1257934158734e-202
1582                     6.6329742879415e-203
1584                     3.9080303085956e-203
1586                     2.3025418507464e-203
1588                     1.3566166472097e-203
1590                     7.9929436543831e-204
1592                     4.7093000364976e-204
1594                     2.7746357027819e-204
1596                     1.6347659362303e-204
1598                     9.6317497233327e-205
1600                     5.6748553830853e-205
1602                     3.343523715214e-205
1604                     1.9699446205335e-205
1606                     1.1606562831647e-205
1608                     6.8383800925702e-206
1610                     4.0290517501904e-206
1612                     2.3738455286198e-206
1614                     1.3986275042244e-206
1616                     8.2404641413885e-207
1618                     4.8551346988819e-207
1620                     2.8605588884216e-207
1622                     1.6853903468518e-207
1624                     9.9300197341552e-208
1626                     5.8505907610899e-208
1628                     3.447063869995e-208
1630                     2.0309486356359e-208
1632                     1.1965987623628e-208
1634                     7.0501467785855e-209
1636                     4.1538209100195e-209
1638                     2.4473572954681e-209
1640                     1.4419393280305e-209
1642                     8.4956496936482e-210
1644                     5.005485481616e-210
1646                     2.9491428920177e-210
1648                     1.7375824642088e-210
1650                     1.0237526395091e-210
1652                     6.0317682096609e-211
1654                     3.553810396381e-211
1656                     2.0938417881513e-211
1658                     1.2336542879246e-211
1660                     7.2684713371787e-212
1662                     4.282453852669e-212
1664                     2.5231455350712e-212
1666                     1.4865924095269e-212
1668                     8.7587377005913e-213
1670                     5.1604922520754e-213
1672                     3.0404701221053e-213
1674                     1.7913908427235e-213
1676                     1.0554555785353e-213
1678                     6.2185562850478e-214
1680                     3.6638626070275e-214
1682                     2.158682592869e-214
1684                     1.2718573367506e-214
1686                     7.4935569069734e-215
1688                     4.4150702683713e-215
1690                     2.6012807698302e-215
1692                     1.5326283012887e-215
1694                     9.0299729961428e-216
1696                     5.3202992710814e-216
1698                     3.1346255806142e-216
1700                     1.8468655680332e-216
1702                     1.0881403027358e-216
1704                     6.4111288859653e-217
1706                     3.7773229718549e-217
1708                     2.2255314311727e-217
1710                     1.3112434897642e-217
1712                     7.7256131596778e-218
1714                     4.5517937154661e-218
1716                     2.6818358137864e-218
1718                     1.5800899144986e-218
1720                     9.3096084749906e-219
1722                     5.4850555861145e-219
1724                     3.2316971146216e-219
1726                     1.9040584187106e-219
1728                     1.1218373328838e-219
1730                     6.6096659271103e-220
1732                     3.8942975545607e-220
1734                     2.2944508346802e-220
1736                     1.3518496166663e-220
1738                     7.9648575062482e-221
1740                     4.6927524094497e-221
1742                     2.7648862897884e-221
1744                     1.6290218585019e-221
1746                     9.5979073255295e-222
1748                     5.6549165018183e-222
1750                     3.331776386016e-222
1752                     1.9630235064191e-222
1754                     1.1565786213515e-222
1756                     6.8143561378176e-223
1758                     4.0148978655532e-223
1760                     2.3655067129783e-223
1762                     1.3937146899781e-223
1764                     8.2115204976599e-224
1766                     4.8380828080925e-224
1768                     2.8505130105019e-224
1770                     1.6794720228132e-224
1772                     9.8951535452238e-225
1774                     5.8300505718045e-225
1776                     3.4349635218682e-225
1778                     2.0238203697925e-225
1780                     1.1923996109565e-225
1782                     7.025410765733e-226
1784                     4.1392499848425e-226
1786                     2.4387744279864e-226
1788                     1.4368838301824e-226
1790                     8.4658727665309e-227
1792                     4.9879475573083e-227
1794                     2.9388139334341e-227
1796                     1.7314995419395e-227
1798                     1.0201705009074e-227
1800                     6.0106749599736e-228
1802                     3.5413906783585e-228
1804                     2.0865296777525e-228
1806                     1.2293497003838e-228
1808                     7.2431333263456e-229
1810                     4.2675410502498e-229
1812                     2.5143697795189e-229
1814                     1.4814289590164e-229
1816                     8.7283626945152e-230
1818                     5.1426272574989e-230
1820                     3.0299653318675e-230
1822                     1.7852155723683e-230
1824                     1.0518265296731e-230
1826                     6.1972366483617e-231
1828                     3.6513428408901e-231
1830                     2.1513337605143e-231
1832                     1.2675459305344e-231
1834                     7.4682775091051e-232
1836                     4.4002578618649e-232
1838                     2.5926080766044e-232
1840                     1.5275548490316e-232
1842                     9.0003234284731e-233
1844                     5.3029918240386e-233
1846                     3.124536048485e-233
1848                     1.8409928054331e-233
1850                     1.0847280525161e-233
1852                     6.3913437196981e-234
1854                     3.7658787246575e-234
1856                     2.2189305771831e-234
1858                     1.3074489880188e-234
1860                     7.7038873860511e-235
1862                     4.5394138244153e-235
1864                     2.6748221996639e-235
1866                     1.5761445724468e-235
1868                     9.287609751648e-236
1870                     5.4729254701196e-236
1872                     3.2251044472083e-236
1874                     1.9005436542762e-236
1876                     1.1200128881846e-236
1878                     6.6005595792597e-237
1880                     3.8900278121986e-237
1882                     2.2926657347283e-237
1884                     1.3512850423237e-237
1886                     7.9647799830142e-238
1888                     4.6948733870885e-238
1890                     2.7675809277637e-238
1892                     1.631573238839e-238
1894                     9.6193676978642e-239
1896                     5.6718482878842e-239
1898                     3.3446125053018e-239
1900                     1.9724944253105e-239
1902                     1.1634317605855e-239
1904                     6.8632278480255e-240
1906                     4.0493604943025e-240
1908                     2.3895944408639e-240
1910                     1.4104318061166e-240
1912                     8.3268716426778e-241
1914                     4.9173009907122e-241
1916                     2.9047036290078e-241
1918                     1.7164211622649e-241
1920                     1.0146398963327e-241
1922                     6.000501073989e-242
1924                     3.5503796454327e-242
1926                     2.101846530859e-242
1928                     1.2450786578824e-242
1930                     7.3806841685555e-243
1932                     4.3786398809003e-243
1934                     2.599968495907e-243
1936                     1.5453681256575e-243
1938                     9.1957136260022e-244
1940                     5.4788529742996e-244
1942                     3.2689842220192e-244
1944                     1.9535794759465e-244
1946                     1.1695778811287e-244
1948                     7.0161864243499e-245
1950                     4.2184343496672e-245
1952                     2.5426989248403e-245
1954                     1.5369476749217e-245
1956                     9.3192990652205e-246
1958                     5.670483974454e-246
1960                     3.4636669402213e-246
1962                     2.1247692306188e-246
1964                     1.3096097971562e-246
1966                     8.1140130321233e-247
1968                     5.0561062718734e-247
1970                     3.1704411209914e-247
1972                     2.001679892685e-247
1974                     1.2732099628858e-247
1976                     8.1640105167532e-248
1978                     5.2805490388153e-248
1980                     3.4474968175755e-248
1982                     2.2732932436484e-248
1984                     1.5149846749615e-248
1986                     1.0210100126443e-248
1988                     6.9627131574955e-249
1990                     4.8072672408079e-249
1992                     3.3621550295678e-249
1994                     2.3831259158031e-249
1996                     1.7126793791095e-249
1998                     1.2484582025525e-249
2000                     3.1254157109484e-246
2002                     5.8427448861328e-246
2004                     5.2918758411131e-246
2006                     4.6720692481136e-246
2008                     4.0396162679117e-246
2010                     3.4329982132401e-246
2012                     2.8757413366577e-246
2014                     2.3799167947537e-246
2016                     1.949460636278e-246
2018                     1.5829520778282e-246
2020                     1.275756232857e-246
2022                     1.0215741014853e-246
2024                     8.1349936259323e-247
2026                     6.4469396445746e-247
2028                     5.0878523207462e-247
2030                     4.0006938507545e-247
2032                     3.1358706317333e-247
2034                     2.451190406976e-247
2036                     1.9113602143658e-247
2038                     1.4872538165168e-247
2040                     1.1550960934202e-247
2042                     8.9565433229051e-248
2044                     6.934870016961e-248
2046                     5.3627467098804e-248
2048                     4.142413685513e-248
2050                     3.1966490024862e-248
2052                     2.4646928678372e-248
2054                     1.898899639347e-248
2056                     1.4620163827909e-248
2058                     1.1249897058291e-248
2060                     8.652108871772e-249
2062                     6.6512006789414e-249
2064                     5.1110161677819e-249
2066                     3.9261366371831e-249
2068                     3.0150466568714e-249
2070                     2.3147850214069e-249
2072                     1.7767695313177e-249
2074                     1.3635456424231e-249
2076                     1.0462597024374e-249
2078                     8.0269876906538e-250
2080                     6.1577230966393e-250
2082                     4.7233775453552e-250
2084                     3.6229310162694e-250
2086                     2.7787657344339e-250
2088                     2.1312657014041e-250
2090                     1.6346556105182e-250
2092                     1.2537969532944e-250
2094                     9.6172264525419e-251
2096                     7.3774096158401e-251
2098                     5.6597800851153e-251
2100                     4.3425777022771e-251
2102                     3.3324186172834e-251
2104                     2.5576897721445e-251
2106                     1.9634782058146e-251
2108                     1.5076795211799e-251
2110                     1.1580119528559e-251
2112                     8.8972572511444e-252
2114                     6.838460857899e-252
2116                     5.2582587049293e-252
2118                     4.0451226533537e-252
2120                     3.1135458423084e-252
2122                     2.3979689380511e-252
2124                     1.8481238889961e-252
2126                     1.4254645684269e-252
2128                     1.100430715841e-252
2130                     8.5035069998603e-253
2132                     6.5783397937609e-253
2134                     5.095389254534e-253
2136                     3.952283554964e-253
2138                     3.0704558325809e-253
2140                     2.3895948361882e-253
2142                     1.8633909514554e-253
2144                     1.4562750467505e-253
2146                     1.1409182556993e-253
2148                     8.9631498367846e-254
2150                     7.0631294341719e-254
2152                     5.5848584391143e-254
2154                     4.4326874184409e-254
2156                     3.5329475195237e-254
2158                     2.8288613336668e-254
2160                     2.2766374311869e-254
2162                     1.8424725776971e-254
2164                     1.5002500873686e-254
2166                     1.229772157072e-254
2168                     1.0154018747356e-254
2170                     8.4501960328129e-255
2172                     7.0922067484249e-255
2174                     6.0069837244291e-255
2176                     5.137692415928e-255
2178                     4.4400779250518e-255
2180                     3.8796533781023e-255
2182                     3.4295360739132e-255
2184                     3.0687831065018e-255
2186                     2.7811129915767e-255
2188                     2.5539266697673e-255
2190                     2.3775620318561e-255
2192                     2.2447322974782e-255
2194                     2.1501113450125e-255
2196                     2.0900393708941e-255
2198                     2.0623308268623e-255
2200                     2.0661741247515e-255
2202                     2.1021197608713e-255
2204                     2.1721609852072e-255
2206                     2.2799197393161e-255
2208                     2.4309613675927e-255
2210                     2.6332760376695e-255
2212                     2.897985022388e-255
2214                     3.2403591976753e-255
2216                     3.6812801886469e-255
2218                     4.2493391364204e-255
2220                     4.9838659653288e-255
2222                     5.9393321813448e-255
2224                     7.191802851111e-255
2226                     8.8484773481967e-255
2228                     1.1061933415498e-254
2230                     1.4051606370203e-254
2232                     1.8136513210284e-254
2234                     2.3785636621096e-254
2236                     3.1696338234011e-254
2238                     4.2917739078582e-254
2240                     5.904703109567e-254
2242                     8.2545389143537e-254
2244                     1.172522307665e-253
2246                     1.6923218478349e-253
2248                     2.4818662117271e-253
2250                     3.6983442463271e-253
2252                     5.5997657927468e-253
2254                     8.6152117670998e-253
2256                     1.3467767658463e-252
2258                     2.139236689689e-252
2260                     3.4526744127879e-252
2262                     5.6622100852361e-252
2264                     9.4351736273633e-252
2266                     1.5975239542584e-251
2268                     2.7483904214629e-251
2270                     4.804442925378e-251
2272                     8.533775540755e-251
2274                     1.5401852420681e-250
2276                     2.8244784441661e-250
2278                     5.2630456441115e-250
2280                     9.9648226390423e-250
2282                     1.9170594229077e-249
2284                     3.7474439114563e-249
2286                     7.4433471219138e-249
2288                     1.5022249446499e-248
2290                     3.0805994282488e-248
2292                     6.4190248450023e-248
2294                     1.3590531693841e-247
2296                     2.9237309401739e-247
2298                     6.3910457218181e-247
2300                     1.4195150791522e-246
2302                     3.2036249031117e-246
2304                     7.3464389945057e-246
2306                     1.7117709704583e-245
2308                     4.0527330900441e-245
2310                     9.7495352234631e-245
2312                     2.383161025891e-244
2314                     5.9191102316059e-244
2316                     1.4938019873897e-243
2318                     3.8305682334979e-243
2320                     9.9808364144071e-243
2322                     2.64243453854e-242
2324                     7.1084530913672e-242
2326                     1.9430301131073e-241
2328                     5.3965664088301e-241
2330                     1.5229620625105e-240
2332                     4.3671107849684e-240
2334                     1.2724270656396e-239
2336                     3.7670826813326e-239
2338                     1.133211495088e-238
2340                     3.4637804372935e-238
2342                     1.0757795982591e-237
2344                     3.3949221314197e-237
2346                     1.0886039252102e-236
2348                     3.5468558578128e-236
2350                     1.1742234456877e-235
2352                     3.9499492970018e-235
2354                     1.3500997567753e-234
2356                     4.6889301376994e-234
2358                     1.654684619074e-233
2360                     5.9332174155006e-233
2362                     2.1617171126994e-232
2364                     8.0027826734882e-232
2366                     3.0103483275268e-231
2368                     1.1506044336674e-230
2370                     4.4685734467827e-230
2372                     1.7633776124796e-229
2374                     7.0705843870171e-229
2376                     2.8807055011222e-228
2378                     1.192548303498e-227
2380                     5.0163364901266e-227
2382                     2.144030245242e-226
2384                     9.3112656922142e-226
2386                     4.1088481911347e-225
2388                     1.8423198746419e-224
2390                     8.3935086743596e-224
2392                     3.8855778510176e-223
2394                     1.8276845938062e-222
2396                     8.7353528466223e-222
2398                     4.2422203024434e-221
2400                     2.0933389243573e-220
2402                     1.0495894210474e-219
2404                     5.3472797504957e-219
2406                     2.7680882447138e-218
2408                     1.4559971386551e-217
2410                     7.7817034583778e-217
2412                     4.2259309558345e-216
2414                     2.3318664949106e-215
2416                     1.307430260402e-214
2418                     7.4484678485627e-214
2420                     4.3117038871668e-213
2422                     2.5360888938433e-212
2424                     1.5157011561223e-211
2426                     9.2044163772796e-211
2428                     5.6795312830206e-210
2430                     3.5609206848606e-209
2432                     2.2685359693296e-208
2434                     1.4684616326269e-207
2436                     9.6585760351443e-207
2438                     6.455013681183e-206
2440                     4.3834372711794e-205
2442                     3.0245863637582e-204
2444                     2.1205608958693e-203
2446                     1.5106681474763e-202
2448                     1.0935054722189e-201
2450                     8.0427841641605e-201
2452                     6.0107052598796e-200
2454                     4.5643402938291e-199
2456                     3.5217957405858e-198
2458                     2.7611110683843e-197
2460                     2.1995667948603e-196
2462                     1.7804262867121e-195
2464                     1.4643483609979e-194
2466                     1.2237659862483e-193
2468                     1.0391683612978e-192
2470                     8.9661710161095e-192
2472                     7.8607083899278e-191
2474                     7.0024484077664e-190
2476                     6.3382842939809e-189
2478                     5.8294432257621e-188
2480                     5.4477353809289e-187
2482                     5.1729525623423e-186
2484                     4.9910802473852e-185
2486                     4.8931009323426e-184
2488                     4.8742450670089e-183
2490                     4.9336020094922e-182
2492                     5.0740463339735e-181
2494                     5.3024710976846e-180
2496                     5.6303547109911e-179
2498                     6.0747270260293e-178
2500                     6.6596490485439e-177
2502                     7.4183869729401e-176
2504                     8.3965560215733e-175
2506                     9.6566493262842e-174
2508                     1.1284577310328e-172
2510                     1.3399163814788e-171
2512                     1.6166040486957e-170
2514                     1.9818153707805e-169
2516                     2.4686316211324e-168
2518                     3.1245174015887e-167
2520                     4.0183075444685e-166
2522                     5.2509388737006e-165
2524                     6.9721113980118e-164
2526                     9.4064388645552e-163
2528                     1.2894951761845e-161
2530                     1.7961713769441e-160
2532                     2.5421980765567e-159
2534                     3.6559863461415e-158
2536                     5.3423619600438e-157
2538                     7.9322358470609e-156
2540                     1.1967170883598e-154
2542                     1.8345135820652e-153
2544                     2.8574848420922e-152
2546                     4.5225200824802e-151
2548                     7.2729505993379e-150
2550                     5.9430379155148e-149
2552                     2.7667381710092e-151
2554                     4.3644444145638e-150
2556                     6.892424292548e-149
2558                     1.0896754714598e-147
2560                     1.7246639221083e-146
2562                     2.732712320937e-145
2564                     4.3347642615203e-144
2566                     6.8836564311707e-143
2568                     1.0943469230809e-141
2570                     1.7416985448671e-140
2572                     2.775064550783e-139
2574                     4.426447557544e-138
2576                     7.0683767503726e-137
2578                     1.1299681152969e-135
2580                     1.8084013442775e-134
2582                     2.897380855892e-133
2584                     4.6472761961091e-132
2586                     7.4623139238787e-131
2588                     1.1995840388826e-129
2590                     1.9305007519716e-128
2592                     3.1102221111205e-127
2594                     5.0164324299363e-126
2596                     8.0999187390313e-125
2598                     1.3093281041671e-123
2600                     2.1188414037945e-122
2602                     3.4326580652684e-121
2604                     5.5673018816299e-120
2606                     9.039431761503e-119
2608                     1.4693309374987e-117
2610                     2.391003700154e-116
2612                     3.8951394124566e-115
2614                     6.3525471512559e-114
2616                     1.037181880525e-112
2618                     1.6952903026092e-111
2620                     2.774056915929e-110
2622                     4.5443187865823e-109
2624                     7.4525405042938e-108
2626                     1.2235508787225e-106
2628                     2.0110453039684e-105
2630                     3.3090536480765e-104
2632                     5.4508959873431e-103
2634                     8.9890565931494e-102
2636                     1.484029271442e-100
2638                     2.4527481260527e-99
2640                     4.0583132953617e-98
2642                     6.7223376425335e-97
2644                     1.1147492939976e-95
2646                     1.8506156172737e-94
2648                     3.0756532583028e-93
2650                     5.1172973736096e-92
2652                     8.5236590744325e-91
2654                     1.4213257331312e-89
2656                     2.3727025676392e-88
2658                     3.9652914567058e-87
2660                     6.6342076578365e-86
2662                     1.111181855292e-84
2664                     1.8632166385647e-83
2666                     3.1276899842064e-82
2668                     5.2561309646075e-81
2670                     8.8428200871998e-80
2672                     1.4893526184176e-78
2674                     2.5112295337907e-77
2676                     4.2389414722673e-76
2678                     7.1632574975601e-75
2680                     1.2118415492964e-73
2682                     2.0524058657455e-72
2684                     3.4798681457328e-71
2686                     5.9066938680929e-70
2688                     1.0037100437015e-68
2690                     1.70747443501e-67
2692                     2.907918850986e-66
2694                     4.957839789071e-65
2696                     8.4622300405467e-64
2698                     1.4459700534592e-62
2700                     2.4735227152939e-61
2702                     4.2359872107975e-60
2704                     7.2623221566565e-59
2706                     1.246460479574e-57
2708                     2.1417247185794e-56
2710                     3.6840958242815e-55
2712                     6.3442504527803e-54
2714                     1.0937343548525e-52
2716                     1.8876675975789e-51
2718                     3.2615295770093e-50
2720                     5.6415605574741e-49
2722                     9.7692071850454e-48
2724                     1.6935636320762e-46
2726                     2.9391777454817e-45
2728                     5.1066055764687e-44
2730                     8.8822074570144e-43
2732                     1.5466485643998e-41
2734                     2.6961528275996e-40
2736                     4.7052153148924e-39
2738                     8.2204696600128e-38
2740                     4.810982947797e-33
2741.9548839583          1.657626198859e-31
2743.8115212149          2.4508048933005e-30
2745.5748493593          3.1673663919663e-29
2747.2495578322          3.6021081334597e-28
2748.8401003969          3.6277983804538e-27
2750.3507069837          3.2552250641966e-26
2751.7853949391          2.6173684497861e-25
2753.1479797095          1.8961221778356e-24
2754.4420849884          1.2440565592726e-23
2755.671152353           7.4289899077053e-23
2756.8384504171          4.056699724164e-22
2757.9470835235          2.0347276876489e-21
2759                     9.4139333983618e-21
2760                     2.0172113395211e-20
2761                     2.4738731307894e-23
2762                     9.9988825901526e-23
2763                     3.9350868779886e-22
2764                     1.5079467043666e-21
2765                     5.6266055595077e-21
2766                     2.0442582572531e-20
2767                     7.2319241321314e-20
2768                     2.4911551326855e-19
2769                     8.3555779748041e-19
2770                     3.1089247531057e-18
2771                     1.2449496981779e-17
2772                     4.9796422690486e-17
2773                     1.9517601448368e-16
2774                     7.4606613410633e-16
2775                     2.7780235150199e-15
2776                     1.0073273745558e-14
2777                     3.5566981556998e-14
2778                     1.2228009648868e-13
2779                     4.0934959991913e-13
2780                     1.3343264017666e-12
2781                     4.235051442537e-12
2782                     1.3088327087625e-11
2783                     3.9385685588655e-11
2784                     1.1540416778681e-10
2785                     3.292557662409e-10
2786                     9.1469034919243e-10
2787                     2.4742502089124e-09
2788                     6.5169133340531e-09
2789                     1.6713564691609e-08
2790                     4.1737366147941e-08
2791                     1.0148685721533e-07
2792                     2.4028318566302e-07
2793                     5.5394388705334e-07
2794                     1.2434748009158e-06
2795                     2.7179223078541e-06
2796                     5.7845016854579e-06
2797                     1.1987366726159e-05
2798                     2.4188597332647e-05
2799                     4.7525520862746e-05
2800                     9.0922817657087e-05
2801                     0.00016937511991584
2802                     0.00030722657261687
2803                     0.00054262948927036
2804                     0.00093322999299155
2805                     0.0015628720559324
2806                     0.0025487184898439
2807                     0.0040476836159044
2808                     0.0062605438437146
2809                     0.0094316964172858
2810                     0.013842485093035
2811                     0.019796516373101
2812                     0.02759657010831
2813                     0.037514484264616
2814                     0.049757420793148
2815                     0.064435621947235
2816                     0.081537502984652
2817                     0.10091725220204
2818                     0.12229801181377
2819                     0.14529069598737
2820                     0.16942542534906
2821                     0.19419030424583
2822                     0.21907140164769
2823                     0.24358838045042
2824                     0.2673218636419
2825                     0.28993071072131
2826                     0.31115931401418
2827                     0.3308364268626
2828                     0.34886777298358
2829                     0.36522483027157
2830                     0.37993191252685
2831                     0.39305318826319
2832                     0.40468073991763
2833                     0.41492428493316
2834                     0.42390280319665
2835                     0.4317380539946
2836                     0.43854980723949
2837                     0.444452535304
2838                     0.44955328909891
2839                     0.45395049403302
2840                     0.45773343216135
2841                     0.46098221507333
2842                     0.4637680909351
2843                     0.46615396469322
2844                     0.46819504098349
2845                     0.46993952429636
2846                     0.47142933070303
2847                     0.47270078058455
2848                     0.47378525309796
2849                     0.47470979131783
2850                     0.47549765279147
2851                     0.47616880421863
2852                     0.47674036158218
2853                     0.47722697868379
2854                     0.47764118796443
2855                     0.47799369792664
2856                     0.47829365158353
2857                     0.47854885025377
2858                     0.47876594678449
2859                     0.47895061197313
2860                     0.47910767761438
2861                     0.47924125924572
2862                     0.47935486132196
2863                     0.47945146722525
2864                     0.47953361621876
2865                     0.47960346918135
2866                     0.47966286471809
2867                     0.47971336702626
2868                     0.47975630670707
2869                     0.47979281554723
2870                     0.47982385615054
2871                     0.47985024717375
2872                     0.47987268481326
2873                     0.47989176109539
2874                     0.47990797944262
2875                     0.47992176791948
2876                     0.47993349050236
2877                     0.47994345666676
2878                     0.47995192954261
2879                     0.47995913285069
2880                     0.47996525680208
2881                     0.47997046311523
2882                     0.47997488928255
2883                     0.47997865219839
2884                     0.47998185124414
2885                     0.47998457091141
2886                     0.47998688303247
2887                     0.47998884867668
2888                     0.47999051976296
2889                     0.47999194043067
2890                     0.47999314820521
2891                     0.47999417498897
2892                     0.4799950479039
2893                     0.47999579000774
2894                     0.47999642090302
2895                     0.47999695725486
2896                     0.47999741323104
2897                     0.47999780087628
2898                     0.47999813043034
2899                     0.47999841059853
2900                     0.47999864878162
2901                     0.47999885127135
2902                     0.47999902341657
2903                     0.47999916976463
2904                     0.4799992941814
2905                     0.47999939995344
2906                     0.47999948987477
2907                     0.47999956632075
2908                     0.47999963131075
2909                     0.47999968656153
2910                     0.47999973353258
2911                     0.47999977346467
2912                     0.47999980741266
2913                     0.47999983627328
2914                     0.47999986080893
2915                     0.47999988166774
2916                     0.4799998994007
2917                     0.47999991447625
2918                     0.47999992729261
2919                     0.47999993818835
2920                     0.47999994745127
2921                     0.47999995532608
2922                     0.4799999620208
2923                     0.47999996771226
2924                     0.47999997255082
2925                     0.47999997666428
2926                     0.47999998016131
2927                     0.47999998313428
2928                     0.47999998566173
2929                     0.47999998781043
2930                     0.47999998963712
2931                     0.47999999119008
2932                     0.47999999251031
2933                     0.47999999363269
2934                     0.47999999458688
2935                     0.47999999539807
2936                     0.47999999608771
2937                     0.479999996674
2938                     0.47999999717243
2939                     0.47999999759616
2940                     0.4799999979564
2941                     0.47999999826265
2942                     0.479999998523
2943                     0.47999999874434
2944                     0.47999999893251
2945                     0.47999999909249
2946                     0.47999999922849
2947                     0.47999999934411
2948                     0.4799999994424
2949                     0.47999999952596
2950                     0.479999999597
2951                     0.47999999965739
2952                     0.47999999970874
2953                     0.47999999975239
2954                     0.47999999978949
2955                     0.47999999982104
2956                     0.47999999984786
2957                     0.47999999987066
2958                     0.47999999989004
2959                     0.47999999990652
2960                     0.47999999992053
2961                     0.47999999993244
2962                     0.47999999994256
2963                     0.47999999995116
2964                     0.47999999995848
2965                     0.47999999996471
2966                     0.47999999997
2967                     0.4799999999745
2968                     0.47999999997832
2969                     0.47999999998157
2970                     0.47999999998433
2971                     0.47999999998669
2972                     0.47999999998868
2973                     0.47999999999038
2974                     0.47999999999182
2975                     0.47999999999305
2976                     0.47999999999409
2977                     0.47999999999497
2978                     0.47999999999573
2979                     0.47999999999637
2980                     0.47999999999691
2981                     0.47999999999737
2982                     0.47999999999777
2983                     0.4799999999981
2984                     0.47999999999839
2985                     0.47999999999863
2986                     0.47999999999884
2987                     0.47999999999901
2988                     0.47999999999916
2989                     0.47999999999929
2990                     0.4799999999994
2991                     0.47999999999949
2992                     0.47999999999957
2993                     0.47999999999963
2994                     0.47999999999969
2995                     0.47999999999973
2996                     0.47999999999977
2997                     0.47999999999981
2998                     0.47999999999984
2999                     0.47999999999986
3000                     0.47999999999989
3001                     0.4799999999999
3002                     0.47999999999992
3003                     0.47999999999993
3004                     0.47999999999995
3005                     0.47999999999995
3006                     0.47999999999996
3007                     0.47999999999997
3008                     0.47999999999997
3009                     0.47999999999998
3010                     0.47999999999998
3011                     0.47999999999999
3012                     0.47999999999999
3013                     0.47999999999999
3014                     0.47999999999999
3015                     0.47999999999999
3016                     0.47999999999999
3017                     0.47999999999999
3018                     0.48
3019                     0.48
3020                     0.48
3021                     0.48
3022                     0.48
3023                     0.48
3024                     0.48
3025                     0.48
3026                     0.48
3027                     0.48
3028                     0.48
3029                     0.48
3030                     0.48
3031                     0.48
3032                     0.48
3033                     0.48
3034                     0.48
3035                     0.48
3036                     0.48
3037                     0.47999999999999
3038                     0.47999999999999
3039                     0.47999999999999
3040                     0.47999999999999
3041                     0.47999999999999
3042                     0.47999999999999
3043                     0.48
3044                     0.48
3045                     0.48000000000001
3046                     0.48000000000001
3047                     0.48000000000001
3048                     0.48000000000001
3049                     0.48000000000002
3050                     0.48000000000002
3051                     0.48000000000003
3052                     0.48000000000003
3053                     0.48000000000003
3054                     0.48000000000003
3055                     0.48000000000004
3056                     0.48000000000004
3057                     0.48000000000004
3058                     0.48000000000003
3059                     0.48000000000003
3060                     0.48000000000003
3061                     0.48000000000003
3062                     0.48000000000002
3063                     0.48000000000002
3064                     0.48000000000002
3065                     0.48000000000002
3066                     0.48000000000002
3067                     0.48000000000002
3068                     0.48000000000002
3069                     0.48000000000003
3070                     0.48000000000003
3071                     0.48000000000003
3072                     0.48000000000003
3073                     0.48000000000003
3074                     0.48000000000002
3075                     0.48000000000002
3076                     0.48000000000002
3077                     0.48000000000002
3078                     0.48000000000002
3079                     0.48000000000002
3080                     0.48000000000002
3081                     0.48000000000002
3082                     0.48000000000002
3083                     0.48000000000001
3084                     0.48000000000001
3085                     0.48000000000001
3086                     0.48000000000001
3087                     0.48
3088                     0.48
3089                     0.48
3090                     0.48
3091                     0.47999999999999
3092                     0.47999999999999
3093                     0.47999999999999
3094                     0.47999999999998
3095                     0.47999999999998
3096                     0.47999999999998
3097                     0.47999999999998
3098                     0.47999999999997
3099                     0.47999999999997
3100                     0.47999999999997
3101                     0.47999999999998
3102                     0.47999999999998
3103                     0.47999999999998
3104                     0.47999999999999
3105                     0.47999999999999
3106                     0.47999999999999
3107                     0.47999999999999
3108                     0.47999999999999
3109                     0.47999999999999
3110                     0.47999999999999
3111                     0.47999999999999
3112                     0.47999999999999
3113                     0.48
3114                     0.48
3115                     0.48
3116                     0.48000000000001
3117                     0.48000000000001
3118                     0.48000000000001
3119                     0.48000000000001
3120                     0.48000000000001
3121                     0.48000000000001
3122                     0.48000000000001
3123                     0.48
3124                     0.48
3125                     0.47999999999999
3126                     0.47999999999999
3127                     0.47999999999999
3128                     0.47999999999998
3129                     0.47999999999998
3130                     0.47999999999998
3131                     0.47999999999998
3132                     0.47999999999998
3133                     0.47999999999998
3134                     0.47999999999998
3135                     0.47999999999998
3136                     0.47999999999998
3137                     0.47999999999998
3138                     0.47999999999998
3139                     0.47999999999998
3140                     0.47999999999998
3141                     0.47999999999998
3142                     0.47999999999998
3143                     0.47999999999998
3144                     0.47999999999998
3145                     0.47999999999997
3146                     0.47999999999997
3147                     0.47999999999997
3148                     0.47999999999997
3149                     0.47999999999998
3150                     0.47999999999998
3151                     0.47999999999998
3152                     0.47999999999999
3153                     0.47999999999999
3154                     0.47999999999999
3155                     0.48
3156                     0.48
3157                     0.48
3158                     0.48
3159                     0.48
3160                     0.48
3161                     0.48
3162                     0.48
3163                     0.48
3164                     0.47999999999999
3165                     0.47999999999999
3166                     0.47999999999999
3167                     0.47999999999999
3168                     0.47999999999999
3169                     0.47999999999999
3170                     0.47999999999999
3171                     0.47999999999999
3172                     0.47999999999999
3173                     0.47999999999999
3174                     0.47999999999999
3175                     0.47999999999999
3176                     0.47999999999999
3177                     0.47999999999999
3178                     0.47999999999999
3179                     0.47999999999999
3180                     0.47999999999999
3181                     0.47999999999999
3182                     0.47999999999999
3183                     0.47999999999999
3184                     0.47999999999998
3185                     0.47999999999998
3186                     0.47999999999997
3187                     0.47999999999997
3188                     0.47999999999997
3189                     0.47999999999998
3190                     0.47999999999998
3191                     0.47999999999997
3192                     0.47999999999997
3193                     0.47999999999997
3194                     0.47999999999997
3195                     0.47999999999997
3196                     0.47999999999998
3197                     0.47999999999998
3198                     0.47999999999998
3199                     0.47999999999999
3200                     0.47999999999999
3201                     0.47999999999999
3202                     0.47999999999999
3203                     0.47999999999999
3204                     0.47999999999999
3205                     0.47999999999999
3206                     0.48
3207                     0.48
3208                     0.48
3209                     0.48000000000001
3210                     0.48000000000001
3211                     0.48000000000001
3212                     0.48000000000001
3213                     0.48000000000001
3214                     0.48000000000001
3215                     0.48000000000001
3216                     0.48000000000001
3217                     0.48000000000001
3218                     0.48
3219                     0.48
3220                     0.48
3221                     0.48
3222                     0.48
3223                     0.48000000000001
3224                     0.48000000000001
3225                     0.48000000000001
3226                     0.48000000000001
3227                     0.48000000000001
3228                     0.48000000000001
3229                     0.48000000000001
3230                     0.48000000000001
3231                     0.48000000000001
3232                     0.48000000000001
3233                     0.48000000000001
3234                     0.48000000000001
3235                     0.48000000000001
3236                     0.48000000000001
3237                     0.48000000000001
3238                     0.48000000000001
3239                     0.48000000000001
3240                     0.48000000000001
3241                     0.48000000000001
3242                     0.48000000000001
3243                     0.48000000000001
3244                     0.48000000000001
3245                     0.48000000000001
3246                     0.48000000000001
3247                     0.48000000000001
3248                     0.48000000000001
3249                     0.48000000000001
3250                     0.48000000000001
3251                     0.48
3252                     0.48
3253                     0.47999999999999
3254                     0.47999999999999
3255                     0.47999999999999
3256                     0.47999999999999
3257                     0.47999999999999
3258                     0.47999999999999
3259                     0.47999999999999
3260                     0.48
3261                     0.48
3262                     0.48
3263                     0.48
3264                     0.47999999999999
3265                     0.47999999999999
3266                     0.47999999999999
3267                     0.47999999999998
3268                     0.47999999999998
3269                     0.47999999999998
3270                     0.47999999999998
3271                     0.47999999999998
3272                     0.47999999999998
3273                     0.47999999999997
3274                     0.47999999999997
3275                     0.47999999999997
3276                     0.47999999999998
3277                     0.47999999999998
3278                     0.47999999999998
3279                     0.47999999999998
3280                     0.47999999999999
3281                     0.47999999999999
3282                     0.47999999999999
3283                     0.47999999999999
3284                     0.47999999999999
3285                     0.47999999999999
3286                     0.47999999999999
3287                     0.47999999999999
3288                     0.48
3289                     0.48
3290                     0.48000000000001
3291                     0.48000000000001
3292                     0.48000000000001
3293                     0.48000000000001
3294                     0.48000000000001
3295                     0.48000000000001
3296                     0.48000000000001
3297                     0.48000000000001
3298                     0.48000000000001
3299                     0.48000000000001
3300                     0.48000000000001
3301                     0.48000000000001
3302                     0.48000000000001
3303                     0.48000000000001
3304                     0.48000000000001
3305                     0.48000000000001
3306                     0.48000000000001
3307                     0.48000000000001
3308                     0.48
3309                     0.48
3310                     0.48
3311                     0.48
3312                     0.48
3313                     0.48
3314                     0.48
3315                     0.48
3316                     0.48000000000001
3317                     0.48
3318                     0.48
3319                     0.48
3320                     0.48
3321                     0.48
3322                     0.47999999999999
3323                     0.47999999999999
3324                     0.47999999999999
3325                     0.47999999999999
3326                     0.47999999999999
3327                     0.47999999999999
3328                     0.48
3329                     0.48
3330                     0.48
3331                     0.48
3332                     0.48
3333                     0.48
3334                     0.47999999999999
3335                     0.47999999999999
3336                     0.47999999999998
3337                     0.47999999999998
3338                     0.47999999999997
3339                     0.47999999999997
3340                     0.47999999999997
3341                     0.47999999999997
3342                     0.47999999999997
3343                     0.47999999999997
3344                     0.47999999999997
3345                     0.47999999999997
3346                     0.47999999999997
3347                     0.47999999999998
3348                     0.47999999999998
3349                     0.47999999999998
3350                     0.47999999999998
3351                     0.47999999999998
3352                     0.47999999999998
3353                     0.47999999999998
3354                     0.47999999999998
3355                     0.47999999999998
3356                     0.47999999999999
3357                     0.47999999999999
3358                     0.47999999999999
3359                     0.48
3360                     0.48
3361                     0.48000000000001
3362                     0.48000000000001
3363                     0.48000000000001
3364                     0.48000000000001
3365                     0.48000000000001
3366                     0.48000000000001
3367                     0.48000000000001
3368                     0.48000000000001
3369                     0.48000000000001
3370                     0.48
3371                     0.48
3372                     0.48
3373                     0.48
3374                     0.47999999999999
3375                     0.47999999999999
3376                     0.47999999999999
3377                     0.47999999999999
3378                     0.47999999999999
3379                     0.48
3380                     0.48
3381                     0.48
3382                     0.48
3383                     0.48000000000001
3384                     0.48000000000001
3385                     0.48000000000001
3386                     0.48000000000001
3387                     0.48000000000001
3388                     0.48000000000001
3389                     0.48000000000001
3390                     0.48000000000001
3391                     0.48
3392                     0.48
3393                     0.48
3394                     0.48
3395                     0.48
3396                     0.48
3397                     0.48
3398                     0.48
3399                     0.48
3400                     0.48
3401                     0.48
3402                     0.48
3403                     0.48
3404                     0.48
3405                     0.48000000000001
3406                     0.48000000000001
3407                     0.48000000000001
3408                     0.48000000000001
3409                     0.48000000000001
3410                     0.48000000000001
3411                     0.48000000000001
3412                     0.48000000000001
3413                     0.48000000000001
3414                     0.48000000000001
3415                     0.48
3416                     0.48
3417                     0.47999999999999
3418                     0.47999999999999
3419                     0.47999999999999
3420                     0.47999999999998
3421                     0.47999999999998
3422                     0.47999999999998
3423                     0.47999999999999
3424                     0.47999999999999
3425                     0.47999999999999
3426                     0.47999999999999
3427                     0.47999999999999
3428                     0.47999999999999
3429                     0.48
3430                     0.48
3431                     0.48000000000001
3432                     0.48000000000001
3433                     0.48000000000001
3434                     0.48000000000001
3435                     0.48000000000001
3436                     0.48000000000001
3437                     0.48000000000001
3438                     0.48000000000001
3439                     0.48000000000001
3440                     0.48000000000001
3441                     0.48000000000001
3442                     0.48000000000001
3443                     0.48000000000001
3444                     0.48000000000001
3445                     0.48000000000002
3446                     0.48000000000002
3447                     0.48000000000003
3448                     0.48000000000003
3449                     0.48000000000003
3450                     0.48000000000003
3451                     0.48000000000002
3452                     0.48000000000002
3453                     0.48000000000002
3454                     0.48000000000001
3455                     0.48000000000001
3456                     0.48000000000001
3457                     0.48
3458                     0.48
3459                     0.48
3460                     0.48
3461                     0.47999999999999
3462                     0.47999999999999
3463                     0.47999999999999
3464                     0.48
3465                     0.48
3466                     0.48
3467                     0.48
3468                     0.48
3469                     0.48
3470                     0.48
3471                     0.48
3472                     0.48
3473                     0.48
3474                     0.48
3475                     0.48
3476                     0.48
3477                     0.48000000000001
3478                     0.48000000000001
3479                     0.48000000000001
3480                     0.48000000000001
3481                     0.48000000000001
3482                     0.48000000000001
3483                     0.48000000000001
3484                     0.48000000000001
3485                     0.48000000000001
3486                     0.48
3487                     0.48
3488                     0.48
3489                     0.48
3490                     0.48
3491                     0.48
3492                     0.48
3493                     0.48
3494                     0.48
3495                     0.48
3496                     0.48
3497                     0.47999999999999
3498                     0.47999999999999
3499                     0.47999999999999
3500                     0.47999999999999
3501                     0.47999999999999
3502                     0.47999999999999
3503                     0.47999999999999
3504                     0.47999999999998
3505                     0.47999999999998
3506                     0.47999999999998
3507                     0.47999999999998
3508                     0.47999999999998
3509                     0.47999999999998
3510                     0.47999999999998
3511                     0.47999999999998
3512                     0.47999999999999
3513                     0.47999999999999
3514                     0.47999999999999
3515                     0.47999999999999
3516                     0.47999999999999
3517                     0.48
3518                     0.48
3519                     0.48
3520                     0.48
3521                     0.48
3522                     0.48
3523                     0.48
3524                     0.47999999999999
3525                     0.47999999999999
3526                     0.47999999999999
3527                     0.47999999999999
3528                     0.47999999999999
3529                     0.47999999999998
3530                     0.47999999999998
3531                     0.47999999999998
3532                     0.47999999999998
3533                     0.47999999999997
3534                     0.47999999999997
3535                     0.47999999999997
3536                     0.47999999999997
3537                     0.47999999999997
3538                     0.47999999999997
3539                     0.47999999999997
3540                     0.47999999999997
3541                     0.47999999999997
3542                     0.47999999999997
3543                     0.47999999999997
3544                     0.47999999999997
3545                     0.47999999999997
3546                     0.47999999999996
3547                     0.47999999999996
3548                     0.47999999999995
3549                     0.47999999999994
3550                     0.47999999999992
3551                     0.47999999999991
3552                     0.4799999999999
3553                     0.47999999999988
3554                     0.47999999999985
3555                     0.47999999999983
3556                     0.4799999999998
3557                     0.47999999999977
3558                     0.47999999999972
3559                     0.47999999999968
3560                     0.47999999999963
3561                     0.47999999999956
3562                     0.47999999999948
3563                     0.47999999999939
3564                     0.47999999999929
3565                     0.47999999999917
3566                     0.47999999999903
3567                     0.47999999999886
3568                     0.47999999999866
3569                     0.47999999999843
3570                     0.47999999999815
3571                     0.47999999999783
3572                     0.47999999999745
3573                     0.47999999999701
3574                     0.47999999999648
3575                     0.47999999999586
3576                     0.47999999999513
3577                     0.47999999999428
3578                     0.47999999999327
3579                     0.47999999999208
3580                     0.47999999999069
3581                     0.47999999998904
3582                     0.47999999998711
3583                     0.47999999998484
3584                     0.47999999998216
3585                     0.47999999997902
3586                     0.47999999997532
3587                     0.47999999997097
3588                     0.47999999996586
3589                     0.47999999995984
3590                     0.47999999995277
3591                     0.47999999994444
3592                     0.47999999993465
3593                     0.47999999992313
3594                     0.47999999990959
3595                     0.47999999989365
3596                     0.4799999998749
3597                     0.47999999985285
3598                     0.47999999982691
3599                     0.4799999997964
3600                     0.47999999976052
3601                     0.47999999971831
3602                     0.47999999966866
3603                     0.47999999961025
3604                     0.47999999954156
3605                     0.47999999946075
3606                     0.47999999936569
3607                     0.47999999925388
3608                     0.47999999912236
3609                     0.47999999896765
3610                     0.47999999878568
3611                     0.47999999857162
3612                     0.47999999831984
3613                     0.47999999802367
3614                     0.47999999767529
3615                     0.47999999726551
3616                     0.47999999678349
3617                     0.4799999962165
3618                     0.47999999554957
3619                     0.47999999476507
3620                     0.47999999384229
3621                     0.47999999275684
3622                     0.47999999148007
3623                     0.47999998997824
3624                     0.47999998821167
3625                     0.4799999861337
3626                     0.47999998368945
3627                     0.47999998081433
3628                     0.47999997743241
3629                     0.47999997345435
3630                     0.47999996877506
3631                     0.47999996327094
3632                     0.47999995679659
3633                     0.47999994918099
3634                     0.47999994022296
3635                     0.47999992968587
3636                     0.47999991729137
3637                     0.47999990271205
3638                     0.47999988556279
3639                     0.47999986539058
3640                     0.47999984166256
3641                     0.47999981375191
3642                     0.47999978092138
3643                     0.4799997423037
3644                     0.47999969687876
3645                     0.47999964344663
3646                     0.47999958059586
3647                     0.47999950666619
3648                     0.47999941970471
3649                     0.4799993174143
3650                     0.47999919709285
3651                     0.47999905556201
3652                     0.47999888908314
3653                     0.4799986932586
3654                     0.47999846291558
3655                     0.47999819196943
3656                     0.479997873263
3657                     0.47999749837751
3658                     0.47999705741025
3659                     0.47999653871295
3660                     0.47999592858416
3661                     0.47999521090731
3662                     0.47999436672507
3663                     0.47999337373861
3664                     0.47999220571871
3665                     0.47999083181297
3666                     0.47998921573109
3667                     0.47998731478644
3668                     0.47998507876888
3669                     0.47998244861888
3670                     0.47997935486822
3671                     0.47997571580585
3672                     0.47997143532082
3673                     0.47996640036537
3674                     0.4799604779713
3675                     0.47995351174115
3676                     0.4799453177219
3677                     0.4799356795527
3678                     0.47992434275917
3679                     0.47991100804469
3680                     0.47989532340271
3681                     0.47987687484386
3682                     0.47985517549554
3683                     0.47982965278985
3684                     0.47979963340656
3685                     0.47976432558071
3686                     0.47972279831732
3687                     0.47967395697801
3688                     0.47961651461362
3689                     0.47954895831191
3690                     0.47946950970785
3691                     0.47937607866344
3692                     0.47926620896327
3693                     0.47913701468688
3694                     0.47898510571001
3695                     0.47880650054943
3696                     0.47859652450142
3697                     0.47834969073111
3698                     0.47805956165077
3699                     0.47771858758577
3700                     0.47731791937438
3701                     0.47684719120015
3702                     0.47629426963425
3703                     0.47564496460902
3704                     0.47488269790529
3705                     0.47398812479139
3706                     0.47293870481031
3707                     0.47170821852032
3708                     0.47026622845689
3709                     0.46857748496837
3710                     0.46660128123558
3711                     0.4642907671652
3712                     0.46159223950274
3713                     0.45844443610582
3714                     0.45477787659968
3715                     0.4505143103789
3716                     0.44556635680466
3717                     0.43983745185029
3718                     0.43322225009183
3719                     0.42560766936405
3720                     0.41687480422786
3721                     0.40690196738191
3722                     0.3955691351432
3723                     0.38276405914104
3724                     0.36839024136359
3725                     0.35237682979734
3726                     0.33469025334324
3727                     0.31534706167442
3728                     0.29442697287178
3729                     0.27208460029158
3730                     0.24855782360859
3731                     0.2241704392628
3732                     0.19932676774536
3733                     0.17449649925835
3734                     0.15018932734967
3735                     0.12692076939043
3736                     0.10517267036848
3737                     0.085353674355295
3738                     0.06776579373263
3739                     0.052582651654374
3740                     0.039842975468907
3741                     0.029459945455337
3742                     0.021243896959595
3743                     0.01493353024331
3744                     0.010229797804772
3745                     0.0068271095676429
3746                     0.0044380498029944
3747                     0.0028098124167608
3748                     0.0017324261417843
3749                     0.0010401589175299
3750                     0.00060813012682082
3751                     0.00034620671252668
3752                     0.00019191581551518
3753                     0.00010359027120758
3754                     5.4445021894467e-05
3755                     2.7862965097937e-05
3756                     1.3884360120303e-05
3757                     6.7367976143076e-06
3758                     3.1828053330279e-06
3759                     1.4641835630376e-06
3760                     9.8421437037642
3761                     14.652457040304
3762.0374419527          12.324360334346
3763.1137277578          11.178061488318
3764.2303118051          10.595971535615
3765.3887029394          10.297922818851
3766.5904664997          10.14625958938
3767.8372264344          10.070246108062
3769.1306674955          10.032924359185
3770.4725375156          10.015033352712
3771.8646497695          10.006678204187
3773.3088854244          10.002882970778
3774.8071960824          10.001208225223
3776.3616064171          10.000491049434
3777.9742169099          10.00019326159
3779.6472066885          10.00007333815
3781.3828364711          10.000026120972
3783.1834516219          10.000006728323
3785.05148532            9.9999948135584
3786.9894618473          9.9999756463604
3789                     5.0130986565377
3791                     0
3793                     0
3795                     0
3797                     0
3799                     0
