x[nm]                    Gamma[eV]                HH[eV]                   electron_Fermi_level[eV] hole_Fermi_level[eV]    
-9                       -10                      -10                      -10                      -10
-7                       -10                      -10                      -10                      -10
-5                       -10                      -10                      -10                      -10
-3                       -10                      -10                      -10                      -10
-1                       -10                      -10                      -10                      -10
1                        -10.064830752029         -10.740935218548         -10                      -10
2.998                    -10.129726474808         -11.482612189093         -10                      -9.9919030900749
4.996                    -10.129726518189         -11.482612232475         -10                      -9.9838061801499
6.9939999999999          -10.129726543247         -11.482612257533         -10                      -9.9757092702248
8.9919999999999          -10.129726557722         -11.482612272007         -10                      -9.9676123602997
10.99                    -10.129726566082         -11.482612280368         -10                      -9.9595154503746
12.988                   -10.129726570912         -11.482612285198         -10                      -9.9514185404496
14.986                   -10.129726573702         -11.482612287987         -10                      -9.9433216305245
16.984                   -10.129726575313         -11.482612289599         -10                      -9.9352247205994
18.982                   -10.129726576244         -11.482612290529         -10                      -9.9271278106744
20.98                    -10.129726576781         -11.482612291067         -10                      -9.9190309007493
22.978                   -10.129726577092         -11.482612291378         -10                      -9.9109339908242
24.976                   -10.129726577271         -11.482612291557         -10                      -9.9028370808991
26.974                   -10.129726577375         -11.482612291661         -10                      -9.8947401709741
28.972                   -10.129726577435         -11.482612291721         -10                      -9.886643261049
30.97                    -10.129726577469         -11.482612291755         -10                      -9.8785463511239
32.968                   -10.129726577489         -11.482612291775         -10                      -9.8704494411989
34.966                   -10.129726577501         -11.482612291787         -10                      -9.8623525312738
36.964                   -10.129726577508         -11.482612291793         -10                      -9.8542556213487
38.962                   -10.129726577511         -11.482612291797         -10                      -9.8461587114236
40.96                    -10.129726577514         -11.482612291799         -10                      -9.8380618014986
42.958                   -10.129726577515         -11.482612291801         -10                      -9.8299648915735
44.956                   -10.129726577516         -11.482612291801         -10                      -9.8218679816484
46.954                   -10.129726577516         -11.482612291802         -10                      -9.8137710717233
48.952                   -10.129726577516         -11.482612291802         -10                      -9.8056741617983
50.949999999999          -10.129726577516         -11.482612291802         -10                      -9.7975772518732
52.947999999999          -10.129726577517         -11.482612291802         -10                      -9.7894803419481
54.945999999999          -10.129726577517         -11.482612291802         -10                      -9.7813834320231
56.943999999999          -10.129726577517         -11.482612291802         -10                      -9.773286522098
58.941999999999          -10.129726577517         -11.482612291802         -10                      -9.7651896121729
60.939999999999          -10.129726577517         -11.482612291802         -10                      -9.7570927022478
62.937999999999          -10.129726577517         -11.482612291802         -10                      -9.7489957923228
64.935999999999          -10.129726577517         -11.482612291802         -10                      -9.7408988823977
66.933999999999          -10.129726577517         -11.482612291802         -10                      -9.7328019724726
68.931999999999          -10.129726577517         -11.482612291802         -10                      -9.7247050625476
70.929999999999          -10.129726577517         -11.482612291802         -10                      -9.7166081526225
72.927999999999          -10.129726577517         -11.482612291802         -10                      -9.7085112426974
74.925999999999          -10.129726577517         -11.482612291802         -10                      -9.7004143327723
76.923999999999          -10.129726577517         -11.482612291802         -10                      -9.6923174228473
78.921999999999          -10.129726577517         -11.482612291802         -10                      -9.6842205129222
80.919999999999          -10.129726577517         -11.482612291802         -10                      -9.6761236029971
82.917999999999          -10.129726577517         -11.482612291802         -10                      -9.668026693072
84.915999999999          -10.129726577517         -11.482612291802         -10                      -9.659929783147
86.913999999999          -10.129726577517         -11.482612291802         -10                      -9.6518328732219
88.911999999999          -10.129726577517         -11.482612291802         -10                      -9.6437359632968
90.909999999999          -10.129726577517         -11.482612291802         -10                      -9.6356390533717
92.907999999999          -10.129726577517         -11.482612291802         -10                      -9.6275421434467
94.905999999999          -10.129726577517         -11.482612291802         -10                      -9.6194452335216
96.903999999999          -10.129726577517         -11.482612291802         -10                      -9.6113483235965
98.901999999999          -10.129726577517         -11.482612291802         -10                      -9.6032514136714
100.9                    -10.129726577517         -11.482612291802         -10                      -9.5951545037464
102.898                  -10.129726577517         -11.482612291802         -10                      -9.5870575938213
104.896                  -10.129726577517         -11.482612291802         -10                      -9.5789606838962
106.894                  -10.129726577517         -11.482612291802         -10                      -9.5708637739711
108.892                  -10.129726577517         -11.482612291802         -10                      -9.5627668640461
110.89                   -10.129726577517         -11.482612291802         -10                      -9.554669954121
112.888                  -10.129726577517         -11.482612291802         -10                      -9.5465730441959
114.886                  -10.129726577517         -11.482612291802         -10                      -9.5384761342708
116.884                  -10.129726577517         -11.482612291802         -10                      -9.5303792243458
118.882                  -10.129726577517         -11.482612291802         -10                      -9.5222823144207
120.88                   -10.129726577517         -11.482612291802         -10                      -9.5141854044956
122.878                  -10.129726577517         -11.482612291802         -10                      -9.5060884945705
124.876                  -10.129726577517         -11.482612291802         -10                      -9.4979915846455
126.874                  -10.129726577517         -11.482612291802         -10                      -9.4898946747204
128.872                  -10.129726577517         -11.482612291802         -10                      -9.4817977647953
130.87                   -10.129726577517         -11.482612291802         -10                      -9.4737008548702
132.868                  -10.129726577517         -11.482612291802         -10                      -9.4656039449452
134.866                  -10.129726577517         -11.482612291802         -10                      -9.4575070350201
136.864                  -10.129726577517         -11.482612291802         -10                      -9.449410125095
138.862                  -10.129726577517         -11.482612291802         -10                      -9.44131321517
140.86                   -10.129726577517         -11.482612291802         -10                      -9.4332163052449
142.858                  -10.129726577517         -11.482612291802         -10                      -9.4251193953198
144.856                  -10.129726577517         -11.482612291802         -10                      -9.4170224853948
146.854                  -10.129726577517         -11.482612291802         -10                      -9.4089255754697
148.852                  -10.129726577517         -11.482612291802         -10                      -9.4008286655446
150.85                   -10.129726577517         -11.482612291802         -10                      -9.3927317556196
152.848                  -10.129726577517         -11.482612291802         -10                      -9.3846348456945
154.846                  -10.129726577517         -11.482612291802         -10                      -9.3765379357694
156.844                  -10.129726577517         -11.482612291802         -10                      -9.3684410258444
158.842                  -10.129726577517         -11.482612291802         -10                      -9.3603441159193
160.84                   -10.129726577517         -11.482612291802         -10                      -9.3522472059943
162.838                  -10.129726577517         -11.482612291802         -10                      -9.3441502960692
164.836                  -10.129726577517         -11.482612291802         -10                      -9.3360533861441
166.834                  -10.129726577517         -11.482612291802         -10                      -9.3279564762191
168.832                  -10.129726577517         -11.482612291802         -10                      -9.319859566294
170.83                   -10.129726577517         -11.482612291802         -10                      -9.311762656369
172.828                  -10.129726577517         -11.482612291802         -10                      -9.3036657464439
174.826                  -10.129726577517         -11.482612291802         -10                      -9.2955688365189
176.824                  -10.129726577517         -11.482612291802         -10                      -9.2874719265938
178.822                  -10.129726577517         -11.482612291802         -10                      -9.2793750166687
180.82                   -10.129726577517         -11.482612291802         -10                      -9.2712781067437
182.818                  -10.129726577517         -11.482612291802         -10                      -9.2631811968186
184.816                  -10.129726577517         -11.482612291802         -10                      -9.2550842868936
186.814                  -10.129726577517         -11.482612291802         -10                      -9.2469873769685
188.812                  -10.129726577517         -11.482612291802         -10                      -9.2388904670435
190.81                   -10.129726577517         -11.482612291802         -10                      -9.2307935571184
192.808                  -10.129726577517         -11.482612291802         -10                      -9.2226966471934
194.806                  -10.129726577517         -11.482612291802         -10                      -9.2145997372683
196.804                  -10.129726577517         -11.482612291802         -10                      -9.2065028273433
198.802                  -10.129726577517         -11.482612291802         -10                      -9.1984059174183
200.8                    -10.129726577517         -11.482612291802         -10                      -9.1903090074932
202.798                  -10.129726577517         -11.482612291802         -10                      -9.1822120975682
204.796                  -10.129726577517         -11.482612291802         -10                      -9.1741151876431
206.794                  -10.129726577517         -11.482612291802         -10                      -9.1660182777181
208.792                  -10.129726577517         -11.482612291802         -10                      -9.157921367793
210.79                   -10.129726577517         -11.482612291802         -10                      -9.149824457868
212.788                  -10.129726577517         -11.482612291802         -10                      -9.1417275479429
214.786                  -10.129726577517         -11.482612291802         -10                      -9.1336306380179
216.784                  -10.129726577517         -11.482612291802         -10                      -9.1255337280929
218.782                  -10.129726577517         -11.482612291802         -10                      -9.1174368181678
220.78                   -10.129726577517         -11.482612291802         -10                      -9.1093399082428
222.778                  -10.129726577517         -11.482612291802         -10                      -9.1012429983177
224.776                  -10.129726577517         -11.482612291802         -10                      -9.0931460883927
226.774                  -10.129726577517         -11.482612291802         -10                      -9.0850491784677
228.772                  -10.129726577517         -11.482612291802         -10                      -9.0769522685426
230.77                   -10.129726577517         -11.482612291802         -10                      -9.0688553586176
232.768                  -10.129726577517         -11.482612291802         -10                      -9.0607584486926
234.766                  -10.129726577517         -11.482612291802         -10                      -9.0526615387675
236.764                  -10.129726577517         -11.482612291802         -10                      -9.0445646288425
238.762                  -10.129726577517         -11.482612291802         -10                      -9.0364677189175
240.76                   -10.129726577517         -11.482612291802         -10                      -9.0283708089924
242.758                  -10.129726577517         -11.482612291802         -10                      -9.0202738990674
244.756                  -10.129726577517         -11.482612291802         -10                      -9.0121769891424
246.754                  -10.129726577517         -11.482612291802         -10                      -9.0040800792173
248.752                  -10.129726577517         -11.482612291802         -10                      -8.9959831692923
250.75                   -10.129726577517         -11.482612291802         -10                      -8.9878862593673
252.748                  -10.129726577517         -11.482612291802         -10                      -8.9797893494423
254.746                  -10.129726577517         -11.482612291802         -10                      -8.9716924395172
256.744                  -10.129726577517         -11.482612291802         -10                      -8.9635955295922
258.742                  -10.129726577517         -11.482612291802         -10                      -8.9554986196672
260.74                   -10.129726577517         -11.482612291802         -10                      -8.9474017097422
262.738                  -10.129726577517         -11.482612291802         -10                      -8.9393047998171
264.736                  -10.129726577517         -11.482612291802         -10                      -8.9312078898921
266.734                  -10.129726577517         -11.482612291802         -10                      -8.9231109799671
268.732                  -10.129726577517         -11.482612291802         -10                      -8.9150140700421
270.73                   -10.129726577517         -11.482612291802         -10                      -8.9069171601171
272.728                  -10.129726577517         -11.482612291802         -10                      -8.898820250192
274.726                  -10.129726577517         -11.482612291802         -10                      -8.890723340267
276.724                  -10.129726577517         -11.482612291802         -10                      -8.882626430342
278.722                  -10.129726577517         -11.482612291802         -10                      -8.874529520417
280.72                   -10.129726577517         -11.482612291802         -10                      -8.866432610492
282.718                  -10.129726577517         -11.482612291802         -10                      -8.858335700567
284.716                  -10.129726577517         -11.482612291802         -10                      -8.8502387906419
286.714                  -10.129726577517         -11.482612291802         -10                      -8.8421418807169
288.712                  -10.129726577517         -11.482612291802         -10                      -8.8340449707919
290.71                   -10.129726577517         -11.482612291802         -10                      -8.8259480608669
292.708                  -10.129726577517         -11.482612291802         -10                      -8.8178511509419
294.706                  -10.129726577517         -11.482612291802         -10                      -8.8097542410169
296.704                  -10.129726577517         -11.482612291802         -10                      -8.8016573310919
298.702                  -10.129726577517         -11.482612291802         -10                      -8.7935604211669
300.7                    -10.129726577517         -11.482612291802         -10                      -8.7854635112419
302.698                  -10.129726577517         -11.482612291802         -10                      -8.7773666013169
304.696                  -10.129726577517         -11.482612291802         -10                      -8.7692696913919
306.694                  -10.129726577517         -11.482612291802         -10                      -8.7611727814669
308.692                  -10.129726577517         -11.482612291802         -10                      -8.7530758715419
310.69                   -10.129726577517         -11.482612291802         -10                      -8.7449789616168
312.688                  -10.129726577517         -11.482612291802         -10                      -8.7368820516918
314.686                  -10.129726577517         -11.482612291802         -10                      -8.7287851417668
316.684                  -10.129726577517         -11.482612291802         -10                      -8.7206882318418
318.682                  -10.129726577517         -11.482612291802         -10                      -8.7125913219168
320.68                   -10.129726577517         -11.482612291802         -10                      -8.7044944119919
322.678                  -10.129726577517         -11.482612291802         -10                      -8.6963975020669
324.676                  -10.129726577517         -11.482612291802         -10                      -8.6883005921419
326.674                  -10.129726577517         -11.482612291802         -10                      -8.6802036822169
328.672                  -10.129726577517         -11.482612291802         -10                      -8.6721067722919
330.67                   -10.129726577517         -11.482612291802         -10                      -8.6640098623669
332.668                  -10.129726577517         -11.482612291802         -10                      -8.6559129524419
334.666                  -10.129726577517         -11.482612291802         -10                      -8.6478160425169
336.664                  -10.129726577517         -11.482612291802         -10                      -8.6397191325919
338.662                  -10.129726577517         -11.482612291802         -10                      -8.6316222226669
340.66                   -10.129726577517         -11.482612291802         -10                      -8.6235253127419
342.658                  -10.129726577517         -11.482612291802         -10                      -8.6154284028169
344.656                  -10.129726577517         -11.482612291802         -10                      -8.607331492892
346.654                  -10.129726577517         -11.482612291802         -10                      -8.599234582967
348.652                  -10.129726577517         -11.482612291802         -10                      -8.591137673042
350.65                   -10.129726577517         -11.482612291802         -10                      -8.583040763117
352.648                  -10.129726577517         -11.482612291802         -10                      -8.574943853192
354.646                  -10.129726577517         -11.482612291802         -10                      -8.566846943267
356.644                  -10.129726577517         -11.482612291802         -10                      -8.558750033342
358.642                  -10.129726577517         -11.482612291802         -10                      -8.5506531234171
360.64                   -10.129726577517         -11.482612291802         -10                      -8.5425562134921
362.638                  -10.129726577517         -11.482612291802         -10                      -8.5344593035671
364.636                  -10.129726577517         -11.482612291802         -10                      -8.5263623936421
366.634                  -10.129726577517         -11.482612291802         -10                      -8.5182654837172
368.632                  -10.129726577517         -11.482612291802         -10                      -8.5101685737922
370.63                   -10.129726577517         -11.482612291802         -10                      -8.5020716638672
372.628                  -10.129726577517         -11.482612291802         -10                      -8.4939747539422
374.626                  -10.129726577517         -11.482612291802         -10                      -8.4858778440172
376.624                  -10.129726577517         -11.482612291802         -10                      -8.4777809340923
378.622                  -10.129726577517         -11.482612291802         -10                      -8.4696840241673
380.62                   -10.129726577517         -11.482612291802         -10                      -8.4615871142423
382.618                  -10.129726577517         -11.482612291802         -10                      -8.4534902043174
384.616                  -10.129726577517         -11.482612291802         -10                      -8.4453932943924
386.614                  -10.129726577517         -11.482612291802         -10                      -8.4372963844674
388.612                  -10.129726577517         -11.482612291802         -10                      -8.4291994745424
390.61                   -10.129726577517         -11.482612291802         -10                      -8.4211025646175
392.608                  -10.129726577517         -11.482612291802         -10                      -8.4130056546925
394.60599999999          -10.129726577517         -11.482612291802         -10                      -8.4049087447675
396.60399999999          -10.129726577517         -11.482612291802         -10                      -8.3968118348426
398.60199999999          -10.129726577517         -11.482612291802         -10                      -8.3887149249176
400.59999999999          -10.129726577517         -11.482612291802         -10                      -8.3806180149926
402.59799999999          -10.129726577517         -11.482612291802         -10                      -8.3725211050677
404.59599999999          -10.129726577517         -11.482612291802         -10                      -8.3644241951427
406.59399999999          -10.129726577517         -11.482612291802         -10                      -8.3563272852177
408.59199999999          -10.129726577517         -11.482612291802         -10                      -8.3482303752928
410.58999999999          -10.129726577517         -11.482612291802         -10                      -8.3401334653678
412.58799999999          -10.129726577517         -11.482612291802         -10                      -8.3320365554428
414.58599999999          -10.129726577517         -11.482612291802         -10                      -8.3239396455179
416.58399999999          -10.129726577517         -11.482612291802         -10                      -8.3158427355929
418.58199999999          -10.129726577517         -11.482612291802         -10                      -8.307745825668
420.57999999999          -10.129726577517         -11.482612291802         -10                      -8.299648915743
422.57799999999          -10.129726577517         -11.482612291802         -10                      -8.291552005818
424.57599999999          -10.129726577517         -11.482612291802         -10                      -8.2834550958931
426.57399999999          -10.129726577517         -11.482612291802         -10                      -8.2753581859681
428.57199999999          -10.129726577517         -11.482612291802         -10                      -8.2672612760432
430.56999999999          -10.129726577517         -11.482612291802         -10                      -8.2591643661182
432.56799999999          -10.129726577517         -11.482612291802         -10                      -8.2510674561933
434.56599999999          -10.129726577517         -11.482612291802         -10                      -8.2429705462683
436.56399999999          -10.129726577517         -11.482612291802         -10                      -8.2348736363433
438.56199999999          -10.129726577517         -11.482612291802         -10                      -8.2267767264184
440.55999999999          -10.129726577517         -11.482612291802         -10                      -8.2186798164934
442.55799999999          -10.129726577517         -11.482612291802         -10                      -8.2105829065685
444.55599999999          -10.129726577517         -11.482612291802         -10                      -8.2024859966435
446.55399999999          -10.129726577517         -11.482612291802         -10                      -8.1943890867186
448.55199999999          -10.129726577517         -11.482612291802         -10                      -8.1862921767936
450.54999999999          -10.129726577517         -11.482612291802         -10                      -8.1781952668687
452.54799999999          -10.129726577517         -11.482612291802         -10                      -8.1700983569437
454.54599999999          -10.129726577517         -11.482612291802         -10                      -8.1620014470188
456.54399999999          -10.129726577517         -11.482612291802         -10                      -8.1539045370938
458.54199999999          -10.129726577517         -11.482612291802         -10                      -8.1458076271689
460.53999999999          -10.129726577517         -11.482612291802         -10                      -8.1377107172439
462.53799999999          -10.129726577517         -11.482612291802         -10                      -8.129613807319
464.53599999999          -10.129726577517         -11.482612291802         -10                      -8.1215168973941
466.53399999999          -10.129726577517         -11.482612291802         -10                      -8.1134199874691
468.53199999999          -10.129726577517         -11.482612291802         -10                      -8.1053230775442
470.52999999999          -10.129726577517         -11.482612291802         -10                      -8.0972261676192
472.52799999999          -10.129726577517         -11.482612291802         -10                      -8.0891292576943
474.52599999999          -10.129726577517         -11.482612291802         -10                      -8.0810323477693
476.52399999999          -10.129726577517         -11.482612291802         -10                      -8.0729354378444
478.52199999999          -10.129726577517         -11.482612291802         -10                      -8.0648385279194
480.51999999999          -10.129726577517         -11.482612291802         -10                      -8.0567416179945
482.51799999999          -10.129726577517         -11.482612291802         -10                      -8.0486447080696
484.51599999999          -10.129726577517         -11.482612291802         -10                      -8.0405477981446
486.51399999999          -10.129726577517         -11.482612291802         -10                      -8.0324508882197
488.51199999999          -10.129726577517         -11.482612291802         -10                      -8.0243539782947
490.50999999999          -10.129726577517         -11.482612291802         -10                      -8.0162570683698
492.50799999999          -10.129726577517         -11.482612291802         -10                      -8.0081601584449
494.50599999999          -10.129726577517         -11.482612291802         -10                      -8.0000632485199
496.50399999999          -10.129726577517         -11.482612291802         -10                      -7.991966338595
498.50199999999          -10.129726577517         -11.482612291802         -10                      -7.9838694286701
500.49999999999          -10.129726577517         -11.482612291802         -10                      -7.9757725187451
502.49799999999          -10.129726577517         -11.482612291802         -10                      -7.9676756088202
504.49599999999          -10.129726577517         -11.482612291802         -10                      -7.9595786988953
506.49399999999          -10.129726577517         -11.482612291802         -10                      -7.9514817889703
508.49199999999          -10.129726577517         -11.482612291802         -10                      -7.9433848790454
510.48999999999          -10.129726577517         -11.482612291802         -10                      -7.9352879691205
512.48799999999          -10.129726577517         -11.482612291802         -10                      -7.9271910591955
514.48599999999          -10.129726577517         -11.482612291802         -10                      -7.9190941492706
516.48399999999          -10.129726577517         -11.482612291802         -10                      -7.9109972393457
518.48199999999          -10.129726577517         -11.482612291802         -10                      -7.9029003294207
520.47999999999          -10.129726577517         -11.482612291802         -10                      -7.8948034194958
522.47799999999          -10.129726577517         -11.482612291802         -10                      -7.8867065095709
524.47599999999          -10.129726577517         -11.482612291802         -10                      -7.8786095996459
526.47399999999          -10.129726577517         -11.482612291802         -10                      -7.870512689721
528.47199999999          -10.129726577517         -11.482612291802         -10                      -7.8624157797961
530.46999999999          -10.129726577517         -11.482612291802         -10                      -7.8543188698711
532.46799999999          -10.129726577517         -11.482612291802         -10                      -7.8462219599462
534.46599999999          -10.129726577517         -11.482612291802         -10                      -7.8381250500213
536.46399999999          -10.129726577517         -11.482612291802         -10                      -7.8300281400963
538.46199999999          -10.129726577517         -11.482612291802         -10                      -7.8219312301714
540.45999999999          -10.129726577517         -11.482612291802         -10                      -7.8138343202465
542.45799999999          -10.129726577517         -11.482612291802         -10                      -7.8057374103216
544.45599999999          -10.129726577517         -11.482612291802         -10                      -7.7976405003966
546.45399999999          -10.129726577517         -11.482612291802         -10                      -7.7895435904717
548.45199999999          -10.129726577517         -11.482612291802         -10                      -7.7814466805468
550.44999999999          -10.129726577517         -11.482612291802         -10                      -7.7733497706218
552.44799999999          -10.129726577517         -11.482612291802         -10                      -7.7652528606969
554.44599999999          -10.129726577517         -11.482612291802         -10                      -7.757155950772
556.44399999999          -10.129726577517         -11.482612291802         -10                      -7.749059040847
558.44199999999          -10.129726577517         -11.482612291802         -10                      -7.7409621309221
560.43999999999          -10.129726577517         -11.482612291802         -10                      -7.7328652209972
562.43799999999          -10.129726577517         -11.482612291802         -10                      -7.7247683110722
564.43599999999          -10.129726577517         -11.482612291802         -10                      -7.7166714011473
566.43399999999          -10.129726577517         -11.482612291802         -10                      -7.7085744912224
568.43199999999          -10.129726577517         -11.482612291802         -10                      -7.7004775812974
570.42999999999          -10.129726577517         -11.482612291802         -10                      -7.6923806713725
572.42799999999          -10.129726577517         -11.482612291802         -10                      -7.6842837614476
574.42599999999          -10.129726577517         -11.482612291802         -10                      -7.6761868515226
576.42399999999          -10.129726577517         -11.482612291802         -10                      -7.6680899415977
578.42199999999          -10.129726577517         -11.482612291802         -10                      -7.6599930316728
580.41999999999          -10.129726577517         -11.482612291802         -10                      -7.6518961217478
582.41799999999          -10.129726577517         -11.482612291802         -10                      -7.6437992118229
584.41599999999          -10.129726577517         -11.482612291802         -10                      -7.635702301898
586.41399999999          -10.129726577517         -11.482612291802         -10                      -7.627605391973
588.41199999999          -10.129726577517         -11.482612291802         -10                      -7.6195084820481
590.40999999999          -10.129726577517         -11.482612291802         -10                      -7.6114115721232
592.40799999999          -10.129726577517         -11.482612291802         -10                      -7.6033146621982
594.40599999999          -10.129726577517         -11.482612291802         -10                      -7.5952177522733
596.40399999999          -10.129726577517         -11.482612291802         -10                      -7.5871208423483
598.40199999999          -10.129726577517         -11.482612291802         -10                      -7.5790239324234
600.39999999999          -10.129726577517         -11.482612291802         -10                      -7.5709270224985
602.39799999999          -10.129726577517         -11.482612291802         -10                      -7.5628301125735
604.39599999999          -10.129726577517         -11.482612291802         -10                      -7.5547332026486
606.39399999999          -10.129726577517         -11.482612291802         -10                      -7.5466362927237
608.39199999999          -10.129726577517         -11.482612291802         -10                      -7.5385393827987
610.38999999999          -10.129726577517         -11.482612291802         -10                      -7.5304424728738
612.38799999999          -10.129726577517         -11.482612291802         -10                      -7.5223455629489
614.38599999999          -10.129726577517         -11.482612291802         -10                      -7.5142486530239
616.38399999999          -10.129726577517         -11.482612291802         -10                      -7.506151743099
618.38199999999          -10.129726577517         -11.482612291802         -10                      -7.4980548331741
620.37999999999          -10.129726577517         -11.482612291802         -10                      -7.4899579232491
622.37799999999          -10.129726577517         -11.482612291802         -10                      -7.4818610133242
624.37599999999          -10.129726577517         -11.482612291802         -10                      -7.4737641033993
626.37399999999          -10.129726577517         -11.482612291802         -10                      -7.4656671934743
628.37199999999          -10.129726577517         -11.482612291802         -10                      -7.4575702835494
630.37                   -10.129726577517         -11.482612291802         -10                      -7.4494733736245
632.368                  -10.129726577517         -11.482612291802         -10                      -7.4413764636995
634.36599999999          -10.129726577517         -11.482612291802         -10                      -7.4332795537746
636.364                  -10.129726577517         -11.482612291802         -10                      -7.4251826438497
638.362                  -10.129726577517         -11.482612291802         -10                      -7.4170857339247
640.36                   -10.129726577517         -11.482612291802         -10                      -7.4089888239998
642.358                  -10.129726577517         -11.482612291802         -10                      -7.4008919140749
644.356                  -10.129726577517         -11.482612291802         -10                      -7.3927950041499
646.354                  -10.129726577517         -11.482612291802         -10                      -7.384698094225
648.352                  -10.129726577517         -11.482612291802         -10                      -7.3766011843001
650.35                   -10.129726577517         -11.482612291802         -10                      -7.3685042743751
652.348                  -10.129726577517         -11.482612291802         -10                      -7.3604073644502
654.346                  -10.129726577517         -11.482612291802         -10                      -7.3523104545253
656.344                  -10.129726577517         -11.482612291802         -10                      -7.3442135446003
658.342                  -10.129726577517         -11.482612291802         -10                      -7.3361166346754
660.34                   -10.129726577517         -11.482612291802         -10                      -7.3280197247505
662.338                  -10.129726577517         -11.482612291802         -10                      -7.3199228148256
664.336                  -10.129726577517         -11.482612291802         -10                      -7.3118259049006
666.334                  -10.129726577517         -11.482612291802         -10                      -7.3037289949757
668.332                  -10.129726577517         -11.482612291802         -10                      -7.2956320850508
670.33                   -10.129726577517         -11.482612291802         -10                      -7.2875351751258
672.328                  -10.129726577517         -11.482612291802         -10                      -7.2794382652009
674.326                  -10.129726577517         -11.482612291802         -10                      -7.271341355276
676.324                  -10.129726577517         -11.482612291802         -10                      -7.263244445351
678.322                  -10.129726577517         -11.482612291802         -10                      -7.2551475354261
680.32                   -10.129726577517         -11.482612291802         -10                      -7.2470506255012
682.318                  -10.129726577517         -11.482612291802         -10                      -7.2389537155762
684.316                  -10.129726577517         -11.482612291802         -10                      -7.2308568056513
686.314                  -10.129726577517         -11.482612291802         -10                      -7.2227598957264
688.312                  -10.129726577517         -11.482612291802         -10                      -7.2146629858014
690.31                   -10.129726577517         -11.482612291802         -10                      -7.2065660758765
692.308                  -10.129726577517         -11.482612291802         -10                      -7.1984691659516
694.306                  -10.129726577517         -11.482612291802         -10                      -7.1903722560266
696.304                  -10.129726577517         -11.482612291802         -10                      -7.1822753461017
698.302                  -10.129726577517         -11.482612291802         -10                      -7.1741784361768
700.3                    -10.129726577517         -11.482612291802         -10                      -7.1660815262518
702.298                  -10.129726577517         -11.482612291802         -10                      -7.1579846163269
704.296                  -10.129726577517         -11.482612291802         -10                      -7.149887706402
706.294                  -10.129726577517         -11.482612291802         -10                      -7.1417907964771
708.292                  -10.129726577517         -11.482612291802         -10                      -7.1336938865521
710.29                   -10.129726577517         -11.482612291802         -10                      -7.1255969766272
712.288                  -10.129726577517         -11.482612291802         -10                      -7.1175000667023
714.286                  -10.129726577517         -11.482612291802         -10                      -7.1094031567773
716.284                  -10.129726577517         -11.482612291802         -10                      -7.1013062468524
718.282                  -10.129726577517         -11.482612291802         -10                      -7.0932093369275
720.28                   -10.129726577517         -11.482612291802         -10                      -7.0851124270025
722.278                  -10.129726577517         -11.482612291802         -10                      -7.0770155170776
724.276                  -10.129726577517         -11.482612291802         -10                      -7.0689186071527
726.274                  -10.129726577517         -11.482612291802         -10                      -7.0608216972277
728.272                  -10.129726577517         -11.482612291802         -10                      -7.0527247873028
730.27                   -10.129726577517         -11.482612291802         -10                      -7.0446278773779
732.268                  -10.129726577517         -11.482612291802         -10                      -7.0365309674529
734.266                  -10.129726577517         -11.482612291802         -10                      -7.028434057528
736.264                  -10.129726577517         -11.482612291802         -10                      -7.0203371476031
738.262                  -10.129726577517         -11.482612291802         -10                      -7.0122402376781
740.26                   -10.129726577517         -11.482612291802         -10                      -7.0041433277532
742.258                  -10.129726577517         -11.482612291802         -10                      -6.9960464178283
744.256                  -10.129726577517         -11.482612291802         -10                      -6.9879495079033
746.254                  -10.129726577517         -11.482612291802         -10                      -6.9798525979784
748.252                  -10.129726577517         -11.482612291802         -10                      -6.9717556880535
750.25                   -10.129726577517         -11.482612291802         -10                      -6.9636587781285
752.248                  -10.129726577517         -11.482612291802         -10                      -6.9555618682036
754.246                  -10.129726577517         -11.482612291802         -10                      -6.9474649582787
756.244                  -10.129726577517         -11.482612291802         -10                      -6.9393680483537
758.242                  -10.129726577517         -11.482612291802         -10                      -6.9312711384288
760.24                   -10.129726577517         -11.482612291802         -10                      -6.9231742285039
762.238                  -10.129726577517         -11.482612291802         -10                      -6.9150773185789
764.236                  -10.129726577517         -11.482612291802         -10                      -6.906980408654
766.234                  -10.129726577517         -11.482612291802         -10                      -6.8988834987291
768.232                  -10.129726577517         -11.482612291802         -10                      -6.8907865888042
770.23                   -10.129726577517         -11.482612291802         -10                      -6.8826896788792
772.228                  -10.129726577517         -11.482612291802         -10                      -6.8745927689543
774.226                  -10.129726577517         -11.482612291802         -10                      -6.8664958590294
776.224                  -10.129726577517         -11.482612291802         -10                      -6.8583989491044
778.222                  -10.129726577517         -11.482612291802         -10                      -6.8503020391795
780.22                   -10.129726577517         -11.482612291802         -10                      -6.8422051292546
782.218                  -10.129726577517         -11.482612291802         -10                      -6.8341082193296
784.216                  -10.129726577517         -11.482612291802         -10                      -6.8260113094047
786.214                  -10.129726577517         -11.482612291802         -10                      -6.8179143994798
788.212                  -10.129726577517         -11.482612291802         -10                      -6.8098174895548
790.21                   -10.129726577517         -11.482612291802         -10                      -6.8017205796299
792.208                  -10.129726577517         -11.482612291802         -10                      -6.793623669705
794.206                  -10.129726577517         -11.482612291802         -10                      -6.78552675978
796.204                  -10.129726577517         -11.482612291802         -10                      -6.7774298498551
798.202                  -10.129726577517         -11.482612291802         -10                      -6.7693329399302
800.2                    -10.129726577517         -11.482612291802         -10                      -6.7612360300052
802.198                  -10.129726577517         -11.482612291802         -10                      -6.7531391200803
804.196                  -10.129726577517         -11.482612291802         -10                      -6.7450422101554
806.194                  -10.129726577517         -11.482612291802         -10                      -6.7369453002304
808.192                  -10.129726577517         -11.482612291802         -10                      -6.7288483903055
810.19                   -10.129726577517         -11.482612291802         -10                      -6.7207514803806
812.188                  -10.129726577517         -11.482612291802         -10                      -6.7126545704557
814.186                  -10.129726577517         -11.482612291802         -10                      -6.7045576605307
816.184                  -10.129726577517         -11.482612291802         -10                      -6.6964607506058
818.182                  -10.129726577517         -11.482612291802         -10                      -6.6883638406809
820.18                   -10.129726577517         -11.482612291802         -10                      -6.6802669307559
822.178                  -10.129726577517         -11.482612291802         -10                      -6.672170020831
824.176                  -10.129726577517         -11.482612291802         -10                      -6.6640731109061
826.174                  -10.129726577517         -11.482612291802         -10                      -6.6559762009811
828.172                  -10.129726577517         -11.482612291802         -10                      -6.6478792910562
830.17                   -10.129726577517         -11.482612291802         -10                      -6.6397823811313
832.168                  -10.129726577517         -11.482612291802         -10                      -6.6316854712064
834.166                  -10.129726577517         -11.482612291802         -10                      -6.6235885612814
836.164                  -10.129726577517         -11.482612291802         -10                      -6.6154916513565
838.162                  -10.129726577517         -11.482612291802         -10                      -6.6073947414316
840.16                   -10.129726577517         -11.482612291802         -10                      -6.5992978315066
842.158                  -10.129726577517         -11.482612291802         -10                      -6.5912009215817
844.156                  -10.129726577517         -11.482612291802         -10                      -6.5831040116568
846.154                  -10.129726577517         -11.482612291802         -10                      -6.5750071017319
848.152                  -10.129726577517         -11.482612291802         -10                      -6.5669101918069
850.15                   -10.129726577517         -11.482612291802         -10                      -6.558813281882
852.148                  -10.129726577517         -11.482612291802         -10                      -6.5507163719571
854.146                  -10.129726577517         -11.482612291802         -10                      -6.5426194620321
856.144                  -10.129726577517         -11.482612291802         -10                      -6.5345225521072
858.142                  -10.129726577517         -11.482612291802         -10                      -6.5264256421823
860.14                   -10.129726577517         -11.482612291802         -10                      -6.5183287322573
862.138                  -10.129726577517         -11.482612291802         -10                      -6.5102318223324
864.136                  -10.129726577517         -11.482612291802         -10                      -6.5021349124075
866.134                  -10.129726577517         -11.482612291802         -10                      -6.4940380024825
868.132                  -10.129726577517         -11.482612291802         -10                      -6.4859410925576
870.13                   -10.129726577517         -11.482612291802         -10                      -6.4778441826327
872.128                  -10.129726577517         -11.482612291802         -10                      -6.4697472727078
874.126                  -10.129726577517         -11.482612291802         -10                      -6.4616503627828
876.124                  -10.129726577517         -11.482612291802         -10                      -6.4535534528579
878.122                  -10.129726577517         -11.482612291802         -10                      -6.445456542933
880.12                   -10.129726577517         -11.482612291802         -10                      -6.437359633008
882.118                  -10.129726577517         -11.482612291802         -10                      -6.4292627230831
884.116                  -10.129726577517         -11.482612291802         -10                      -6.4211658131582
886.114                  -10.129726577517         -11.482612291802         -10                      -6.4130689032332
888.112                  -10.129726577517         -11.482612291802         -10                      -6.4049719933083
890.11                   -10.129726577517         -11.482612291802         -10                      -6.3968750833834
892.108                  -10.129726577517         -11.482612291802         -10                      -6.3887781734584
894.106                  -10.129726577517         -11.482612291802         -10                      -6.3806812635335
896.104                  -10.129726577517         -11.482612291802         -10                      -6.3725843536086
898.102                  -10.129726577517         -11.482612291802         -10                      -6.3644874436836
900.1                    -10.129726577517         -11.482612291802         -10                      -6.3563905337587
902.098                  -10.129726577517         -11.482612291802         -10                      -6.3482936238338
904.096                  -10.129726577516         -11.482612291802         -10                      -6.3401967139089
906.094                  -10.129726577516         -11.482612291802         -10                      -6.3320998039839
908.092                  -10.129726577516         -11.482612291802         -10                      -6.324002894059
910.09                   -10.129726577515         -11.482612291801         -10                      -6.3159059841341
912.088                  -10.129726577515         -11.4826122918           -10                      -6.3078090742091
914.086                  -10.129726577513         -11.482612291799         -10                      -6.2997121642842
916.084                  -10.129726577511         -11.482612291796         -10                      -6.2916152543593
918.082                  -10.129726577506         -11.482612291792         -10                      -6.2835183444343
920.08                   -10.129726577499         -11.482612291784         -10                      -6.2754214345094
922.078                  -10.129726577486         -11.482612291771         -10                      -6.2673245245845
924.076                  -10.129726577463         -11.482612291749         -10                      -6.2592276146595
926.074                  -10.129726577423         -11.482612291709         -10                      -6.2511307047346
928.072                  -10.129726577355         -11.482612291641         -10                      -6.2430337948097
930.07                   -10.129726577237         -11.482612291523         -10                      -6.2349368848847
932.068                  -10.129726577033         -11.482612291319         -10                      -6.2268399749598
934.066                  -10.12972657668          -11.482612290966         -10                      -6.2187430650349
936.064                  -10.129726576068         -11.482612290354         -10                      -6.2106461551099
938.062                  -10.129726575009         -11.482612289294         -10                      -6.202549245185
940.06                   -10.129726573175         -11.48261228746          -10                      -6.1944523352601
942.058                  -10.12972657             -11.482612284285         -10                      -6.1863554253351
944.056                  -10.129726564503         -11.482612278789         -10                      -6.1782585154102
946.054                  -10.129726554987         -11.482612269273         -10                      -6.1701616054853
948.052                  -10.129726538513         -11.482612252799         -10                      -6.1620646955603
950.05                   -10.129726509993         -11.482612224279         -10                      -6.1539677856354
952.048                  -10.129726460619         -11.482612174905         -10                      -6.1458708757105
954.046                  -10.129726375142         -11.482612089428         -10                      -6.1377739657855
956.044                  -10.129726227163         -11.482611941449         -10                      -6.1296770558606
958.042                  -10.129725970979         -11.482611685265         -10                      -6.1215801459357
960.04                   -10.129725527471         -11.482611241757         -10                      -6.1134832360107
962.038                  -10.129724759663         -11.482610473949         -10                      -6.1053863260858
964.036                  -10.129723430426         -11.482609144711         -10                      -6.0972894161609
966.034                  -10.129721129236         -11.482606843522         -10                      -6.0891925062359
968.032                  -10.1297171454           -11.482602859685         -10                      -6.081095596311
970.03                   -10.129710248573         -11.482595962858         -10                      -6.0729986863861
972.028                  -10.12969830883          -11.482584023116         -10                      -6.0649017764611
974.026                  -10.129677639006         -11.482563353291         -10                      -6.0568048665362
976.024                  -10.12964185639          -11.482527570675         -10                      -6.0487079566113
978.022                  -10.129579912848         -11.482465627134         -10                      -6.0406110466863
980.02                   -10.129472686795         -11.482358401081         -10                      -6.0325141367614
982.018                  -10.129287089953         -11.482172804238         -10                      -6.0244172268365
984.016                  -10.128965885241         -11.481851599527         -10                      -6.0163203169115
986.014                  -10.128410120352         -11.481295834638         -10                      -6.0082234069866
988.012                  -10.127448899371         -11.480334613657         -10                      -6.0001264970617
990.01                   -10.125787599429         -11.478673313715         -10                      -5.9920295871367
992.008                  -10.122919868456         -11.475805582742         -10                      -5.9839326772118
994.006                  -10.117980218277         -11.470865932563         -10                      -5.9758357672869
996.004                  -10.1095037116           -11.462389425886         -10                      -5.9677388573619
998.002                  -10.095054895252         -11.447940609538         -10                      -5.959641947437
1000                     -10.070722484113         -11.423608198399         -10                      -5.9515450375121
1002                     -10.044765401929         -11.397651116215         -10                      -5.9434400225722
1004                     -10.026292262865         -11.379177977151         -10                      -5.9353350076323
1006                     -10.012549820583         -11.365435534869         -10                      -5.9272299926925
1008                     -10.001963841054         -11.354849555339         -10                      -5.9191249777526
1010                     -9.9935869568416         -11.346472671127         -10                      -5.9110199628127
1012                     -9.9868194939422         -11.339705208228         -10                      -5.9029149478728
1014                     -9.9812637888121         -11.334149503098         -10                      -5.894809932933
1016                     -9.9766451095539         -11.32953082384          -10                      -5.8867049179931
1018                     -9.9727668485436         -11.325652562829         -10                      -5.8785999030532
1020                     -9.9694840294781         -11.322369743764         -10                      -5.8704948881133
1022                     -9.9666870030282         -11.319572717314         -10                      -5.8623898731735
1024                     -9.9642910387879         -11.317176753074         -10                      -5.8542848582336
1026                     -9.9622294585888         -11.315115172875         -10                      -5.8461798432937
1028                     -9.9604489706728         -11.313334684958         -10                      -5.8380748283539
1030                     -9.9589064147557         -11.311792129041         -10                      -5.829969813414
1032                     -9.9575664373143         -11.3104521516           -10                      -5.8218647984741
1034                     -9.9563997959306         -11.309285510216         -10                      -5.8137597835342
1036                     -9.9553820988942         -11.30826781318          -10                      -5.8056547685944
1038                     -9.9544928522845         -11.30737856657          -10                      -5.7975497536545
1040                     -9.9537147284011         -11.306600442687         -10                      -5.7894447387146
1042                     -9.9530329963001         -11.305918710586         -10                      -5.7813397237748
1044                     -9.9524350729278         -11.305320787214         -10                      -5.7732347088349
1046                     -9.9519101652758         -11.304795879561         -10                      -5.765129693895
1048                     -9.9514489821485         -11.304334696434         -10                      -5.7570246789551
1050                     -9.9510434998256         -11.303929214111         -10                      -5.7489196640153
1052                     -9.9506867699225         -11.303572484208         -10                      -5.7408146490754
1054                     -9.9503727606374         -11.303258474923         -10                      -5.7327096341355
1056                     -9.9500962246699         -11.302981938956         -10                      -5.7246046191957
1058                     -9.9498525886371         -11.302738302923         -10                      -5.7164996042558
1060                     -9.9496378599614         -11.302523574247         -10                      -5.7083945893159
1062                     -9.9494485480661         -11.302334262352         -10                      -5.700289574376
1064                     -9.9492815973727         -11.302167311658         -10                      -5.6921845594362
1066                     -9.9491343300939         -11.30202004438          -10                      -5.6840795444963
1068                     -9.9490043972081         -11.301890111494         -10                      -5.6759745295564
1070                     -9.9488897363042         -11.30177545059          -10                      -5.6678695146165
1072                     -9.948788535224          -11.30167424951          -10                      -5.6597644996767
1074                     -9.9486992006213         -11.301584914907         -10                      -5.6516594847368
1076                     -9.9486203307069         -11.301506044993         -10                      -5.6435544697969
1078                     -9.948550691571          -11.301436405857         -10                      -5.6354494548571
1080                     -9.9484891965747         -11.30137491086          -10                      -5.6273444399172
1082                     -9.9484348883811         -11.301320602667         -10                      -5.6192394249773
1084                     -9.9483869232654         -11.301272637551         -10                      -5.6111344100374
1086                     -9.9483445573945         -11.30123027168          -10                      -5.6030293950976
1088                     -9.9483071348165         -11.301192849102         -10                      -5.5949243801577
1090                     -9.9482740769338         -11.30115979122          -10                      -5.5868193652178
1092                     -9.9482448732694         -11.301130587555         -10                      -5.578714350278
1094                     -9.9482190733592         -11.301104787645         -10                      -5.5706093353381
1096                     -9.9481962796292         -11.301081993915         -10                      -5.5625043203982
1098                     -9.9481761411322         -11.301061855418         -10                      -5.5543993054583
1100                     -9.9481583480381         -11.301044062324         -10                      -5.5462942905185
1102                     -9.9481426267847         -11.30102834107          -10                      -5.5381892755786
1104                     -9.9481287358069         -11.301014450093         -10                      -5.5300842606387
1106                     -9.9481164617745         -11.30100217606          -10                      -5.5219792456989
1108                     -9.9481056162769         -11.300991330563         -10                      -5.513874230759
1110                     -9.9480960329001         -11.300981747186         -10                      -5.5057692158191
1112                     -9.9480875646492         -11.300973278935         -10                      -5.4976642008792
1114                     -9.9480800816754         -11.300965795961         -10                      -5.4895591859394
1116                     -9.94807346927           -11.300959183556         -10                      -5.4814541709995
1118                     -9.948067626095          -11.300953340381         -10                      -5.4733491560596
1120                     -9.9480624626207         -11.300948176906         -10                      -5.4652441411198
1122                     -9.9480578997475         -11.300943614033         -10                      -5.4571391261799
1124                     -9.9480538675881         -11.300939581874         -10                      -5.44903411124
1126                     -9.9480503043938         -11.300936018679         -10                      -5.4409290963001
1128                     -9.9480471556045         -11.30093286989          -10                      -5.4328240813603
1130                     -9.9480443730117         -11.300930087297         -10                      -5.4247190664204
1132                     -9.9480419140176         -11.300927628303         -10                      -5.4166140514805
1134                     -9.9480397409818         -11.300925455267         -10                      -5.4085090365407
1136                     -9.9480378206439         -11.30092353493          -10                      -5.4004040216008
1138                     -9.9480361236136         -11.300921837899         -10                      -5.3922990066609
1140                     -9.9480346239195         -11.300920338205         -10                      -5.384193991721
1142                     -9.948033298612          -11.300919012898         -10                      -5.3760889767812
1144                     -9.9480321274108         -11.300917841697         -10                      -5.3679839618413
1146                     -9.9480310923948         -11.300916806681         -10                      -5.3598789469014
1148                     -9.9480301777272         -11.300915892013         -10                      -5.3517739319616
1150                     -9.9480293694132         -11.300915083699         -10                      -5.3436689170217
1152                     -9.9480286550856         -11.300914369371         -10                      -5.3355639020818
1154                     -9.9480280238156         -11.300913738101         -10                      -5.3274588871419
1156                     -9.9480274659451         -11.300913180231         -10                      -5.3193538722021
1158                     -9.9480269729395         -11.300912687225         -10                      -5.3112488572622
1160                     -9.9480265372564         -11.300912251542         -10                      -5.3031438423223
1162                     -9.9480261522306         -11.300911866516         -10                      -5.2950388273825
1164                     -9.948025811972          -11.300911526258         -10                      -5.2869338124426
1166                     -9.9480255112752         -11.300911225561         -10                      -5.2788287975027
1168                     -9.9480252455404         -11.300910959826         -10                      -5.2707237825628
1170                     -9.9480250107023         -11.300910724988         -10                      -5.262618767623
1172                     -9.9480248031687         -11.300910517454         -10                      -5.2545137526831
1174                     -9.9480246197647         -11.30091033405          -10                      -5.2464087377432
1176                     -9.9480244576849         -11.300910171971         -10                      -5.2383037228033
1178                     -9.9480243144498         -11.300910028735         -10                      -5.2301987078635
1180                     -9.9480241878684         -11.300909902154         -10                      -5.2220936929236
1182                     -9.9480240760043         -11.30090979029          -10                      -5.2139886779837
1184                     -9.9480239771464         -11.300909691432         -10                      -5.2058836630439
1186                     -9.9480238897825         -11.300909604068         -10                      -5.197778648104
1188                     -9.9480238125763         -11.300909526862         -10                      -5.1896736331641
1190                     -9.9480237443465         -11.300909458632         -10                      -5.1815686182242
1192                     -9.9480236840497         -11.300909398335         -10                      -5.1734636032844
1194                     -9.9480236307634         -11.300909345049         -10                      -5.1653585883445
1196                     -9.9480235836726         -11.300909297958         -10                      -5.1572535734046
1198                     -9.9480235420569         -11.300909256343         -10                      -5.1491485584647
1200                     -9.9480235052797         -11.300909219565         -10                      -5.1410435435249
1202                     -9.9480234727786         -11.300909187064         -10                      -5.132938528585
1204                     -9.9480234440562         -11.300909158342         -10                      -5.1248335136451
1206                     -9.9480234186733         -11.300909132959         -10                      -5.1167284987053
1208                     -9.9480233962416         -11.300909110527         -10                      -5.1086234837654
1210                     -9.9480233764179         -11.300909090704         -10                      -5.1005184688255
1212                     -9.9480233588991         -11.300909073185         -10                      -5.0924134538856
1214                     -9.9480233434171         -11.300909057703         -10                      -5.0843084389458
1216                     -9.9480233297352         -11.300909044021         -10                      -5.0762034240059
1218                     -9.9480233176441         -11.30090903193          -10                      -5.068098409066
1220                     -9.9480233069587         -11.300909021244         -10                      -5.0599933941262
1222                     -9.9480232975157         -11.300909011801         -10                      -5.0518883791863
1224                     -9.9480232891706         -11.300909003456         -10                      -5.0437833642464
1226                     -9.9480232817957         -11.300908996081         -10                      -5.0356783493065
1228                     -9.9480232752783         -11.300908989564         -10                      -5.0275733343667
1230                     -9.9480232695187         -11.300908983804         -10                      -5.0194683194268
1232                     -9.9480232644287         -11.300908978714         -10                      -5.0113633044869
1234                     -9.9480232599305         -11.300908974216         -10                      -5.0032582895471
1236                     -9.9480232559553         -11.300908970241         -10                      -4.9951532746072
1238                     -9.9480232524423         -11.300908966728         -10                      -4.9870482596673
1240                     -9.9480232493378         -11.300908963623         -10                      -4.9789432447274
1242                     -9.9480232465942         -11.30090896088          -10                      -4.9708382297876
1244                     -9.9480232441695         -11.300908958455         -10                      -4.9627332148477
1246                     -9.9480232420268         -11.300908956313         -10                      -4.9546281999078
1248                     -9.9480232401332         -11.300908954419         -10                      -4.946523184968
1250                     -9.9480232384598         -11.300908952746         -10                      -4.9384181700281
1252                     -9.9480232369809         -11.300908951267         -10                      -4.9303131550882
1254                     -9.948023235674          -11.30090894996          -10                      -4.9222081401484
1256                     -9.948023234519          -11.300908948805         -10                      -4.9141031252085
1258                     -9.9480232334984         -11.300908947784         -10                      -4.9059981102686
1260                     -9.9480232325963         -11.300908946882         -10                      -4.8978930953288
1262                     -9.9480232317992         -11.300908946085         -10                      -4.8897880803889
1264                     -9.9480232310948         -11.30090894538          -10                      -4.881683065449
1266                     -9.9480232304722         -11.300908944758         -10                      -4.8735780505091
1268                     -9.948023229922          -11.300908944208         -10                      -4.8654730355693
1270                     -9.9480232294358         -11.300908943722         -10                      -4.8573680206294
1272                     -9.9480232290061         -11.300908943292         -10                      -4.8492630056895
1274                     -9.9480232286264         -11.300908942912         -10                      -4.8411579907497
1276                     -9.9480232282909         -11.300908942577         -10                      -4.8330529758098
1278                     -9.9480232279943         -11.30090894228          -10                      -4.8249479608699
1280                     -9.9480232277322         -11.300908942018         -10                      -4.8168429459301
1282                     -9.9480232275006         -11.300908941786         -10                      -4.8087379309902
1284                     -9.9480232272959         -11.300908941582         -10                      -4.8006329160503
1286                     -9.9480232271151         -11.300908941401         -10                      -4.7925279011104
1288                     -9.9480232269552         -11.300908941241         -10                      -4.7844228861706
1290                     -9.9480232268139         -11.3009089411           -10                      -4.7763178712307
1292                     -9.9480232266891         -11.300908940975         -10                      -4.7682128562908
1294                     -9.9480232265788         -11.300908940864         -10                      -4.760107841351
1296                     -9.9480232264813         -11.300908940767         -10                      -4.7520028264111
1298                     -9.9480232263951         -11.300908940681         -10                      -4.7438978114712
1300                     -9.948023226319          -11.300908940605         -10                      -4.7357927965314
1302                     -9.9480232262517         -11.300908940537         -10                      -4.7276877815915
1304                     -9.9480232261922         -11.300908940478         -10                      -4.7195827666516
1306                     -9.9480232261397         -11.300908940425         -10                      -4.7114777517118
1308                     -9.9480232260932         -11.300908940379         -10                      -4.7033727367719
1310                     -9.9480232260522         -11.300908940338         -10                      -4.695267721832
1312                     -9.9480232260159         -11.300908940302         -10                      -4.6871627068922
1314                     -9.9480232259839         -11.30090894027          -10                      -4.6790576919523
1316                     -9.9480232259555         -11.300908940241         -10                      -4.6709526770124
1318                     -9.9480232259305         -11.300908940216         -10                      -4.6628476620726
1320                     -9.9480232259084         -11.300908940194         -10                      -4.6547426471327
1322                     -9.9480232258888         -11.300908940175         -10                      -4.6466376321928
1324                     -9.9480232258716         -11.300908940157         -10                      -4.638532617253
1326                     -9.9480232258563         -11.300908940142         -10                      -4.6304276023131
1328                     -9.9480232258428         -11.300908940129         -10                      -4.6223225873732
1330                     -9.9480232258309         -11.300908940117         -10                      -4.6142175724333
1332                     -9.9480232258203         -11.300908940106         -10                      -4.6061125574935
1334                     -9.948023225811          -11.300908940097         -10                      -4.5980075425536
1336                     -9.9480232258028         -11.300908940089         -10                      -4.5899025276137
1338                     -9.9480232257955         -11.300908940081         -10                      -4.5817975126739
1340                     -9.9480232257891         -11.300908940075         -10                      -4.573692497734
1342                     -9.9480232257834         -11.300908940069         -10                      -4.5655874827941
1344                     -9.9480232257784         -11.300908940064         -10                      -4.5574824678543
1346                     -9.948023225774          -11.30090894006          -10                      -4.5493774529144
1348                     -9.94802322577           -11.300908940056         -10                      -4.5412724379745
1350                     -9.9480232257666         -11.300908940052         -10                      -4.5331674230347
1352                     -9.9480232257635         -11.300908940049         -10                      -4.5250624080948
1354                     -9.9480232257608         -11.300908940047         -10                      -4.5169573931549
1356                     -9.9480232257584         -11.300908940044         -10                      -4.5088523782151
1358                     -9.9480232257563         -11.300908940042         -10                      -4.5007473632752
1360                     -9.9480232257544         -11.30090894004          -10                      -4.4926423483353
1362                     -9.9480232257528         -11.300908940038         -10                      -4.4845373333955
1364                     -9.9480232257513         -11.300908940037         -10                      -4.4764323184556
1366                     -9.94802322575           -11.300908940036         -10                      -4.4683273035157
1368                     -9.9480232257489         -11.300908940035         -10                      -4.4602222885759
1370                     -9.9480232257479         -11.300908940034         -10                      -4.452117273636
1372                     -9.948023225747          -11.300908940033         -10                      -4.4440122586961
1374                     -9.9480232257462         -11.300908940032         -10                      -4.4359072437563
1376                     -9.9480232257455         -11.300908940031         -10                      -4.4278022288164
1378                     -9.9480232257449         -11.300908940031         -10                      -4.4196972138765
1380                     -9.9480232257444         -11.30090894003          -10                      -4.4115921989367
1382                     -9.9480232257439         -11.30090894003          -10                      -4.4034871839968
1384                     -9.9480232257435         -11.300908940029         -10                      -4.3953821690569
1386                     -9.9480232257431         -11.300908940029         -10                      -4.3872771541171
1388                     -9.9480232257428         -11.300908940028         -10                      -4.3791721391772
1390                     -9.9480232257425         -11.300908940028         -10                      -4.3710671242374
1392                     -9.9480232257422         -11.300908940028         -10                      -4.3629621092975
1394                     -9.948023225742          -11.300908940028         -10                      -4.3548570943576
1396                     -9.9480232257418         -11.300908940028         -10                      -4.3467520794178
1398                     -9.9480232257416         -11.300908940027         -10                      -4.3386470644779
1400                     -9.9480232257414         -11.300908940027         -10                      -4.330542049538
1402                     -9.9480232257413         -11.300908940027         -10                      -4.3224370345982
1404                     -9.9480232257412         -11.300908940027         -10                      -4.3143320196583
1406                     -9.9480232257411         -11.300908940027         -10                      -4.3062270047184
1408                     -9.948023225741          -11.300908940027         -10                      -4.2981219897786
1410                     -9.9480232257409         -11.300908940027         -10                      -4.2900169748387
1412                     -9.9480232257408         -11.300908940027         -10                      -4.2819119598988
1414                     -9.9480232257407         -11.300908940026         -10                      -4.273806944959
1416                     -9.9480232257407         -11.300908940026         -10                      -4.2657019300191
1418                     -9.9480232257406         -11.300908940026         -10                      -4.2575969150792
1420                     -9.9480232257406         -11.300908940026         -10                      -4.2494919001394
1422                     -9.9480232257405         -11.300908940026         -10                      -4.2413868851995
1424                     -9.9480232257405         -11.300908940026         -10                      -4.2332818702596
1426                     -9.9480232257405         -11.300908940026         -10                      -4.2251768553198
1428                     -9.9480232257404         -11.300908940026         -10                      -4.2170718403799
1430                     -9.9480232257404         -11.300908940026         -10                      -4.20896682544
1432                     -9.9480232257404         -11.300908940026         -10                      -4.2008618105002
1434                     -9.9480232257404         -11.300908940026         -10                      -4.1927567955603
1436                     -9.9480232257404         -11.300908940026         -10                      -4.1846517806204
1438                     -9.9480232257403         -11.300908940026         -10                      -4.1765467656805
1440                     -9.9480232257403         -11.300908940026         -10                      -4.1684417507407
1442                     -9.9480232257403         -11.300908940026         -10                      -4.1603367358008
1444                     -9.9480232257403         -11.300908940026         -10                      -4.1522317208609
1446                     -9.9480232257403         -11.300908940026         -10                      -4.1441267059211
1448                     -9.9480232257403         -11.300908940026         -10                      -4.1360216909812
1450                     -9.9480232257403         -11.300908940026         -10                      -4.1279166760413
1452                     -9.9480232257403         -11.300908940026         -10                      -4.1198116611015
1454                     -9.9480232257403         -11.300908940026         -10                      -4.1117066461616
1456                     -9.9480232257403         -11.300908940026         -10                      -4.1036016312217
1458                     -9.9480232257402         -11.300908940026         -10                      -4.0954966162819
1460                     -9.9480232257402         -11.300908940026         -10                      -4.087391601342
1462                     -9.9480232257402         -11.300908940026         -10                      -4.0792865864021
1464                     -9.9480232257402         -11.300908940026         -10                      -4.0711815714623
1466                     -9.9480232257402         -11.300908940026         -10                      -4.0630765565224
1468                     -9.9480232257402         -11.300908940026         -10                      -4.0549715415825
1470                     -9.9480232257402         -11.300908940026         -10                      -4.0468665266427
1472                     -9.9480232257402         -11.300908940026         -10                      -4.0387615117028
1474                     -9.9480232257402         -11.300908940026         -10                      -4.0306564967629
1476                     -9.9480232257402         -11.300908940026         -10                      -4.0225514818231
1478                     -9.9480232257402         -11.300908940026         -10                      -4.0144464668832
1480                     -9.9480232257402         -11.300908940026         -10                      -4.0063414519433
1482                     -9.9480232257402         -11.300908940026         -10                      -3.9982364370035
1484                     -9.9480232257402         -11.300908940026         -10                      -3.9901314220636
1486                     -9.9480232257402         -11.300908940026         -10                      -3.9820264071237
1488                     -9.9480232257402         -11.300908940026         -10                      -3.9739213921838
1490                     -9.9480232257402         -11.300908940026         -10                      -3.965816377244
1492                     -9.9480232257402         -11.300908940026         -10                      -3.9577113623041
1494                     -9.9480232257402         -11.300908940026         -10                      -3.9496063473642
1496                     -9.9480232257402         -11.300908940026         -10                      -3.9415013324244
1498                     -9.9480232257402         -11.300908940026         -10                      -3.9333963174845
1500                     -9.9480232257403         -11.300908940026         -10                      -3.9252913025446
1502                     -9.9480232257402         -11.300908940026         -10                      -3.9171862876048
1504                     -9.9480232257402         -11.300908940026         -10                      -3.9090812726649
1506                     -9.9480232257402         -11.300908940026         -10                      -3.900976257725
1508                     -9.9480232257402         -11.300908940026         -10                      -3.8928712427852
1510                     -9.9480232257402         -11.300908940026         -10                      -3.8847662278453
1512                     -9.9480232257402         -11.300908940026         -10                      -3.8766612129054
1514                     -9.9480232257402         -11.300908940026         -10                      -3.8685561979656
1516                     -9.9480232257402         -11.300908940026         -10                      -3.8604511830257
1518                     -9.9480232257402         -11.300908940026         -10                      -3.8523461680858
1520                     -9.9480232257402         -11.300908940026         -10                      -3.844241153146
1522                     -9.9480232257402         -11.300908940026         -10                      -3.8361361382061
1524                     -9.9480232257402         -11.300908940026         -10                      -3.8280311232662
1526                     -9.9480232257402         -11.300908940026         -10                      -3.8199261083264
1528                     -9.9480232257402         -11.300908940026         -10                      -3.8118210933865
1530                     -9.9480232257402         -11.300908940026         -10                      -3.8037160784466
1532                     -9.9480232257402         -11.300908940026         -10                      -3.7956110635068
1534                     -9.9480232257402         -11.300908940026         -10                      -3.7875060485669
1536                     -9.9480232257402         -11.300908940026         -10                      -3.779401033627
1538                     -9.9480232257402         -11.300908940026         -10                      -3.7712960186871
1540                     -9.9480232257402         -11.300908940026         -10                      -3.7631910037473
1542                     -9.9480232257402         -11.300908940026         -10                      -3.7550859888074
1544                     -9.9480232257402         -11.300908940026         -10                      -3.7469809738675
1546                     -9.9480232257402         -11.300908940026         -10                      -3.7388759589277
1548                     -9.9480232257401         -11.300908940026         -10                      -3.7307709439878
1550                     -9.9480232257401         -11.300908940026         -10                      -3.7226659290479
1552                     -9.9480232257401         -11.300908940026         -10                      -3.7145609141081
1554                     -9.9480232257401         -11.300908940026         -10                      -3.7064558991682
1556                     -9.9480232257401         -11.300908940026         -10                      -3.6983508842283
1558                     -9.9480232257401         -11.300908940026         -10                      -3.6902458692885
1560                     -9.9480232257401         -11.300908940026         -10                      -3.6821408543486
1562                     -9.94802322574           -11.300908940026         -10                      -3.6740358394087
1564                     -9.94802322574           -11.300908940026         -10                      -3.6659308244689
1566                     -9.94802322574           -11.300908940026         -10                      -3.657825809529
1568                     -9.94802322574           -11.300908940026         -10                      -3.6497207945891
1570                     -9.9480232257399         -11.300908940026         -10                      -3.6416157796492
1572                     -9.9480232257399         -11.300908940026         -10                      -3.6335107647094
1574                     -9.9480232257399         -11.300908940026         -10                      -3.6254057497695
1576                     -9.9480232257398         -11.300908940026         -10                      -3.6173007348296
1578                     -9.9480232257397         -11.300908940025         -10                      -3.6091957198898
1580                     -9.9480232257397         -11.300908940025         -10                      -3.6010907049499
1582                     -9.9480232257396         -11.300908940025         -10                      -3.59298569001
1584                     -9.9480232257395         -11.300908940025         -10                      -3.5848806750702
1586                     -9.9480232257394         -11.300908940025         -10                      -3.5767756601303
1588                     -9.9480232257393         -11.300908940025         -10                      -3.5686706451904
1590                     -9.9480232257392         -11.300908940025         -10                      -3.5605656302506
1592                     -9.9480232257391         -11.300908940025         -10                      -3.5524606153107
1594                     -9.9480232257389         -11.300908940025         -10                      -3.5443556003708
1596                     -9.9480232257387         -11.300908940024         -10                      -3.536250585431
1598                     -9.9480232257385         -11.300908940024         -10                      -3.5281455704911
1600                     -9.9480232257383         -11.300908940024         -10                      -3.5200405555512
1602                     -9.9480232257381         -11.300908940024         -10                      -3.5119355406113
1604                     -9.9480232257378         -11.300908940023         -10                      -3.5038305256715
1606                     -9.9480232257375         -11.300908940023         -10                      -3.4957255107316
1608                     -9.9480232257371         -11.300908940023         -10                      -3.4876204957917
1610                     -9.9480232257367         -11.300908940022         -10                      -3.4795154808519
1612                     -9.9480232257362         -11.300908940022         -10                      -3.471410465912
1614                     -9.9480232257357         -11.300908940021         -10                      -3.4633054509721
1616                     -9.9480232257351         -11.300908940021         -10                      -3.4552004360323
1618                     -9.9480232257344         -11.30090894002          -10                      -3.4470954210924
1620                     -9.9480232257336         -11.300908940019         -10                      -3.4389904061525
1622                     -9.9480232257328         -11.300908940018         -10                      -3.4308853912127
1624                     -9.9480232257318         -11.300908940018         -10                      -3.4227803762728
1626                     -9.9480232257307         -11.300908940016         -10                      -3.4146753613329
1628                     -9.9480232257294         -11.300908940015         -10                      -3.4065703463931
1630                     -9.948023225728          -11.300908940014         -10                      -3.3984653314532
1632                     -9.9480232257264         -11.300908940012         -10                      -3.3903603165133
1634                     -9.9480232257246         -11.30090894001          -10                      -3.3822553015735
1636                     -9.9480232257225         -11.300908940008         -10                      -3.3741502866336
1638                     -9.9480232257202         -11.300908940006         -10                      -3.3660452716937
1640                     -9.9480232257176         -11.300908940003         -10                      -3.3579402567538
1642                     -9.9480232257146         -11.30090894             -10                      -3.349835241814
1644                     -9.9480232257112         -11.300908939997         -10                      -3.3417302268741
1646                     -9.9480232257074         -11.300908939993         -10                      -3.3336252119342
1648                     -9.9480232257031         -11.300908939989         -10                      -3.3255201969944
1650                     -9.9480232256982         -11.300908939984         -10                      -3.3174151820545
1652                     -9.9480232256926         -11.300908939978         -10                      -3.3093101671146
1654                     -9.9480232256864         -11.300908939972         -10                      -3.3012051521748
1656                     -9.9480232256793         -11.300908939965         -10                      -3.2931001372349
1658                     -9.9480232256713         -11.300908939957         -10                      -3.284995122295
1660                     -9.9480232256622         -11.300908939948         -10                      -3.2768901073552
1662                     -9.9480232256519         -11.300908939938         -10                      -3.2687850924153
1664                     -9.9480232256403         -11.300908939926         -10                      -3.2606800774754
1666                     -9.9480232256271         -11.300908939913         -10                      -3.2525750625356
1668                     -9.9480232256123         -11.300908939898         -10                      -3.2444700475957
1670                     -9.9480232255954         -11.300908939881         -10                      -3.2363650326558
1672                     -9.9480232255764         -11.300908939862         -10                      -3.2282600177159
1674                     -9.9480232255548         -11.300908939841         -10                      -3.2201550027761
1676                     -9.9480232255304         -11.300908939816         -10                      -3.2120499878362
1678                     -9.9480232255028         -11.300908939789         -10                      -3.2039449728963
1680                     -9.9480232254716         -11.300908939757         -10                      -3.1958399579565
1682                     -9.9480232254362         -11.300908939722         -10                      -3.1877349430166
1684                     -9.9480232253962         -11.300908939682         -10                      -3.1796299280767
1686                     -9.948023225351          -11.300908939637         -10                      -3.1715249131369
1688                     -9.9480232252997         -11.300908939585         -10                      -3.163419898197
1690                     -9.9480232252418         -11.300908939528         -10                      -3.1553148832571
1692                     -9.9480232251762         -11.300908939462         -10                      -3.1472098683173
1694                     -9.948023225102          -11.300908939388         -10                      -3.1391048533774
1696                     -9.948023225018          -11.300908939304         -10                      -3.1309998384375
1698                     -9.948023224923          -11.300908939209         -10                      -3.1228948234977
1700                     -9.9480232248155         -11.300908939101         -10                      -3.1147898085578
1702                     -9.9480232246938         -11.30090893898          -10                      -3.1066847936179
1704                     -9.9480232245562         -11.300908938842         -10                      -3.098579778678
1706                     -9.9480232244004         -11.300908938686         -10                      -3.0904747637382
1708                     -9.9480232242241         -11.30090893851          -10                      -3.0823697487983
1710                     -9.9480232240246         -11.30090893831          -10                      -3.0742647338584
1712                     -9.9480232237989         -11.300908938085         -10                      -3.0661597189186
1714                     -9.9480232235435         -11.300908937829         -10                      -3.0580547039787
1716                     -9.9480232232545         -11.30090893754          -10                      -3.0499496890388
1718                     -9.9480232229274         -11.300908937213         -10                      -3.041844674099
1720                     -9.9480232225574         -11.300908936843         -10                      -3.0337396591591
1722                     -9.9480232221386         -11.300908936424         -10                      -3.0256346442192
1724                     -9.9480232216648         -11.30090893595          -10                      -3.0175296292793
1726                     -9.9480232211286         -11.300908935414         -10                      -3.0094246143395
1728                     -9.9480232205219         -11.300908934808         -10                      -3.0013195993996
1730                     -9.9480232198353         -11.300908934121         -10                      -2.9932145844597
1732                     -9.9480232190584         -11.300908933344         -10                      -2.9851095695199
1734                     -9.9480232181794         -11.300908932465         -10                      -2.97700455458
1736                     -9.9480232171846         -11.30090893147          -10                      -2.9688995396401
1738                     -9.948023216059          -11.300908930345         -10                      -2.9607945247003
1740                     -9.9480232147853         -11.300908929071         -10                      -2.9526895097604
1742                     -9.9480232133441         -11.30090892763          -10                      -2.9445844948205
1744                     -9.9480232117132         -11.300908925999         -10                      -2.9364794798806
1746                     -9.9480232098678         -11.300908924153         -10                      -2.9283744649408
1748                     -9.9480232077795         -11.300908922065         -10                      -2.9202694500009
1750                     -9.9480232054166         -11.300908919702         -10                      -2.912164435061
1752                     -9.9480232027427         -11.300908917028         -10                      -2.9040594201212
1754                     -9.9480231997171         -11.300908914003         -10                      -2.8959544051813
1756                     -9.9480231962934         -11.300908910579         -10                      -2.8878493902414
1758                     -9.9480231924193         -11.300908906705         -10                      -2.8797443753015
1760                     -9.9480231880354         -11.300908902321         -10                      -2.8716393603617
1762                     -9.9480231830749         -11.300908897361         -10                      -2.8635343454218
1764                     -9.9480231774617         -11.300908891747         -10                      -2.8554293304819
1766                     -9.94802317111           -11.300908885396         -10                      -2.8473243155421
1768                     -9.9480231639227         -11.300908878208         -10                      -2.8392193006022
1770                     -9.9480231557898         -11.300908870076         -10                      -2.8311142856623
1772                     -9.9480231465869         -11.300908860873         -10                      -2.8230092707225
1774                     -9.9480231361732         -11.300908850459         -10                      -2.8149042557826
1776                     -9.9480231243895         -11.300908838675         -10                      -2.8067992408427
1778                     -9.9480231110555         -11.300908825341         -10                      -2.7986942259028
1780                     -9.9480230959672         -11.300908810253         -10                      -2.790589210963
1782                     -9.9480230788939         -11.30090879318          -10                      -2.7824841960231
1784                     -9.9480230595744         -11.30090877386          -10                      -2.7743791810832
1786                     -9.9480230377131         -11.300908751999         -10                      -2.7662741661434
1788                     -9.9480230129757         -11.300908727261         -10                      -2.7581691512035
1790                     -9.9480229849837         -11.300908699269         -10                      -2.7500641362636
1792                     -9.9480229533091         -11.300908667595         -10                      -2.7419591213238
1794                     -9.9480229174672         -11.300908631753         -10                      -2.7338541063839
1796                     -9.94802287691           -11.300908591196         -10                      -2.725749091444
1798                     -9.9480228310169         -11.300908545303         -10                      -2.7176440765041
1800                     -9.9480227790859         -11.300908493372         -10                      -2.7095390615643
1802                     -9.9480227203229         -11.300908434609         -10                      -2.7014340466244
1804                     -9.9480226538288         -11.300908368115         -10                      -2.6933290316845
1806                     -9.9480225785866         -11.300908292872         -10                      -2.6852240167447
1808                     -9.9480224934454         -11.300908207731         -10                      -2.6771190018048
1810                     -9.9480223971029         -11.300908111389         -10                      -2.6690139868649
1812                     -9.9480222880853         -11.300908002371         -10                      -2.6609089719251
1814                     -9.9480221647252         -11.300907879011         -10                      -2.6528039569852
1816                     -9.9480220251357         -11.300907739421         -10                      -2.6446989420453
1818                     -9.9480218671817         -11.300907581467         -10                      -2.6365939271054
1820                     -9.9480216884471         -11.300907402733         -10                      -2.6284889121656
1822                     -9.948021486198          -11.300907200484         -10                      -2.6203838972257
1824                     -9.948021257341          -11.300906971627         -10                      -2.6122788822858
1826                     -9.9480209983755         -11.300906712661         -10                      -2.604173867346
1828                     -9.9480207053407         -11.300906419626         -10                      -2.5960688524061
1830                     -9.9480203737546         -11.30090608804          -10                      -2.5879638374662
1832                     -9.9480199985455         -11.300905712831         -10                      -2.5798588225263
1834                     -9.9480195739746         -11.30090528826          -10                      -2.5717538075865
1836                     -9.9480190935485         -11.300904807834         -10                      -2.5636487926466
1838                     -9.9480185499192         -11.300904264205         -10                      -2.5555437777067
1840                     -9.9480179347726         -11.300903649058         -10                      -2.5474387627669
1842                     -9.9480172387007         -11.300902952986         -10                      -2.539333747827
1844                     -9.9480164510582         -11.300902165344         -10                      -2.5312287328871
1846                     -9.9480155597998         -11.300901274085         -10                      -2.5231237179473
1848                     -9.9480145512958         -11.300900265582         -10                      -2.5150187030074
1850                     -9.9480134101244         -11.30089912441          -10                      -2.5069136880675
1852                     -9.9480121188352         -11.300897833121         -10                      -2.4988086731276
1854                     -9.9480106576836         -11.300896371969         -10                      -2.4907036581878
1856                     -9.9480090043285         -11.300894718614         -10                      -2.4825986432479
1858                     -9.9480071334916         -11.300892847777         -10                      -2.474493628308
1860                     -9.948005016571          -11.300890730857         -10                      -2.4663886133682
1862                     -9.9480026212052         -11.300888335491         -10                      -2.4582835984283
1864                     -9.9479999107787         -11.300885625064         -10                      -2.4501785834884
1866                     -9.9479968438641         -11.30088255815          -10                      -2.4420735685486
1868                     -9.9479933735897         -11.300879087875         -10                      -2.4339685536087
1870                     -9.9479894469257         -11.300875161211         -10                      -2.4258635386688
1872                     -9.9479850038758         -11.300870718162         -10                      -2.4177585237289
1874                     -9.9479799765639         -11.30086569085          -10                      -2.4096535087891
1876                     -9.947974288201          -11.300860002487         -10                      -2.4015484938492
1878                     -9.9479678519175         -11.300853566203         -10                      -2.3934434789093
1880                     -9.947960569443          -11.300846283729         -10                      -2.3853384639695
1882                     -9.9479523296143         -11.3008380439           -10                      -2.3772334490296
1884                     -9.9479430066895         -11.300828720975         -10                      -2.3691284340897
1886                     -9.9479324584423         -11.300818172728         -10                      -2.3610234191499
1888                     -9.9479205240103         -11.300806238296         -10                      -2.35291840421
1890                     -9.947907021464          -11.30079273575          -10                      -2.3448133892701
1892                     -9.9478917450621         -11.300777459348         -10                      -2.3367083743302
1894                     -9.9478744621534         -11.300760176439         -10                      -2.3286033593904
1896                     -9.9478549096804         -11.300740623966         -10                      -2.3204983444505
1898                     -9.9478327902355         -11.300718504521         -10                      -2.3123933295106
1900                     -9.9478077676142         -11.3006934819           -10                      -2.3042883145708
1902                     -9.9477794618023         -11.300665176088         -10                      -2.2961832996309
1904                     -9.9477474433307         -11.300633157616         -10                      -2.288078284691
1906                     -9.9477112269194         -11.300596941205         -10                      -2.2799732697512
1908                     -9.9476702643265         -11.300555978612         -10                      -2.2718682548113
1910                     -9.9476239363107         -11.300509650596         -10                      -2.2637632398714
1912                     -9.9475715436035         -11.300457257889         -10                      -2.2556582249315
1914                     -9.9475122967799         -11.300398011066         -10                      -2.2475532099917
1916                     -9.9474453049064         -11.300331019192         -10                      -2.2394481950518
1918                     -9.9473695628358         -11.300255277122         -10                      -2.2313431801119
1920                     -9.947283937007          -11.300169651293         -10                      -2.2232381651721
1922                     -9.9471871496023         -11.300072863888         -10                      -2.2151331502322
1924                     -9.9470777609064         -11.299963475192         -10                      -2.2070281352923
1926                     -9.9469541497055         -11.299839863991         -10                      -2.1989231203525
1928                     -9.9468144915652         -11.299700205851         -10                      -2.1908181054126
1930                     -9.9466567348272         -11.299542449113         -10                      -2.1827130904727
1932                     -9.946478574175          -11.299364288461         -10                      -2.1746080755328
1934                     -9.9462774216353         -11.299163135921         -10                      -2.166503060593
1936                     -9.9460503749088         -11.298936089195         -10                      -2.1583980456531
1938                     -9.9457941829674         -11.298679897253         -10                      -2.1502930307132
1940                     -9.945505208908          -11.298390923194         -10                      -2.1421880157734
1942                     -9.9451793901359         -11.298065104422         -10                      -2.1340830008335
1944                     -9.944812196048          -11.297697910334         -10                      -2.1259779858936
1946                     -9.9443985835212         -11.297284297807         -10                      -2.1178729709538
1948                     -9.9439329506697         -11.296818664955         -10                      -2.1097679560139
1950                     -9.9434090895394         -11.296294803825         -10                      -2.101662941074
1952                     -9.9428201386409         -11.295705852927         -10                      -2.0935579261341
1954                     -9.9421585365013         -11.295044250787         -10                      -2.0854529111943
1956                     -9.9414159777255         -11.294301692011         -10                      -2.0773478962544
1958                     -9.9405833733967         -11.293469087682         -10                      -2.0692428813145
1960                     -9.9396508179957         -11.292536532281         -10                      -2.0611378663747
1962                     -9.9386075653629         -11.291493279649         -10                      -2.0530328514348
1964                     -9.9374420165237         -11.290327730809         -10                      -2.0449278364949
1966                     -9.9361417224171         -11.289027436703         -10                      -2.036822821555
1968                     -9.9346934046458         -11.287579118932         -10                      -2.0287178066152
1970                     -9.9330829972513         -11.285968711537         -10                      -2.0206127916753
1972                     -9.9312957121471         -11.284181426433         -10                      -2.0125077767354
1974                     -9.929316130159          -11.282201844445         -10                      -2.0044027617956
1976                     -9.92712831859           -11.280014032876         -10                      -1.9962977468557
1978                     -9.9247159748417         -11.277601689127         -10                      -1.9881927319158
1980                     -9.9220625939286         -11.274948308214         -10                      -1.980087716976
1982                     -9.9191516558154         -11.272037370101         -10                      -1.9719827020361
1984                     -9.9159668265555         -11.268852540841         -10                      -1.9638776870962
1986                     -9.9124921654296         -11.265377879715         -10                      -1.9557726721563
1988                     -9.9087123289284         -11.261598043214         -10                      -1.9476676572165
1990                     -9.904612761735          -11.257498476021         -10                      -1.9395626422766
1992                     -9.9001798650274         -11.253065579313         -10                      -1.9314576273367
1994                     -9.895401133536          -11.248286847822         -10                      -1.9233526123969
1996                     -9.8902652547874         -11.243150969073         -10                      -1.915247597457
1998                     -9.8847621666705         -11.237647880956         -10                      -1.9071425825171
2000                     -9.940020856371          -11.112161138376         -10                      -1.8990375675772
2002                     -9.9960048168381         -10.987399666562         -10                      -1.8949511015748
2004                     -9.9916695371019         -10.983064386826         -10                      -1.8908646355724
2006                     -9.9879946106744         -10.979389460399         -10                      -1.88677816957
2008                     -9.9848595379857         -10.97625438771          -10                      -1.8826917035676
2010                     -9.9821707799271         -10.973565629651         -10                      -1.8786052375652
2012                     -9.979854516194          -10.971249365918         -10                      -1.8745187715628
2014                     -9.9778516431371         -10.969246492861         -10                      -1.8704323055603
2016                     -9.9761142426479         -10.967509092372         -10                      -1.8663458395579
2018                     -9.9746030388009         -10.965997888525         -10                      -1.8622593735555
2020                     -9.9732855316758         -10.9646803814           -10                      -1.8581729075531
2022                     -9.9721346045533         -10.963529454277         -10                      -1.8540864415507
2024                     -9.9711274680664         -10.962522317791         -10                      -1.8499999755483
2026                     -9.9702448482705         -10.961639697995         -10                      -1.8459135095458
2028                     -9.9694703540638         -10.960865203788         -10                      -1.8418270435434
2030                     -9.9687899784044         -10.960184828128         -10                      -1.837740577541
2032                     -9.9681917006922         -10.959586550416         -10                      -1.8336541115386
2034                     -9.9676651666057         -10.95906001633          -10                      -1.8295676455362
2036                     -9.9672014279329         -10.958596277657         -10                      -1.8254811795338
2038                     -9.9667927293777         -10.958187579102         -10                      -1.8213947135314
2040                     -9.9664323325217         -10.957827182246         -10                      -1.8173082475289
2042                     -9.9661143694509         -10.957509219175         -10                      -1.8132217815265
2044                     -9.9658337202743         -10.957228569998         -10                      -1.8091353155241
2046                     -9.9655859100446         -10.956980759769         -10                      -1.8050488495217
2048                     -9.9653670215515         -10.956761871276         -10                      -1.8009623835193
2050                     -9.9651736211952         -10.956568470919         -10                      -1.7968759175169
2052                     -9.9650026957063         -10.95639754543          -10                      -1.7927894515144
2054                     -9.9648515979178         -10.956246447642         -10                      -1.788702985512
2056                     -9.9647180001294         -10.956112849854         -10                      -1.7846165195096
2058                     -9.9645998538784         -10.955994703602         -10                      -1.7805300535072
2060                     -9.9644953551353         -10.955890204859         -10                      -1.7764435875048
2062                     -9.9644029141198         -10.955797763844         -10                      -1.7723571215024
2064                     -9.9643211290618         -10.955715978786         -10                      -1.7682706555
2066                     -9.9642487633457         -10.95564361307          -10                      -1.7641841894975
2068                     -9.9641847255668         -10.955579575291         -10                      -1.7600977234951
2070                     -9.9641280520991         -10.955522901823         -10                      -1.7560112574927
2072                     -9.9640778918354         -10.95547274156          -10                      -1.7519247914903
2074                     -9.9640334928145         -10.955428342539         -10                      -1.7478383254879
2076                     -9.9639941904844         -10.955389040209         -10                      -1.7437518594855
2078                     -9.9639593973947         -10.955354247119         -10                      -1.739665393483
2080                     -9.9639285941326         -10.955323443857         -10                      -1.7355789274806
2082                     -9.9639013213476         -10.955296171072         -10                      -1.7314924614782
2084                     -9.9638771727288         -10.955272022453         -10                      -1.7274059954758
2086                     -9.9638557888156         -10.95525063854          -10                      -1.7233195294734
2088                     -9.9638368515414         -10.955231701266         -10                      -1.719233063471
2090                     -9.9638200794197         -10.955214929144         -10                      -1.7151465974686
2092                     -9.9638052232944         -10.955200073019         -10                      -1.7110601314661
2094                     -9.9637920625884         -10.955186912312         -10                      -1.7069736654637
2096                     -9.9637804019879         -10.955175251712         -10                      -1.7028871994613
2098                     -9.9637700685132         -10.955164918237         -10                      -1.6988007334589
2100                     -9.9637609089277         -10.955155758652         -10                      -1.6947142674565
2102                     -9.9637527874465         -10.955147637171         -10                      -1.6906278014541
2104                     -9.9637455837085         -10.955140433433         -10                      -1.6865413354516
2106                     -9.9637391909809         -10.955134040705         -10                      -1.6824548694492
2108                     -9.9637335145682         -10.955128364292         -10                      -1.6783684034468
2110                     -9.9637284704026         -10.955123320127         -10                      -1.6742819374444
2112                     -9.9637239837934         -10.955118833517         -10                      -1.670195471442
2114                     -9.963719988316          -10.95511483804          -10                      -1.6661090054396
2116                     -9.9637164248256         -10.95511127455          -10                      -1.6620225394371
2118                     -9.9637132405786         -10.955108090303         -10                      -1.6579360734347
2120                     -9.96371038845           -10.955105238174         -10                      -1.6538496074323
2122                     -9.9637078262341         -10.955102675958         -10                      -1.6497631414299
2124                     -9.9637055160188         -10.955100365743         -10                      -1.6456766754275
2126                     -9.9637034236233         -10.955098273347         -10                      -1.6415902094251
2128                     -9.9637015180921         -10.955096367816         -10                      -1.6375037434227
2130                     -9.963699771236          -10.95509462096          -10                      -1.6334172774202
2132                     -9.9636981572146         -10.955093006939         -10                      -1.6293308114178
2134                     -9.9636966521539         -10.955091501878         -10                      -1.6252443454154
2136                     -9.9636952337928         -10.955090083517         -10                      -1.621157879413
2138                     -9.9636938811535         -10.955088730878         -10                      -1.6170714134106
2140                     -9.963692574231          -10.955087423955         -10                      -1.6129849474082
2142                     -9.9636912936976         -10.955086143422         -10                      -1.6088984814057
2144                     -9.9636900206165         -10.955084870341         -10                      -1.6048120154033
2146                     -9.963688736162          -10.955083585886         -10                      -1.6007255494009
2148                     -9.9636874213408         -10.955082271065         -10                      -1.5966390833985
2150                     -9.9636860567117         -10.955080906436         -10                      -1.5925526173961
2152                     -9.9636846220976         -10.955079471822         -10                      -1.5884661513937
2154                     -9.963683096288          -10.955077946012         -10                      -1.5843796853913
2156                     -9.963681456725          -10.955076306449         -10                      -1.5802932193888
2158                     -9.96367967917           -10.955074528894         -10                      -1.5762067533864
2160                     -9.9636777373462         -10.95507258707          -10                      -1.572120287384
2162                     -9.9636756025501         -10.955070452274         -10                      -1.5680338213816
2164                     -9.963673243228          -10.955068092952         -10                      -1.5639473553792
2166                     -9.96367062451           -10.955065474234         -10                      -1.5598608893768
2168                     -9.9636677076958         -10.95506255742          -10                      -1.5557744233743
2170                     -9.9636644496835         -10.955059299408         -10                      -1.5516879573719
2172                     -9.9636608023343         -10.955055652058         -10                      -1.5476014913695
2174                     -9.9636567117631         -10.955051561487         -10                      -1.5435150253671
2176                     -9.9636521175442         -10.955046967268         -10                      -1.5394285593647
2178                     -9.9636469518221         -10.955041801546         -10                      -1.5353420933623
2180                     -9.9636411383126         -10.955035988037         -10                      -1.5312556273598
2182                     -9.9636345911809         -10.955029440905         -10                      -1.5271691613574
2184                     -9.9636272137806         -10.955022063505         -10                      -1.523082695355
2186                     -9.963618897234          -10.955013746958         -10                      -1.5189962293526
2188                     -9.9636095188356         -10.95500436856          -10                      -1.5149097633502
2190                     -9.9635989402532         -10.954993789977         -10                      -1.5108232973478
2192                     -9.9635870055037         -10.954981855228         -10                      -1.5067368313453
2194                     -9.9635735386729         -10.954968388397         -10                      -1.5026503653429
2196                     -9.9635583413479         -10.954953191072         -10                      -1.4985638993405
2198                     -9.9635411897262         -10.95493603945          -10                      -1.4944774333381
2200                     -9.9635218313613         -10.954916681085         -10                      -1.4903909673357
2202                     -9.9634999814993         -10.954894831223         -10                      -1.4863045013333
2204                     -9.9634753189576         -10.954870168682         -10                      -1.4822180353309
2206                     -9.9634474814883         -10.954842331212         -10                      -1.4781315693284
2208                     -9.9634160605666         -10.954810910291         -10                      -1.474045103326
2210                     -9.9633805955328         -10.954775445257         -10                      -1.4699586373236
2212                     -9.9633405670151         -10.954735416739         -10                      -1.4658721713212
2214                     -9.9632953895464         -10.95469023927          -10                      -1.4617857053188
2216                     -9.9632444032853         -10.954639253009         -10                      -1.4576992393164
2218                     -9.9631868647405         -10.954581714465         -10                      -1.4536127733139
2220                     -9.9631219363878         -10.954516786112         -10                      -1.4495263073115
2222                     -9.9630486750621         -10.954443524786         -10                      -1.4454398413091
2224                     -9.9629660189977         -10.954360868722         -10                      -1.4413533753067
2226                     -9.9628727733788         -10.954267623103         -10                      -1.4372669093043
2228                     -9.9627675942604         -10.954162443984         -10                      -1.4331804433019
2230                     -9.9626489707064         -10.954043820431         -10                      -1.4290939772994
2232                     -9.9625152049964         -10.953910054721         -10                      -1.425007511297
2234                     -9.9623643907454         -10.953759240469         -10                      -1.4209210452946
2236                     -9.9621943887894         -10.953589238514         -10                      -1.4168345792922
2238                     -9.9620028006997         -10.953397650424         -10                      -1.4127481132898
2240                     -9.9617869398051         -10.953181789529         -10                      -1.4086616472874
2242                     -9.9615437996346         -10.952938649359         -10                      -1.404575181285
2244                     -9.9612700197301         -10.952664869454         -10                      -1.4004887152825
2246                     -9.9609618488431         -10.952356698567         -10                      -1.3964022492801
2248                     -9.9606151056011         -10.952009955325         -10                      -1.3923157832777
2250                     -9.9602251368369         -10.951619986561         -10                      -1.3882293172753
2252                     -9.9597867739005         -10.951181623625         -10                      -1.3841428512729
2254                     -9.9592942874339         -10.950689137158         -10                      -1.3800563852705
2256                     -9.9587413412878         -10.950136191012         -10                      -1.375969919268
2258                     -9.9581209464862         -10.94951579621          -10                      -1.3718834532656
2260                     -9.9574254164209         -10.948820266145         -10                      -1.3677969872632
2262                     -9.9566463247538         -10.948041174478         -10                      -1.3637105212608
2264                     -9.9557744678379         -10.947169317562         -10                      -1.3596240552584
2266                     -9.9547998338065         -10.946194683531         -10                      -1.355537589256
2268                     -9.9537115808098         -10.945106430534         -10                      -1.3514511232535
2270                     -9.9524980271688         -10.943892876893         -10                      -1.3473646572511
2272                     -9.9511466564221         -10.942541506146         -10                      -1.3432781912487
2274                     -9.9496441403181         -10.941038990042         -10                      -1.3391917252463
2276                     -9.9479763826851         -10.939371232409         -10                      -1.3351052592439
2278                     -9.9461285867434         -10.937523436467         -10                      -1.3310187932415
2280                     -9.9440853477471         -10.935480197471         -10                      -1.326932327239
2282                     -9.9418307718124         -10.933225621537         -10                      -1.3228458612366
2284                     -9.9393486204152         -10.930743470139         -10                      -1.3187593952342
2286                     -9.9366224783397         -10.928017328064         -10                      -1.3146729292318
2288                     -9.9336359409547         -10.925030790679         -10                      -1.3105864632294
2290                     -9.9303728147283         -10.921767664452         -10                      -1.306499997227
2292                     -9.9268173231079         -10.918212172832         -10                      -1.3024135312246
2294                     -9.9229543085291         -10.914349158253         -10                      -1.2983270652221
2296                     -9.9187694206467         -10.910164270371         -10                      -1.2942405992197
2298                     -9.9142492810829         -10.905644130807         -10                      -1.2901541332173
2300                     -9.9093816161661         -10.90077646589          -10                      -1.2860676672149
2302                     -9.9041553512223         -10.895550200946         -10                      -1.2819812012125
2304                     -9.8985606627781         -10.889955512502         -10                      -1.2778947352101
2306                     -9.8925889881976         -10.883983837922         -10                      -1.2738082692076
2308                     -9.8862329954044         -10.877627845129         -10                      -1.2697218032052
2310                     -9.8794865180397         -10.870881367764         -10                      -1.2656353372028
2312                     -9.8723444633603         -10.863739313084         -10                      -1.2615488712004
2314                     -9.8648027012342         -10.856197550958         -10                      -1.257462405198
2316                     -9.856857942704          -10.848252792428         -10                      -1.2533759391956
2318                     -9.8485076159093         -10.839902465633         -10                      -1.2492894731931
2320                     -9.8397497458863         -10.83114459561          -10                      -1.2452030071907
2322                     -9.8305828431642         -10.821977692888         -10                      -1.2411165411883
2324                     -9.8210058043979         -10.812400654122         -10                      -1.2370300751859
2326                     -9.8110178267158         -10.80241267644          -10                      -1.2329436091835
2328                     -9.8006183361511         -10.792013185875         -10                      -1.2288571431811
2330                     -9.7898069295386         -10.781201779263         -10                      -1.2247706771786
2332                     -9.7785833285977         -10.769978178322         -10                      -1.2206842111762
2334                     -9.7669473445592         -10.758342194283         -10                      -1.2165977451738
2336                     -9.7548988515677         -10.746293701292         -10                      -1.2125112791714
2338                     -9.7424377671447         -10.733832616869         -10                      -1.208424813169
2340                     -9.7295640381557         -10.72095888788          -10                      -1.2043383471666
2342                     -9.7162776309485         -10.707672480673         -10                      -1.2002518811641
2344                     -9.7025785245687         -10.693973374293         -10                      -1.1961654151617
2346                     -9.6884667061873         -10.679861555911         -10                      -1.1920789491593
2348                     -9.6739421680811         -10.665337017805         -10                      -1.1879924831569
2350                     -9.6590049056783         -10.650399755402         -10                      -1.1839060171545
2352                     -9.6436549163172         -10.635049766041         -10                      -1.1798195511521
2354                     -9.6278921984743         -10.619287048198         -10                      -1.1757330851496
2356                     -9.6117167512915         -10.603111601016         -10                      -1.1716466191472
2358                     -9.5951285742939         -10.586523424018         -10                      -1.1675601531448
2360                     -9.5781276672228         -10.569522516947         -10                      -1.1634736871424
2362                     -9.5607140299394         -10.552108879664         -10                      -1.15938722114
2364                     -9.5428876623709         -10.534282512095         -10                      -1.1553007551376
2366                     -9.5246485644793         -10.516043414203         -10                      -1.1512142891351
2368                     -9.5059967362453         -10.497391585969         -10                      -1.1471278231327
2370                     -9.4869321776593         -10.478327027383         -10                      -1.1430413571303
2372                     -9.4674548887166         -10.458849738441         -9.9999999999947         -1.1389548911279
2374                     -9.4475648694147         -10.438959719139         -9.9999999999699         -1.1348684251255
2376                     -9.4272621197526         -10.418656969477         -9.999999999916          -1.1307819591231
2378                     -9.4065466397297         -10.397941489454         -9.9999999997974         -1.1266954931206
2380                     -9.3854184293459         -10.37681327907          -9.9999999995316         -1.1226090271182
2382                     -9.363877488601          -10.355272338325         -9.9999999989269         -1.1185225611158
2384                     -9.3419238174949         -10.333318667219         -9.9999999975288         -1.1144360951134
2386                     -9.3195574160277         -10.310952265752         -9.9999999942449         -1.110349629111
2388                     -9.2967782841994         -10.288173133923         -9.9999999864074         -1.1062631631086
2390                     -9.2735864220098         -10.264981271734         -9.9999999674025         -1.1021766971061
2392                     -9.2499818294591         -10.241376679183         -9.9999999205784         -1.0980902311037
2394                     -9.2259645065472         -10.217359356271         -9.9999998033636         -1.0940037651013
2396                     -9.2015344532741         -10.192929302998         -9.9999995052342         -1.0899172990989
2398                     -9.1766916696399         -10.168086519364         -9.999998734803          -1.0858308330965
2400                     -9.1514361556445         -10.142831005369         -9.9999967119563         -1.0817443670941
2402                     -9.1257679112879         -10.117162761012         -9.9999913159417         -1.0776579010917
2404                     -9.0996869365701         -10.091081786294         -9.9999766937529         -1.0735714350892
2406                     -9.0731932314912         -10.064588081215         -9.9999364557208         -1.0694849690868
2408                     -9.046286796051          -10.037681645775         -9.999824114012          -1.0653985030844
2410                     -9.0189676302497         -10.010362479974         -9.9995067388953         -1.061312037082
2412                     -8.9912357340873         -9.9826305838114         -9.9986063367296         -1.0572255710796
2414                     -8.9630911075636         -9.9544859572877         -9.9960954212194         -1.0531391050772
2416                     -8.9345337506788         -9.9259286004029         -9.989589083956          -1.0490526390747
2418                     -8.9055636634328         -9.8969585131569         -9.9826082557431         -1.0449661730723
2420                     -8.8761808458257         -9.8675756955498         -9.9756274275301         -1.0408797070699
2422                     -8.8463852978573         -9.8377801475814         -9.9686465993171         -1.0367932410675
2424                     -8.8161770195278         -9.8075718692519         -9.9616657711042         -1.0327067750651
2426                     -8.7855560108371         -9.7769508605612         -9.9546849428912         -1.0286203090627
2428                     -8.7545222717853         -9.7459171215094         -9.9477041146783         -1.0245338430602
2430                     -8.7230758023722         -9.7144706520963         -9.9407232864653         -1.0204473770578
2432                     -8.691216602598          -9.6826114523221         -9.9337424582524         -1.0163609110554
2434                     -8.6589446724626         -9.6503395221867         -9.9267616300394         -1.012274445053
2436                     -8.6262600119661         -9.6176548616902         -9.9197808018265         -1.0081879790506
2438                     -8.5931626211083         -9.5845574708324         -9.9127999736135         -1.0041015130482
2440                     -8.5596524998894         -9.5510473496135         -9.9058191454005         -1.0000150470457
2442                     -8.5257296483093         -9.5171244980334         -9.8988383171876         -0.99592858104333
2444                     -8.4913940663681         -9.4827889160922         -9.8918574889746         -0.99184211504091
2446                     -8.4566457540656         -9.4480406037897         -9.8848766607617         -0.9877556490385
2448                     -8.421484711402          -9.4128795611261         -9.8778958325487         -0.98366918303608
2450                     -8.3859109383772         -9.3773057881013         -9.8709150043358         -0.97958271703367
2452                     -8.3499244349912         -9.3413192847153         -9.8639341761228         -0.97549625103125
2454                     -8.3135252012441         -9.3049200509682         -9.8569533479099         -0.97140978502883
2456                     -8.2767132371358         -9.2681080868599         -9.8499725196969         -0.96732331902642
2458                     -8.2394885426663         -9.2308833923904         -9.842991691484          -0.963236853024
2460                     -8.2018511178357         -9.1932459675598         -9.836010863271          -0.95915038702158
2462                     -8.1638009626438         -9.1551958123679         -9.829030035058          -0.95506392101917
2464                     -8.1253380770908         -9.1167329268149         -9.8220492068451         -0.95097745501675
2466                     -8.0864624611766         -9.0778573109007         -9.8150683786321         -0.94689098901433
2468                     -8.0471741149013         -9.0385689646254         -9.8080875504192         -0.94280452301192
2470                     -8.0074730382647         -8.9988678879888         -9.8011067222062         -0.9387180570095
2472                     -7.967359231267          -8.9587540809911         -9.7941258939933         -0.93463159100708
2474                     -7.9268326939081         -8.9182275436322         -9.7871450657803         -0.93054512500467
2476                     -7.8858934261881         -8.8772882759122         -9.7801642375674         -0.92645865900225
2478                     -7.8445414281068         -8.8359362778309         -9.7731834093544         -0.92237219299984
2480                     -7.8027766996644         -8.7941715493885         -9.7662025811415         -0.91828572699742
2482                     -7.7605992408608         -8.7519940905849         -9.7592217529285         -0.914199260995
2484                     -7.7180090516961         -8.7094039014202         -9.7522409247155         -0.91011279499259
2486                     -7.6750061321701         -8.6664009818942         -9.7452600965026         -0.90602632899017
2488                     -7.631590482283          -8.6229853320071         -9.7382792682896         -0.90193986298775
2490                     -7.5877621020348         -8.5791569517589         -9.7312984400767         -0.89785339698534
2492                     -7.5435209914253         -8.5349158411494         -9.7243176118637         -0.89376693098292
2494                     -7.4988671504547         -8.4902620001788         -9.7173367836508         -0.8896804649805
2496                     -7.4538005791229         -8.445195428847          -9.7103559554378         -0.88559399897809
2498                     -7.4083212774299         -8.399716127154          -9.7033751272249         -0.88150753297567
2500                     -7.3624292453757         -8.3538240950998         -9.6963942990119         -0.87742106697325
2502                     -7.3161244829604         -8.3075193326845         -9.689413470799          -0.87333460097084
2504                     -7.2694069901839         -8.260801839908          -9.682432642586          -0.86924813496842
2506                     -7.2222767670462         -8.2136716167703         -9.6754518143731         -0.865161668966
2508                     -7.1747338135474         -8.1661286632715         -9.6684709861601         -0.86107520296359
2510                     -7.1267781296874         -8.1181729794115         -9.6614901579472         -0.85698873696117
2512                     -7.0784097154662         -8.0698045651903         -9.6545093297342         -0.85290227095876
2514                     -7.0296285708838         -8.0210234206079         -9.6475285015213         -0.84881580495634
2516                     -6.9804346959403         -7.9718295456644         -9.6405476733083         -0.84472933895392
2518                     -6.9308280906355         -7.9222229403596         -9.6335668450953         -0.84064287295151
2520                     -6.8808087549696         -7.8722036046937         -9.6265860168824         -0.83655640694909
2522                     -6.8303766889426         -7.8217715386667         -9.6196051886694         -0.83246994094667
2524                     -6.7795318925543         -7.7709267422784         -9.6126243604565         -0.82838347494426
2526                     -6.7282743658049         -7.719669215529          -9.6056435322435         -0.82429700894184
2528                     -6.6766041086943         -7.6679989584184         -9.5986627040306         -0.82021054293942
2530                     -6.6245211212226         -7.6159159709467         -9.5916818758176         -0.81612407693701
2532                     -6.5720254033896         -7.5634202531137         -9.5847010476047         -0.81203761093459
2534                     -6.5191169551955         -7.5105118049196         -9.5777202193917         -0.80795114493217
2536                     -6.4657957766402         -7.4571906263643         -9.5707393911788         -0.80386467892976
2538                     -6.4120618677237         -7.4034567174478         -9.5637585629658         -0.79977821292734
2540                     -6.3579152284461         -7.3493100781702         -9.5567777347529         -0.79569174692492
2542                     -6.3033558588073         -7.2947507085314         -9.5497969065399         -0.79160528092251
2544                     -6.2483837588073         -7.2397786085314         -9.542816078327          -0.78751881492009
2546                     -6.1929989284461         -7.1843937781702         -9.535835250114          -0.78343234891767
2548                     -6.1372013677238         -7.1285962174479         -9.5288544219011         -0.77934588291526
2550                     -6.0198532928068         -7.1919935748117         -9.5218735936881         -0.77525941691284
2552                     -5.8982870718485         -7.2511727861342         -9.5059026494291         -0.76715440197297
2554                     -5.8378299350755         -7.1907156493612         -9.4899317051701         -0.75904938703309
2556                     -5.7773440986543         -7.13022981294           -9.4739607609111         -0.75094437209322
2558                     -5.7168295625849         -7.0697152768706         -9.4579898166521         -0.74283935715335
2560                     -5.6562863268673         -7.009172041153          -9.4420188723931         -0.73473434221347
2562                     -5.5957143915015         -6.9486001057873         -9.426047928134          -0.7266293272736
2564                     -5.5351137564876         -6.8879994707733         -9.410076983875          -0.71852431233373
2566                     -5.4744844218255         -6.8273701361112         -9.394106039616          -0.71041929739385
2568                     -5.4138263875152         -6.7667121018009         -9.378135095357          -0.70231428245398
2570                     -5.3531396535567         -6.7060253678424         -9.362164151098          -0.6942092675141
2572                     -5.29242421995           -6.6453099342357         -9.346193206839          -0.68610425257423
2574                     -5.2316800866951         -6.5845658009809         -9.33022226258           -0.67799923763436
2576                     -5.1709072537921         -6.5237929680778         -9.3142513183209         -0.66989422269448
2578                     -5.1101057212409         -6.4629914355266         -9.2982803740619         -0.66178920775461
2580                     -5.0492754890415         -6.4021612033272         -9.2823094298029         -0.65368419281474
2582                     -4.9884165571939         -6.3413022714796         -9.2663384855439         -0.64557917787486
2584                     -4.9275289256981         -6.2804146399838         -9.2503675412849         -0.63747416293499
2586                     -4.8666125945541         -6.2194983088398         -9.2343965970259         -0.62936914799512
2588                     -4.805667563762          -6.1585532780477         -9.2184256527669         -0.62126413305524
2590                     -4.7446938333217         -6.0975795476074         -9.2024547085079         -0.61315911811537
2592                     -4.6836914032331         -6.0365771175189         -9.1864837642489         -0.6050541031755
2594                     -4.6226602734965         -5.9755459877822         -9.1705128199898         -0.59694908823562
2596                     -4.5616004441116         -5.9144861583973         -9.1545418757308         -0.58884407329575
2598                     -4.5005119150785         -5.8533976293642         -9.1385709314718         -0.58073905835588
2600                     -4.4393946863973         -5.792280400683          -9.1225999872128         -0.572634043416
2602                     -4.3782487580678         -5.7311344723536         -9.1066290429538         -0.56452902847613
2604                     -4.3170741300902         -5.6699598443759         -9.0906580986948         -0.55642401353625
2606                     -4.2558708024644         -5.6087565167502         -9.0746871544358         -0.54831899859638
2608                     -4.1946387751905         -5.5475244894762         -9.0587162101768         -0.54021398365651
2610                     -4.1333780482683         -5.486263762554          -9.0427452659177         -0.53210896871663
2612                     -4.072088621698          -5.4249743359837         -9.0267743216587         -0.52400395377676
2614                     -4.0107704954794         -5.3636562097651         -9.0108033773997         -0.51589893883689
2616                     -3.9494236696127         -5.3023093838984         -8.9948324331407         -0.50779392389701
2618                     -3.8880481440978         -5.2409338583835         -8.9788614888817         -0.49968890895714
2620                     -3.8266439189347         -5.1795296332205         -8.9628905446227         -0.49158389401727
2622                     -3.7652109941235         -5.1180967084092         -8.9469196003637         -0.48347887907739
2624                     -3.703749369664          -5.0566350839498         -8.9309486561047         -0.47537386413752
2626                     -3.6422590455564         -4.9951447598421         -8.9149777118456         -0.46726884919764
2628                     -3.5807400218006         -4.9336257360863         -8.8990067675866         -0.45916383425777
2630                     -3.5191922983966         -4.8720780126823         -8.8830358233276         -0.4510588193179
2632                     -3.4576158753444         -4.8105015896301         -8.8670648790686         -0.44295380437802
2634                     -3.3960107526441         -4.7488964669298         -8.8510939348096         -0.43484878943815
2636                     -3.3343769302955         -4.6872626445812         -8.8351229905506         -0.42674377449828
2638                     -3.2727144082988         -4.6256001225845         -8.8191520462916         -0.4186387595584
2640                     -3.2110231866539         -4.5639089009396         -8.8031811020326         -0.41053374461853
2642                     -3.1493032653608         -4.5021889796465         -8.7872101577736         -0.40242872967866
2644                     -3.0875546444195         -4.4404403587052         -8.7712392135146         -0.39432371473878
2646                     -3.02577732383           -4.3786630381157         -8.7552682692556         -0.38621869979891
2648                     -2.9639713035924         -4.3168570178781         -8.7392973249966         -0.37811368485903
2650                     -2.9021365837065         -4.2550222979922         -8.7233263807375         -0.37000866991916
2652                     -2.8402731641725         -4.1931588784582         -8.7073554364785         -0.36190365497929
2654                     -2.7783810449903         -4.131266759276          -8.6913844922195         -0.35379864003941
2656                     -2.7164602261599         -4.0693459404456         -8.6754135479605         -0.34569362509954
2658                     -2.6545107076814         -4.0073964219671         -8.6594426037015         -0.33758861015967
2660                     -2.5925324895546         -3.9454182038403         -8.6434716594425         -0.32948359521979
2662                     -2.5305255717797         -3.8834112860654         -8.6275007151835         -0.32137858027992
2664                     -2.4684899543566         -3.8213756686423         -8.6115297709245         -0.31327356534005
2666                     -2.4064256372853         -3.759311351571          -8.5955588266655         -0.30516855040017
2668                     -2.3443326205658         -3.6972183348515         -8.5795878824065         -0.2970635354603
2670                     -2.2822109041981         -3.6350966184838         -8.5636169381475         -0.28895852052042
2672                     -2.2200604881823         -3.572946202468          -8.5476459938885         -0.28085350558055
2674                     -2.1578813725182         -3.5107670868039         -8.5316750496295         -0.27274849064068
2676                     -2.095673557206          -3.4485592714917         -8.5157041053704         -0.2646434757008
2678                     -2.0334370422456         -3.3863227565313         -8.4997331611114         -0.25653846076093
2680                     -1.971171827637          -3.3240575419227         -8.4837622168524         -0.24843344582106
2682                     -1.9088779133802         -3.261763627666          -8.4677912725934         -0.24032843088118
2684                     -1.8465552994753         -3.199441013761          -8.4518203283344         -0.23222341594131
2686                     -1.7842039859221         -3.1370897002079         -8.4358493840754         -0.22411840100144
2688                     -1.7218239727208         -3.0747096870065         -8.4198784398164         -0.21601338606156
2690                     -1.6594152598713         -3.012300974157          -8.4039074955574         -0.20790837112169
2692                     -1.5969778473736         -2.9498635616593         -8.3879365512984         -0.19980335618181
2694                     -1.5345117352278         -2.8873974495135         -8.3719656070394         -0.19169834124194
2696                     -1.4720169234337         -2.8249026377194         -8.3559946627804         -0.18359332630207
2698                     -1.4094934119915         -2.7623791262772         -8.3400237185214         -0.17548831136219
2700                     -1.346941200901          -2.6998269151868         -8.3240527742623         -0.16738329642232
2702                     -1.2843602901624         -2.6372460044482         -8.3080818300033         -0.15927828148245
2704                     -1.2217506797756         -2.5746363940614         -8.2921108857443         -0.15117326654257
2706                     -1.1591123697407         -2.5119980840264         -8.2761399414853         -0.1430682516027
2708                     -1.0964453600575         -2.4493310743432         -8.2601689972263         -0.13496323666283
2710                     -1.0337496507262         -2.3866353650119         -8.2441980529673         -0.12685822172295
2712                     -0.97102524174665        -2.3239109560324         -8.2282271087083         -0.11875320678308
2714                     -0.90827213311895        -2.2611578474047         -8.2122561644493         -0.1106481918432
2716                     -0.84549032484305        -2.1983760391288         -8.1962852201903         -0.10254317690333
2718                     -0.78267981691898        -2.1355655312047         -8.1803142759313         -0.094438161963457
2720                     -0.71984060934672        -2.0727263236324         -8.1643433316723         -0.086333147023584
2722                     -0.65697270212628        -2.009858416412          -8.1483723874132         -0.07822813208371
2724                     -0.59407609525765        -1.9469618095434         -8.1324014431542         -0.070123117143836
2726                     -0.53115078874084        -1.8840365030266         -8.1164304988952         -0.062018102203963
2728                     -0.46819678257584        -1.8210824968616         -8.1004595546362         -0.053913087264089
2730                     -0.40521407676267        -1.7580997910484         -8.0844886103772         -0.045808072324216
2732                     -0.34220267130131        -1.695088385587          -8.0685176661182         -0.037703057384342
2734                     -0.27916256619176        -1.6320482804775         -8.0525467218592         -0.029598042444468
2736                     -0.21609376143403        -1.5689794757197         -8.0365757776002         -0.021493027504595
2738                     -0.15299625702812        -1.5058819713138         -8.0206048333412         -0.013388012564721
2740                     -0.15031039667201        -1.3245125643207         -8.0046338890822         -0.0052829976248473
2741.9548839583          -0.15450018014597        -1.1458950298701         -7.9978105345375         -0.0012887142076779
2743.8115212149          -0.099728122215117       -1.0911229719392         -7.9913301016664         -0.0001655274538446
2745.5748493593          -0.047687362149423       -1.0390822118735         -7.9851753562369         -2.3353349106106e-05
2747.2495578322          0.0017572716223859       -0.98963757810171        -7.9793299301589         -3.6295243332017e-06
2748.8401003969          0.048734362672171        -0.94266048705193        -7.9737782779542         -6.2385449584767e-07
2750.3507069837          0.093366217546338        -0.89802863217776        -7.9685056354143         -1.2260622216692e-07
2751.7853949391          0.13576916308266         -0.85562568664144        -7.9634979803365         -3.1519194112164e-08
2753.1479797095          0.17605383056308         -0.81534101916102        -7.9587419952325         -1.3558293322367e-08
2754.4420849884          0.21432542718987         -0.77706942253423        -7.9542250319117         -9.7306923267165e-09
2755.671152353           0.25068399536511         -0.74071085435899        -7.9499350778444         -8.8524867748708e-09
2756.8384504171          0.28522466024462         -0.70617018947948        -7.9458607242151         -8.6363332566071e-09
2757.9470835235          0.31803786602771         -0.67335698369639        -7.9419911355816         -8.5794573560701e-09
2759                     0.34920960143365         -0.64218524829045        -7.9383160210592         -8.5635106500187e-09
2760                     0.43995939863768         -0.73218088336723        -7.9348256069527         -8.5558592059615e-09
2761                     0.53246656187387         -0.82041915241185        -7.9268401348232         -8.5310553012963e-09
2762                     0.56314714972018         -0.78973856456553        -7.9188546626937         -2.6912380893262e-09
2763                     0.59313894601009         -0.75974676827562        -7.9108691905642         -8.7226701102961e-10
2764                     0.6224419507436          -0.73044376354211        -7.9028837184347         -2.9047537160477e-10
2765                     0.65105616392072         -0.70182955036499        -7.8948982463052         -9.9391714879464e-11
2766                     0.67898158554148         -0.67390412874423        -7.8869127741757         -3.4946121061023e-11
2767                     0.70621821560597         -0.64666749867974        -7.8789273020462         -1.2627067866449e-11
2768                     0.73276605411444         -0.62011966017127        -7.8709418299167         -4.6898117611049e-12
2769                     0.75862510106759         -0.59426061321813        -7.8629563577872         -1.7912914247397e-12
2770                     0.78379535646726         -0.56909035781845        -7.8549708856577         -7.0438315809526e-13
2771                     0.8082768203183          -0.54460889396742        -7.8469854135282         -2.8586021425133e-13
2772                     0.83206949263295         -0.52081622165276        -7.8389999413987         -1.2037669185375e-13
2773                     0.85517337344146         -0.49771234084426        -7.8310144692692         -5.3187623066744e-14
2774                     0.8775884628164          -0.47529725146931        -7.8230289971397         -2.5175233827201e-14
2775                     0.89931476092729         -0.45357095335842        -7.8150435250102         -1.3182763802108e-14
2776                     0.92035226815925         -0.43253344612647        -7.8070580528807         -7.9107881862689e-15
2777                     0.94070098536344         -0.41218472892228        -7.7990725807512         -5.5309703451146e-15
2778                     0.96036091436974         -0.39252479991597        -7.7910871086217         -4.4278600881729e-15
2779                     0.97933205900454         -0.37355365528117        -7.7831016364921         -3.9028129266496e-15
2780                     0.99761442704948         -0.35527128723623        -7.7751161643626         -3.6461984447481e-15
2781                     1.0152080338945          -0.33767768039118        -7.7671306922331         -3.5174130374316e-15
2782                     1.0321129091362          -0.32077280514949        -7.7591452201036         -3.4510457862771e-15
2783                     1.0483291081138          -0.30455660617188        -7.7511597479741         -3.4159268452157e-15
2784                     1.0638567314188          -0.28902898286689        -7.7431742758446         -3.3968446835329e-15
2785                     1.0786959567824          -0.27418975750333        -7.7351888037151         -3.3861981188421e-15
2786                     1.0928470893977          -0.260038624888          -7.7272033315856         -3.3800987805111e-15
2787                     1.1063106385035          -0.24657507578223        -7.7192178594561         -3.3765108825538e-15
2788                     1.1190874296127          -0.23379828467306        -7.7112323873266         -3.3743438265533e-15
2789                     1.1311787625891          -0.22170695169658        -7.7032469151971         -3.3729999637739e-15
2790                     1.142586625155           -0.21029908913069        -7.6952614430676         -3.3721443714252e-15
2791                     1.153313968588           -0.19957174569773        -7.6872759709381         -3.3715851744992e-15
2792                     1.1633650467138          -0.1895206675719         -7.6792904988086         -3.3712100387256e-15
2793                     1.172745810619           -0.18013990366671        -7.6713050266791         -3.3709517812287e-15
2794                     1.1814643403513          -0.17142137393445        -7.6633195545496         -3.37076937437e-15
2795                     1.1895312827475          -0.16335443153821        -7.6553340824201         -3.3706372457256e-15
2796                     1.1969602538368          -0.15592546044896        -7.6473486102906         -3.3705391346717e-15
2797                     1.2037681579059          -0.14911755637985        -7.6393631381611         -3.3704644985113e-15
2798                     1.2099753758956          -0.14291033839012        -7.6313776660316         -3.370406371275e-15
2799                     1.215605784704           -0.13727992958172        -7.6233921939021         -3.3703600650465e-15
2800                     1.2206865856602          -0.13219912862548        -7.6154067217726         -3.3703223684846e-15
2801                     1.2252479422484          -0.12763777203729        -7.6074212496431         -3.3702910437561e-15
2802                     1.2293224499454          -0.12356326434028        -7.5994357775136         -3.3702645055435e-15
2803                     1.2329444802864          -0.11994123399928        -7.591450305384          -3.3702416129412e-15
2804                     1.2361494534408          -0.11673626084492        -7.5834648332545         -3.3702215324383e-15
2805                     1.2389730970104          -0.11391261727529        -7.575479361125          -3.3702036463466e-15
2806                     1.2414507439155          -0.11143497037023        -7.5674938889955         -3.3701874907097e-15
2807                     1.2436167112356          -0.10926900305016        -7.559508416866          -3.3701727126068e-15
2808                     1.2455037876705          -0.10738192661525        -7.5515229447365         -3.3701590403931e-15
2809                     1.2471428427471          -0.1057428715386         -7.543537472607          -3.3701462626839e-15
2810                     1.2485625582141          -0.10432315607159        -7.5355520004775         -3.3701342133219e-15
2811                     1.2497892724768          -0.10309644180887        -7.527566528348          -3.3701227604926e-15
2812                     1.2508469227859          -0.1020387914998         -7.5195810562185         -3.3701117987474e-15
2813                     1.2517570669076          -0.10112864737813        -7.511595584089          -3.3701012430909e-15
2814                     1.2525389655184          -0.10034674876729        -7.5036101119595         -3.3700910245484e-15
2815                     1.2532097078107          -0.099676006474979       -7.49562463983           -3.3700810868068e-15
2816                     1.2537843650544          -0.099101349231273       -7.4876391677005         -3.3700713836439e-15
2817                     1.254276159563           -0.098609554722673       -7.479653695571          -3.3700618769404e-15
2818                     1.2546966392494          -0.098189075036358       -7.4716682234415         -3.3700525351288e-15
2819                     1.2550558504773          -0.097829863808428       -7.463682751312          -3.3700433319722e-15
2820                     1.2553625040869          -0.097523210198773       -7.4556972791825         -3.3700342455952e-15
2821                     1.2556241312465          -0.097261583039182       -7.447711807053          -3.3700252577086e-15
2822                     1.2558472271752          -0.097038487110542       -7.4397263349235         -3.3700163529851e-15
2823                     1.2560373818262          -0.096848332459485       -7.431740862794          -3.3700075185531e-15
2824                     1.2561993973751          -0.096686316910638       -7.4237553906645         -3.3699987435843e-15
2825                     1.2563373928739          -0.096548321411803       -7.415769918535          -3.3699900189554e-15
2826                     1.2564548967723          -0.096430817513464       -7.4077844464055         -3.3699813369693e-15
2827                     1.2565549281998          -0.09633078608587        -7.399798974276          -3.3699726911252e-15
2828                     1.2566400680067          -0.096245646278987       -7.3918135021465         -3.3699640759273e-15
2829                     1.2567125205825          -0.0961731937032         -7.383828030017          -3.3699554867255e-15
2830                     1.2567741674569          -0.096111546828835       -7.3758425578875         -3.3699469195825e-15
2831                     1.2568266136326          -0.096059100653148       -7.367857085758          -3.3699383711626e-15
2832                     1.2568712275338          -0.096014486751897       -7.3598716136285         -3.3699298386384e-15
2833                     1.2569091753757          -0.095976538909972       -7.351886141499          -3.3699213196122e-15
2834                     1.25694145068            -0.095944263605738       -7.3439006693695         -3.3699128120498e-15
2835                     1.2569688995831          -0.095916814702615       -7.33591519724           -3.3699043142252e-15
2836                     1.2569922425093          -0.095893471776398       -7.3279297251105         -3.3698958246732e-15
2837                     1.2570120927093          -0.095873621576453       -7.319944252981          -3.3698873421499e-15
2838                     1.2570289721033          -0.095856742182403       -7.3119587808515         -3.3698788655988e-15
2839                     1.2570433248106          -0.095842389475097       -7.303973308722          -3.3698703941228e-15
2840                     1.2570555286942          -0.095830185591535       -7.2959878365925         -3.3698619269596e-15
2841                     1.2570659052073          -0.095819809078431       -7.288002364463          -3.3698534634619e-15
2842                     1.2570747277872          -0.09581098649852        -7.2800168923335         -3.3698450030795e-15
2843                     1.2570822290075          -0.095803485278215       -7.272031420204          -3.3698365453449e-15
2844                     1.2570886066706          -0.095797107615145       -7.2640459480745         -3.369828089861e-15
2845                     1.2570940289957          -0.095791685290043       -7.256060475945          -3.36981963629e-15
2846                     1.2570986390359          -0.095787075249849       -7.2480750038155         -3.3698111843452e-15
2847                     1.2571025584375          -0.095783155848194       -7.2400895316861         -3.3698027337826e-15
2848                     1.2571058906397          -0.095779823646003       -7.2321040595566         -3.369794284395e-15
2849                     1.2571087235965          -0.095776990689178       -7.2241185874271         -3.3697858360062e-15
2850                     1.2571111320932          -0.09577458219253        -7.2161331152976         -3.3697773884666e-15
2851                     1.2571131797162          -0.095772534569553       -7.2081476431681         -3.3697689416487e-15
2852                     1.2571149205292          -0.095770793756555       -7.2001621710386         -3.3697604954444e-15
2853                     1.2571164004984          -0.095769313787281       -7.1921766989091         -3.3697520497617e-15
2854                     1.257117658705           -0.095768055580678       -7.1841912267796         -3.3697436045225e-15
2855                     1.2571187283757          -0.095766985909971       -7.1762057546501         -3.3697351596603e-15
2856                     1.2571196377597          -0.095766076526005       -7.1682202825206         -3.3697267151185e-15
2857                     1.257120410874           -0.095765303411761       -7.1602348103911         -3.3697182708492e-15
2858                     1.2571210681372          -0.095764646148484       -7.1522493382616         -3.3697098268114e-15
2859                     1.257121626909           -0.095764087376688       -7.1442638661321         -3.3697013829706e-15
2860                     1.2571221019478          -0.095763612337883       -7.1362783940026         -3.3696929392972e-15
2861                     1.2571225058008          -0.095763208484916       -7.1282929218731         -3.369684495766e-15
2862                     1.257122849135           -0.095762865150683       -7.1203074497436         -3.3696760523559e-15
2863                     1.2571231410193          -0.095762573266453       -7.1123219776141         -3.3696676090485e-15
2864                     1.2571233891633          -0.095762325122386       -7.1043365054846         -3.3696591658286e-15
2865                     1.2571236001218          -0.095762114163929       -7.0963510333551         -3.3696507226831e-15
2866                     1.257123779467           -0.095761934818713       -7.0883655612256         -3.3696422796007e-15
2867                     1.2571239319363          -0.095761782349383       -7.0803800890961         -3.3696338365721e-15
2868                     1.2571240615572          -0.095761652728477       -7.0723946169666         -3.3696253935891e-15
2869                     1.2571241717537          -0.095761542532053       -7.0644091448371         -3.3696169506449e-15
2870                     1.2571242654365          -0.095761448849257       -7.0564236727076         -3.3696085077338e-15
2871                     1.2571243450803          -0.095761369205431       -7.0484382005781         -3.3696000648507e-15
2872                     1.257124412789           -0.095761301496758       -7.0404527284486         -3.3695916219915e-15
2873                     1.257124470351           -0.095761243934683       -7.0324672563191         -3.3695831791525e-15
2874                     1.257124519287           -0.095761194998678       -7.0244817841896         -3.3695747363308e-15
2875                     1.2571245608896          -0.09576115339607        -7.0164963120601         -3.3695662935238e-15
2876                     1.2571245962578          -0.095761118027902       -7.0085108399306         -3.3695578507292e-15
2877                     1.2571246263258          -0.095761087959903       -7.0005253678011         -3.3695494079452e-15
2878                     1.2571246518879          -0.095761062397806       -6.9925398956716         -3.3695409651702e-15
2879                     1.2571246736193          -0.095761040666372       -6.9845544235421         -3.3695325224029e-15
2880                     1.2571246920942          -0.095761022191549       -6.9765689514126         -3.3695240796421e-15
2881                     1.2571247078004          -0.09576100648531        -6.9685834792831         -3.3695156368868e-15
2882                     1.2571247211529          -0.095760993132765       -6.9605980071536         -3.3695071941362e-15
2883                     1.2571247325045          -0.095760981781196       -6.9526125350241         -3.3694987513896e-15
2884                     1.257124742155           -0.095760972130742       -6.9446270628946         -3.3694903086464e-15
2885                     1.2571247503592          -0.095760963926478       -6.9366415907651         -3.3694818659061e-15
2886                     1.257124757334           -0.095760956951683       -6.9286561186356         -3.3694734231683e-15
2887                     1.2571247632636          -0.095760951022113       -6.9206706465061         -3.3694649804326e-15
2888                     1.2571247683046          -0.095760945981131       -6.9126851743766         -3.3694565376986e-15
2889                     1.2571247725901          -0.095760941695578       -6.9046997022471         -3.3694480949661e-15
2890                     1.2571247762335          -0.095760938052246       -6.8967142301176         -3.3694396522349e-15
2891                     1.2571247793308          -0.095760934954895       -6.8887287579881         -3.3694312095049e-15
2892                     1.257124781964           -0.095760932321704       -6.8807432858586         -3.3694227667757e-15
2893                     1.2571247842026          -0.095760930083116       -6.8727578137291         -3.3694143240473e-15
2894                     1.2571247861057          -0.095760928179997       -6.8647723415997         -3.3694058813196e-15
2895                     1.2571247877236          -0.095760926562074       -6.8567868694702         -3.3693974385925e-15
2896                     1.2571247890991          -0.095760925186609       -6.8488013973407         -3.3693889958659e-15
2897                     1.2571247902684          -0.095760924017268       -6.8408159252112         -3.3693805531397e-15
2898                     1.2571247912626          -0.095760923023161       -6.8328304530817         -3.3693721104138e-15
2899                     1.2571247921077          -0.095760922178029       -6.8248449809522         -3.3693636676882e-15
2900                     1.2571247928262          -0.095760921459545       -6.8168595088227         -3.3693552249629e-15
2901                     1.257124793437           -0.095760920848732       -6.8088740366932         -3.3693467822378e-15
2902                     1.2571247939563          -0.095760920329454       -6.8008885645637         -3.3693383395128e-15
2903                     1.2571247943977          -0.095760919887993       -6.7929030924342         -3.3693298967881e-15
2904                     1.257124794773           -0.095760919512689       -6.7849176203047         -3.3693214540634e-15
2905                     1.2571247950921          -0.095760919193626       -6.7769321481752         -3.3693130113389e-15
2906                     1.2571247953633          -0.095760918922378       -6.7689466760457         -3.3693045686144e-15
2907                     1.2571247955939          -0.095760918691778       -6.7609612039162         -3.3692961258901e-15
2908                     1.25712479579            -0.095760918495735       -6.7529757317867         -3.3692876831658e-15
2909                     1.2571247959566          -0.09576091832907        -6.7449902596572         -3.3692792404416e-15
2910                     1.2571247960983          -0.095760918187382       -6.7370047875277         -3.3692707977174e-15
2911                     1.2571247962188          -0.095760918066927       -6.7290193153982         -3.3692623549933e-15
2912                     1.2571247963212          -0.095760917964522       -6.7210338432687         -3.3692539122692e-15
2913                     1.2571247964083          -0.095760917877464       -6.7130483711392         -3.3692454695451e-15
2914                     1.2571247964823          -0.095760917803452       -6.7050628990097         -3.3692370268211e-15
2915                     1.2571247965452          -0.095760917740531       -6.6970774268802         -3.369228584097e-15
2916                     1.2571247965987          -0.095760917687039       -6.6890919547507         -3.369220141373e-15
2917                     1.2571247966442          -0.095760917641564       -6.6811064826212         -3.3692116986491e-15
2918                     1.2571247966828          -0.095760917602903       -6.6731210104918         -3.3692032559251e-15
2919                     1.2571247967157          -0.095760917570036       -6.6651355383623         -3.3691948132011e-15
2920                     1.2571247967436          -0.095760917542094       -6.6571500662328         -3.3691863704772e-15
2921                     1.2571247967674          -0.09576091751834        -6.6491645941033         -3.3691779277532e-15
2922                     1.2571247967876          -0.095760917498145       -6.6411791219738         -3.3691694850293e-15
2923                     1.2571247968047          -0.095760917480977       -6.6331936498443         -3.3691610423054e-15
2924                     1.2571247968193          -0.095760917466381       -6.6252081777148         -3.3691525995815e-15
2925                     1.2571247968317          -0.095760917453973       -6.6172227055853         -3.3691441568575e-15
2926                     1.2571247968423          -0.095760917443424       -6.6092372334558         -3.3691357141336e-15
2927                     1.2571247968513          -0.095760917434456       -6.6012517613263         -3.3691272714097e-15
2928                     1.2571247968589          -0.095760917426832       -6.5932662891968         -3.3691188286858e-15
2929                     1.2571247968654          -0.09576091742035        -6.5852808170673         -3.3691103859619e-15
2930                     1.2571247968709          -0.09576091741484        -6.5772953449378         -3.369101943238e-15
2931                     1.2571247968756          -0.095760917410156       -6.5693098728083         -3.3690935005141e-15
2932                     1.2571247968795          -0.095760917406174       -6.5613244006788         -3.3690850577902e-15
2933                     1.2571247968829          -0.095760917402788       -6.5533389285493         -3.3690766150663e-15
2934                     1.2571247968858          -0.09576091739991        -6.5453534564199         -3.3690681723424e-15
2935                     1.2571247968883          -0.095760917397463       -6.5373679842904         -3.3690597296185e-15
2936                     1.2571247968903          -0.095760917395383       -6.5293825121609         -3.3690512868946e-15
2937                     1.2571247968921          -0.095760917393614       -6.5213970400314         -3.3690428441707e-15
2938                     1.2571247968936          -0.095760917392111       -6.5134115679019         -3.3690344014468e-15
2939                     1.2571247968949          -0.095760917390833       -6.5054260957724         -3.3690259587229e-15
2940                     1.257124796896           -0.095760917389746       -6.4974406236429         -3.369017515999e-15
2941                     1.2571247968969          -0.095760917388822       -6.4894551515134         -3.3690090732751e-15
2942                     1.2571247968977          -0.095760917388037       -6.4814696793839         -3.3690006305512e-15
2943                     1.2571247968983          -0.095760917387369       -6.4734842072544         -3.3689921878273e-15
2944                     1.2571247968989          -0.095760917386801       -6.4654987351249         -3.3689837451034e-15
2945                     1.2571247968994          -0.095760917386319       -6.4575132629954         -3.3689753023795e-15
2946                     1.2571247968998          -0.095760917385908       -6.4495277908659         -3.3689668596556e-15
2947                     1.2571247969002          -0.09576091738556        -6.4415423187364         -3.3689584169318e-15
2948                     1.2571247969005          -0.095760917385263       -6.433556846607          -3.3689499742079e-15
2949                     1.2571247969007          -0.095760917385011       -6.4255713744775         -3.368941531484e-15
2950                     1.2571247969009          -0.095760917384797       -6.417585902348          -3.3689330887601e-15
2951                     1.2571247969011          -0.095760917384615       -6.4096004302185         -3.3689246460362e-15
2952                     1.2571247969013          -0.09576091738446        -6.401614958089          -3.3689162033123e-15
2953                     1.2571247969014          -0.095760917384328       -6.3936294859595         -3.3689077605884e-15
2954                     1.2571247969015          -0.095760917384216       -6.38564401383           -3.3688993178645e-15
2955                     1.2571247969016          -0.095760917384121       -6.3776585417005         -3.3688908751406e-15
2956                     1.2571247969017          -0.09576091738404        -6.369673069571          -3.3688824324167e-15
2957                     1.2571247969017          -0.095760917383972       -6.3616875974415         -3.3688739896928e-15
2958                     1.2571247969018          -0.095760917383913       -6.353702125312          -3.3688655469689e-15
2959                     1.2571247969019          -0.095760917383863       -6.3457166531825         -3.368857104245e-15
2960                     1.2571247969019          -0.095760917383821       -6.337731181053          -3.3688486615211e-15
2961                     1.2571247969019          -0.095760917383785       -6.3297457089235         -3.3688402187973e-15
2962                     1.257124796902           -0.095760917383754       -6.321760236794          -3.3688317760734e-15
2963                     1.257124796902           -0.095760917383728       -6.3137747646646         -3.3688233333495e-15
2964                     1.257124796902           -0.095760917383706       -6.3057892925351         -3.3688148906256e-15
2965                     1.257124796902           -0.095760917383687       -6.2978038204056         -3.3688064479017e-15
2966                     1.257124796902           -0.095760917383671       -6.2898183482761         -3.3687980051778e-15
2967                     1.2571247969021          -0.095760917383657       -6.2818328761466         -3.3687895624539e-15
2968                     1.2571247969021          -0.095760917383646       -6.2738474040171         -3.36878111973e-15
2969                     1.2571247969021          -0.095760917383636       -6.2658619318876         -3.3687726770061e-15
2970                     1.2571247969021          -0.095760917383628       -6.2578764597581         -3.3687642342822e-15
2971                     1.2571247969021          -0.095760917383621       -6.2498909876286         -3.3687557915583e-15
2972                     1.2571247969021          -0.095760917383615       -6.2419055154991         -3.3687473488344e-15
2973                     1.2571247969021          -0.09576091738361        -6.2339200433696         -3.3687389061106e-15
2974                     1.2571247969021          -0.095760917383605       -6.2259345712401         -3.3687304633867e-15
2975                     1.2571247969021          -0.095760917383602       -6.2179490991106         -3.3687220206628e-15
2976                     1.2571247969021          -0.095760917383599       -6.2099636269811         -3.3687135779389e-15
2977                     1.2571247969021          -0.095760917383596       -6.2019781548516         -3.368705135215e-15
2978                     1.2571247969021          -0.095760917383594       -6.1939926827222         -3.3686966924911e-15
2979                     1.2571247969021          -0.095760917383592       -6.1860072105927         -3.3686882497672e-15
2980                     1.2571247969021          -0.09576091738359        -6.1780217384632         -3.3686798070433e-15
2981                     1.2571247969021          -0.095760917383589       -6.1700362663337         -3.3686713643194e-15
2982                     1.2571247969021          -0.095760917383588       -6.1620507942042         -3.3686629215955e-15
2983                     1.2571247969021          -0.095760917383587       -6.1540653220747         -3.3686544788716e-15
2984                     1.2571247969021          -0.095760917383586       -6.1460798499452         -3.3686460361478e-15
2985                     1.2571247969021          -0.095760917383585       -6.1380943778157         -3.3686375934239e-15
2986                     1.2571247969021          -0.095760917383584       -6.1301089056862         -3.3686291507e-15
2987                     1.2571247969021          -0.095760917383584       -6.1221234335567         -3.3686207079761e-15
2988                     1.2571247969021          -0.095760917383583       -6.1141379614272         -3.3686122652522e-15
2989                     1.2571247969021          -0.095760917383583       -6.1061524892977         -3.3686038225283e-15
2990                     1.2571247969021          -0.095760917383583       -6.0981670171682         -3.3685953798044e-15
2991                     1.2571247969021          -0.095760917383583       -6.0901815450387         -3.3685869370805e-15
2992                     1.2571247969021          -0.095760917383583       -6.0821960729092         -3.3685784943566e-15
2993                     1.2571247969021          -0.095760917383582       -6.0742106007798         -3.3685700516327e-15
2994                     1.2571247969021          -0.095760917383582       -6.0662251286503         -3.3685616089088e-15
2995                     1.2571247969021          -0.095760917383582       -6.0582396565208         -3.3685531661849e-15
2996                     1.2571247969021          -0.095760917383582       -6.0502541843913         -3.368544723461e-15
2997                     1.2571247969021          -0.095760917383582       -6.0422687122618         -3.3685362807371e-15
2998                     1.2571247969021          -0.095760917383582       -6.0342832401323         -3.3685278380133e-15
2999                     1.2571247969021          -0.095760917383582       -6.0262977680028         -3.3685193952894e-15
3000                     1.2571247969021          -0.095760917383582       -6.0183122958733         -3.3685109525655e-15
3001                     1.2571247969021          -0.095760917383582       -6.0103268237438         -3.3685025098416e-15
3002                     1.2571247969021          -0.095760917383582       -6.0023413516143         -3.3684940671177e-15
3003                     1.2571247969021          -0.095760917383582       -5.9943558794848         -3.3684856243938e-15
3004                     1.2571247969021          -0.095760917383582       -5.9863704073553         -3.3684771816699e-15
3005                     1.2571247969021          -0.095760917383582       -5.9783849352258         -3.368468738946e-15
3006                     1.2571247969021          -0.095760917383582       -5.9703994630963         -3.3684602962221e-15
3007                     1.2571247969021          -0.095760917383582       -5.9624139909668         -3.3684518534982e-15
3008                     1.2571247969021          -0.095760917383582       -5.9544285188374         -3.3684434107743e-15
3009                     1.2571247969021          -0.095760917383582       -5.9464430467079         -3.3684349680505e-15
3010                     1.2571247969021          -0.095760917383582       -5.9384575745784         -3.3684265253266e-15
3011                     1.2571247969021          -0.095760917383582       -5.9304721024489         -3.3684180826027e-15
3012                     1.2571247969021          -0.095760917383582       -5.9224866303194         -3.3684096398788e-15
3013                     1.2571247969021          -0.095760917383581       -5.9145011581899         -3.3684011971549e-15
3014                     1.2571247969021          -0.095760917383581       -5.9065156860604         -3.368392754431e-15
3015                     1.2571247969021          -0.095760917383581       -5.8985302139309         -3.3683843117071e-15
3016                     1.2571247969021          -0.095760917383581       -5.8905447418014         -3.3683758689832e-15
3017                     1.2571247969021          -0.095760917383581       -5.8825592696719         -3.3683674262593e-15
3018                     1.2571247969021          -0.095760917383581       -5.8745737975424         -3.3683589835354e-15
3019                     1.2571247969021          -0.095760917383581       -5.8665883254129         -3.3683505408115e-15
3020                     1.2571247969021          -0.095760917383581       -5.8586028532834         -3.3683420980877e-15
3021                     1.2571247969021          -0.095760917383581       -5.8506173811539         -3.3683336553638e-15
3022                     1.2571247969021          -0.095760917383581       -5.8426319090244         -3.3683252126399e-15
3023                     1.2571247969021          -0.095760917383581       -5.8346464368949         -3.368316769916e-15
3024                     1.2571247969021          -0.095760917383581       -5.8266609647654         -3.3683083271921e-15
3025                     1.2571247969021          -0.095760917383581       -5.8186754926359         -3.3682998844682e-15
3026                     1.2571247969021          -0.095760917383581       -5.8106900205064         -3.3682914417443e-15
3027                     1.2571247969021          -0.095760917383581       -5.8027045483769         -3.3682829990204e-15
3028                     1.2571247969021          -0.095760917383581       -5.7947190762474         -3.3682745562965e-15
3029                     1.2571247969021          -0.095760917383581       -5.786733604118          -3.3682661135726e-15
3030                     1.2571247969021          -0.095760917383581       -5.7787481319885         -3.3682576708487e-15
3031                     1.2571247969021          -0.095760917383581       -5.770762659859          -3.3682492281248e-15
3032                     1.2571247969021          -0.095760917383581       -5.7627771877295         -3.368240785401e-15
3033                     1.2571247969021          -0.095760917383581       -5.7547917156            -3.3682323426771e-15
3034                     1.2571247969021          -0.095760917383581       -5.7468062434705         -3.3682238999532e-15
3035                     1.2571247969021          -0.095760917383581       -5.738820771341          -3.3682154572293e-15
3036                     1.2571247969021          -0.095760917383581       -5.7308352992115         -3.3682070145054e-15
3037                     1.2571247969021          -0.095760917383581       -5.722849827082          -3.3681985717815e-15
3038                     1.2571247969021          -0.095760917383581       -5.7148643549525         -3.3681901290576e-15
3039                     1.2571247969021          -0.095760917383581       -5.706878882823          -3.3681816863337e-15
3040                     1.2571247969021          -0.095760917383581       -5.6988934106935         -3.3681732436098e-15
3041                     1.2571247969021          -0.095760917383581       -5.690907938564          -3.3681648008859e-15
3042                     1.2571247969021          -0.095760917383581       -5.6829224664345         -3.368156358162e-15
3043                     1.2571247969021          -0.095760917383581       -5.674936994305          -3.3681479154382e-15
3044                     1.2571247969021          -0.095760917383581       -5.6669515221755         -3.3681394727143e-15
3045                     1.2571247969021          -0.095760917383581       -5.658966050046          -3.3681310299904e-15
3046                     1.2571247969021          -0.095760917383581       -5.6509805779165         -3.3681225872665e-15
3047                     1.2571247969021          -0.09576091738358        -5.642995105787          -3.3681141445426e-15
3048                     1.2571247969021          -0.09576091738358        -5.6350096336576         -3.3681057018187e-15
3049                     1.2571247969021          -0.09576091738358        -5.6270241615281         -3.3680972590948e-15
3050                     1.2571247969021          -0.09576091738358        -5.6190386893986         -3.3680888163709e-15
3051                     1.2571247969021          -0.09576091738358        -5.6110532172691         -3.368080373647e-15
3052                     1.2571247969021          -0.09576091738358        -5.6030677451396         -3.3680719309231e-15
3053                     1.2571247969021          -0.09576091738358        -5.5950822730101         -3.3680634881992e-15
3054                     1.2571247969021          -0.09576091738358        -5.5870968008806         -3.3680550454754e-15
3055                     1.2571247969021          -0.09576091738358        -5.5791113287511         -3.3680466027515e-15
3056                     1.2571247969021          -0.095760917383581       -5.5711258566216         -3.3680381600276e-15
3057                     1.2571247969021          -0.095760917383581       -5.5631403844921         -3.3680297173037e-15
3058                     1.2571247969021          -0.095760917383581       -5.5551549123626         -3.3680212745798e-15
3059                     1.2571247969021          -0.095760917383581       -5.5471694402331         -3.3680128318559e-15
3060                     1.2571247969021          -0.095760917383581       -5.5391839681036         -3.368004389132e-15
3061                     1.2571247969021          -0.095760917383581       -5.5311984959741         -3.3679959464081e-15
3062                     1.2571247969021          -0.095760917383581       -5.5232130238447         -3.3679875036842e-15
3063                     1.2571247969021          -0.095760917383581       -5.5152275517152         -3.3679790609603e-15
3064                     1.2571247969021          -0.095760917383581       -5.5072420795857         -3.3679706182365e-15
3065                     1.2571247969021          -0.095760917383581       -5.4992566074562         -3.3679621755126e-15
3066                     1.2571247969021          -0.095760917383581       -5.4912711353267         -3.3679537327887e-15
3067                     1.2571247969021          -0.095760917383581       -5.4832856631972         -3.3679452900648e-15
3068                     1.2571247969021          -0.095760917383581       -5.4753001910677         -3.3679368473409e-15
3069                     1.2571247969021          -0.095760917383581       -5.4673147189382         -3.367928404617e-15
3070                     1.2571247969021          -0.095760917383581       -5.4593292468087         -3.3679199618931e-15
3071                     1.2571247969021          -0.09576091738358        -5.4513437746792         -3.3679115191692e-15
3072                     1.2571247969021          -0.09576091738358        -5.4433583025497         -3.3679030764453e-15
3073                     1.2571247969021          -0.09576091738358        -5.4353728304203         -3.3678946337214e-15
3074                     1.2571247969021          -0.09576091738358        -5.4273873582908         -3.3678861909976e-15
3075                     1.2571247969021          -0.09576091738358        -5.4194018861613         -3.3678777482737e-15
3076                     1.2571247969021          -0.09576091738358        -5.4114164140318         -3.3678693055498e-15
3077                     1.2571247969021          -0.09576091738358        -5.4034309419023         -3.3678608628259e-15
3078                     1.2571247969021          -0.095760917383581       -5.3954454697728         -3.367852420102e-15
3079                     1.2571247969021          -0.095760917383581       -5.3874599976433         -3.3678439773781e-15
3080                     1.2571247969021          -0.095760917383581       -5.3794745255138         -3.3678355346542e-15
3081                     1.2571247969021          -0.095760917383581       -5.3714890533843         -3.3678270919303e-15
3082                     1.2571247969021          -0.095760917383581       -5.3635035812548         -3.3678186492064e-15
3083                     1.2571247969021          -0.095760917383581       -5.3555181091254         -3.3678102064826e-15
3084                     1.2571247969021          -0.095760917383581       -5.3475326369959         -3.3678017637587e-15
3085                     1.2571247969021          -0.095760917383581       -5.3395471648664         -3.3677933210348e-15
3086                     1.2571247969021          -0.095760917383581       -5.3315616927369         -3.3677848783109e-15
3087                     1.2571247969021          -0.095760917383581       -5.3235762206074         -3.367776435587e-15
3088                     1.2571247969021          -0.095760917383582       -5.3155907484779         -3.3677679928631e-15
3089                     1.2571247969021          -0.095760917383582       -5.3076052763484         -3.3677595501392e-15
3090                     1.2571247969021          -0.095760917383582       -5.2996198042189         -3.3677511074153e-15
3091                     1.2571247969021          -0.095760917383582       -5.2916343320894         -3.3677426646914e-15
3092                     1.2571247969021          -0.095760917383582       -5.2836488599599         -3.3677342219676e-15
3093                     1.2571247969021          -0.095760917383582       -5.2756633878304         -3.3677257792437e-15
3094                     1.2571247969021          -0.095760917383582       -5.267677915701          -3.3677173365198e-15
3095                     1.2571247969021          -0.095760917383581       -5.2596924435715         -3.3677088937959e-15
3096                     1.2571247969021          -0.095760917383581       -5.251706971442          -3.367700451072e-15
3097                     1.2571247969021          -0.095760917383581       -5.2437214993125         -3.3676920083481e-15
3098                     1.2571247969021          -0.095760917383581       -5.235736027183          -3.3676835656242e-15
3099                     1.2571247969021          -0.095760917383581       -5.2277505550535         -3.3676751229003e-15
3100                     1.2571247969021          -0.095760917383581       -5.219765082924          -3.3676666801764e-15
3101                     1.2571247969021          -0.095760917383581       -5.2117796107945         -3.3676582374525e-15
3102                     1.2571247969021          -0.095760917383581       -5.203794138665          -3.3676497947287e-15
3103                     1.2571247969021          -0.095760917383581       -5.1958086665355         -3.3676413520048e-15
3104                     1.2571247969021          -0.095760917383581       -5.187823194406          -3.3676329092809e-15
3105                     1.2571247969021          -0.095760917383581       -5.1798377222765         -3.367624466557e-15
3106                     1.2571247969021          -0.095760917383581       -5.1718522501471         -3.3676160238331e-15
3107                     1.2571247969021          -0.095760917383581       -5.1638667780176         -3.3676075811092e-15
3108                     1.2571247969021          -0.095760917383581       -5.1558813058881         -3.3675991383853e-15
3109                     1.2571247969021          -0.095760917383581       -5.1478958337586         -3.3675906956614e-15
3110                     1.2571247969021          -0.095760917383582       -5.1399103616291         -3.3675822529375e-15
3111                     1.2571247969021          -0.095760917383582       -5.1319248894996         -3.3675738102136e-15
3112                     1.2571247969021          -0.095760917383582       -5.1239394173701         -3.3675653674897e-15
3113                     1.2571247969021          -0.095760917383582       -5.1159539452406         -3.3675569247659e-15
3114                     1.2571247969021          -0.095760917383582       -5.1079684731111         -3.367548482042e-15
3115                     1.2571247969021          -0.095760917383581       -5.0999830009816         -3.3675400393181e-15
3116                     1.2571247969021          -0.095760917383581       -5.0919975288521         -3.3675315965942e-15
3117                     1.2571247969021          -0.095760917383581       -5.0840120567226         -3.3675231538703e-15
3118                     1.2571247969021          -0.095760917383581       -5.0760265845932         -3.3675147111464e-15
3119                     1.2571247969021          -0.095760917383581       -5.0680411124637         -3.3675062684225e-15
3120                     1.2571247969021          -0.095760917383581       -5.0600556403342         -3.3674978256986e-15
3121                     1.2571247969021          -0.095760917383581       -5.0520701682047         -3.3674893829747e-15
3122                     1.2571247969021          -0.09576091738358        -5.0440846960752         -3.3674809402508e-15
3123                     1.2571247969021          -0.09576091738358        -5.0360992239457         -3.367472497527e-15
3124                     1.2571247969021          -0.09576091738358        -5.0281137518162         -3.3674640548031e-15
3125                     1.2571247969021          -0.09576091738358        -5.0201282796867         -3.3674556120792e-15
3126                     1.2571247969021          -0.09576091738358        -5.0121428075572         -3.3674471693553e-15
3127                     1.2571247969021          -0.09576091738358        -5.0041573354277         -3.3674387266314e-15
3128                     1.2571247969021          -0.09576091738358        -4.9961718632982         -3.3674302839075e-15
3129                     1.2571247969021          -0.09576091738358        -4.9881863911687         -3.3674218411836e-15
3130                     1.2571247969021          -0.09576091738358        -4.9802009190392         -3.3674133984597e-15
3131                     1.2571247969021          -0.09576091738358        -4.9722154469097         -3.3674049557358e-15
3132                     1.2571247969021          -0.09576091738358        -4.9642299747802         -3.367396513012e-15
3133                     1.2571247969021          -0.09576091738358        -4.9562445026508         -3.3673880702881e-15
3134                     1.2571247969021          -0.09576091738358        -4.9482590305213         -3.3673796275642e-15
3135                     1.2571247969021          -0.09576091738358        -4.9402735583918         -3.3673711848403e-15
3136                     1.2571247969021          -0.09576091738358        -4.9322880862623         -3.3673627421164e-15
3137                     1.2571247969021          -0.09576091738358        -4.9243026141328         -3.3673542993925e-15
3138                     1.2571247969021          -0.09576091738358        -4.9163171420033         -3.3673458566686e-15
3139                     1.2571247969021          -0.09576091738358        -4.9083316698738         -3.3673374139447e-15
3140                     1.2571247969021          -0.09576091738358        -4.9003461977443         -3.3673289712208e-15
3141                     1.2571247969021          -0.09576091738358        -4.8923607256148         -3.367320528497e-15
3142                     1.2571247969021          -0.095760917383581       -4.8843752534853         -3.3673120857731e-15
3143                     1.2571247969021          -0.095760917383581       -4.8763897813558         -3.3673036430492e-15
3144                     1.2571247969021          -0.095760917383581       -4.8684043092263         -3.3672952003253e-15
3145                     1.2571247969021          -0.095760917383581       -4.8604188370968         -3.3672867576014e-15
3146                     1.2571247969021          -0.095760917383581       -4.8524333649673         -3.3672783148775e-15
3147                     1.2571247969021          -0.095760917383581       -4.8444478928378         -3.3672698721536e-15
3148                     1.2571247969021          -0.095760917383581       -4.8364624207083         -3.3672614294297e-15
3149                     1.2571247969021          -0.095760917383581       -4.8284769485789         -3.3672529867059e-15
3150                     1.2571247969021          -0.095760917383582       -4.8204914764494         -3.367244543982e-15
3151                     1.2571247969021          -0.095760917383582       -4.8125060043199         -3.3672361012581e-15
3152                     1.2571247969021          -0.095760917383582       -4.8045205321904         -3.3672276585342e-15
3153                     1.2571247969021          -0.095760917383582       -4.7965350600609         -3.3672192158103e-15
3154                     1.2571247969021          -0.095760917383582       -4.7885495879314         -3.3672107730864e-15
3155                     1.2571247969021          -0.095760917383582       -4.7805641158019         -3.3672023303625e-15
3156                     1.2571247969021          -0.095760917383581       -4.7725786436724         -3.3671938876386e-15
3157                     1.2571247969021          -0.095760917383581       -4.7645931715429         -3.3671854449147e-15
3158                     1.2571247969021          -0.095760917383581       -4.7566076994134         -3.3671770021909e-15
3159                     1.2571247969021          -0.095760917383581       -4.7486222272839         -3.367168559467e-15
3160                     1.2571247969021          -0.095760917383581       -4.7406367551544         -3.3671601167431e-15
3161                     1.2571247969021          -0.095760917383581       -4.7326512830249         -3.3671516740192e-15
3162                     1.2571247969021          -0.095760917383581       -4.7246658108954         -3.3671432312953e-15
3163                     1.2571247969021          -0.09576091738358        -4.7166803387659         -3.3671347885714e-15
3164                     1.2571247969021          -0.09576091738358        -4.7086948666364         -3.3671263458475e-15
3165                     1.2571247969021          -0.09576091738358        -4.7007093945069         -3.3671179031236e-15
3166                     1.2571247969021          -0.09576091738358        -4.6927239223774         -3.3671094603998e-15
3167                     1.2571247969021          -0.09576091738358        -4.6847384502479         -3.3671010176759e-15
3168                     1.2571247969021          -0.09576091738358        -4.6767529781185         -3.367092574952e-15
3169                     1.2571247969021          -0.09576091738358        -4.668767505989          -3.3670841322281e-15
3170                     1.2571247969021          -0.09576091738358        -4.6607820338595         -3.3670756895042e-15
3171                     1.2571247969021          -0.09576091738358        -4.65279656173           -3.3670672467803e-15
3172                     1.2571247969021          -0.09576091738358        -4.6448110896005         -3.3670588040564e-15
3173                     1.2571247969021          -0.09576091738358        -4.636825617471          -3.3670503613325e-15
3174                     1.2571247969021          -0.09576091738358        -4.6288401453415         -3.3670419186087e-15
3175                     1.2571247969021          -0.09576091738358        -4.620854673212          -3.3670334758848e-15
3176                     1.2571247969021          -0.09576091738358        -4.6128692010825         -3.3670250331609e-15
3177                     1.2571247969021          -0.095760917383581       -4.604883728953          -3.367016590437e-15
3178                     1.2571247969021          -0.095760917383581       -4.5968982568235         -3.3670081477131e-15
3179                     1.2571247969021          -0.095760917383581       -4.588912784694          -3.3669997049892e-15
3180                     1.2571247969021          -0.095760917383581       -4.5809273125645         -3.3669912622653e-15
3181                     1.2571247969021          -0.095760917383582       -4.572941840435          -3.3669828195414e-15
3182                     1.2571247969021          -0.095760917383582       -4.5649563683055         -3.3669743768176e-15
3183                     1.2571247969021          -0.095760917383582       -4.556970896176          -3.3669659340937e-15
3184                     1.2571247969021          -0.095760917383582       -4.5489854240465         -3.3669574913698e-15
3185                     1.2571247969021          -0.095760917383582       -4.540999951917          -3.3669490486459e-15
3186                     1.2571247969021          -0.095760917383583       -4.5330144797875         -3.366940605922e-15
3187                     1.2571247969021          -0.095760917383583       -4.5250290076581         -3.3669321631981e-15
3188                     1.2571247969021          -0.095760917383583       -4.5170435355286         -3.3669237204742e-15
3189                     1.2571247969021          -0.095760917383583       -4.5090580633991         -3.3669152777504e-15
3190                     1.2571247969021          -0.095760917383583       -4.5010725912696         -3.3669068350265e-15
3191                     1.2571247969021          -0.095760917383583       -4.4930871191401         -3.3668983923026e-15
3192                     1.2571247969021          -0.095760917383583       -4.4851016470106         -3.3668899495787e-15
3193                     1.2571247969021          -0.095760917383583       -4.4771161748811         -3.3668815068548e-15
3194                     1.2571247969021          -0.095760917383583       -4.4691307027516         -3.3668730641309e-15
3195                     1.2571247969021          -0.095760917383583       -4.4611452306221         -3.366864621407e-15
3196                     1.2571247969021          -0.095760917383583       -4.4531597584926         -3.3668561786832e-15
3197                     1.2571247969021          -0.095760917383583       -4.4451742863631         -3.3668477359593e-15
3198                     1.2571247969021          -0.095760917383583       -4.4371888142336         -3.3668392932354e-15
3199                     1.2571247969021          -0.095760917383583       -4.4292033421041         -3.3668308505115e-15
3200                     1.2571247969021          -0.095760917383583       -4.4212178699746         -3.3668224077876e-15
3201                     1.2571247969021          -0.095760917383583       -4.4132323978451         -3.3668139650637e-15
3202                     1.2571247969021          -0.095760917383583       -4.4052469257156         -3.3668055223398e-15
3203                     1.2571247969021          -0.095760917383583       -4.3972614535861         -3.366797079616e-15
3204                     1.2571247969021          -0.095760917383583       -4.3892759814566         -3.3667886368921e-15
3205                     1.2571247969021          -0.095760917383583       -4.3812905093271         -3.3667801941682e-15
3206                     1.2571247969021          -0.095760917383583       -4.3733050371976         -3.3667717514443e-15
3207                     1.2571247969021          -0.095760917383583       -4.3653195650681         -3.3667633087204e-15
3208                     1.2571247969021          -0.095760917383583       -4.3573340929387         -3.3667548659965e-15
3209                     1.2571247969021          -0.095760917383583       -4.3493486208092         -3.3667464232726e-15
3210                     1.2571247969021          -0.095760917383583       -4.3413631486797         -3.3667379805488e-15
3211                     1.2571247969021          -0.095760917383583       -4.3333776765502         -3.3667295378249e-15
3212                     1.2571247969021          -0.095760917383583       -4.3253922044207         -3.366721095101e-15
3213                     1.2571247969021          -0.095760917383583       -4.3174067322912         -3.3667126523771e-15
3214                     1.2571247969021          -0.095760917383583       -4.3094212601617         -3.3667042096532e-15
3215                     1.2571247969021          -0.095760917383583       -4.3014357880322         -3.3666957669293e-15
3216                     1.2571247969021          -0.095760917383582       -4.2934503159027         -3.3666873242054e-15
3217                     1.2571247969021          -0.095760917383582       -4.2854648437732         -3.3666788814816e-15
3218                     1.2571247969021          -0.095760917383582       -4.2774793716437         -3.3666704387577e-15
3219                     1.2571247969021          -0.095760917383582       -4.2694938995142         -3.3666619960338e-15
3220                     1.2571247969021          -0.095760917383581       -4.2615084273847         -3.3666535533099e-15
3221                     1.2571247969021          -0.095760917383581       -4.2535229552552         -3.366645110586e-15
3222                     1.2571247969021          -0.095760917383581       -4.2455374831257         -3.3666366678621e-15
3223                     1.2571247969021          -0.095760917383581       -4.2375520109962         -3.3666282251383e-15
3224                     1.2571247969021          -0.095760917383581       -4.2295665388667         -3.3666197824144e-15
3225                     1.2571247969021          -0.095760917383581       -4.2215810667372         -3.3666113396905e-15
3226                     1.2571247969021          -0.095760917383581       -4.2135955946077         -3.3666028969666e-15
3227                     1.2571247969021          -0.095760917383581       -4.2056101224782         -3.3665944542427e-15
3228                     1.2571247969021          -0.095760917383581       -4.1976246503488         -3.3665860115188e-15
3229                     1.2571247969021          -0.095760917383581       -4.1896391782193         -3.366577568795e-15
3230                     1.2571247969021          -0.095760917383581       -4.1816537060898         -3.3665691260711e-15
3231                     1.2571247969021          -0.095760917383582       -4.1736682339603         -3.3665606833472e-15
3232                     1.2571247969021          -0.095760917383582       -4.1656827618308         -3.3665522406233e-15
3233                     1.2571247969021          -0.095760917383582       -4.1576972897013         -3.3665437978994e-15
3234                     1.2571247969021          -0.095760917383582       -4.1497118175718         -3.3665353551755e-15
3235                     1.2571247969021          -0.095760917383582       -4.1417263454423         -3.3665269124517e-15
3236                     1.2571247969021          -0.095760917383582       -4.1337408733128         -3.3665184697278e-15
3237                     1.2571247969021          -0.095760917383582       -4.1257554011833         -3.3665100270039e-15
3238                     1.2571247969021          -0.095760917383583       -4.1177699290538         -3.36650158428e-15
3239                     1.2571247969021          -0.095760917383583       -4.1097844569243         -3.3664931415561e-15
3240                     1.2571247969021          -0.095760917383583       -4.1017989847948         -3.3664846988322e-15
3241                     1.2571247969021          -0.095760917383582       -4.0938135126653         -3.3664762561084e-15
3242                     1.2571247969021          -0.095760917383582       -4.0858280405358         -3.3664678133845e-15
3243                     1.2571247969021          -0.095760917383582       -4.0778425684063         -3.3664593706606e-15
3244                     1.2571247969021          -0.095760917383582       -4.0698570962768         -3.3664509279367e-15
3245                     1.2571247969021          -0.095760917383582       -4.0618716241473         -3.3664424852128e-15
3246                     1.2571247969021          -0.095760917383582       -4.0538861520178         -3.366434042489e-15
3247                     1.2571247969021          -0.095760917383582       -4.0459006798884         -3.3664255997651e-15
3248                     1.2571247969021          -0.095760917383582       -4.0379152077589         -3.3664171570412e-15
3249                     1.2571247969021          -0.095760917383582       -4.0299297356294         -3.3664087143173e-15
3250                     1.2571247969021          -0.095760917383582       -4.0219442634999         -3.3664002715934e-15
3251                     1.2571247969021          -0.095760917383582       -4.0139587913704         -3.3663918288696e-15
3252                     1.2571247969021          -0.095760917383582       -4.0059733192409         -3.3663833861457e-15
3253                     1.2571247969021          -0.095760917383582       -3.9979878471114         -3.3663749434218e-15
3254                     1.2571247969021          -0.095760917383582       -3.9900023749819         -3.3663665006979e-15
3255                     1.2571247969021          -0.095760917383582       -3.9820169028524         -3.366358057974e-15
3256                     1.2571247969021          -0.095760917383581       -3.9740314307229         -3.3663496152502e-15
3257                     1.2571247969021          -0.095760917383581       -3.9660459585934         -3.3663411725263e-15
3258                     1.2571247969021          -0.095760917383581       -3.9580604864639         -3.3663327298024e-15
3259                     1.2571247969021          -0.095760917383581       -3.9500750143344         -3.3663242870785e-15
3260                     1.2571247969021          -0.09576091738358        -3.9420895422049         -3.3663158443546e-15
3261                     1.2571247969021          -0.09576091738358        -3.9341040700754         -3.3663074016308e-15
3262                     1.2571247969021          -0.09576091738358        -3.9261185979459         -3.3662989589069e-15
3263                     1.2571247969021          -0.09576091738358        -3.9181331258164         -3.366290516183e-15
3264                     1.2571247969021          -0.09576091738358        -3.9101476536869         -3.3662820734591e-15
3265                     1.2571247969021          -0.09576091738358        -3.9021621815574         -3.3662736307352e-15
3266                     1.2571247969021          -0.09576091738358        -3.8941767094279         -3.3662651880114e-15
3267                     1.2571247969021          -0.09576091738358        -3.8861912372984         -3.3662567452875e-15
3268                     1.2571247969021          -0.09576091738358        -3.8782057651689         -3.3662483025636e-15
3269                     1.2571247969021          -0.095760917383581       -3.8702202930394         -3.3662398598397e-15
3270                     1.2571247969021          -0.095760917383581       -3.8622348209099         -3.3662314171159e-15
3271                     1.2571247969021          -0.095760917383581       -3.8542493487805         -3.366222974392e-15
3272                     1.2571247969021          -0.095760917383581       -3.846263876651          -3.3662145316681e-15
3273                     1.2571247969021          -0.095760917383581       -3.8382784045215         -3.3662060889442e-15
3274                     1.2571247969021          -0.095760917383581       -3.830292932392          -3.3661976462203e-15
3275                     1.2571247969021          -0.095760917383581       -3.8223074602625         -3.3661892034965e-15
3276                     1.2571247969021          -0.095760917383582       -3.814321988133          -3.3661807607726e-15
3277                     1.2571247969021          -0.095760917383582       -3.8063365160035         -3.3661723180487e-15
3278                     1.2571247969021          -0.095760917383582       -3.798351043874          -3.3661638753248e-15
3279                     1.2571247969021          -0.095760917383582       -3.7903655717445         -3.366155432601e-15
3280                     1.2571247969021          -0.095760917383582       -3.782380099615          -3.3661469898771e-15
3281                     1.2571247969021          -0.095760917383583       -3.7743946274855         -3.3661385471532e-15
3282                     1.2571247969021          -0.095760917383583       -3.766409155356          -3.3661301044293e-15
3283                     1.2571247969021          -0.095760917383583       -3.7584236832265         -3.3661216617055e-15
3284                     1.2571247969021          -0.095760917383583       -3.750438211097          -3.3661132189816e-15
3285                     1.2571247969021          -0.095760917383583       -3.7424527389675         -3.3661047762577e-15
3286                     1.2571247969021          -0.095760917383583       -3.734467266838          -3.3660963335338e-15
3287                     1.2571247969021          -0.095760917383583       -3.7264817947085         -3.36608789081e-15
3288                     1.2571247969021          -0.095760917383583       -3.718496322579          -3.3660794480861e-15
3289                     1.2571247969021          -0.095760917383583       -3.7105108504495         -3.3660710053622e-15
3290                     1.2571247969021          -0.095760917383583       -3.70252537832           -3.3660625626383e-15
3291                     1.2571247969021          -0.095760917383583       -3.6945399061905         -3.3660541199145e-15
3292                     1.2571247969021          -0.095760917383583       -3.686554434061          -3.3660456771906e-15
3293                     1.2571247969021          -0.095760917383583       -3.6785689619315         -3.3660372344667e-15
3294                     1.2571247969021          -0.095760917383583       -3.670583489802          -3.3660287917428e-15
3295                     1.2571247969021          -0.095760917383583       -3.6625980176725         -3.366020349019e-15
3296                     1.2571247969021          -0.095760917383583       -3.654612545543          -3.3660119062951e-15
3297                     1.2571247969021          -0.095760917383583       -3.6466270734135         -3.3660034635712e-15
3298                     1.2571247969021          -0.095760917383583       -3.638641601284          -3.3659950208473e-15
3299                     1.2571247969021          -0.095760917383583       -3.6306561291545         -3.3659865781235e-15
3300                     1.2571247969021          -0.095760917383583       -3.622670657025          -3.3659781353996e-15
3301                     1.2571247969021          -0.095760917383583       -3.6146851848955         -3.3659696926757e-15
3302                     1.2571247969021          -0.095760917383583       -3.606699712766          -3.3659612499518e-15
3303                     1.2571247969021          -0.095760917383583       -3.5987142406365         -3.365952807228e-15
3304                     1.2571247969021          -0.095760917383583       -3.590728768507          -3.3659443645041e-15
3305                     1.2571247969021          -0.095760917383583       -3.5827432963775         -3.3659359217802e-15
3306                     1.2571247969021          -0.095760917383583       -3.574757824248          -3.3659274790563e-15
3307                     1.2571247969021          -0.095760917383582       -3.5667723521186         -3.3659190363325e-15
3308                     1.2571247969021          -0.095760917383582       -3.5587868799891         -3.3659105936086e-15
3309                     1.2571247969021          -0.095760917383582       -3.5508014078596         -3.3659021508847e-15
3310                     1.2571247969021          -0.095760917383582       -3.5428159357301         -3.3658937081608e-15
3311                     1.2571247969021          -0.095760917383582       -3.5348304636006         -3.365885265437e-15
3312                     1.2571247969021          -0.095760917383582       -3.5268449914711         -3.3658768227131e-15
3313                     1.2571247969021          -0.095760917383582       -3.5188595193416         -3.3658683799892e-15
3314                     1.2571247969021          -0.095760917383582       -3.5108740472121         -3.3658599372653e-15
3315                     1.2571247969021          -0.095760917383582       -3.5028885750826         -3.3658514945415e-15
3316                     1.2571247969021          -0.095760917383582       -3.4949031029531         -3.3658430518176e-15
3317                     1.2571247969021          -0.095760917383582       -3.4869176308236         -3.3658346090937e-15
3318                     1.2571247969021          -0.095760917383582       -3.4789321586941         -3.3658261663698e-15
3319                     1.2571247969021          -0.095760917383582       -3.4709466865646         -3.365817723646e-15
3320                     1.2571247969021          -0.095760917383582       -3.4629612144351         -3.3658092809221e-15
3321                     1.2571247969021          -0.095760917383581       -3.4549757423056         -3.3658008381982e-15
3322                     1.2571247969021          -0.095760917383581       -3.4469902701761         -3.3657923954744e-15
3323                     1.2571247969021          -0.095760917383581       -3.4390047980466         -3.3657839527505e-15
3324                     1.2571247969021          -0.095760917383581       -3.4310193259171         -3.3657755100266e-15
3325                     1.2571247969021          -0.095760917383581       -3.4230338537876         -3.3657670673027e-15
3326                     1.2571247969021          -0.095760917383581       -3.4150483816581         -3.3657586245789e-15
3327                     1.2571247969021          -0.095760917383581       -3.4070629095286         -3.365750181855e-15
3328                     1.2571247969021          -0.095760917383581       -3.3990774373991         -3.3657417391311e-15
3329                     1.2571247969021          -0.095760917383581       -3.3910919652696         -3.3657332964072e-15
3330                     1.2571247969021          -0.09576091738358        -3.3831064931401         -3.3657248536834e-15
3331                     1.2571247969021          -0.09576091738358        -3.3751210210106         -3.3657164109595e-15
3332                     1.2571247969021          -0.09576091738358        -3.3671355488811         -3.3657079682356e-15
3333                     1.2571247969021          -0.09576091738358        -3.3591500767516         -3.3656995255117e-15
3334                     1.2571247969021          -0.09576091738358        -3.3511646046221         -3.3656910827879e-15
3335                     1.2571247969021          -0.09576091738358        -3.3431791324926         -3.365682640064e-15
3336                     1.2571247969021          -0.09576091738358        -3.3351936603631         -3.3656741973401e-15
3337                     1.2571247969021          -0.09576091738358        -3.3272081882336         -3.3656657546162e-15
3338                     1.2571247969021          -0.09576091738358        -3.3192227161041         -3.3656573118924e-15
3339                     1.2571247969021          -0.095760917383581       -3.3112372439746         -3.3656488691685e-15
3340                     1.2571247969021          -0.095760917383581       -3.3032517718451         -3.3656404264446e-15
3341                     1.2571247969021          -0.095760917383581       -3.2952662997156         -3.3656319837207e-15
3342                     1.2571247969021          -0.095760917383581       -3.2872808275861         -3.3656235409969e-15
3343                     1.2571247969021          -0.095760917383581       -3.2792953554566         -3.365615098273e-15
3344                     1.2571247969021          -0.095760917383581       -3.2713098833271         -3.3656066555491e-15
3345                     1.2571247969021          -0.09576091738358        -3.2633244111976         -3.3655982128252e-15
3346                     1.2571247969021          -0.09576091738358        -3.2553389390681         -3.3655897701014e-15
3347                     1.2571247969021          -0.09576091738358        -3.2473534669386         -3.3655813273775e-15
3348                     1.2571247969021          -0.09576091738358        -3.2393679948091         -3.3655728846536e-15
3349                     1.2571247969021          -0.09576091738358        -3.2313825226796         -3.3655644419297e-15
3350                     1.2571247969021          -0.09576091738358        -3.2233970505501         -3.3655559992059e-15
3351                     1.2571247969021          -0.09576091738358        -3.2154115784206         -3.365547556482e-15
3352                     1.2571247969021          -0.09576091738358        -3.2074261062911         -3.3655391137581e-15
3353                     1.2571247969021          -0.09576091738358        -3.1994406341616         -3.3655306710342e-15
3354                     1.2571247969021          -0.09576091738358        -3.1914551620321         -3.3655222283104e-15
3355                     1.2571247969021          -0.09576091738358        -3.1834696899026         -3.3655137855865e-15
3356                     1.2571247969021          -0.09576091738358        -3.1754842177731         -3.3655053428626e-15
3357                     1.2571247969021          -0.09576091738358        -3.1674987456436         -3.3654969001387e-15
3358                     1.2571247969021          -0.09576091738358        -3.1595132735141         -3.3654884574149e-15
3359                     1.2571247969021          -0.09576091738358        -3.1515278013846         -3.365480014691e-15
3360                     1.2571247969021          -0.09576091738358        -3.1435423292551         -3.3654715719671e-15
3361                     1.2571247969021          -0.09576091738358        -3.1355568571256         -3.3654631292432e-15
3362                     1.2571247969021          -0.095760917383581       -3.1275713849961         -3.3654546865194e-15
3363                     1.2571247969021          -0.095760917383581       -3.1195859128666         -3.3654462437955e-15
3364                     1.2571247969021          -0.095760917383581       -3.1116004407371         -3.3654378010716e-15
3365                     1.2571247969021          -0.095760917383581       -3.1036149686077         -3.3654293583477e-15
3366                     1.2571247969021          -0.095760917383581       -3.0956294964782         -3.3654209156239e-15
3367                     1.2571247969021          -0.095760917383581       -3.0876440243487         -3.3654124729e-15
3368                     1.2571247969021          -0.095760917383581       -3.0796585522192         -3.3654040301761e-15
3369                     1.2571247969021          -0.095760917383581       -3.0716730800897         -3.3653955874522e-15
3370                     1.2571247969021          -0.095760917383581       -3.0636876079602         -3.3653871447284e-15
3371                     1.2571247969021          -0.095760917383581       -3.0557021358307         -3.3653787020045e-15
3372                     1.2571247969021          -0.095760917383582       -3.0477166637012         -3.3653702592806e-15
3373                     1.2571247969021          -0.095760917383582       -3.0397311915717         -3.3653618165567e-15
3374                     1.2571247969021          -0.095760917383582       -3.0317457194422         -3.3653533738329e-15
3375                     1.2571247969021          -0.095760917383582       -3.0237602473127         -3.365344931109e-15
3376                     1.2571247969021          -0.095760917383582       -3.0157747751832         -3.3653364883851e-15
3377                     1.2571247969021          -0.095760917383582       -3.0077893030537         -3.3653280456612e-15
3378                     1.2571247969021          -0.095760917383582       -2.9998038309242         -3.3653196029374e-15
3379                     1.2571247969021          -0.095760917383582       -2.9918183587947         -3.3653111602135e-15
3380                     1.2571247969021          -0.095760917383582       -2.9838328866652         -3.3653027174896e-15
3381                     1.2571247969021          -0.095760917383582       -2.9758474145357         -3.3652942747657e-15
3382                     1.2571247969021          -0.095760917383582       -2.9678619424062         -3.3652858320419e-15
3383                     1.2571247969021          -0.095760917383582       -2.9598764702767         -3.365277389318e-15
3384                     1.2571247969021          -0.095760917383582       -2.9518909981472         -3.3652689465941e-15
3385                     1.2571247969021          -0.095760917383581       -2.9439055260177         -3.3652605038702e-15
3386                     1.2571247969021          -0.095760917383581       -2.9359200538882         -3.3652520611463e-15
3387                     1.2571247969021          -0.095760917383581       -2.9279345817587         -3.3652436184225e-15
3388                     1.2571247969021          -0.095760917383581       -2.9199491096292         -3.3652351756986e-15
3389                     1.2571247969021          -0.095760917383581       -2.9119636374997         -3.3652267329747e-15
3390                     1.2571247969021          -0.095760917383581       -2.9039781653702         -3.3652182902508e-15
3391                     1.2571247969021          -0.09576091738358        -2.8959926932407         -3.365209847527e-15
3392                     1.2571247969021          -0.09576091738358        -2.8880072211112         -3.3652014048031e-15
3393                     1.2571247969021          -0.09576091738358        -2.8800217489817         -3.3651929620792e-15
3394                     1.2571247969021          -0.09576091738358        -2.8720362768522         -3.3651845193553e-15
3395                     1.2571247969021          -0.09576091738358        -2.8640508047227         -3.3651760766315e-15
3396                     1.2571247969021          -0.09576091738358        -2.8560653325932         -3.3651676339076e-15
3397                     1.2571247969021          -0.09576091738358        -2.8480798604637         -3.3651591911837e-15
3398                     1.2571247969021          -0.09576091738358        -2.8400943883342         -3.3651507484598e-15
3399                     1.2571247969021          -0.09576091738358        -2.8321089162047         -3.3651423057359e-15
3400                     1.2571247969021          -0.09576091738358        -2.8241234440752         -3.3651338630121e-15
3401                     1.2571247969021          -0.09576091738358        -2.8161379719457         -3.3651254202882e-15
3402                     1.2571247969021          -0.09576091738358        -2.8081524998162         -3.3651169775643e-15
3403                     1.2571247969021          -0.095760917383581       -2.8001670276867         -3.3651085348404e-15
3404                     1.2571247969021          -0.095760917383581       -2.7921815555572         -3.3651000921166e-15
3405                     1.2571247969021          -0.095760917383581       -2.7841960834277         -3.3650916493927e-15
3406                     1.2571247969021          -0.095760917383581       -2.7762106112982         -3.3650832066688e-15
3407                     1.2571247969021          -0.095760917383581       -2.7682251391687         -3.3650747639449e-15
3408                     1.2571247969021          -0.095760917383582       -2.7602396670392         -3.3650663212211e-15
3409                     1.2571247969021          -0.095760917383582       -2.7522541949097         -3.3650578784972e-15
3410                     1.2571247969021          -0.095760917383582       -2.7442687227802         -3.3650494357733e-15
3411                     1.2571247969021          -0.095760917383582       -2.7362832506507         -3.3650409930494e-15
3412                     1.2571247969021          -0.095760917383582       -2.7282977785212         -3.3650325503256e-15
3413                     1.2571247969021          -0.095760917383582       -2.7203123063917         -3.3650241076017e-15
3414                     1.2571247969021          -0.095760917383582       -2.7123268342622         -3.3650156648778e-15
3415                     1.2571247969021          -0.095760917383582       -2.7043413621327         -3.3650072221539e-15
3416                     1.2571247969021          -0.095760917383582       -2.6963558900032         -3.3649987794301e-15
3417                     1.2571247969021          -0.095760917383582       -2.6883704178737         -3.3649903367062e-15
3418                     1.2571247969021          -0.095760917383583       -2.6803849457442         -3.3649818939823e-15
3419                     1.2571247969021          -0.095760917383583       -2.6723994736147         -3.3649734512584e-15
3420                     1.2571247969021          -0.095760917383583       -2.6644140014852         -3.3649650085346e-15
3421                     1.2571247969021          -0.095760917383583       -2.6564285293558         -3.3649565658107e-15
3422                     1.2571247969021          -0.095760917383583       -2.6484430572263         -3.3649481230868e-15
3423                     1.2571247969021          -0.095760917383583       -2.6404575850968         -3.3649396803629e-15
3424                     1.2571247969021          -0.095760917383583       -2.6324721129673         -3.3649312376391e-15
3425                     1.2571247969021          -0.095760917383583       -2.6244866408378         -3.3649227949152e-15
3426                     1.2571247969021          -0.095760917383583       -2.6165011687083         -3.3649143521913e-15
3427                     1.2571247969021          -0.095760917383583       -2.6085156965788         -3.3649059094674e-15
3428                     1.2571247969021          -0.095760917383583       -2.6005302244493         -3.3648974667436e-15
3429                     1.2571247969021          -0.095760917383583       -2.5925447523198         -3.3648890240197e-15
3430                     1.2571247969021          -0.095760917383583       -2.5845592801903         -3.3648805812958e-15
3431                     1.2571247969021          -0.095760917383583       -2.5765738080608         -3.364872138572e-15
3432                     1.2571247969021          -0.095760917383583       -2.5685883359313         -3.3648636958481e-15
3433                     1.2571247969021          -0.095760917383583       -2.5606028638018         -3.3648552531242e-15
3434                     1.2571247969021          -0.095760917383583       -2.5526173916723         -3.3648468104003e-15
3435                     1.2571247969021          -0.095760917383582       -2.5446319195428         -3.3648383676765e-15
3436                     1.2571247969021          -0.095760917383582       -2.5366464474133         -3.3648299249526e-15
3437                     1.2571247969021          -0.095760917383582       -2.5286609752838         -3.3648214822287e-15
3438                     1.2571247969021          -0.095760917383582       -2.5206755031543         -3.3648130395048e-15
3439                     1.2571247969021          -0.095760917383582       -2.5126900310248         -3.364804596781e-15
3440                     1.2571247969021          -0.095760917383582       -2.5047045588953         -3.3647961540571e-15
3441                     1.2571247969021          -0.095760917383582       -2.4967190867658         -3.3647877113332e-15
3442                     1.2571247969021          -0.095760917383582       -2.4887336146363         -3.3647792686093e-15
3443                     1.2571247969021          -0.095760917383582       -2.4807481425068         -3.3647708258855e-15
3444                     1.2571247969021          -0.095760917383582       -2.4727626703773         -3.3647623831616e-15
3445                     1.2571247969021          -0.095760917383582       -2.4647771982478         -3.3647539404377e-15
3446                     1.2571247969021          -0.095760917383582       -2.4567917261183         -3.3647454977138e-15
3447                     1.2571247969021          -0.095760917383582       -2.4488062539888         -3.36473705499e-15
3448                     1.2571247969021          -0.095760917383582       -2.4408207818593         -3.3647286122661e-15
3449                     1.2571247969021          -0.095760917383582       -2.4328353097298         -3.3647201695422e-15
3450                     1.2571247969021          -0.095760917383582       -2.4248498376003         -3.3647117268183e-15
3451                     1.2571247969021          -0.095760917383582       -2.4168643654708         -3.3647032840945e-15
3452                     1.2571247969021          -0.095760917383582       -2.4088788933413         -3.3646948413706e-15
3453                     1.2571247969021          -0.095760917383582       -2.4008934212118         -3.3646863986467e-15
3454                     1.2571247969021          -0.095760917383582       -2.3929079490823         -3.3646779559229e-15
3455                     1.2571247969021          -0.095760917383582       -2.3849224769528         -3.364669513199e-15
3456                     1.2571247969021          -0.095760917383582       -2.3769370048233         -3.3646610704751e-15
3457                     1.2571247969021          -0.095760917383582       -2.3689515326938         -3.3646526277512e-15
3458                     1.2571247969021          -0.095760917383582       -2.3609660605643         -3.3646441850274e-15
3459                     1.2571247969021          -0.095760917383582       -2.3529805884348         -3.3646357423035e-15
3460                     1.2571247969021          -0.095760917383582       -2.3449951163053         -3.3646272995796e-15
3461                     1.2571247969021          -0.095760917383582       -2.3370096441758         -3.3646188568557e-15
3462                     1.2571247969021          -0.095760917383582       -2.3290241720463         -3.3646104141319e-15
3463                     1.2571247969021          -0.095760917383582       -2.3210386999168         -3.364601971408e-15
3464                     1.2571247969021          -0.095760917383582       -2.3130532277873         -3.3645935286841e-15
3465                     1.2571247969021          -0.095760917383583       -2.3050677556578         -3.3645850859603e-15
3466                     1.2571247969021          -0.095760917383583       -2.2970822835283         -3.3645766432364e-15
3467                     1.2571247969021          -0.095760917383583       -2.2890968113988         -3.3645682005125e-15
3468                     1.2571247969021          -0.095760917383583       -2.2811113392693         -3.3645597577886e-15
3469                     1.2571247969021          -0.095760917383583       -2.2731258671398         -3.3645513150648e-15
3470                     1.2571247969021          -0.095760917383583       -2.2651403950103         -3.3645428723409e-15
3471                     1.2571247969021          -0.095760917383583       -2.2571549228808         -3.364534429617e-15
3472                     1.2571247969021          -0.095760917383583       -2.2491694507513         -3.3645259868931e-15
3473                     1.2571247969021          -0.095760917383583       -2.2411839786218         -3.3645175441693e-15
3474                     1.2571247969021          -0.095760917383583       -2.2331985064923         -3.3645091014454e-15
3475                     1.2571247969021          -0.095760917383583       -2.2252130343628         -3.3645006587215e-15
3476                     1.2571247969021          -0.095760917383583       -2.2172275622334         -3.3644922159977e-15
3477                     1.2571247969021          -0.095760917383583       -2.2092420901039         -3.3644837732738e-15
3478                     1.2571247969021          -0.095760917383583       -2.2012566179744         -3.3644753305499e-15
3479                     1.2571247969021          -0.095760917383582       -2.1932711458449         -3.364466887826e-15
3480                     1.2571247969021          -0.095760917383582       -2.1852856737154         -3.3644584451022e-15
3481                     1.2571247969021          -0.095760917383582       -2.1773002015859         -3.3644500023783e-15
3482                     1.2571247969021          -0.095760917383582       -2.1693147294564         -3.3644415596544e-15
3483                     1.2571247969021          -0.095760917383582       -2.1613292573269         -3.3644331169306e-15
3484                     1.2571247969021          -0.095760917383582       -2.1533437851974         -3.3644246742067e-15
3485                     1.2571247969021          -0.095760917383582       -2.1453583130679         -3.3644162314828e-15
3486                     1.2571247969021          -0.095760917383582       -2.1373728409384         -3.3644077887589e-15
3487                     1.2571247969021          -0.095760917383582       -2.1293873688089         -3.3643993460351e-15
3488                     1.2571247969021          -0.095760917383582       -2.1214018966794         -3.3643909033112e-15
3489                     1.2571247969021          -0.095760917383582       -2.1134164245499         -3.3643824605873e-15
3490                     1.2571247969021          -0.095760917383582       -2.1054309524204         -3.3643740178635e-15
3491                     1.2571247969021          -0.095760917383582       -2.0974454802909         -3.3643655751396e-15
3492                     1.2571247969021          -0.095760917383582       -2.0894600081614         -3.3643571324157e-15
3493                     1.2571247969021          -0.095760917383582       -2.0814745360319         -3.3643486896918e-15
3494                     1.2571247969021          -0.095760917383582       -2.0734890639024         -3.364340246968e-15
3495                     1.2571247969021          -0.095760917383582       -2.0655035917729         -3.3643318042441e-15
3496                     1.2571247969021          -0.095760917383582       -2.0575181196434         -3.3643233615202e-15
3497                     1.2571247969021          -0.095760917383582       -2.0495326475139         -3.3643149187964e-15
3498                     1.2571247969021          -0.095760917383582       -2.0415471753844         -3.3643064760725e-15
3499                     1.2571247969021          -0.095760917383582       -2.0335617032549         -3.3642980333486e-15
3500                     1.2571247969021          -0.095760917383582       -2.0255762311254         -3.3642895906247e-15
3501                     1.2571247969021          -0.095760917383582       -2.0175907589959         -3.3642811479009e-15
3502                     1.2571247969021          -0.095760917383582       -2.0096052868664         -3.364272705177e-15
3503                     1.2571247969021          -0.095760917383582       -2.0016198147369         -3.3642642624531e-15
3504                     1.2571247969021          -0.095760917383582       -1.9936343426074         -3.3642558197293e-15
3505                     1.2571247969021          -0.095760917383582       -1.9856488704779         -3.3642473770054e-15
3506                     1.2571247969021          -0.095760917383582       -1.9776633983484         -3.3642389342815e-15
3507                     1.2571247969021          -0.095760917383582       -1.9696779262189         -3.3642304915577e-15
3508                     1.2571247969021          -0.095760917383582       -1.9616924540894         -3.3642220488338e-15
3509                     1.2571247969021          -0.095760917383582       -1.9537069819599         -3.3642136061099e-15
3510                     1.2571247969021          -0.095760917383582       -1.9457215098304         -3.3642051633861e-15
3511                     1.2571247969021          -0.095760917383582       -1.9377360377009         -3.3641967206622e-15
3512                     1.2571247969021          -0.095760917383582       -1.9297505655714         -3.3641882779383e-15
3513                     1.2571247969021          -0.095760917383583       -1.9217650934419         -3.3641798352144e-15
3514                     1.2571247969021          -0.095760917383583       -1.9137796213124         -3.3641713924906e-15
3515                     1.2571247969021          -0.095760917383583       -1.9057941491829         -3.3641629497667e-15
3516                     1.2571247969021          -0.095760917383583       -1.8978086770534         -3.3641545070428e-15
3517                     1.2571247969021          -0.095760917383583       -1.8898232049239         -3.364146064319e-15
3518                     1.2571247969021          -0.095760917383583       -1.8818377327944         -3.3641376215951e-15
3519                     1.2571247969021          -0.095760917383583       -1.8738522606649         -3.3641291788712e-15
3520                     1.2571247969021          -0.095760917383583       -1.8658667885355         -3.3641207361474e-15
3521                     1.2571247969021          -0.095760917383583       -1.857881316406          -3.3641122934235e-15
3522                     1.2571247969021          -0.095760917383583       -1.8498958442765         -3.3641038506996e-15
3523                     1.2571247969021          -0.095760917383583       -1.841910372147          -3.3640954079758e-15
3524                     1.2571247969021          -0.095760917383583       -1.8339249000175         -3.3640869652519e-15
3525                     1.2571247969021          -0.095760917383582       -1.825939427888          -3.364078522528e-15
3526                     1.2571247969021          -0.095760917383582       -1.8179539557585         -3.3640700798042e-15
3527                     1.2571247969021          -0.095760917383582       -1.809968483629          -3.3640616370803e-15
3528                     1.2571247969021          -0.095760917383582       -1.8019830114995         -3.3640531943564e-15
3529                     1.2571247969021          -0.095760917383581       -1.79399753937           -3.3640447516326e-15
3530                     1.2571247969021          -0.095760917383581       -1.7860120672405         -3.3640363089087e-15
3531                     1.2571247969021          -0.095760917383582       -1.778026595111          -3.3640278661848e-15
3532                     1.2571247969021          -0.095760917383582       -1.7700411229815         -3.364019423461e-15
3533                     1.2571247969021          -0.095760917383582       -1.762055650852          -3.3640109807371e-15
3534                     1.2571247969021          -0.095760917383582       -1.7540701787225         -3.3640025380132e-15
3535                     1.2571247969021          -0.095760917383583       -1.746084706593          -3.3639940952894e-15
3536                     1.2571247969021          -0.095760917383583       -1.7380992344635         -3.3639856525655e-15
3537                     1.2571247969021          -0.095760917383583       -1.730113762334          -3.3639772098416e-15
3538                     1.2571247969021          -0.095760917383583       -1.7221282902045         -3.3639687671178e-15
3539                     1.2571247969021          -0.095760917383583       -1.714142818075          -3.3639603243939e-15
3540                     1.2571247969021          -0.095760917383583       -1.7061573459455         -3.36395188167e-15
3541                     1.2571247969021          -0.095760917383583       -1.698171873816          -3.3639434389462e-15
3542                     1.2571247969021          -0.095760917383583       -1.6901864016865         -3.3639349962223e-15
3543                     1.2571247969021          -0.095760917383583       -1.682200929557          -3.3639265534984e-15
3544                     1.2571247969021          -0.095760917383583       -1.6742154574275         -3.3639181107746e-15
3545                     1.2571247969021          -0.095760917383584       -1.666229985298          -3.3639096680507e-15
3546                     1.2571247969021          -0.095760917383584       -1.6582445131685         -3.3639012253268e-15
3547                     1.2571247969021          -0.095760917383584       -1.650259041039          -3.363892782603e-15
3548                     1.2571247969021          -0.095760917383584       -1.6422735689095         -3.3638843398791e-15
3549                     1.2571247969021          -0.095760917383585       -1.63428809678           -3.3638758971553e-15
3550                     1.2571247969021          -0.095760917383585       -1.6263026246505         -3.3638674544314e-15
3551                     1.2571247969021          -0.095760917383586       -1.618317152521          -3.3638590117075e-15
3552                     1.2571247969021          -0.095760917383587       -1.6103316803916         -3.3638505689837e-15
3553                     1.2571247969021          -0.095760917383588       -1.6023462082621         -3.3638421262598e-15
3554                     1.2571247969021          -0.095760917383589       -1.5943607361326         -3.3638336835359e-15
3555                     1.2571247969021          -0.09576091738359        -1.5863752640031         -3.3638252408121e-15
3556                     1.2571247969021          -0.095760917383592       -1.5783897918736         -3.3638167980882e-15
3557                     1.2571247969021          -0.095760917383594       -1.5704043197441         -3.3638083553643e-15
3558                     1.2571247969021          -0.095760917383596       -1.5624188476146         -3.3637999126405e-15
3559                     1.2571247969021          -0.095760917383598       -1.5544333754851         -3.3637914699166e-15
3560                     1.2571247969021          -0.095760917383601       -1.5464479033556         -3.3637830271927e-15
3561                     1.2571247969021          -0.095760917383604       -1.5384624312261         -3.3637745844689e-15
3562                     1.2571247969021          -0.095760917383608       -1.5304769590966         -3.363766141745e-15
3563                     1.2571247969021          -0.095760917383613       -1.5224914869671         -3.3637576990212e-15
3564                     1.2571247969021          -0.095760917383619       -1.5145060148376         -3.3637492562973e-15
3565                     1.2571247969021          -0.095760917383625       -1.5065205427081         -3.3637408135734e-15
3566                     1.2571247969021          -0.095760917383633       -1.4985350705786         -3.3637323708496e-15
3567                     1.2571247969021          -0.095760917383642       -1.4905495984491         -3.3637239281257e-15
3568                     1.2571247969021          -0.095760917383653       -1.4825641263196         -3.3637154854018e-15
3569                     1.257124796902           -0.095760917383666       -1.4745786541901         -3.363707042678e-15
3570                     1.257124796902           -0.09576091738368        -1.4665931820606         -3.3636985999541e-15
3571                     1.257124796902           -0.095760917383698       -1.4586077099311         -3.3636901572302e-15
3572                     1.257124796902           -0.095760917383719       -1.4506222378016         -3.3636817145064e-15
3573                     1.257124796902           -0.095760917383743       -1.4426367656721         -3.3636732717825e-15
3574                     1.2571247969019          -0.095760917383771       -1.4346512935426         -3.3636648290587e-15
3575                     1.2571247969019          -0.095760917383805       -1.4266658214131         -3.3636563863348e-15
3576                     1.2571247969019          -0.095760917383845       -1.4186803492836         -3.3636479436109e-15
3577                     1.2571247969018          -0.095760917383891       -1.4106948771541         -3.3636395008871e-15
3578                     1.2571247969018          -0.095760917383946       -1.4027094050246         -3.3636310581632e-15
3579                     1.2571247969017          -0.09576091738401        -1.3947239328951         -3.3636226154393e-15
3580                     1.2571247969016          -0.095760917384086       -1.3867384607656         -3.3636141727155e-15
3581                     1.2571247969015          -0.095760917384175       -1.3787529886361         -3.3636057299916e-15
3582                     1.2571247969014          -0.09576091738428        -1.3707675165066         -3.3635972872678e-15
3583                     1.2571247969013          -0.095760917384403       -1.3627820443772         -3.3635888445439e-15
3584                     1.2571247969012          -0.095760917384548       -1.3547965722477         -3.36358040182e-15
3585                     1.257124796901           -0.095760917384719       -1.3468111001182         -3.3635719590962e-15
3586                     1.2571247969008          -0.09576091738492        -1.3388256279887         -3.3635635163723e-15
3587                     1.2571247969006          -0.095760917385156       -1.3308401558592         -3.3635550736484e-15
3588                     1.2571247969003          -0.095760917385434       -1.3228546837297         -3.3635466309246e-15
3589                     1.2571247969             -0.095760917385761       -1.3148692116002         -3.3635381882007e-15
3590                     1.2571247968996          -0.095760917386146       -1.3068837394707         -3.3635297454768e-15
3591                     1.2571247968991          -0.095760917386598       -1.2988982673412         -3.363521302753e-15
3592                     1.2571247968986          -0.09576091738713        -1.2909127952117         -3.3635128600291e-15
3593                     1.257124796898           -0.095760917387756       -1.2829273230822         -3.3635044173053e-15
3594                     1.2571247968972          -0.095760917388492       -1.2749418509527         -3.3634959745814e-15
3595                     1.2571247968964          -0.095760917389358       -1.2669563788232         -3.3634875318575e-15
3596                     1.2571247968953          -0.095760917390376       -1.2589709066937         -3.3634790891337e-15
3597                     1.2571247968941          -0.095760917391574       -1.2509854345642         -3.3634706464098e-15
3598                     1.2571247968927          -0.095760917392983       -1.2429999624347         -3.3634622036859e-15
3599                     1.2571247968911          -0.095760917394641       -1.2350144903052         -3.3634537609621e-15
3600                     1.2571247968891          -0.09576091739659        -1.2270290181757         -3.3634453182382e-15
3601                     1.2571247968868          -0.095760917398883       -1.2190435460462         -3.3634368755143e-15
3602                     1.2571247968841          -0.095760917401581       -1.2110580739167         -3.3634284327905e-15
3603                     1.257124796881           -0.095760917404753       -1.2030726017872         -3.3634199900666e-15
3604                     1.2571247968772          -0.095760917408485       -1.1950871296577         -3.3634115473427e-15
3605                     1.2571247968728          -0.095760917412875       -1.1871016575282         -3.3634031046189e-15
3606                     1.2571247968677          -0.095760917418039       -1.1791161853987         -3.363394661895e-15
3607                     1.2571247968616          -0.095760917424113       -1.1711307132692         -3.3633862191711e-15
3608                     1.2571247968545          -0.095760917431257       -1.1631452411398         -3.3633777764473e-15
3609                     1.2571247968461          -0.095760917439661       -1.1551597690103         -3.3633693337234e-15
3610                     1.2571247968362          -0.095760917449547       -1.1471742968808         -3.3633608909995e-15
3611                     1.2571247968245          -0.095760917461175       -1.1391888247513         -3.3633524482756e-15
3612                     1.2571247968109          -0.095760917474852       -1.1312033526218         -3.3633440055517e-15
3613                     1.2571247967948          -0.095760917490941       -1.1232178804923         -3.3633355628278e-15
3614                     1.2571247967758          -0.095760917509866       -1.1152324083628         -3.3633271201039e-15
3615                     1.2571247967536          -0.095760917532126       -1.1072469362333         -3.36331867738e-15
3616                     1.2571247967274          -0.095760917558311       -1.0992614641038         -3.3633102346561e-15
3617                     1.2571247966966          -0.095760917589111       -1.0912759919743         -3.3633017919322e-15
3618                     1.2571247966604          -0.095760917625341       -1.0832905198448         -3.3632933492083e-15
3619                     1.2571247966178          -0.095760917667957       -1.0753050477153         -3.3632849064843e-15
3620                     1.2571247965676          -0.095760917718085       -1.0673195755858         -3.3632764637604e-15
3621                     1.2571247965087          -0.095760917777049       -1.0593341034563         -3.3632680210364e-15
3622                     1.2571247964393          -0.095760917846407       -1.0513486313268         -3.3632595783124e-15
3623                     1.2571247963577          -0.095760917927991       -1.0433631591973         -3.3632511355884e-15
3624                     1.2571247962618          -0.095760918023956       -1.0353776870678         -3.3632426928643e-15
3625                     1.2571247961489          -0.095760918136837       -1.0273922149383         -3.3632342501402e-15
3626                     1.2571247960161          -0.095760918269615       -1.0194067428088         -3.3632258074161e-15
3627                     1.2571247958599          -0.095760918425799       -1.0114212706793         -3.3632173646919e-15
3628                     1.2571247956762          -0.095760918609515       -1.0034357985498         -3.3632089219677e-15
3629                     1.2571247954601          -0.095760918825614       -0.99545032642034        -3.3632004792434e-15
3630                     1.2571247952059          -0.095760919079806       -0.98746485429085        -3.363192036519e-15
3631                     1.2571247949069          -0.095760919378805       -0.97947938216135        -3.3631835937946e-15
3632                     1.2571247945552          -0.09576091973051        -0.97149391003186        -3.36317515107e-15
3633                     1.2571247941415          -0.095760920144211       -0.96350843790236        -3.3631667083453e-15
3634                     1.2571247936549          -0.095760920630836       -0.95552296577286        -3.3631582656205e-15
3635                     1.2571247930825          -0.09576092120324        -0.94753749364337        -3.3631498228955e-15
3636                     1.2571247924092          -0.095760921876545       -0.93955202151387        -3.3631413801703e-15
3637                     1.2571247916172          -0.095760922668534       -0.93156654938438        -3.3631329374449e-15
3638                     1.2571247906856          -0.09576092360013        -0.92358107725488        -3.3631244947191e-15
3639                     1.2571247895898          -0.095760924695941       -0.91559560512539        -3.3631160519931e-15
3640                     1.2571247883008          -0.095760925984914       -0.90761013299589        -3.3631076092666e-15
3641                     1.2571247867846          -0.095760927501099       -0.8996246608664         -3.3630991665398e-15
3642                     1.2571247850012          -0.095760929284546       -0.8916391887369         -3.3630907238123e-15
3643                     1.2571247829033          -0.095760931382368       -0.8836537166074         -3.3630822810843e-15
3644                     1.2571247804357          -0.095760933849979       -0.87566824447791        -3.3630738383555e-15
3645                     1.2571247775332          -0.095760936752563       -0.86768277234841        -3.3630653956258e-15
3646                     1.2571247741189          -0.095760940166796       -0.85969730021892        -3.3630569528951e-15
3647                     1.2571247701028          -0.095760944182866       -0.85171182808942        -3.3630485101633e-15
3648                     1.2571247653789          -0.095760948906862       -0.84372635595993        -3.3630400674299e-15
3649                     1.2571247598221          -0.095760954463571       -0.83574088383043        -3.363031624695e-15
3650                     1.2571247532859          -0.095760960999778       -0.82775541170093        -3.3630231819581e-15
3651                     1.2571247455976          -0.095760968688143       -0.81976993957144        -3.3630147392188e-15
3652                     1.257124736554           -0.09576097773176        -0.81178446744194        -3.3630062964769e-15
3653                     1.2571247259162          -0.095760988369524       -0.80379899531245        -3.3629978537318e-15
3654                     1.2571247134033          -0.095761000882438       -0.79581352318295        -3.3629894109829e-15
3655                     1.2571246986847          -0.095761015601041       -0.78782805105346        -3.3629809682296e-15
3656                     1.2571246813716          -0.095761032914137       -0.77984257892396        -3.3629725254712e-15
3657                     1.2571246610067          -0.095761053279062       -0.77185710679446        -3.3629640827066e-15
3658                     1.2571246370519          -0.095761077233772       -0.76387163466497        -3.3629556399349e-15
3659                     1.2571246088747          -0.095761105411047       -0.75588616253547        -3.3629471971547e-15
3660                     1.2571245757305          -0.095761138555207       -0.74790069040598        -3.3629387543646e-15
3661                     1.2571245367439          -0.095761177541778       -0.73991521827648        -3.3629303115628e-15
3662                     1.2571244908851          -0.095761223400612       -0.73192974614698        -3.3629218687473e-15
3663                     1.2571244369426          -0.095761277343097       -0.72394427401749        -3.3629134259156e-15
3664                     1.2571243734916          -0.09576134079415        -0.71595880188799        -3.3629049830649e-15
3665                     1.2571242988559          -0.09576141542986        -0.7079733297585         -3.3628965401919e-15
3666                     1.257124211064           -0.095761503221757       -0.699987857629          -3.3628880972925e-15
3667                     1.2571241077968          -0.09576160648889        -0.6920023854995         -3.3628796543623e-15
3668                     1.2571239863266          -0.095761727959082       -0.68401691337001        -3.3628712113956e-15
3669                     1.2571238434447          -0.095761870840978       -0.67603144124051        -3.3628627683862e-15
3670                     1.2571236753769          -0.095762038908796       -0.66804596911102        -3.3628543253264e-15
3671                     1.2571234776837          -0.095762236602016       -0.66006049698152        -3.3628458822074e-15
3672                     1.2571232451431          -0.095762469142627       -0.65207502485202        -3.3628374390187e-15
3673                     1.2571229716127          -0.095762742673051       -0.64408955272253        -3.3628289957481e-15
3674                     1.2571226498674          -0.095763064418359       -0.63610408059303        -3.3628205523811e-15
3675                     1.2571222714086          -0.095763442877083       -0.62811860846353        -3.3628121089008e-15
3676                     1.2571218262401          -0.09576388804564        -0.62013313633404        -3.3628036652871e-15
3677                     1.2571213026034          -0.095764411682306       -0.61214766420454        -3.3627952215165e-15
3678                     1.257120686668           -0.095765027617681       -0.60416219207505        -3.3627867775614e-15
3679                     1.2571199621658          -0.095765752119866       -0.59617671994555        -3.3627783333893e-15
3680                     1.2571191099618          -0.095766604323942       -0.58819124781605        -3.3627698889619e-15
3681                     1.2571181075486          -0.095767606737093       -0.58020577568656        -3.3627614442342e-15
3682                     1.257116928453           -0.095768785832678       -0.57222030355706        -3.3627529991532e-15
3683                     1.2571155415368          -0.095770172748879       -0.56423483142757        -3.3627445536566e-15
3684                     1.2571139101754          -0.09577180411033        -0.55624935929807        -3.3627361076713e-15
3685                     1.2571119912914          -0.095773722994317       -0.54826388716857        -3.3627276611109e-15
3686                     1.2571097342188          -0.095775980066951       -0.54027841503908        -3.3627192138741e-15
3687                     1.2571070793666          -0.095778634919123       -0.53229294290958        -3.3627107658417e-15
3688                     1.2571039566484          -0.095781757637297       -0.52430747078008        -3.3627023168733e-15
3689                     1.2571002836355          -0.095785430650254       -0.51632199865059        -3.3626938668038e-15
3690                     1.2570959633856          -0.095789750900099       -0.50833652652109        -3.362685415439e-15
3691                     1.2570908818915          -0.095794832394182       -0.5003510543916         -3.3626769625504e-15
3692                     1.2570849050813          -0.095800809204408       -0.4923655822621         -3.3626685078692e-15
3693                     1.2570778752939          -0.095807838991863       -0.4843801101326         -3.3626600510791e-15
3694                     1.2570696071377          -0.095816107148062       -0.47639463800311        -3.3626515918079e-15
3695                     1.257059882626           -0.095825831659714       -0.46840916587361        -3.3626431296175e-15
3696                     1.2570484454636          -0.095837268822083       -0.46042369374412        -3.3626346639926e-15
3697                     1.2570349943386          -0.095850719947105       -0.45243822161462        -3.3626261943265e-15
3698                     1.2570191750488          -0.095866539236896       -0.44445274948512        -3.3626177199052e-15
3699                     1.2570005712641          -0.095885143021585       -0.43646727735563        -3.3626092398883e-15
3700                     1.2569786936928          -0.095907020592957       -0.42848180522613        -3.3626007532861e-15
3701                     1.2569529673829          -0.095932746902846       -0.42049633309664        -3.3625922589335e-15
3702                     1.2569227168478          -0.095962997437902       -0.41251086096714        -3.3625837554582e-15
3703                     1.2568871486549          -0.095998565630847       -0.40452538883764        -3.3625752412436e-15
3704                     1.2568453310627          -0.096040383222968       -0.39653991670815        -3.362566714385e-15
3705                     1.2567961702321          -0.096089544053579       -0.38855444457865        -3.3625581726376e-15
3706                     1.2567383824664          -0.096147331819359       -0.38056897244915        -3.3625496133544e-15
3707                     1.2566704618662          -0.096215252419523       -0.37258350031966        -3.3625410334134e-15
3708                     1.2565906427055          -0.096295071580251       -0.36459802819016        -3.3625324291302e-15
3709                     1.2564968557538          -0.096388858531918       -0.35661255606067        -3.3625237961546e-15
3710                     1.256386677694           -0.096499036591724       -0.34862708393117        -3.3625151293465e-15
3711                     1.2562572727085          -0.096628441577262       -0.34064161180167        -3.3625064226281e-15
3712                     1.2561053252501          -0.096780389035581       -0.33265613967218        -3.3624976688062e-15
3713                     1.2559269629793          -0.096958751306405       -0.32467066754268        -3.3624888593586e-15
3714                     1.2557176688535          -0.097168045432237       -0.31668519541319        -3.3624799841759e-15
3715                     1.2554721814242          -0.09741353286147        -0.30869972328369        -3.3624710312488e-15
3716                     1.2551843825491          -0.097701331736633       -0.30071425115419        -3.3624619862876e-15
3717                     1.2548471720016          -0.098038542284065       -0.2927287790247         -3.3624528322554e-15
3718                     1.2544523289041          -0.098433385381599       -0.2847433068952         -3.3624435487954e-15
3719                     1.2539903605583          -0.098895353727392       -0.2767578347657         -3.3624341115194e-15
3720                     1.2534503401749          -0.099435374110842       -0.26877236263621        -3.3624244911236e-15
3721                     1.2528197362459          -0.1000659780398         -0.26078689050671        -3.362414652275e-15
3722                     1.252084237926           -0.10080147635971        -0.25280141837722        -3.3624045522043e-15
3723                     1.2512275828002          -0.10165813148549        -0.24481594624772        -3.362394138907e-15
3724                     1.2502313958098          -0.10265431847593        -0.23683047411822        -3.3623833488272e-15
3725                     1.249075050779           -0.10381066350671        -0.22884500198873        -3.3623721038421e-15
3726                     1.247735568744           -0.10515014554174        -0.22085952985923        -3.3623603073013e-15
3727                     1.2461875697786          -0.1066981445071         -0.21287405772973        -3.3623478387634e-15
3728                     1.2444032967431          -0.10848241754257        -0.20488858560024        -3.36233454693e-15
3729                     1.2423527296781          -0.1105329846076         -0.19690311347074        -3.3623202400468e-15
3730                     1.2400038076719          -0.1128819066138         -0.18891764134125        -3.362304672712e-15
3731                     1.2373227702139          -0.11556294407186        -0.18093216921175        -3.3622875275241e-15
3732                     1.2342746218364          -0.11861109244933        -0.17294669708225        -3.3622683892281e-15
3733                     1.2308237123079          -0.12206200197782        -0.16496122495276        -3.3622467078197e-15
3734                     1.2269344106299          -0.12595130365581        -0.15697575282326        -3.3622217451813e-15
3735                     1.2225718364383          -0.13031387784741        -0.14899028069377        -3.3621924968247e-15
3736                     1.2177025997617          -0.13518311452398        -0.14100480856427        -3.3621575754805e-15
3737                     1.2122954924607          -0.14059022182505        -0.13301933643477        -3.3621150353535e-15
3738                     1.2063220746244          -0.14656363966127        -0.12503386430528        -3.3620621027316e-15
3739                     1.1997571079538          -0.15312860633195        -0.11704839217578        -3.3619947564948e-15
3740                     1.1925788049068          -0.16030690937887        -0.10906292004628        -3.3619070642047e-15
3741                     1.1847688842724          -0.16811683001328        -0.10107744791679        -3.361790113652e-15
3742                     1.1763124465851          -0.17657326770059        -0.093091975787292       -3.3616302635397e-15
3743                     1.1671977019599          -0.18568801232586        -0.085106503657796       -3.3614062284015e-15
3744                     1.1574155951314          -0.19547011915433        -0.0771210315283         -3.3610841320997e-15
3745                     1.1469593763264          -0.20592633795931        -0.069135559398804       -3.3606089571617e-15
3746                     1.1358241627472          -0.21706155153856        -0.061150087269307       -3.3598894808864e-15
3747                     1.1240065261349          -0.22887918815081        -0.053164615139811       -3.3587712180582e-15
3748                     1.1115041299976          -0.24138158428808        -0.045179143010315       -3.3569868523099e-15
3749                     1.098315428305           -0.25457028598071        -0.037193670880819       -3.3540635822456e-15
3750                     1.0844394276657          -0.26844628662           -0.029208198751323       -3.3491463531151e-15
3751                     1.069875508126           -0.28301020615967        -0.021222726621826       -3.3406535290196e-15
3752                     1.0546232938305          -0.29826242045519        -0.01323725449233        -3.3255918758048e-15
3753                     1.0386825633744          -0.3142031509113         -0.0060700874081654      -3.2981643023348e-15
3754                     1.0220531900121          -0.3308325242736         -0.002867674595513       -3.2468781956346e-15
3755                     1.0047351032211          -0.34815061106465        -0.0013415884484129      -3.1484064044927e-15
3756                     0.98672826485647         -0.36615744942925        -0.00060345589801894     -2.9542618727878e-15
3757                     0.96803265485928         -0.38485305942644        -0.00024882952323068     -2.5612182324288e-15
3758                     0.94864826297287         -0.40423745131284        -8.1326122321309e-05     -1.744147736013e-15
3759                     0.92857508409733         -0.42431063018839        -3.9340464129324e-06     -4.3593655181998e-21
3760                     0.84314926054109         -0.20192193185259        -2.2787911438043e-06     -3.5358646689315e-21
3761                     0.76582948252559         0.028572812023956        -2.0866090060053e-06     -3.4334695410804e-21
3762.0374419527          0.75900695734074         0.021750286839107        -1.9730089367025e-06     -3.3370149838169e-21
3763.1137277578          0.75532046485503         0.018063794353392        -1.8762400255184e-06     -3.2221560836621e-21
3764.2303118051          0.75334598473401         0.016089314232379        -1.7860965248141e-06     -3.0935379512799e-21
3765.3887029394          0.75230489451807         0.01504822401643         -1.6978300814597e-06     -2.9544833102994e-21
3766.5904664997          0.75176679052963         0.014510120027994        -1.6090004581118e-06     -2.8070488712843e-21
3767.8372264344          0.75149490443276         0.014238233931127        -1.5182739867152e-06     -2.6523716353908e-21
3769.1306674955          0.75136086722053         0.014104196718894        -1.4248859551408e-06     -2.4909983109297e-21
3770.4725375156          0.75129648531941         0.014039814817778        -1.3283724898572e-06     -2.323121786249e-21
3771.8646497695          0.75126639021885         0.014009719717217        -1.2284284829594e-06     -2.1487313301851e-21
3773.3088854244          0.75125271383225         0.013996043330619        -1.1248305124008e-06     -1.967701495101e-21
3774.8071960824          0.75124667757329         0.013990007071649        -1.0173950357632e-06     -1.7798421947318e-21
3776.3616064171          0.75124409244362         0.01398742194198         -9.0595601974564e-07     -1.5849257688619e-21
3777.9742169099          0.75124301899893         0.013986348497293        -7.9035319725373e-07     -1.3827010297366e-21
3779.6472066885          0.75124258670079         0.013985916199157        -6.7042601827228e-07     -1.1729002198448e-21
3781.3828364711          0.75124241649202         0.013985745990383        -5.4601056932077e-07     -9.5524223901153e-22
3783.1834516219          0.75124234658511         0.013985676083473        -4.1693799524465e-07     -7.2943396631587e-22
3785.05148532            0.75124230363454         0.013985633132903        -2.8303366530954e-07     -4.951706242562e-22
3786.9894618473          0.75124223454018         0.013985564038546        -1.4411672984502e-07     -2.5213562753387e-22
3789                     0.37660800708836         0.007011058265114        0                        0
3791                     0                        0                        0                        0
3793                     0                        0                        0                        0
3795                     0                        0                        0                        0
3797                     0                        0                        0                        0
3799                     0                        0                        0                        0
