x[nm]                    Gamma[eV]                HH[eV]                   electron_Fermi_level[eV] hole_Fermi_level[eV]    
-9                       -4                       -4                       -4                       -4
-7                       -4                       -4                       -4                       -4
-5                       -4                       -4                       -4                       -4
-3                       -4                       -4                       -4                       -4
-1                       -4                       -4                       -4                       -4
1                        -4.0648307520288         -4.7409352185477         -4                       -4
2.998                    -4.1297264748075         -5.4826121890933         -4                       -3.9967281773061
4.996                    -4.1297265181889         -5.4826122324746         -4                       -3.9934563546122
6.9939999999999          -4.1297265432472         -5.4826122575329         -4                       -3.9901845319183
8.9919999999999          -4.1297265577216         -5.4826122720073         -4                       -3.9869127092243
10.99                    -4.1297265660824         -5.4826122803682         -3.9999999999999         -3.9836408865304
12.988                   -4.1297265709119         -5.4826122851976         -3.9999999999999         -3.9803690638365
14.986                   -4.1297265737016         -5.4826122879873         -3.9999999999999         -3.9770972411426
16.984                   -4.1297265753129         -5.4826122895986         -3.9999999999999         -3.9738254184487
18.982                   -4.1297265762437         -5.4826122905294         -3.9999999999999         -3.9705535957548
20.98                    -4.1297265767813         -5.4826122910671         -3.9999999999999         -3.9672817730609
22.978                   -4.1297265770919         -5.4826122913776         -3.9999999999999         -3.9640099503669
24.976                   -4.1297265772713         -5.482612291557          -3.9999999999999         -3.960738127673
26.974                   -4.1297265773749         -5.4826122916606         -3.9999999999999         -3.9574663049791
28.972                   -4.1297265774348         -5.4826122917205         -3.9999999999999         -3.9541944822852
30.97                    -4.1297265774693         -5.482612291755          -3.9999999999998         -3.9509226595913
32.968                   -4.1297265774893         -5.482612291775          -3.9999999999998         -3.9476508368974
34.966                   -4.1297265775008         -5.4826122917866         -3.9999999999998         -3.9443790142035
36.964                   -4.1297265775075         -5.4826122917932         -3.9999999999998         -3.9411071915095
38.962                   -4.1297265775113         -5.4826122917971         -3.9999999999998         -3.9378353688156
40.96                    -4.1297265775136         -5.4826122917993         -3.9999999999998         -3.9345635461217
42.958                   -4.1297265775149         -5.4826122918006         -3.9999999999998         -3.9312917234278
44.956                   -4.1297265775156         -5.4826122918013         -3.9999999999998         -3.9280199007339
46.954                   -4.129726577516          -5.4826122918017         -3.9999999999998         -3.92474807804
48.952                   -4.1297265775163         -5.482612291802          -3.9999999999998         -3.9214762553461
50.949999999999          -4.1297265775164         -5.4826122918021         -3.9999999999997         -3.9182044326521
52.947999999999          -4.1297265775165         -5.4826122918022         -3.9999999999997         -3.9149326099582
54.945999999999          -4.1297265775165         -5.4826122918023         -3.9999999999997         -3.9116607872643
56.943999999999          -4.1297265775166         -5.4826122918023         -3.9999999999997         -3.9083889645704
58.941999999999          -4.1297265775166         -5.4826122918023         -3.9999999999997         -3.9051171418765
60.939999999999          -4.1297265775166         -5.4826122918023         -3.9999999999997         -3.9018453191826
62.937999999999          -4.1297265775166         -5.4826122918023         -3.9999999999997         -3.8985734964887
64.935999999999          -4.1297265775166         -5.4826122918023         -3.9999999999997         -3.8953016737947
66.933999999999          -4.1297265775166         -5.4826122918023         -3.9999999999997         -3.8920298511008
68.931999999999          -4.1297265775166         -5.4826122918023         -3.9999999999997         -3.8887580284069
70.929999999999          -4.1297265775166         -5.4826122918023         -3.9999999999996         -3.885486205713
72.927999999999          -4.1297265775166         -5.4826122918023         -3.9999999999996         -3.8822143830191
74.925999999999          -4.1297265775166         -5.4826122918023         -3.9999999999996         -3.8789425603252
76.923999999999          -4.1297265775166         -5.4826122918023         -3.9999999999996         -3.8756707376313
78.921999999999          -4.1297265775166         -5.4826122918023         -3.9999999999996         -3.8723989149373
80.919999999999          -4.1297265775166         -5.4826122918023         -3.9999999999996         -3.8691270922434
82.917999999999          -4.1297265775166         -5.4826122918024         -3.9999999999996         -3.8658552695495
84.915999999999          -4.1297265775166         -5.4826122918024         -3.9999999999996         -3.8625834468556
86.913999999999          -4.1297265775166         -5.4826122918024         -3.9999999999996         -3.8593116241617
88.911999999999          -4.1297265775166         -5.4826122918024         -3.9999999999995         -3.8560398014678
90.909999999999          -4.1297265775166         -5.4826122918024         -3.9999999999995         -3.8527679787739
92.907999999999          -4.1297265775166         -5.4826122918024         -3.9999999999995         -3.8494961560799
94.905999999999          -4.1297265775166         -5.4826122918024         -3.9999999999995         -3.846224333386
96.903999999999          -4.1297265775166         -5.4826122918024         -3.9999999999995         -3.8429525106921
98.901999999999          -4.1297265775166         -5.4826122918024         -3.9999999999995         -3.8396806879982
100.9                    -4.1297265775166         -5.4826122918024         -3.9999999999995         -3.8364088653043
102.898                  -4.1297265775166         -5.4826122918024         -3.9999999999995         -3.8331370426104
104.896                  -4.1297265775166         -5.4826122918024         -3.9999999999994         -3.8298652199164
106.894                  -4.1297265775166         -5.4826122918024         -3.9999999999994         -3.8265933972225
108.892                  -4.1297265775166         -5.4826122918024         -3.9999999999994         -3.8233215745286
110.89                   -4.1297265775166         -5.4826122918024         -3.9999999999994         -3.8200497518347
112.888                  -4.1297265775166         -5.4826122918024         -3.9999999999994         -3.8167779291408
114.886                  -4.1297265775166         -5.4826122918024         -3.9999999999994         -3.8135061064469
116.884                  -4.1297265775166         -5.4826122918024         -3.9999999999994         -3.8102342837529
118.882                  -4.1297265775166         -5.4826122918024         -3.9999999999994         -3.806962461059
120.88                   -4.1297265775166         -5.4826122918024         -3.9999999999994         -3.8036906383651
122.878                  -4.1297265775166         -5.4826122918024         -3.9999999999994         -3.8004188156712
124.876                  -4.1297265775166         -5.4826122918024         -3.9999999999993         -3.7971469929773
126.874                  -4.1297265775166         -5.4826122918024         -3.9999999999993         -3.7938751702834
128.872                  -4.1297265775166         -5.4826122918024         -3.9999999999993         -3.7906033475895
130.87                   -4.1297265775167         -5.4826122918024         -3.9999999999993         -3.7873315248955
132.868                  -4.1297265775167         -5.4826122918024         -3.9999999999993         -3.7840597022016
134.866                  -4.1297265775166         -5.4826122918024         -3.9999999999993         -3.7807878795077
136.864                  -4.1297265775167         -5.4826122918024         -3.9999999999993         -3.7775160568138
138.862                  -4.1297265775167         -5.4826122918024         -3.9999999999993         -3.7742442341199
140.86                   -4.1297265775167         -5.4826122918024         -3.9999999999993         -3.770972411426
142.858                  -4.1297265775166         -5.4826122918024         -3.9999999999992         -3.7677005887321
144.856                  -4.1297265775167         -5.4826122918024         -3.9999999999992         -3.7644287660381
146.854                  -4.1297265775167         -5.4826122918024         -3.9999999999992         -3.7611569433442
148.852                  -4.1297265775167         -5.4826122918024         -3.9999999999992         -3.7578851206503
150.85                   -4.1297265775167         -5.4826122918024         -3.9999999999992         -3.7546132979564
152.848                  -4.1297265775167         -5.4826122918024         -3.9999999999992         -3.7513414752625
154.846                  -4.1297265775167         -5.4826122918024         -3.9999999999992         -3.7480696525686
156.844                  -4.1297265775167         -5.4826122918024         -3.9999999999992         -3.7447978298747
158.842                  -4.1297265775167         -5.4826122918024         -3.9999999999992         -3.7415260071808
160.84                   -4.1297265775166         -5.4826122918024         -3.9999999999991         -3.7382541844869
162.838                  -4.1297265775167         -5.4826122918024         -3.9999999999991         -3.734982361793
164.836                  -4.1297265775167         -5.4826122918024         -3.9999999999991         -3.731710539099
166.834                  -4.1297265775167         -5.4826122918024         -3.9999999999991         -3.7284387164051
168.832                  -4.1297265775167         -5.4826122918024         -3.9999999999991         -3.7251668937112
170.83                   -4.1297265775167         -5.4826122918024         -3.9999999999991         -3.7218950710173
172.828                  -4.1297265775166         -5.4826122918024         -3.9999999999991         -3.7186232483234
174.826                  -4.1297265775166         -5.4826122918024         -3.9999999999991         -3.7153514256295
176.824                  -4.1297265775167         -5.4826122918024         -3.9999999999991         -3.7120796029356
178.822                  -4.1297265775167         -5.4826122918024         -3.999999999999          -3.7088077802417
180.82                   -4.1297265775167         -5.4826122918024         -3.999999999999          -3.7055359575478
182.818                  -4.1297265775167         -5.4826122918024         -3.999999999999          -3.7022641348539
184.816                  -4.1297265775167         -5.4826122918024         -3.999999999999          -3.69899231216
186.814                  -4.1297265775167         -5.4826122918024         -3.999999999999          -3.6957204894661
188.812                  -4.1297265775167         -5.4826122918024         -3.999999999999          -3.6924486667722
190.81                   -4.1297265775167         -5.4826122918024         -3.999999999999          -3.6891768440783
192.808                  -4.1297265775166         -5.4826122918024         -3.9999999999989         -3.6859050213843
194.806                  -4.1297265775167         -5.4826122918024         -3.9999999999989         -3.6826331986904
196.804                  -4.1297265775167         -5.4826122918024         -3.9999999999989         -3.6793613759965
198.802                  -4.1297265775166         -5.4826122918024         -3.9999999999989         -3.6760895533026
200.8                    -4.1297265775167         -5.4826122918024         -3.9999999999989         -3.6728177306087
202.798                  -4.1297265775166         -5.4826122918024         -3.9999999999989         -3.6695459079148
204.796                  -4.1297265775166         -5.4826122918024         -3.9999999999989         -3.6662740852209
206.794                  -4.1297265775166         -5.4826122918024         -3.9999999999989         -3.663002262527
208.792                  -4.1297265775167         -5.4826122918024         -3.9999999999988         -3.6597304398331
210.79                   -4.1297265775167         -5.4826122918024         -3.9999999999988         -3.6564586171392
212.788                  -4.1297265775166         -5.4826122918024         -3.9999999999988         -3.6531867944453
214.786                  -4.1297265775167         -5.4826122918024         -3.9999999999988         -3.6499149717514
216.784                  -4.1297265775167         -5.4826122918024         -3.9999999999988         -3.6466431490575
218.782                  -4.1297265775167         -5.4826122918024         -3.9999999999988         -3.6433713263636
220.78                   -4.1297265775167         -5.4826122918024         -3.9999999999988         -3.6400995036697
222.778                  -4.1297265775167         -5.4826122918024         -3.9999999999987         -3.6368276809758
224.776                  -4.1297265775166         -5.4826122918024         -3.9999999999987         -3.6335558582819
226.774                  -4.1297265775167         -5.4826122918024         -3.9999999999987         -3.630284035588
228.772                  -4.1297265775167         -5.4826122918024         -3.9999999999987         -3.6270122128941
230.77                   -4.1297265775167         -5.4826122918024         -3.9999999999987         -3.6237403902002
232.768                  -4.1297265775167         -5.4826122918024         -3.9999999999987         -3.6204685675063
234.766                  -4.1297265775167         -5.4826122918024         -3.9999999999987         -3.6171967448124
236.764                  -4.1297265775166         -5.4826122918024         -3.9999999999986         -3.6139249221185
238.762                  -4.1297265775166         -5.4826122918024         -3.9999999999986         -3.6106530994246
240.76                   -4.1297265775167         -5.4826122918024         -3.9999999999986         -3.6073812767307
242.758                  -4.1297265775167         -5.4826122918024         -3.9999999999986         -3.6041094540368
244.756                  -4.1297265775167         -5.4826122918024         -3.9999999999986         -3.6008376313429
246.754                  -4.1297265775167         -5.4826122918024         -3.9999999999986         -3.597565808649
248.752                  -4.1297265775167         -5.4826122918024         -3.9999999999986         -3.5942939859551
250.75                   -4.1297265775167         -5.4826122918024         -3.9999999999986         -3.5910221632612
252.748                  -4.1297265775167         -5.4826122918024         -3.9999999999985         -3.5877503405673
254.746                  -4.1297265775166         -5.4826122918024         -3.9999999999985         -3.5844785178734
256.744                  -4.1297265775166         -5.4826122918024         -3.9999999999985         -3.5812066951795
258.742                  -4.1297265775166         -5.4826122918024         -3.9999999999985         -3.5779348724856
260.74                   -4.1297265775166         -5.4826122918024         -3.9999999999985         -3.5746630497918
262.738                  -4.1297265775166         -5.4826122918024         -3.9999999999985         -3.5713912270979
264.736                  -4.1297265775166         -5.4826122918024         -3.9999999999985         -3.568119404404
266.734                  -4.1297265775166         -5.4826122918024         -3.9999999999985         -3.5648475817101
268.732                  -4.1297265775166         -5.4826122918024         -3.9999999999984         -3.5615757590162
270.73                   -4.1297265775166         -5.4826122918024         -3.9999999999984         -3.5583039363223
272.728                  -4.1297265775166         -5.4826122918024         -3.9999999999984         -3.5550321136284
274.726                  -4.1297265775166         -5.4826122918024         -3.9999999999984         -3.5517602909345
276.724                  -4.1297265775166         -5.4826122918024         -3.9999999999984         -3.5484884682406
278.722                  -4.1297265775166         -5.4826122918024         -3.9999999999984         -3.5452166455467
280.72                   -4.1297265775166         -5.4826122918024         -3.9999999999984         -3.5419448228528
282.718                  -4.1297265775166         -5.4826122918024         -3.9999999999984         -3.5386730001589
284.716                  -4.1297265775166         -5.4826122918024         -3.9999999999984         -3.535401177465
286.714                  -4.1297265775166         -5.4826122918024         -3.9999999999983         -3.5321293547712
288.712                  -4.1297265775166         -5.4826122918024         -3.9999999999983         -3.5288575320773
290.71                   -4.1297265775166         -5.4826122918024         -3.9999999999983         -3.5255857093834
292.708                  -4.1297265775166         -5.4826122918024         -3.9999999999983         -3.5223138866895
294.706                  -4.1297265775166         -5.4826122918024         -3.9999999999983         -3.5190420639956
296.704                  -4.1297265775166         -5.4826122918024         -3.9999999999983         -3.5157702413017
298.702                  -4.1297265775166         -5.4826122918024         -3.9999999999983         -3.5124984186078
300.7                    -4.1297265775166         -5.4826122918024         -3.9999999999982         -3.5092265959139
302.698                  -4.1297265775166         -5.4826122918024         -3.9999999999982         -3.50595477322
304.696                  -4.1297265775166         -5.4826122918024         -3.9999999999982         -3.5026829505262
306.694                  -4.1297265775166         -5.4826122918024         -3.9999999999982         -3.4994111278323
308.692                  -4.1297265775166         -5.4826122918024         -3.9999999999982         -3.4961393051384
310.69                   -4.1297265775166         -5.4826122918024         -3.9999999999982         -3.4928674824445
312.688                  -4.1297265775166         -5.4826122918024         -3.9999999999982         -3.4895956597506
314.686                  -4.1297265775166         -5.4826122918024         -3.9999999999981         -3.4863238370567
316.684                  -4.1297265775166         -5.4826122918024         -3.9999999999981         -3.4830520143628
318.682                  -4.1297265775166         -5.4826122918024         -3.9999999999981         -3.4797801916689
320.68                   -4.1297265775166         -5.4826122918024         -3.9999999999981         -3.4765083689751
322.678                  -4.1297265775166         -5.4826122918024         -3.9999999999981         -3.4732365462812
324.676                  -4.1297265775166         -5.4826122918024         -3.9999999999981         -3.4699647235873
326.674                  -4.1297265775166         -5.4826122918024         -3.9999999999981         -3.4666929008934
328.672                  -4.1297265775166         -5.4826122918024         -3.999999999998          -3.4634210781995
330.67                   -4.1297265775166         -5.4826122918024         -3.999999999998          -3.4601492555056
332.668                  -4.1297265775166         -5.4826122918024         -3.999999999998          -3.4568774328118
334.666                  -4.1297265775166         -5.4826122918024         -3.999999999998          -3.4536056101179
336.664                  -4.1297265775166         -5.4826122918024         -3.999999999998          -3.450333787424
338.662                  -4.1297265775166         -5.4826122918024         -3.999999999998          -3.4470619647301
340.66                   -4.1297265775166         -5.4826122918024         -3.999999999998          -3.4437901420362
342.658                  -4.1297265775166         -5.4826122918024         -3.9999999999979         -3.4405183193424
344.656                  -4.1297265775166         -5.4826122918024         -3.9999999999979         -3.4372464966485
346.654                  -4.1297265775166         -5.4826122918024         -3.9999999999979         -3.4339746739546
348.652                  -4.1297265775166         -5.4826122918024         -3.9999999999979         -3.4307028512607
350.65                   -4.1297265775166         -5.4826122918024         -3.9999999999979         -3.4274310285668
352.648                  -4.1297265775166         -5.4826122918024         -3.9999999999979         -3.424159205873
354.646                  -4.1297265775166         -5.4826122918024         -3.9999999999978         -3.4208873831791
356.644                  -4.1297265775166         -5.4826122918024         -3.9999999999978         -3.4176155604852
358.642                  -4.1297265775166         -5.4826122918024         -3.9999999999978         -3.4143437377913
360.64                   -4.1297265775166         -5.4826122918024         -3.9999999999978         -3.4110719150974
362.638                  -4.1297265775166         -5.4826122918024         -3.9999999999978         -3.4078000924036
364.636                  -4.1297265775166         -5.4826122918024         -3.9999999999978         -3.4045282697097
366.634                  -4.1297265775166         -5.4826122918024         -3.9999999999977         -3.4012564470158
368.632                  -4.1297265775166         -5.4826122918024         -3.9999999999977         -3.3979846243219
370.63                   -4.1297265775166         -5.4826122918024         -3.9999999999977         -3.3947128016281
372.628                  -4.1297265775166         -5.4826122918024         -3.9999999999977         -3.3914409789342
374.626                  -4.1297265775166         -5.4826122918024         -3.9999999999977         -3.3881691562403
376.624                  -4.1297265775166         -5.4826122918024         -3.9999999999977         -3.3848973335464
378.622                  -4.1297265775166         -5.4826122918024         -3.9999999999976         -3.3816255108526
380.62                   -4.1297265775166         -5.4826122918024         -3.9999999999976         -3.3783536881587
382.618                  -4.1297265775166         -5.4826122918024         -3.9999999999976         -3.3750818654648
384.616                  -4.1297265775166         -5.4826122918024         -3.9999999999976         -3.3718100427709
386.614                  -4.1297265775166         -5.4826122918024         -3.9999999999976         -3.3685382200771
388.612                  -4.1297265775166         -5.4826122918024         -3.9999999999976         -3.3652663973832
390.61                   -4.1297265775166         -5.4826122918024         -3.9999999999975         -3.3619945746893
392.608                  -4.1297265775166         -5.4826122918024         -3.9999999999975         -3.3587227519954
394.60599999999          -4.1297265775166         -5.4826122918024         -3.9999999999975         -3.3554509293016
396.60399999999          -4.1297265775166         -5.4826122918024         -3.9999999999975         -3.3521791066077
398.60199999999          -4.1297265775166         -5.4826122918024         -3.9999999999975         -3.3489072839138
400.59999999999          -4.1297265775166         -5.4826122918024         -3.9999999999975         -3.34563546122
402.59799999999          -4.1297265775166         -5.4826122918024         -3.9999999999974         -3.3423636385261
404.59599999999          -4.1297265775166         -5.4826122918024         -3.9999999999974         -3.3390918158322
406.59399999999          -4.1297265775166         -5.4826122918024         -3.9999999999974         -3.3358199931383
408.59199999999          -4.1297265775166         -5.4826122918024         -3.9999999999974         -3.3325481704445
410.58999999999          -4.1297265775166         -5.4826122918024         -3.9999999999974         -3.3292763477506
412.58799999999          -4.1297265775166         -5.4826122918024         -3.9999999999973         -3.3260045250567
414.58599999999          -4.1297265775166         -5.4826122918024         -3.9999999999973         -3.3227327023629
416.58399999999          -4.1297265775166         -5.4826122918024         -3.9999999999973         -3.319460879669
418.58199999999          -4.1297265775166         -5.4826122918024         -3.9999999999973         -3.3161890569751
420.57999999999          -4.1297265775166         -5.4826122918024         -3.9999999999973         -3.3129172342813
422.57799999999          -4.1297265775166         -5.4826122918024         -3.9999999999973         -3.3096454115874
424.57599999999          -4.1297265775166         -5.4826122918024         -3.9999999999972         -3.3063735888935
426.57399999999          -4.1297265775166         -5.4826122918024         -3.9999999999972         -3.3031017661996
428.57199999999          -4.1297265775166         -5.4826122918024         -3.9999999999972         -3.2998299435058
430.56999999999          -4.1297265775166         -5.4826122918024         -3.9999999999972         -3.2965581208119
432.56799999999          -4.1297265775166         -5.4826122918024         -3.9999999999972         -3.293286298118
434.56599999999          -4.1297265775166         -5.4826122918024         -3.9999999999971         -3.2900144754242
436.56399999999          -4.1297265775166         -5.4826122918024         -3.9999999999971         -3.2867426527303
438.56199999999          -4.1297265775166         -5.4826122918024         -3.9999999999971         -3.2834708300364
440.55999999999          -4.1297265775166         -5.4826122918024         -3.9999999999971         -3.2801990073426
442.55799999999          -4.1297265775166         -5.4826122918024         -3.9999999999971         -3.2769271846487
444.55599999999          -4.1297265775166         -5.4826122918024         -3.999999999997          -3.2736553619548
446.55399999999          -4.1297265775166         -5.4826122918024         -3.999999999997          -3.270383539261
448.55199999999          -4.1297265775166         -5.4826122918024         -3.999999999997          -3.2671117165671
450.54999999999          -4.1297265775166         -5.4826122918024         -3.999999999997          -3.2638398938732
452.54799999999          -4.1297265775166         -5.4826122918024         -3.999999999997          -3.2605680711794
454.54599999999          -4.1297265775166         -5.4826122918024         -3.999999999997          -3.2572962484855
456.54399999999          -4.1297265775166         -5.4826122918024         -3.9999999999969         -3.2540244257917
458.54199999999          -4.1297265775166         -5.4826122918024         -3.9999999999969         -3.2507526030978
460.53999999999          -4.1297265775166         -5.4826122918024         -3.9999999999969         -3.2474807804039
462.53799999999          -4.1297265775166         -5.4826122918024         -3.9999999999969         -3.2442089577101
464.53599999999          -4.1297265775166         -5.4826122918024         -3.9999999999969         -3.2409371350162
466.53399999999          -4.1297265775166         -5.4826122918024         -3.9999999999969         -3.2376653123223
468.53199999999          -4.1297265775166         -5.4826122918024         -3.9999999999968         -3.2343934896285
470.52999999999          -4.1297265775166         -5.4826122918024         -3.9999999999968         -3.2311216669346
472.52799999999          -4.1297265775166         -5.4826122918024         -3.9999999999968         -3.2278498442407
474.52599999999          -4.1297265775166         -5.4826122918024         -3.9999999999968         -3.2245780215469
476.52399999999          -4.1297265775166         -5.4826122918024         -3.9999999999968         -3.221306198853
478.52199999999          -4.1297265775166         -5.4826122918024         -3.9999999999968         -3.2180343761592
480.51999999999          -4.1297265775166         -5.4826122918024         -3.9999999999967         -3.2147625534653
482.51799999999          -4.1297265775167         -5.4826122918024         -3.9999999999967         -3.2114907307714
484.51599999999          -4.1297265775166         -5.4826122918024         -3.9999999999967         -3.2082189080776
486.51399999999          -4.1297265775166         -5.4826122918024         -3.9999999999967         -3.2049470853837
488.51199999999          -4.1297265775167         -5.4826122918024         -3.9999999999967         -3.2016752626898
490.50999999999          -4.1297265775166         -5.4826122918024         -3.9999999999967         -3.198403439996
492.50799999999          -4.1297265775166         -5.4826122918024         -3.9999999999966         -3.1951316173021
494.50599999999          -4.1297265775166         -5.4826122918024         -3.9999999999966         -3.1918597946083
496.50399999999          -4.1297265775166         -5.4826122918024         -3.9999999999966         -3.1885879719144
498.50199999999          -4.1297265775166         -5.4826122918024         -3.9999999999966         -3.1853161492205
500.49999999999          -4.1297265775166         -5.4826122918024         -3.9999999999966         -3.1820443265267
502.49799999999          -4.1297265775166         -5.4826122918024         -3.9999999999966         -3.1787725038328
504.49599999999          -4.1297265775166         -5.4826122918024         -3.9999999999965         -3.175500681139
506.49399999999          -4.1297265775166         -5.4826122918024         -3.9999999999965         -3.1722288584451
508.49199999999          -4.1297265775166         -5.4826122918024         -3.9999999999965         -3.1689570357513
510.48999999999          -4.1297265775166         -5.4826122918024         -3.9999999999965         -3.1656852130574
512.48799999999          -4.1297265775166         -5.4826122918024         -3.9999999999965         -3.1624133903635
514.48599999999          -4.1297265775166         -5.4826122918024         -3.9999999999965         -3.1591415676697
516.48399999999          -4.1297265775166         -5.4826122918024         -3.9999999999965         -3.1558697449758
518.48199999999          -4.1297265775166         -5.4826122918024         -3.9999999999964         -3.152597922282
520.47999999999          -4.1297265775166         -5.4826122918024         -3.9999999999964         -3.1493260995881
522.47799999999          -4.1297265775166         -5.4826122918024         -3.9999999999964         -3.1460542768942
524.47599999999          -4.1297265775166         -5.4826122918024         -3.9999999999964         -3.1427824542004
526.47399999999          -4.1297265775166         -5.4826122918024         -3.9999999999964         -3.1395106315065
528.47199999999          -4.1297265775166         -5.4826122918024         -3.9999999999964         -3.1362388088127
530.46999999999          -4.1297265775166         -5.4826122918024         -3.9999999999963         -3.1329669861188
532.46799999999          -4.1297265775166         -5.4826122918024         -3.9999999999963         -3.1296951634249
534.46599999999          -4.1297265775166         -5.4826122918024         -3.9999999999963         -3.1264233407311
536.46399999999          -4.1297265775166         -5.4826122918024         -3.9999999999963         -3.1231515180372
538.46199999999          -4.1297265775166         -5.4826122918024         -3.9999999999963         -3.1198796953434
540.45999999999          -4.1297265775166         -5.4826122918024         -3.9999999999963         -3.1166078726495
542.45799999999          -4.1297265775166         -5.4826122918024         -3.9999999999962         -3.1133360499557
544.45599999999          -4.1297265775166         -5.4826122918024         -3.9999999999962         -3.1100642272618
546.45399999999          -4.1297265775166         -5.4826122918024         -3.9999999999962         -3.1067924045679
548.45199999999          -4.1297265775166         -5.4826122918024         -3.9999999999962         -3.1035205818741
550.44999999999          -4.1297265775166         -5.4826122918024         -3.9999999999962         -3.1002487591802
552.44799999999          -4.1297265775166         -5.4826122918024         -3.9999999999962         -3.0969769364864
554.44599999999          -4.1297265775166         -5.4826122918024         -3.9999999999962         -3.0937051137925
556.44399999999          -4.1297265775166         -5.4826122918024         -3.9999999999961         -3.0904332910986
558.44199999999          -4.1297265775166         -5.4826122918024         -3.9999999999961         -3.0871614684048
560.43999999999          -4.1297265775166         -5.4826122918024         -3.9999999999961         -3.0838896457109
562.43799999999          -4.1297265775166         -5.4826122918024         -3.9999999999961         -3.0806178230171
564.43599999999          -4.1297265775166         -5.4826122918024         -3.9999999999961         -3.0773460003232
566.43399999999          -4.1297265775166         -5.4826122918024         -3.9999999999961         -3.0740741776294
568.43199999999          -4.1297265775166         -5.4826122918024         -3.9999999999961         -3.0708023549355
570.42999999999          -4.1297265775166         -5.4826122918024         -3.9999999999961         -3.0675305322416
572.42799999999          -4.1297265775166         -5.4826122918024         -3.999999999996          -3.0642587095478
574.42599999999          -4.1297265775166         -5.4826122918024         -3.999999999996          -3.0609868868539
576.42399999999          -4.1297265775166         -5.4826122918024         -3.999999999996          -3.0577150641601
578.42199999999          -4.1297265775166         -5.4826122918024         -3.999999999996          -3.0544432414662
580.41999999999          -4.1297265775166         -5.4826122918024         -3.999999999996          -3.0511714187723
582.41799999999          -4.1297265775166         -5.4826122918024         -3.999999999996          -3.0478995960785
584.41599999999          -4.1297265775166         -5.4826122918024         -3.999999999996          -3.0446277733846
586.41399999999          -4.1297265775166         -5.4826122918024         -3.9999999999959         -3.0413559506908
588.41199999999          -4.1297265775166         -5.4826122918024         -3.9999999999959         -3.0380841279969
590.40999999999          -4.1297265775166         -5.4826122918024         -3.9999999999959         -3.034812305303
592.40799999999          -4.1297265775166         -5.4826122918024         -3.9999999999959         -3.0315404826092
594.40599999999          -4.1297265775166         -5.4826122918024         -3.9999999999959         -3.0282686599153
596.40399999999          -4.1297265775166         -5.4826122918024         -3.9999999999959         -3.0249968372215
598.40199999999          -4.1297265775166         -5.4826122918024         -3.9999999999959         -3.0217250145276
600.39999999999          -4.1297265775166         -5.4826122918024         -3.9999999999959         -3.0184531918338
602.39799999999          -4.1297265775166         -5.4826122918024         -3.9999999999959         -3.0151813691399
604.39599999999          -4.1297265775166         -5.4826122918024         -3.9999999999958         -3.011909546446
606.39399999999          -4.1297265775166         -5.4826122918024         -3.9999999999958         -3.0086377237522
608.39199999999          -4.1297265775166         -5.4826122918024         -3.9999999999958         -3.0053659010583
610.38999999999          -4.1297265775166         -5.4826122918024         -3.9999999999958         -3.0020940783645
612.38799999999          -4.1297265775166         -5.4826122918024         -3.9999999999958         -2.9988222556706
614.38599999999          -4.1297265775166         -5.4826122918024         -3.9999999999958         -2.9955504329767
616.38399999999          -4.1297265775166         -5.4826122918024         -3.9999999999958         -2.9922786102829
618.38199999999          -4.1297265775166         -5.4826122918024         -3.9999999999958         -2.989006787589
620.37999999999          -4.1297265775166         -5.4826122918024         -3.9999999999958         -2.9857349648952
622.37799999999          -4.1297265775166         -5.4826122918024         -3.9999999999957         -2.9824631422013
624.37599999999          -4.1297265775166         -5.4826122918024         -3.9999999999957         -2.9791913195074
626.37399999999          -4.1297265775166         -5.4826122918024         -3.9999999999957         -2.9759194968136
628.37199999999          -4.1297265775166         -5.4826122918024         -3.9999999999957         -2.9726476741197
630.37                   -4.1297265775166         -5.4826122918024         -3.9999999999957         -2.9693758514259
632.368                  -4.1297265775166         -5.4826122918024         -3.9999999999957         -2.966104028732
634.36599999999          -4.1297265775166         -5.4826122918024         -3.9999999999957         -2.9628322060381
636.364                  -4.1297265775166         -5.4826122918024         -3.9999999999957         -2.9595603833443
638.362                  -4.1297265775166         -5.4826122918024         -3.9999999999957         -2.9562885606504
640.36                   -4.1297265775166         -5.4826122918024         -3.9999999999956         -2.9530167379566
642.358                  -4.1297265775166         -5.4826122918024         -3.9999999999956         -2.9497449152627
644.356                  -4.1297265775166         -5.4826122918024         -3.9999999999956         -2.9464730925689
646.354                  -4.1297265775166         -5.4826122918024         -3.9999999999956         -2.943201269875
648.352                  -4.1297265775167         -5.4826122918024         -3.9999999999956         -2.9399294471811
650.35                   -4.1297265775167         -5.4826122918024         -3.9999999999956         -2.9366576244873
652.348                  -4.1297265775167         -5.4826122918024         -3.9999999999956         -2.9333858017934
654.346                  -4.1297265775166         -5.4826122918024         -3.9999999999956         -2.9301139790996
656.344                  -4.1297265775166         -5.4826122918024         -3.9999999999956         -2.9268421564057
658.342                  -4.1297265775166         -5.4826122918024         -3.9999999999956         -2.9235703337118
660.34                   -4.1297265775166         -5.4826122918024         -3.9999999999956         -2.920298511018
662.338                  -4.1297265775166         -5.4826122918024         -3.9999999999956         -2.9170266883241
664.336                  -4.1297265775166         -5.4826122918024         -3.9999999999955         -2.9137548656303
666.334                  -4.1297265775166         -5.4826122918024         -3.9999999999955         -2.9104830429364
668.332                  -4.1297265775166         -5.4826122918024         -3.9999999999955         -2.9072112202426
670.33                   -4.1297265775166         -5.4826122918024         -3.9999999999955         -2.9039393975487
672.328                  -4.1297265775166         -5.4826122918024         -3.9999999999955         -2.9006675748548
674.326                  -4.1297265775166         -5.4826122918024         -3.9999999999955         -2.897395752161
676.324                  -4.1297265775166         -5.4826122918024         -3.9999999999955         -2.8941239294671
678.322                  -4.1297265775166         -5.4826122918024         -3.9999999999955         -2.8908521067733
680.32                   -4.1297265775166         -5.4826122918024         -3.9999999999955         -2.8875802840794
682.318                  -4.1297265775166         -5.4826122918024         -3.9999999999955         -2.8843084613855
684.316                  -4.1297265775167         -5.4826122918024         -3.9999999999955         -2.8810366386917
686.314                  -4.1297265775167         -5.4826122918024         -3.9999999999955         -2.8777648159978
688.312                  -4.1297265775166         -5.4826122918024         -3.9999999999954         -2.874492993304
690.31                   -4.1297265775166         -5.4826122918024         -3.9999999999954         -2.8712211706101
692.308                  -4.1297265775166         -5.4826122918024         -3.9999999999954         -2.8679493479163
694.306                  -4.1297265775166         -5.4826122918024         -3.9999999999954         -2.8646775252224
696.304                  -4.1297265775166         -5.4826122918024         -3.9999999999954         -2.8614057025285
698.302                  -4.1297265775167         -5.4826122918024         -3.9999999999954         -2.8581338798347
700.3                    -4.1297265775167         -5.4826122918024         -3.9999999999954         -2.8548620571408
702.298                  -4.1297265775167         -5.4826122918024         -3.9999999999954         -2.851590234447
704.296                  -4.1297265775167         -5.4826122918024         -3.9999999999954         -2.8483184117531
706.294                  -4.1297265775166         -5.4826122918024         -3.9999999999954         -2.8450465890592
708.292                  -4.1297265775166         -5.4826122918024         -3.9999999999954         -2.8417747663654
710.29                   -4.1297265775166         -5.4826122918024         -3.9999999999954         -2.8385029436715
712.288                  -4.1297265775167         -5.4826122918024         -3.9999999999954         -2.8352311209777
714.286                  -4.1297265775166         -5.4826122918024         -3.9999999999954         -2.8319592982838
716.284                  -4.1297265775166         -5.4826122918024         -3.9999999999953         -2.8286874755899
718.282                  -4.1297265775166         -5.4826122918024         -3.9999999999953         -2.8254156528961
720.28                   -4.1297265775166         -5.4826122918024         -3.9999999999953         -2.8221438302022
722.278                  -4.1297265775166         -5.4826122918024         -3.9999999999953         -2.8188720075084
724.276                  -4.1297265775166         -5.4826122918024         -3.9999999999953         -2.8156001848145
726.274                  -4.1297265775166         -5.4826122918024         -3.9999999999953         -2.8123283621207
728.272                  -4.1297265775166         -5.4826122918024         -3.9999999999953         -2.8090565394268
730.27                   -4.1297265775166         -5.4826122918024         -3.9999999999953         -2.8057847167329
732.268                  -4.1297265775166         -5.4826122918024         -3.9999999999953         -2.8025128940391
734.266                  -4.1297265775166         -5.4826122918024         -3.9999999999953         -2.7992410713452
736.264                  -4.1297265775166         -5.4826122918024         -3.9999999999953         -2.7959692486514
738.262                  -4.1297265775166         -5.4826122918024         -3.9999999999952         -2.7926974259575
740.26                   -4.1297265775166         -5.4826122918024         -3.9999999999952         -2.7894256032636
742.258                  -4.1297265775166         -5.4826122918024         -3.9999999999952         -2.7861537805698
744.256                  -4.1297265775166         -5.4826122918024         -3.9999999999952         -2.7828819578759
746.254                  -4.1297265775166         -5.4826122918024         -3.9999999999952         -2.7796101351821
748.252                  -4.1297265775166         -5.4826122918024         -3.9999999999952         -2.7763383124882
750.25                   -4.1297265775166         -5.4826122918024         -3.9999999999952         -2.7730664897944
752.248                  -4.1297265775166         -5.4826122918024         -3.9999999999952         -2.7697946671005
754.246                  -4.1297265775166         -5.4826122918024         -3.9999999999952         -2.7665228444066
756.244                  -4.1297265775166         -5.4826122918024         -3.9999999999952         -2.7632510217128
758.242                  -4.1297265775166         -5.4826122918024         -3.9999999999951         -2.7599791990189
760.24                   -4.1297265775166         -5.4826122918024         -3.9999999999951         -2.7567073763251
762.238                  -4.1297265775166         -5.4826122918024         -3.9999999999951         -2.7534355536312
764.236                  -4.1297265775166         -5.4826122918024         -3.9999999999951         -2.7501637309373
766.234                  -4.1297265775166         -5.4826122918024         -3.9999999999951         -2.7468919082435
768.232                  -4.1297265775166         -5.4826122918024         -3.9999999999951         -2.7436200855496
770.23                   -4.1297265775166         -5.4826122918024         -3.9999999999951         -2.7403482628558
772.228                  -4.1297265775166         -5.4826122918024         -3.9999999999951         -2.7370764401619
774.226                  -4.1297265775166         -5.4826122918024         -3.9999999999951         -2.7338046174681
776.224                  -4.1297265775166         -5.4826122918024         -3.9999999999951         -2.7305327947742
778.222                  -4.1297265775166         -5.4826122918024         -3.9999999999951         -2.7272609720803
780.22                   -4.1297265775166         -5.4826122918024         -3.9999999999951         -2.7239891493865
782.218                  -4.1297265775166         -5.4826122918024         -3.9999999999951         -2.7207173266926
784.216                  -4.1297265775167         -5.4826122918024         -3.999999999995          -2.7174455039988
786.214                  -4.1297265775167         -5.4826122918024         -3.999999999995          -2.7141736813049
788.212                  -4.1297265775166         -5.4826122918024         -3.999999999995          -2.710901858611
790.21                   -4.1297265775166         -5.4826122918024         -3.999999999995          -2.7076300359172
792.208                  -4.1297265775166         -5.4826122918024         -3.999999999995          -2.7043582132233
794.206                  -4.1297265775166         -5.4826122918024         -3.999999999995          -2.7010863905295
796.204                  -4.1297265775166         -5.4826122918024         -3.999999999995          -2.6978145678356
798.202                  -4.1297265775166         -5.4826122918024         -3.999999999995          -2.6945427451418
800.2                    -4.1297265775166         -5.4826122918024         -3.999999999995          -2.6912709224479
802.198                  -4.1297265775166         -5.4826122918024         -3.999999999995          -2.687999099754
804.196                  -4.1297265775166         -5.4826122918024         -3.999999999995          -2.6847272770602
806.194                  -4.1297265775166         -5.4826122918024         -3.9999999999949         -2.6814554543663
808.192                  -4.1297265775166         -5.4826122918024         -3.9999999999949         -2.6781836316725
810.19                   -4.1297265775166         -5.4826122918024         -3.9999999999949         -2.6749118089786
812.188                  -4.1297265775166         -5.4826122918024         -3.9999999999949         -2.6716399862847
814.186                  -4.1297265775167         -5.4826122918024         -3.9999999999949         -2.6683681635909
816.184                  -4.1297265775167         -5.4826122918024         -3.9999999999949         -2.665096340897
818.182                  -4.1297265775167         -5.4826122918024         -3.9999999999949         -2.6618245182032
820.18                   -4.1297265775166         -5.4826122918024         -3.9999999999949         -2.6585526955093
822.178                  -4.1297265775166         -5.4826122918024         -3.9999999999949         -2.6552808728155
824.176                  -4.1297265775166         -5.4826122918024         -3.9999999999949         -2.6520090501216
826.174                  -4.1297265775166         -5.4826122918024         -3.9999999999949         -2.6487372274277
828.172                  -4.1297265775166         -5.4826122918024         -3.9999999999948         -2.6454654047339
830.17                   -4.1297265775166         -5.4826122918024         -3.9999999999948         -2.64219358204
832.168                  -4.1297265775166         -5.4826122918024         -3.9999999999948         -2.6389217593462
834.166                  -4.1297265775166         -5.4826122918024         -3.9999999999948         -2.6356499366523
836.164                  -4.1297265775166         -5.4826122918024         -3.9999999999948         -2.6323781139585
838.162                  -4.1297265775166         -5.4826122918024         -3.9999999999948         -2.6291062912646
840.16                   -4.1297265775166         -5.4826122918024         -3.9999999999948         -2.6258344685707
842.158                  -4.1297265775166         -5.4826122918024         -3.9999999999948         -2.6225626458769
844.156                  -4.1297265775166         -5.4826122918024         -3.9999999999948         -2.619290823183
846.154                  -4.1297265775166         -5.4826122918024         -3.9999999999948         -2.6160190004892
848.152                  -4.1297265775166         -5.4826122918024         -3.9999999999948         -2.6127471777953
850.15                   -4.1297265775166         -5.4826122918024         -3.9999999999948         -2.6094753551015
852.148                  -4.1297265775166         -5.4826122918024         -3.9999999999948         -2.6062035324076
854.146                  -4.1297265775166         -5.4826122918024         -3.9999999999948         -2.6029317097137
856.144                  -4.1297265775166         -5.4826122918024         -3.9999999999948         -2.5996598870199
858.142                  -4.1297265775166         -5.4826122918024         -3.9999999999948         -2.596388064326
860.14                   -4.1297265775166         -5.4826122918024         -3.9999999999948         -2.5931162416322
862.138                  -4.1297265775166         -5.4826122918024         -3.9999999999948         -2.5898444189383
864.136                  -4.1297265775166         -5.4826122918024         -3.9999999999947         -2.5865725962445
866.134                  -4.1297265775166         -5.4826122918024         -3.9999999999947         -2.5833007735506
868.132                  -4.1297265775166         -5.4826122918024         -3.9999999999947         -2.5800289508567
870.13                   -4.1297265775166         -5.4826122918024         -3.9999999999947         -2.5767571281629
872.128                  -4.1297265775166         -5.4826122918024         -3.9999999999947         -2.573485305469
874.126                  -4.1297265775166         -5.4826122918024         -3.9999999999947         -2.5702134827752
876.124                  -4.1297265775166         -5.4826122918024         -3.9999999999947         -2.5669416600813
878.122                  -4.1297265775166         -5.4826122918024         -3.9999999999947         -2.5636698373874
880.12                   -4.1297265775166         -5.4826122918024         -3.9999999999947         -2.5603980146936
882.118                  -4.1297265775166         -5.4826122918024         -3.9999999999947         -2.5571261919997
884.116                  -4.1297265775166         -5.4826122918024         -3.9999999999947         -2.5538543693059
886.114                  -4.1297265775166         -5.4826122918024         -3.9999999999947         -2.550582546612
888.112                  -4.1297265775166         -5.4826122918024         -3.9999999999947         -2.5473107239182
890.11                   -4.1297265775166         -5.4826122918024         -3.9999999999947         -2.5440389012243
892.108                  -4.1297265775166         -5.4826122918024         -3.9999999999947         -2.5407670785304
894.106                  -4.1297265775166         -5.4826122918023         -3.9999999999947         -2.5374952558366
896.104                  -4.1297265775166         -5.4826122918023         -3.9999999999947         -2.5342234331427
898.102                  -4.1297265775166         -5.4826122918023         -3.9999999999947         -2.5309516104489
900.1                    -4.1297265775166         -5.4826122918023         -3.9999999999947         -2.527679787755
902.098                  -4.1297265775165         -5.4826122918022         -3.9999999999947         -2.5244079650612
904.096                  -4.1297265775164         -5.4826122918021         -3.9999999999947         -2.5211361423673
906.094                  -4.1297265775163         -5.482612291802          -3.9999999999947         -2.5178643196734
908.092                  -4.129726577516          -5.4826122918017         -3.9999999999947         -2.5145924969796
910.09                   -4.1297265775155         -5.4826122918012         -3.9999999999947         -2.5113206742857
912.088                  -4.1297265775147         -5.4826122918004         -3.9999999999947         -2.5080488515919
914.086                  -4.1297265775132         -5.4826122917989         -3.9999999999947         -2.504777028898
916.084                  -4.1297265775107         -5.4826122917964         -3.9999999999947         -2.5015052062041
918.082                  -4.1297265775063         -5.482612291792          -3.9999999999947         -2.4982333835103
920.08                   -4.1297265774987         -5.4826122917844         -3.9999999999947         -2.4949615608164
922.078                  -4.1297265774856         -5.4826122917713         -3.9999999999947         -2.4916897381226
924.076                  -4.1297265774628         -5.4826122917485         -3.9999999999947         -2.4884179154287
926.074                  -4.1297265774235         -5.4826122917092         -3.9999999999947         -2.4851460927349
928.072                  -4.1297265773554         -5.4826122916411         -3.9999999999947         -2.481874270041
930.07                   -4.1297265772374         -5.4826122915231         -3.9999999999947         -2.4786024473471
932.068                  -4.1297265770333         -5.482612291319          -3.9999999999947         -2.4753306246533
934.066                  -4.1297265766798         -5.4826122909655         -3.9999999999947         -2.4720588019594
936.064                  -4.1297265760679         -5.4826122903536         -3.9999999999947         -2.4687869792656
938.062                  -4.1297265750085         -5.4826122892942         -3.9999999999947         -2.4655151565717
940.06                   -4.1297265731745         -5.4826122874603         -3.9999999999947         -2.4622433338778
942.058                  -4.1297265699995         -5.4826122842852         -3.9999999999947         -2.458971511184
944.056                  -4.1297265645029         -5.4826122787886         -3.9999999999947         -2.4556996884901
946.054                  -4.1297265549871         -5.4826122692728         -3.9999999999947         -2.4524278657963
948.052                  -4.1297265385131         -5.4826122527989         -3.9999999999947         -2.4491560431024
950.05                   -4.1297265099932         -5.4826122242789         -3.9999999999947         -2.4458842204085
952.048                  -4.1297264606191         -5.4826121749048         -3.9999999999947         -2.4426123977147
954.046                  -4.129726375142          -5.4826120894277         -3.9999999999947         -2.4393405750208
956.044                  -4.1297262271628         -5.4826119414486         -3.9999999999947         -2.436068752327
958.042                  -4.1297259709793         -5.482611685265          -3.9999999999947         -2.4327969296331
960.04                   -4.1297255274708         -5.4826112417565         -3.9999999999947         -2.4295251069392
962.038                  -4.1297247596633         -5.482610473949          -3.9999999999947         -2.4262532842454
964.036                  -4.1297234304257         -5.4826091447114         -3.9999999999947         -2.4229814615515
966.034                  -4.129721129236          -5.4826068435217         -3.9999999999947         -2.4197096388577
968.032                  -4.1297171453995         -5.4826028596852         -3.9999999999947         -2.4164378161638
970.03                   -4.1297102485727         -5.4825959628584         -3.9999999999947         -2.4131659934699
972.028                  -4.1296983088304         -5.4825840231161         -3.9999999999947         -2.4098941707761
974.026                  -4.1296776390055         -5.4825633532912         -3.9999999999947         -2.4066223480822
976.024                  -4.1296418563896         -5.4825275706753         -3.9999999999947         -2.4033505253884
978.022                  -4.1295799128484         -5.4824656271341         -3.9999999999947         -2.4000787026945
980.02                   -4.1294726867952         -5.4823584010809         -3.9999999999947         -2.3968068800007
982.018                  -4.1292870899525         -5.4821728042382         -3.9999999999947         -2.3935350573068
984.016                  -4.1289658852408         -5.4818515995266         -3.9999999999947         -2.3902632346129
986.014                  -4.1284101203523         -5.481295834638          -3.9999999999947         -2.3869914119191
988.012                  -4.1274488993715         -5.4803346136572         -3.9999999999947         -2.3837195892252
990.01                   -4.1257875994293         -5.478673313715          -3.9999999999946         -2.3804477665314
992.008                  -4.1229198684564         -5.4758055827421         -3.9999999999946         -2.3771759438375
994.006                  -4.1179802182775         -5.4708659325632         -3.9999999999946         -2.3739041211436
996.004                  -4.1095037116004         -5.4623894258861         -3.9999999999946         -2.3706322984498
998.002                  -4.095054895252          -5.4479406095377         -3.9999999999946         -2.3673604757559
1000                     -4.070722484113          -5.4236081983987         -3.9999999999946         -2.3640886530621
1002                     -4.0447654019293         -5.397651116215          -3.9999999999946         -2.3608135552704
1004                     -4.0262922628655         -5.3791779771512         -3.9999999999946         -2.3575384574788
1006                     -4.0125498205833         -5.365435534869          -3.9999999999946         -2.3542633596871
1008                     -4.0019638410535         -5.3548495553392         -3.9999999999946         -2.3509882618955
1010                     -3.9935869568416         -5.3464726711274         -3.9999999999946         -2.3477131641038
1012                     -3.9868194939422         -5.3397052082279         -3.9999999999946         -2.3444380663122
1014                     -3.9812637888121         -5.3341495030978         -3.9999999999946         -2.3411629685205
1016                     -3.9766451095539         -5.3295308238396         -3.9999999999946         -2.3378878707289
1018                     -3.9727668485436         -5.3256525628293         -3.9999999999946         -2.3346127729372
1020                     -3.9694840294781         -5.3223697437638         -3.9999999999946         -2.3313376751456
1022                     -3.9666870030282         -5.319572717314          -3.9999999999947         -2.3280625773539
1024                     -3.9642910387879         -5.3171767530736         -3.9999999999947         -2.3247874795623
1026                     -3.9622294585888         -5.3151151728745         -3.9999999999947         -2.3215123817706
1028                     -3.9604489706728         -5.3133346849585         -3.9999999999947         -2.318237283979
1030                     -3.9589064147557         -5.3117921290414         -3.9999999999947         -2.3149621861873
1032                     -3.9575664373143         -5.3104521516            -3.9999999999947         -2.3116870883957
1034                     -3.9563997959306         -5.3092855102163         -3.9999999999947         -2.308411990604
1036                     -3.9553820988942         -5.3082678131799         -3.9999999999947         -2.3051368928124
1038                     -3.9544928522845         -5.3073785665702         -3.9999999999947         -2.3018617950207
1040                     -3.9537147284011         -5.3066004426869         -3.9999999999947         -2.2985866972291
1042                     -3.9530329963001         -5.3059187105858         -3.9999999999947         -2.2953115994374
1044                     -3.9524350729278         -5.3053207872135         -3.9999999999947         -2.2920365016458
1046                     -3.9519101652758         -5.3047958795615         -3.9999999999947         -2.2887614038541
1048                     -3.9514489821485         -5.3043346964342         -3.9999999999947         -2.2854863060625
1050                     -3.9510434998256         -5.3039292141113         -3.9999999999947         -2.2822112082708
1052                     -3.9506867699225         -5.3035724842082         -3.9999999999947         -2.2789361104792
1054                     -3.9503727606374         -5.3032584749231         -3.9999999999947         -2.2756610126875
1056                     -3.9500962246699         -5.3029819389556         -3.9999999999947         -2.2723859148959
1058                     -3.9498525886371         -5.3027383029228         -3.9999999999947         -2.2691108171042
1060                     -3.9496378599614         -5.3025235742471         -3.9999999999947         -2.2658357193126
1062                     -3.9494485480661         -5.3023342623518         -3.9999999999947         -2.2625606215209
1064                     -3.9492815973727         -5.3021673116584         -3.9999999999947         -2.2592855237293
1066                     -3.9491343300938         -5.3020200443795         -3.9999999999947         -2.2560104259376
1068                     -3.9490043972081         -5.3018901114938         -3.9999999999947         -2.252735328146
1070                     -3.9488897363042         -5.3017754505899         -3.9999999999947         -2.2494602303543
1072                     -3.9487885352239         -5.3016742495097         -3.9999999999947         -2.2461851325627
1074                     -3.9486992006212         -5.301584914907          -3.9999999999947         -2.242910034771
1076                     -3.9486203307068         -5.3015060449925         -3.9999999999947         -2.2396349369794
1078                     -3.9485506915709         -5.3014364058566         -3.9999999999947         -2.2363598391877
1080                     -3.9484891965746         -5.3013749108603         -3.9999999999947         -2.2330847413961
1082                     -3.948434888381          -5.3013206026667         -3.9999999999947         -2.2298096436044
1084                     -3.9483869232653         -5.301272637551          -3.9999999999947         -2.2265345458128
1086                     -3.9483445573944         -5.3012302716801         -3.9999999999947         -2.2232594480211
1088                     -3.9483071348163         -5.301192849102          -3.9999999999947         -2.2199843502295
1090                     -3.9482740769336         -5.3011597912193         -3.9999999999947         -2.2167092524378
1092                     -3.9482448732692         -5.3011305875549         -3.9999999999947         -2.2134341546462
1094                     -3.948219073359          -5.3011047876447         -3.9999999999947         -2.2101590568545
1096                     -3.948196279629          -5.3010819939147         -3.9999999999947         -2.2068839590629
1098                     -3.9481761411319         -5.3010618554176         -3.9999999999947         -2.2036088612712
1100                     -3.9481583480378         -5.3010440623235         -3.9999999999947         -2.2003337634796
1102                     -3.9481426267844         -5.3010283410701         -3.9999999999947         -2.1970586656879
1104                     -3.9481287358065         -5.3010144500922         -3.9999999999947         -2.1937835678963
1106                     -3.9481164617741         -5.3010021760598         -3.9999999999947         -2.1905084701046
1108                     -3.9481056162765         -5.3009913305622         -3.9999999999947         -2.187233372313
1110                     -3.9480960328996         -5.3009817471853         -3.9999999999947         -2.1839582745213
1112                     -3.9480875646487         -5.3009732789344         -3.9999999999947         -2.1806831767297
1114                     -3.9480800816749         -5.3009657959606         -3.9999999999947         -2.177408078938
1116                     -3.9480734692695         -5.3009591835552         -3.9999999999947         -2.1741329811464
1118                     -3.9480676260944         -5.3009533403801         -3.9999999999947         -2.1708578833547
1120                     -3.9480624626201         -5.3009481769058         -3.9999999999947         -2.1675827855631
1122                     -3.9480578997468         -5.3009436140325         -3.9999999999947         -2.1643076877714
1124                     -3.9480538675874         -5.3009395818731         -3.9999999999947         -2.1610325899798
1126                     -3.948050304393          -5.3009360186788         -3.9999999999947         -2.1577574921881
1128                     -3.9480471556038         -5.3009328698895         -3.9999999999947         -2.1544823943965
1130                     -3.9480443730109         -5.3009300872966         -3.9999999999947         -2.1512072966048
1132                     -3.9480419140167         -5.3009276283024         -3.9999999999947         -2.1479321988132
1134                     -3.9480397409809         -5.3009254552666         -3.9999999999946         -2.1446571010215
1136                     -3.948037820643          -5.3009235349287         -3.9999999999946         -2.1413820032299
1138                     -3.9480361236126         -5.3009218378983         -3.9999999999946         -2.1381069054382
1140                     -3.9480346239185         -5.3009203382042         -3.9999999999946         -2.1348318076466
1142                     -3.948033298611          -5.3009190128967         -3.9999999999946         -2.1315567098549
1144                     -3.9480321274098         -5.3009178416955         -3.9999999999946         -2.1282816120633
1146                     -3.9480310923937         -5.3009168066795         -3.9999999999946         -2.1250065142716
1148                     -3.9480301777261         -5.3009158920118         -3.9999999999946         -2.12173141648
1150                     -3.9480293694121         -5.3009150836978         -3.9999999999946         -2.1184563186883
1152                     -3.9480286550844         -5.3009143693701         -3.9999999999946         -2.1151812208967
1154                     -3.9480280238143         -5.3009137381001         -3.9999999999946         -2.111906123105
1156                     -3.9480274659438         -5.3009131802296         -3.9999999999946         -2.1086310253134
1158                     -3.9480269729382         -5.3009126872239         -3.9999999999946         -2.1053559275217
1160                     -3.948026537255          -5.3009122515407         -3.9999999999946         -2.1020808297301
1162                     -3.9480261522292         -5.3009118665149         -3.9999999999946         -2.0988057319384
1164                     -3.9480258119705         -5.3009115262562         -3.9999999999946         -2.0955306341468
1166                     -3.9480255112737         -5.3009112255594         -3.9999999999946         -2.0922555363551
1168                     -3.9480252455388         -5.3009109598245         -3.9999999999946         -2.0889804385635
1170                     -3.9480250107008         -5.3009107249865         -3.9999999999946         -2.0857053407718
1172                     -3.9480248031671         -5.3009105174528         -3.9999999999946         -2.0824302429802
1174                     -3.9480246197631         -5.3009103340488         -3.9999999999946         -2.0791551451885
1176                     -3.9480244576832         -5.3009101719689         -3.9999999999946         -2.0758800473969
1178                     -3.9480243144481         -5.3009100287338         -3.9999999999946         -2.0726049496052
1180                     -3.9480241878666         -5.3009099021523         -3.9999999999946         -2.0693298518136
1182                     -3.9480240760025         -5.3009097902882         -3.9999999999946         -2.0660547540219
1184                     -3.9480239771446         -5.3009096914303         -3.9999999999946         -2.0627796562303
1186                     -3.9480238897807         -5.3009096040664         -3.9999999999946         -2.0595045584386
1188                     -3.9480238125743         -5.30090952686           -3.9999999999946         -2.056229460647
1190                     -3.9480237443446         -5.3009094586303         -3.9999999999946         -2.0529543628553
1192                     -3.9480236840477         -5.3009093983334         -3.9999999999946         -2.0496792650637
1194                     -3.9480236307614         -5.3009093450471         -3.9999999999946         -2.046404167272
1196                     -3.9480235836705         -5.3009092979562         -3.9999999999946         -2.0431290694804
1198                     -3.9480235420548         -5.3009092563405         -3.9999999999946         -2.0398539716887
1200                     -3.9480235052776         -5.3009092195633         -3.9999999999946         -2.0365788738971
1202                     -3.9480234727763         -5.300909187062          -3.9999999999946         -2.0333037761054
1204                     -3.9480234440539         -5.3009091583396         -3.9999999999946         -2.0300286783138
1206                     -3.948023418671          -5.3009091329567         -3.9999999999946         -2.0267535805221
1208                     -3.9480233962392         -5.3009091105249         -3.9999999999946         -2.0234784827305
1210                     -3.9480233764155         -5.3009090907012         -3.9999999999946         -2.0202033849388
1212                     -3.9480233588967         -5.3009090731824         -3.9999999999946         -2.0169282871472
1214                     -3.9480233434147         -5.3009090577004         -3.9999999999946         -2.0136531893555
1216                     -3.9480233297327         -5.3009090440184         -3.9999999999946         -2.0103780915639
1218                     -3.9480233176415         -5.3009090319272         -3.9999999999946         -2.0071029937722
1220                     -3.9480233069561         -5.3009090212418         -3.9999999999946         -2.0038278959806
1222                     -3.9480232975131         -5.3009090117988         -3.9999999999946         -2.0005527981889
1224                     -3.9480232891679         -5.3009090034536         -3.9999999999946         -1.9972777003973
1226                     -3.948023281793          -5.3009089960788         -3.9999999999946         -1.9940026026056
1228                     -3.9480232752756         -5.3009089895613         -3.9999999999946         -1.990727504814
1230                     -3.9480232695159         -5.3009089838016         -3.9999999999946         -1.9874524070223
1232                     -3.9480232644259         -5.3009089787116         -3.9999999999946         -1.9841773092307
1234                     -3.9480232599277         -5.3009089742134         -3.9999999999946         -1.980902211439
1236                     -3.9480232559525         -5.3009089702382         -3.9999999999946         -1.9776271136474
1238                     -3.9480232524394         -5.3009089667251         -3.9999999999946         -1.9743520158557
1240                     -3.9480232493348         -5.3009089636205         -3.9999999999946         -1.9710769180641
1242                     -3.9480232465911         -5.3009089608769         -3.9999999999946         -1.9678018202724
1244                     -3.9480232441665         -5.3009089584522         -3.9999999999946         -1.9645267224808
1246                     -3.9480232420237         -5.3009089563094         -3.9999999999946         -1.9612516246891
1248                     -3.9480232401301         -5.3009089544158         -3.9999999999946         -1.9579765268975
1250                     -3.9480232384566         -5.3009089527423         -3.9999999999946         -1.9547014291058
1252                     -3.9480232369777         -5.3009089512634         -3.9999999999946         -1.9514263313142
1254                     -3.9480232356708         -5.3009089499565         -3.9999999999946         -1.9481512335225
1256                     -3.9480232345158         -5.3009089488015         -3.9999999999946         -1.9448761357309
1258                     -3.948023233495          -5.3009089477807         -3.9999999999946         -1.9416010379392
1260                     -3.948023232593          -5.3009089468787         -3.9999999999946         -1.9383259401476
1262                     -3.9480232317958         -5.3009089460815         -3.9999999999946         -1.9350508423559
1264                     -3.9480232310913         -5.300908945377          -3.9999999999946         -1.9317757445643
1266                     -3.9480232304687         -5.3009089447544         -3.9999999999946         -1.9285006467726
1268                     -3.9480232299185         -5.3009089442042         -3.9999999999946         -1.925225548981
1270                     -3.9480232294322         -5.300908943718          -3.9999999999946         -1.9219504511893
1272                     -3.9480232290025         -5.3009089432882         -3.9999999999946         -1.9186753533977
1274                     -3.9480232286228         -5.3009089429085         -3.9999999999946         -1.915400255606
1276                     -3.9480232282872         -5.3009089425729         -3.9999999999946         -1.9121251578144
1278                     -3.9480232279906         -5.3009089422763         -3.9999999999946         -1.9088500600227
1280                     -3.9480232277285         -5.3009089420142         -3.9999999999945         -1.9055749622311
1282                     -3.9480232274968         -5.3009089417825         -3.9999999999945         -1.9022998644394
1284                     -3.9480232272921         -5.3009089415778         -3.9999999999945         -1.8990247666478
1286                     -3.9480232271112         -5.3009089413969         -3.9999999999945         -1.8957496688561
1288                     -3.9480232269513         -5.300908941237          -3.9999999999945         -1.8924745710645
1290                     -3.94802322681           -5.3009089410957         -3.9999999999945         -1.8891994732728
1292                     -3.9480232266851         -5.3009089409708         -3.9999999999945         -1.8859243754812
1294                     -3.9480232265747         -5.3009089408604         -3.9999999999945         -1.8826492776895
1296                     -3.9480232264772         -5.3009089407629         -3.9999999999945         -1.8793741798979
1298                     -3.948023226391          -5.3009089406767         -3.9999999999945         -1.8760990821062
1300                     -3.9480232263148         -5.3009089406005         -3.9999999999945         -1.8728239843146
1302                     -3.9480232262475         -5.3009089405332         -3.9999999999945         -1.869548886523
1304                     -3.948023226188          -5.3009089404737         -3.9999999999945         -1.8662737887313
1306                     -3.9480232261354         -5.3009089404211         -3.9999999999945         -1.8629986909397
1308                     -3.9480232260889         -5.3009089403746         -3.9999999999945         -1.859723593148
1310                     -3.9480232260478         -5.3009089403335         -3.9999999999945         -1.8564484953564
1312                     -3.9480232260115         -5.3009089402972         -3.9999999999945         -1.8531733975647
1314                     -3.9480232259794         -5.3009089402651         -3.9999999999945         -1.8498982997731
1316                     -3.948023225951          -5.3009089402367         -3.9999999999945         -1.8466232019814
1318                     -3.9480232259259         -5.3009089402117         -3.9999999999945         -1.8433481041898
1320                     -3.9480232259038         -5.3009089401895         -3.9999999999944         -1.8400730063981
1322                     -3.9480232258842         -5.3009089401699         -3.9999999999944         -1.8367979086065
1324                     -3.9480232258669         -5.3009089401526         -3.9999999999944         -1.8335228108148
1326                     -3.9480232258516         -5.3009089401373         -3.9999999999944         -1.8302477130232
1328                     -3.948023225838          -5.3009089401237         -3.9999999999944         -1.8269726152315
1330                     -3.9480232258261         -5.3009089401118         -3.9999999999944         -1.8236975174399
1332                     -3.9480232258155         -5.3009089401012         -3.9999999999944         -1.8204224196482
1334                     -3.9480232258061         -5.3009089400918         -3.9999999999944         -1.8171473218566
1336                     -3.9480232257979         -5.3009089400836         -3.9999999999944         -1.8138722240649
1338                     -3.9480232257905         -5.3009089400763         -3.9999999999944         -1.8105971262733
1340                     -3.9480232257841         -5.3009089400698         -3.9999999999944         -1.8073220284816
1342                     -3.9480232257783         -5.3009089400641         -3.9999999999944         -1.80404693069
1344                     -3.9480232257733         -5.300908940059          -3.9999999999944         -1.8007718328983
1346                     -3.9480232257688         -5.3009089400545         -3.9999999999944         -1.7974967351067
1348                     -3.9480232257648         -5.3009089400506         -3.9999999999944         -1.794221637315
1350                     -3.9480232257613         -5.300908940047          -3.9999999999944         -1.7909465395234
1352                     -3.9480232257582         -5.3009089400439         -3.9999999999944         -1.7876714417317
1354                     -3.9480232257555         -5.3009089400412         -3.9999999999944         -1.7843963439401
1356                     -3.948023225753          -5.3009089400388         -3.9999999999944         -1.7811212461484
1358                     -3.9480232257509         -5.3009089400366         -3.9999999999944         -1.7778461483568
1360                     -3.948023225749          -5.3009089400347         -3.9999999999944         -1.7745710505651
1362                     -3.9480232257473         -5.300908940033          -3.9999999999944         -1.7712959527735
1364                     -3.9480232257458         -5.3009089400315         -3.9999999999944         -1.7680208549819
1366                     -3.9480232257445         -5.3009089400302         -3.9999999999944         -1.7647457571902
1368                     -3.9480232257433         -5.300908940029          -3.9999999999944         -1.7614706593986
1370                     -3.9480232257422         -5.3009089400279         -3.9999999999944         -1.7581955616069
1372                     -3.9480232257413         -5.300908940027          -3.9999999999944         -1.7549204638153
1374                     -3.9480232257405         -5.3009089400262         -3.9999999999944         -1.7516453660236
1376                     -3.9480232257397         -5.3009089400255         -3.9999999999944         -1.748370268232
1378                     -3.9480232257391         -5.3009089400248         -3.9999999999944         -1.7450951704403
1380                     -3.9480232257385         -5.3009089400242         -3.9999999999944         -1.7418200726487
1382                     -3.948023225738          -5.3009089400237         -3.9999999999944         -1.738544974857
1384                     -3.9480232257375         -5.3009089400232         -3.9999999999944         -1.7352698770654
1386                     -3.9480232257371         -5.3009089400228         -3.9999999999944         -1.7319947792737
1388                     -3.9480232257367         -5.3009089400224         -3.9999999999943         -1.7287196814821
1390                     -3.9480232257364         -5.3009089400221         -3.9999999999943         -1.7254445836904
1392                     -3.9480232257361         -5.3009089400218         -3.9999999999943         -1.7221694858988
1394                     -3.9480232257358         -5.3009089400215         -3.9999999999943         -1.7188943881071
1396                     -3.9480232257356         -5.3009089400213         -3.9999999999943         -1.7156192903155
1398                     -3.9480232257354         -5.3009089400211         -3.9999999999943         -1.7123441925238
1400                     -3.9480232257352         -5.3009089400209         -3.9999999999943         -1.7090690947322
1402                     -3.948023225735          -5.3009089400207         -3.9999999999943         -1.7057939969405
1404                     -3.9480232257348         -5.3009089400205         -3.9999999999943         -1.7025188991489
1406                     -3.9480232257347         -5.3009089400204         -3.9999999999943         -1.6992438013573
1408                     -3.9480232257345         -5.3009089400203         -3.9999999999943         -1.6959687035656
1410                     -3.9480232257344         -5.3009089400201         -3.9999999999943         -1.692693605774
1412                     -3.9480232257343         -5.30090894002           -3.9999999999943         -1.6894185079823
1414                     -3.9480232257342         -5.3009089400199         -3.9999999999943         -1.6861434101907
1416                     -3.9480232257341         -5.3009089400198         -3.9999999999943         -1.682868312399
1418                     -3.948023225734          -5.3009089400197         -3.9999999999943         -1.6795932146074
1420                     -3.9480232257339         -5.3009089400196         -3.9999999999943         -1.6763181168157
1422                     -3.9480232257338         -5.3009089400195         -3.9999999999943         -1.6730430190241
1424                     -3.9480232257338         -5.3009089400195         -3.9999999999943         -1.6697679212324
1426                     -3.9480232257337         -5.3009089400194         -3.9999999999943         -1.6664928234408
1428                     -3.9480232257336         -5.3009089400193         -3.9999999999943         -1.6632177256491
1430                     -3.9480232257335         -5.3009089400193         -3.9999999999943         -1.6599426278575
1432                     -3.9480232257335         -5.3009089400192         -3.9999999999943         -1.6566675300658
1434                     -3.9480232257334         -5.3009089400191         -3.9999999999943         -1.6533924322742
1436                     -3.9480232257334         -5.3009089400191         -3.9999999999943         -1.6501173344825
1438                     -3.9480232257333         -5.300908940019          -3.9999999999943         -1.6468422366909
1440                     -3.9480232257333         -5.300908940019          -3.9999999999943         -1.6435671388992
1442                     -3.9480232257332         -5.3009089400189         -3.9999999999943         -1.6402920411076
1444                     -3.9480232257332         -5.3009089400189         -3.9999999999943         -1.6370169433159
1446                     -3.9480232257331         -5.3009089400188         -3.9999999999943         -1.6337418455243
1448                     -3.9480232257331         -5.3009089400188         -3.9999999999943         -1.6304667477326
1450                     -3.948023225733          -5.3009089400187         -3.9999999999943         -1.627191649941
1452                     -3.948023225733          -5.3009089400187         -3.9999999999943         -1.6239165521493
1454                     -3.9480232257329         -5.3009089400186         -3.9999999999943         -1.6206414543577
1456                     -3.9480232257329         -5.3009089400186         -3.9999999999943         -1.617366356566
1458                     -3.9480232257328         -5.3009089400185         -3.9999999999943         -1.6140912587744
1460                     -3.9480232257328         -5.3009089400185         -3.9999999999943         -1.6108161609827
1462                     -3.9480232257327         -5.3009089400184         -3.9999999999943         -1.6075410631911
1464                     -3.9480232257327         -5.3009089400184         -3.9999999999943         -1.6042659653995
1466                     -3.9480232257326         -5.3009089400184         -3.9999999999943         -1.6009908676078
1468                     -3.9480232257326         -5.3009089400183         -3.9999999999943         -1.5977157698162
1470                     -3.9480232257326         -5.3009089400183         -3.9999999999943         -1.5944406720245
1472                     -3.9480232257325         -5.3009089400182         -3.9999999999943         -1.5911655742329
1474                     -3.9480232257325         -5.3009089400182         -3.9999999999943         -1.5878904764412
1476                     -3.9480232257324         -5.3009089400181         -3.9999999999943         -1.5846153786496
1478                     -3.9480232257324         -5.3009089400181         -3.9999999999943         -1.5813402808579
1480                     -3.9480232257323         -5.3009089400181         -3.9999999999943         -1.5780651830663
1482                     -3.9480232257323         -5.300908940018          -3.9999999999943         -1.5747900852746
1484                     -3.9480232257323         -5.300908940018          -3.9999999999943         -1.571514987483
1486                     -3.9480232257322         -5.3009089400179         -3.9999999999943         -1.5682398896913
1488                     -3.9480232257322         -5.3009089400179         -3.9999999999943         -1.5649647918997
1490                     -3.9480232257321         -5.3009089400178         -3.9999999999943         -1.561689694108
1492                     -3.9480232257321         -5.3009089400178         -3.9999999999943         -1.5584145963164
1494                     -3.9480232257321         -5.3009089400178         -3.9999999999943         -1.5551394985247
1496                     -3.948023225732          -5.3009089400177         -3.9999999999943         -1.5518644007331
1498                     -3.948023225732          -5.3009089400177         -3.9999999999943         -1.5485893029414
1500                     -3.9480232257319         -5.3009089400176         -3.9999999999943         -1.5453142051498
1502                     -3.9480232257319         -5.3009089400176         -3.9999999999942         -1.5420391073581
1504                     -3.9480232257318         -5.3009089400176         -3.9999999999942         -1.5387640095665
1506                     -3.9480232257318         -5.3009089400175         -3.9999999999942         -1.5354889117748
1508                     -3.9480232257318         -5.3009089400175         -3.9999999999942         -1.5322138139832
1510                     -3.9480232257317         -5.3009089400174         -3.9999999999942         -1.5289387161915
1512                     -3.9480232257317         -5.3009089400174         -3.9999999999942         -1.5256636183999
1514                     -3.9480232257316         -5.3009089400174         -3.9999999999942         -1.5223885206082
1516                     -3.9480232257316         -5.3009089400173         -3.9999999999942         -1.5191134228166
1518                     -3.9480232257316         -5.3009089400173         -3.9999999999942         -1.5158383250249
1520                     -3.9480232257315         -5.3009089400172         -3.9999999999942         -1.5125632272333
1522                     -3.9480232257315         -5.3009089400172         -3.9999999999942         -1.5092881294416
1524                     -3.9480232257314         -5.3009089400172         -3.9999999999942         -1.50601303165
1526                     -3.9480232257314         -5.3009089400171         -3.9999999999942         -1.5027379338584
1528                     -3.9480232257314         -5.3009089400171         -3.9999999999942         -1.4994628360667
1530                     -3.9480232257313         -5.300908940017          -3.9999999999942         -1.4961877382751
1532                     -3.9480232257313         -5.300908940017          -3.9999999999942         -1.4929126404834
1534                     -3.9480232257312         -5.300908940017          -3.9999999999942         -1.4896375426918
1536                     -3.9480232257312         -5.3009089400169         -3.9999999999942         -1.4863624449001
1538                     -3.9480232257312         -5.3009089400169         -3.9999999999942         -1.4830873471085
1540                     -3.9480232257311         -5.3009089400168         -3.9999999999942         -1.4798122493168
1542                     -3.9480232257311         -5.3009089400168         -3.9999999999942         -1.4765371515252
1544                     -3.948023225731          -5.3009089400167         -3.9999999999942         -1.4732620537335
1546                     -3.948023225731          -5.3009089400167         -3.9999999999942         -1.4699869559419
1548                     -3.9480232257309         -5.3009089400167         -3.9999999999942         -1.4667118581502
1550                     -3.9480232257309         -5.3009089400166         -3.9999999999942         -1.4634367603586
1552                     -3.9480232257308         -5.3009089400166         -3.9999999999942         -1.4601616625669
1554                     -3.9480232257308         -5.3009089400165         -3.9999999999942         -1.4568865647753
1556                     -3.9480232257307         -5.3009089400165         -3.9999999999942         -1.4536114669836
1558                     -3.9480232257307         -5.3009089400164         -3.9999999999942         -1.450336369192
1560                     -3.9480232257306         -5.3009089400164         -3.9999999999942         -1.4470612714003
1562                     -3.9480232257306         -5.3009089400163         -3.9999999999941         -1.4437861736087
1564                     -3.9480232257305         -5.3009089400162         -3.9999999999941         -1.440511075817
1566                     -3.9480232257305         -5.3009089400162         -3.9999999999941         -1.4372359780254
1568                     -3.9480232257304         -5.3009089400161         -3.9999999999941         -1.4339608802337
1570                     -3.9480232257303         -5.300908940016          -3.9999999999941         -1.4306857824421
1572                     -3.9480232257302         -5.300908940016          -3.9999999999941         -1.4274106846504
1574                     -3.9480232257302         -5.3009089400159         -3.9999999999941         -1.4241355868588
1576                     -3.9480232257301         -5.3009089400158         -3.9999999999941         -1.4208604890671
1578                     -3.94802322573           -5.3009089400157         -3.9999999999941         -1.4175853912755
1580                     -3.9480232257299         -5.3009089400156         -3.9999999999941         -1.4143102934838
1582                     -3.9480232257298         -5.3009089400155         -3.9999999999941         -1.4110351956922
1584                     -3.9480232257297         -5.3009089400154         -3.9999999999941         -1.4077600979005
1586                     -3.9480232257295         -5.3009089400152         -3.9999999999941         -1.4044850001089
1588                     -3.9480232257294         -5.3009089400151         -3.9999999999941         -1.4012099023172
1590                     -3.9480232257292         -5.3009089400149         -3.9999999999941         -1.3979348045256
1592                     -3.9480232257291         -5.3009089400148         -3.9999999999941         -1.3946597067339
1594                     -3.9480232257289         -5.3009089400146         -3.9999999999941         -1.3913846089423
1596                     -3.9480232257287         -5.3009089400144         -3.9999999999941         -1.3881095111506
1598                     -3.9480232257284         -5.3009089400141         -3.999999999994          -1.384834413359
1600                     -3.9480232257282         -5.3009089400139         -3.999999999994          -1.3815593155673
1602                     -3.9480232257279         -5.3009089400136         -3.999999999994          -1.3782842177757
1604                     -3.9480232257276         -5.3009089400133         -3.999999999994          -1.3750091199841
1606                     -3.9480232257272         -5.3009089400129         -3.999999999994          -1.3717340221924
1608                     -3.9480232257268         -5.3009089400125         -3.999999999994          -1.3684589244008
1610                     -3.9480232257264         -5.3009089400121         -3.999999999994          -1.3651838266091
1612                     -3.9480232257258         -5.3009089400116         -3.999999999994          -1.3619087288175
1614                     -3.9480232257253         -5.300908940011          -3.999999999994          -1.3586336310258
1616                     -3.9480232257247         -5.3009089400104         -3.999999999994          -1.3553585332342
1618                     -3.9480232257239         -5.3009089400097         -3.999999999994          -1.3520834354425
1620                     -3.9480232257231         -5.3009089400089         -3.999999999994          -1.3488083376509
1622                     -3.9480232257222         -5.300908940008          -3.999999999994          -1.3455332398592
1624                     -3.9480232257212         -5.3009089400069         -3.999999999994          -1.3422581420676
1626                     -3.9480232257201         -5.3009089400058         -3.999999999994          -1.3389830442759
1628                     -3.9480232257188         -5.3009089400045         -3.999999999994          -1.3357079464843
1630                     -3.9480232257173         -5.300908940003          -3.999999999994          -1.3324328486926
1632                     -3.9480232257157         -5.3009089400014         -3.999999999994          -1.329157750901
1634                     -3.9480232257138         -5.3009089399995         -3.999999999994          -1.3258826531093
1636                     -3.9480232257117         -5.3009089399974         -3.999999999994          -1.3226075553177
1638                     -3.9480232257094         -5.3009089399951         -3.999999999994          -1.319332457526
1640                     -3.9480232257067         -5.3009089399924         -3.9999999999939         -1.3160573597344
1642                     -3.9480232257037         -5.3009089399894         -3.9999999999939         -1.3127822619427
1644                     -3.9480232257003         -5.300908939986          -3.9999999999939         -1.3095071641511
1646                     -3.9480232256964         -5.3009089399821         -3.9999999999939         -1.3062320663594
1648                     -3.948023225692          -5.3009089399778         -3.9999999999939         -1.3029569685678
1650                     -3.9480232256871         -5.3009089399728         -3.9999999999939         -1.2996818707761
1652                     -3.9480232256815         -5.3009089399673         -3.9999999999939         -1.2964067729845
1654                     -3.9480232256753         -5.300908939961          -3.9999999999939         -1.2931316751928
1656                     -3.9480232256681         -5.3009089399538         -3.9999999999939         -1.2898565774012
1658                     -3.9480232256601         -5.3009089399458         -3.9999999999939         -1.2865814796095
1660                     -3.948023225651          -5.3009089399367         -3.9999999999939         -1.2833063818179
1662                     -3.9480232256407         -5.3009089399264         -3.9999999999939         -1.2800312840262
1664                     -3.948023225629          -5.3009089399147         -3.9999999999939         -1.2767561862346
1666                     -3.9480232256158         -5.3009089399015         -3.9999999999939         -1.2734810884429
1668                     -3.9480232256009         -5.3009089398866         -3.9999999999939         -1.2702059906513
1670                     -3.948023225584          -5.3009089398697         -3.9999999999939         -1.2669308928596
1672                     -3.9480232255649         -5.3009089398506         -3.9999999999939         -1.263655795068
1674                     -3.9480232255433         -5.300908939829          -3.9999999999939         -1.2603806972763
1676                     -3.9480232255189         -5.3009089398046         -3.9999999999939         -1.2571055994847
1678                     -3.9480232254913         -5.300908939777          -3.9999999999939         -1.253830501693
1680                     -3.94802322546           -5.3009089397457         -3.9999999999939         -1.2505554039014
1682                     -3.9480232254246         -5.3009089397103         -3.9999999999939         -1.2472803061098
1684                     -3.9480232253846         -5.3009089396703         -3.9999999999939         -1.2440052083181
1686                     -3.9480232253393         -5.300908939625          -3.9999999999938         -1.2407301105265
1688                     -3.948023225288          -5.3009089395737         -3.9999999999938         -1.2374550127348
1690                     -3.94802322523           -5.3009089395157         -3.9999999999938         -1.2341799149432
1692                     -3.9480232251644         -5.3009089394501         -3.9999999999938         -1.2309048171515
1694                     -3.9480232250902         -5.3009089393759         -3.9999999999938         -1.2276297193599
1696                     -3.9480232250062         -5.3009089392919         -3.9999999999938         -1.2243546215682
1698                     -3.9480232249111         -5.3009089391968         -3.9999999999938         -1.2210795237766
1700                     -3.9480232248035         -5.3009089390893         -3.9999999999938         -1.2178044259849
1702                     -3.9480232246818         -5.3009089389676         -3.9999999999938         -1.2145293281933
1704                     -3.9480232245441         -5.3009089388299         -3.9999999999938         -1.2112542304016
1706                     -3.9480232243883         -5.300908938674          -3.9999999999938         -1.20797913261
1708                     -3.948023224212          -5.3009089384977         -3.9999999999938         -1.2047040348183
1710                     -3.9480232240125         -5.3009089382982         -3.9999999999938         -1.2014289370267
1712                     -3.9480232237867         -5.3009089380725         -3.9999999999938         -1.198153839235
1714                     -3.9480232235313         -5.300908937817          -3.9999999999938         -1.1948787414434
1716                     -3.9480232232422         -5.300908937528          -3.9999999999938         -1.1916036436517
1718                     -3.9480232229152         -5.3009089372009         -3.9999999999938         -1.1883285458601
1720                     -3.9480232225451         -5.3009089368308         -3.9999999999938         -1.1850534480684
1722                     -3.9480232221263         -5.300908936412          -3.9999999999938         -1.1817783502768
1724                     -3.9480232216524         -5.3009089359381         -3.9999999999938         -1.1785032524851
1726                     -3.9480232211162         -5.3009089354019         -3.9999999999938         -1.1752281546935
1728                     -3.9480232205094         -5.3009089347951         -3.9999999999938         -1.1719530569018
1730                     -3.9480232198228         -5.3009089341085         -3.9999999999937         -1.1686779591102
1732                     -3.9480232190459         -5.3009089333316         -3.9999999999937         -1.1654028613185
1734                     -3.9480232181668         -5.3009089324525         -3.9999999999937         -1.1621277635269
1736                     -3.948023217172          -5.3009089314578         -3.9999999999937         -1.1588526657352
1738                     -3.9480232160464         -5.3009089303321         -3.9999999999937         -1.1555775679436
1740                     -3.9480232147727         -5.3009089290584         -3.9999999999937         -1.1523024701519
1742                     -3.9480232133314         -5.3009089276171         -3.9999999999937         -1.1490273723603
1744                     -3.9480232117005         -5.3009089259862         -3.9999999999937         -1.1457522745686
1746                     -3.948023209855          -5.3009089241407         -3.9999999999937         -1.142477176777
1748                     -3.9480232077667         -5.3009089220524         -3.9999999999937         -1.1392020789853
1750                     -3.9480232054037         -5.3009089196894         -3.9999999999937         -1.1359269811937
1752                     -3.9480232027298         -5.3009089170155         -3.9999999999937         -1.132651883402
1754                     -3.9480231997042         -5.3009089139899         -3.9999999999937         -1.1293767856104
1756                     -3.9480231962804         -5.3009089105661         -3.9999999999937         -1.1261016878187
1758                     -3.9480231924063         -5.300908906692          -3.9999999999937         -1.1228265900271
1760                     -3.9480231880224         -5.3009089023081         -3.9999999999937         -1.1195514922354
1762                     -3.9480231830618         -5.3009088973475         -3.9999999999937         -1.1162763944438
1764                     -3.9480231774486         -5.3009088917343         -3.9999999999937         -1.1130012966521
1766                     -3.9480231710969         -5.3009088853826         -3.9999999999937         -1.1097261988605
1768                     -3.9480231639095         -5.3009088781952         -3.9999999999937         -1.1064511010688
1770                     -3.9480231557766         -5.3009088700623         -3.9999999999937         -1.1031760032772
1772                     -3.9480231465736         -5.3009088608594         -3.9999999999937         -1.0999009054855
1774                     -3.9480231361599         -5.3009088504457         -3.9999999999937         -1.0966258076939
1776                     -3.9480231243762         -5.3009088386619         -3.9999999999937         -1.0933507099022
1778                     -3.9480231110421         -5.3009088253279         -3.9999999999937         -1.0900756121106
1780                     -3.9480230959538         -5.3009088102396         -3.9999999999937         -1.0868005143189
1782                     -3.9480230788805         -5.3009087931662         -3.9999999999937         -1.0835254165273
1784                     -3.9480230595609         -5.3009087738466         -3.9999999999937         -1.0802503187356
1786                     -3.9480230376996         -5.3009087519853         -3.9999999999937         -1.076975220944
1788                     -3.9480230129621         -5.3009087272478         -3.9999999999937         -1.0737001231523
1790                     -3.9480229849701         -5.3009086992558         -3.9999999999937         -1.0704250253607
1792                     -3.9480229532955         -5.3009086675812         -3.9999999999937         -1.067149927569
1794                     -3.9480229174536         -5.3009086317393         -3.9999999999937         -1.0638748297774
1796                     -3.9480228768963         -5.300908591182          -3.9999999999937         -1.0605997319857
1798                     -3.9480228310031         -5.3009085452888         -3.9999999999937         -1.0573246341941
1800                     -3.9480227790722         -5.3009084933579         -3.9999999999937         -1.0540495364024
1802                     -3.9480227203091         -5.3009084345948         -3.9999999999937         -1.0507744386108
1804                     -3.9480226538149         -5.3009083681007         -3.9999999999937         -1.0474993408191
1806                     -3.9480225785727         -5.3009082928584         -3.9999999999937         -1.0442242430275
1808                     -3.9480224934315         -5.3009082077172         -3.9999999999937         -1.0409491452358
1810                     -3.9480223970889         -5.3009081113746         -3.9999999999937         -1.0376740474442
1812                     -3.9480222880713         -5.300908002357          -3.9999999999937         -1.0343989496525
1814                     -3.9480221647112         -5.3009078789969         -3.9999999999937         -1.0311238518609
1816                     -3.9480220251217         -5.3009077394074         -3.9999999999937         -1.0278487540692
1818                     -3.9480218671676         -5.3009075814533         -3.9999999999937         -1.0245736562776
1820                     -3.9480216884329         -5.3009074027186         -3.9999999999937         -1.0212985584859
1822                     -3.9480214861838         -5.3009072004695         -3.9999999999937         -1.0180234606943
1824                     -3.9480212573267         -5.3009069716124         -3.9999999999937         -1.0147483629027
1826                     -3.9480209983613         -5.300906712647          -3.9999999999937         -1.011473265111
1828                     -3.9480207053264         -5.3009064196122         -3.9999999999937         -1.0081981673194
1830                     -3.9480203737402         -5.300906088026          -3.9999999999937         -1.0049230695277
1832                     -3.9480199985311         -5.3009057128168         -3.9999999999937         -1.0016479717361
1834                     -3.9480195739602         -5.3009052882459         -3.9999999999937         -0.9983728739444
1836                     -3.9480190935341         -5.3009048078198         -3.9999999999937         -0.99509777615275
1838                     -3.9480185499048         -5.3009042641905         -3.9999999999937         -0.9918226783611
1840                     -3.9480179347581         -5.3009036490438         -3.9999999999937         -0.98854758056946
1842                     -3.9480172386861         -5.3009029529718         -3.9999999999937         -0.98527248277781
1844                     -3.9480164510436         -5.3009021653293         -3.9999999999937         -0.98199738498616
1846                     -3.9480155597852         -5.3009012740709         -3.9999999999937         -0.97872228719451
1848                     -3.9480145512812         -5.300900265567          -3.9999999999937         -0.97544718940286
1850                     -3.9480134101097         -5.3008991243954         -3.9999999999937         -0.97217209161121
1852                     -3.9480121188206         -5.3008978331063         -3.9999999999937         -0.96889699381956
1854                     -3.9480106576689         -5.3008963719547         -3.9999999999937         -0.96562189602791
1856                     -3.9480090043138         -5.3008947185996         -3.9999999999937         -0.96234679823626
1858                     -3.9480071334769         -5.3008928477626         -3.9999999999937         -0.95907170044461
1860                     -3.9480050165563         -5.300890730842          -3.9999999999937         -0.95579660265296
1862                     -3.9480026211904         -5.3008883354761         -3.9999999999937         -0.95252150486131
1864                     -3.947999910764          -5.3008856250497         -3.9999999999937         -0.94924640706966
1866                     -3.9479968438493         -5.300882558135          -3.9999999999937         -0.94597130927801
1868                     -3.947993373575          -5.3008790878607         -3.9999999999937         -0.94269621148636
1870                     -3.947989446911          -5.3008751611967         -3.9999999999937         -0.93942111369472
1872                     -3.9479850038611         -5.3008707181468         -3.9999999999937         -0.93614601590307
1874                     -3.9479799765492         -5.300865690835          -3.9999999999937         -0.93287091811142
1876                     -3.9479742881864         -5.3008600024721         -3.9999999999937         -0.92959582031977
1878                     -3.9479678519029         -5.3008535661886         -3.9999999999937         -0.92632072252812
1880                     -3.9479605694284         -5.3008462837141         -3.9999999999937         -0.92304562473647
1882                     -3.9479523295998         -5.3008380438855         -3.9999999999937         -0.91977052694482
1884                     -3.947943006675          -5.3008287209608         -3.9999999999937         -0.91649542915317
1886                     -3.947932458428          -5.3008181727137         -3.9999999999937         -0.91322033136152
1888                     -3.9479205239961         -5.3008062382818         -3.9999999999937         -0.90994523356987
1890                     -3.9479070214499         -5.3007927357356         -3.9999999999937         -0.90667013577822
1892                     -3.9478917450481         -5.3007774593338         -3.9999999999937         -0.90339503798657
1894                     -3.9478744621395         -5.3007601764252         -3.9999999999937         -0.90011994019493
1896                     -3.9478549096667         -5.3007406239524         -3.9999999999937         -0.89684484240328
1898                     -3.9478327902221         -5.3007185045078         -3.9999999999937         -0.89356974461163
1900                     -3.947807767601          -5.3006934818867         -3.9999999999937         -0.89029464681998
1902                     -3.9477794617894         -5.3006651760751         -3.9999999999937         -0.88701954902833
1904                     -3.9477474433182         -5.3006331576039         -3.9999999999937         -0.88374445123668
1906                     -3.9477112269073         -5.300596941193          -3.9999999999937         -0.88046935344503
1908                     -3.9476702643148         -5.3005559786005         -3.9999999999937         -0.87719425565338
1910                     -3.9476239362995         -5.3005096505852         -3.9999999999937         -0.87391915786173
1912                     -3.9475715435929         -5.3004572578786         -3.9999999999937         -0.87064406007008
1914                     -3.9475122967699         -5.3003980110556         -3.9999999999937         -0.86736896227843
1916                     -3.9474453048973         -5.300331019183          -3.9999999999937         -0.86409386448678
1918                     -3.9473695628275         -5.3002552771133         -3.9999999999937         -0.86081876669514
1920                     -3.9472839369997         -5.3001696512854         -3.9999999999937         -0.85754366890349
1922                     -3.947187149596          -5.3000728638818         -3.9999999999937         -0.85426857111184
1924                     -3.9470777609014         -5.2999634751871         -3.9999999999937         -0.85099347332019
1926                     -3.9469541497019         -5.2998398639877         -3.9999999999937         -0.84771837552854
1928                     -3.9468144915633         -5.299700205849          -3.9999999999937         -0.84444327773689
1930                     -3.9466567348271         -5.2995424491128         -3.9999999999937         -0.84116817994524
1932                     -3.946478574177          -5.2993642884627         -3.9999999999937         -0.83789308215359
1934                     -3.9462774216395         -5.2991631359253         -3.9999999999937         -0.83461798436194
1936                     -3.9460503749157         -5.2989360892014         -3.9999999999937         -0.83134288657029
1938                     -3.9457941829773         -5.298679897263          -3.9999999999937         -0.82806778877864
1940                     -3.9455052089212         -5.298390923207          -3.9999999999937         -0.82479269098699
1942                     -3.9451793901528         -5.2980651044386         -3.9999999999937         -0.82151759319534
1944                     -3.9448121960692         -5.2976979103549         -3.9999999999937         -0.81824249540369
1946                     -3.9443985835471         -5.2972842978328         -3.9999999999937         -0.81496739761205
1948                     -3.9439329507009         -5.2968186649866         -3.9999999999937         -0.8116922998204
1950                     -3.9434090895765         -5.2962948038622         -3.9999999999937         -0.80841720202875
1952                     -3.9428201386847         -5.2957058529704         -3.9999999999937         -0.8051421042371
1954                     -3.9421585365525         -5.2950442508382         -3.9999999999937         -0.80186700644545
1956                     -3.941415977785          -5.2943016920707         -3.9999999999937         -0.7985919086538
1958                     -3.9405833734653         -5.293469087751          -3.9999999999937         -0.79531681086215
1960                     -3.9396508180745         -5.2925365323603         -3.9999999999937         -0.7920417130705
1962                     -3.938607565453          -5.2914932797387         -3.9999999999937         -0.78876661527885
1964                     -3.9374420166262         -5.2903277309119         -3.9999999999937         -0.7854915174872
1966                     -3.9361417225333         -5.289027436819          -3.9999999999937         -0.78221641969555
1968                     -3.9346934047771         -5.2875791190628         -3.9999999999937         -0.7789413219039
1970                     -3.933082997399          -5.2859687116847         -3.9999999999937         -0.77566622411225
1972                     -3.9312957123127         -5.2841814265984         -3.9999999999937         -0.7723911263206
1974                     -3.9293161303441         -5.2822018446298         -3.9999999999937         -0.76911602852895
1976                     -3.9271283187961         -5.2800140330818         -3.9999999999937         -0.7658409307373
1978                     -3.9247159750703         -5.277601689356          -3.9999999999938         -0.76256583294565
1980                     -3.9220625941814         -5.2749483084671         -3.9999999999938         -0.759290735154
1982                     -3.9191516560941         -5.2720373703798         -3.9999999999938         -0.75601563736236
1984                     -3.9159668268615         -5.2688525411473         -3.9999999999938         -0.75274053957071
1986                     -3.9124921657645         -5.2653778800502         -3.9999999999938         -0.74946544177906
1988                     -3.9087123292937         -5.2615980435795         -3.9999999999938         -0.74619034398741
1990                     -3.9046127621321         -5.2574984764178         -3.9999999999938         -0.74291524619576
1992                     -3.9001798654575         -5.2530655797433         -3.9999999999939         -0.73964014840411
1994                     -3.8954011340003         -5.248286848286          -3.9999999999939         -0.73636505061246
1996                     -3.890265255287          -5.2431509695727         -3.9999999999939         -0.73308995282081
1998                     -3.8847621672062         -5.2376478814919         -3.9999999999939         -0.72981485502916
2000                     -3.9400208569436         -5.1121611389486         -3.9999999999939         -0.72653975723751
2002                     -3.9960048174585         -4.9873996671826         -3.9999999999939         -0.72488848628003
2004                     -3.9916695377949         -4.983064387519          -3.9999999999939         -0.72323721532255
2006                     -3.9879946114645         -4.9793894611886         -3.9999999999939         -0.72158594436506
2008                     -3.9848595388981         -4.9762543886222         -3.9999999999939         -0.71993467340758
2010                     -3.9821707809884         -4.9735656307125         -3.9999999999939         -0.7182834024501
2012                     -3.9798545174328         -4.9712493671569         -3.9999999999939         -0.71663213149262
2014                     -3.9778516445844         -4.9692464943085         -3.9999999999939         -0.71498086053514
2016                     -3.9761142443377         -4.9675090940618         -3.9999999999939         -0.71332958957766
2018                     -3.9746030407709         -4.965997890495          -3.9999999999939         -0.71167831862018
2020                     -3.9732855339678         -4.9646803836919         -3.9999999999939         -0.71002704766269
2022                     -3.972134607214          -4.9635294569381         -3.9999999999939         -0.70837577670521
2024                     -3.9711274711479         -4.962522320872          -3.9999999999939         -0.70672450574773
2026                     -3.9702448518311         -4.9616397015552         -3.9999999999939         -0.70507323479025
2028                     -3.9694703581691         -4.9608652078932         -3.9999999999939         -0.70342196383277
2030                     -3.9687899831281         -4.9601848328522         -3.9999999999939         -0.70177069287529
2032                     -3.9681917061172         -4.9595865558413         -3.9999999999939         -0.7001194219178
2034                     -3.9676651728254         -4.9590600225495         -3.9999999999939         -0.69846815096032
2036                     -3.9672014350524         -4.9585962847765         -3.9999999999939         -0.69681688000284
2038                     -3.9667927375154         -4.9581875872395         -3.9999999999939         -0.69516560904536
2040                     -3.9664323418114         -4.9578271915355         -3.9999999999939         -0.69351433808788
2042                     -3.9661143800431         -4.9575092297672         -3.9999999999939         -0.6918630671304
2044                     -3.9658337323391         -4.9572285820632         -3.9999999999939         -0.69021179617292
2046                     -3.9655859237737         -4.9569807734978         -3.9999999999938         -0.68856052521543
2048                     -3.9653670371615         -4.9567618868856         -3.9999999999938         -0.68690925425795
2050                     -3.9651736389303         -4.9565684886544         -3.9999999999938         -0.68525798330047
2052                     -3.9650027158424         -4.9563975655665         -3.9999999999938         -0.68360671234299
2054                     -3.964851620766          -4.9562464704901         -3.9999999999938         -0.68195544138551
2056                     -3.9647180260413         -4.9561128757654         -3.9999999999938         -0.68030417042803
2058                     -3.9645998832506         -4.9559947329747         -3.9999999999938         -0.67865289947055
2060                     -3.9644953884158         -4.9558902381399         -3.9999999999938         -0.67700162851307
2062                     -3.9644029518143         -4.9557978015384         -3.9999999999938         -0.67535035755558
2064                     -3.9643211717413         -4.9557160214654         -3.9999999999938         -0.6736990865981
2066                     -3.964248811655          -4.9556436613791         -3.9999999999938         -0.67204781564062
2068                     -3.9641847802341         -4.9555796299582         -3.9999999999938         -0.67039654468314
2070                     -3.9641281139462         -4.9555229636703         -3.9999999999937         -0.66874527372566
2072                     -3.9640779617907         -4.9554728115148         -3.9999999999937         -0.66709400276818
2074                     -3.964033571926          -4.9554284216501         -3.9999999999937         -0.6654427318107
2076                     -3.9639942799358         -4.9553891296599         -3.9999999999937         -0.66379146085321
2078                     -3.9639594985224         -4.9553543482465         -3.9999999999937         -0.66214018989573
2080                     -3.9639287084457         -4.9553235581698         -3.9999999999937         -0.66048891893825
2082                     -3.9639014505503         -4.9552963002744         -3.9999999999937         -0.65883764798077
2084                     -3.9638773187453         -4.9552721684694         -3.9999999999937         -0.65718637702329
2086                     -3.9638559538189         -4.955250803543          -3.9999999999937         -0.65553510606581
2088                     -3.9638370379852         -4.9552318877093         -3.9999999999937         -0.65388383510833
2090                     -3.9638202900748         -4.9552151397989         -3.9999999999937         -0.65223256415085
2092                     -3.9638054612896         -4.9552003110137         -3.9999999999937         -0.65058129319336
2094                     -3.9637923314567         -4.9551871811808         -3.9999999999936         -0.64893002223588
2096                     -3.9637807057191         -4.9551755554432         -3.9999999999936         -0.6472787512784
2098                     -3.9637704116124         -4.9551652613365         -3.9999999999936         -0.64562748032092
2100                     -3.9637612964822         -4.9551561462063         -3.9999999999936         -0.64397620936344
2102                     -3.963753225201          -4.9551480749251         -3.9999999999936         -0.64232493840596
2104                     -3.9637460781501         -4.9551409278742         -3.9999999999936         -0.64067366744847
2106                     -3.9637397494348         -4.9551345991589         -3.9999999999936         -0.63902239649099
2108                     -3.9637341453063         -4.9551289950304         -3.9999999999936         -0.63737112553351
2110                     -3.9637291827658         -4.9551240324899         -3.9999999999936         -0.63571985457603
2112                     -3.9637247883293         -4.9551196380534         -3.9999999999936         -0.63406858361855
2114                     -3.9637208969355         -4.9551157466596         -3.9999999999936         -0.63241731266107
2116                     -3.9637174509785         -4.9551123007026         -3.9999999999936         -0.63076604170359
2118                     -3.9637143994528         -4.9551092491769         -3.9999999999935         -0.6291147707461
2120                     -3.9637116971958         -4.9551065469199         -3.9999999999935         -0.62746349978862
2122                     -3.9637093042182         -4.9551041539423         -3.9999999999935         -0.62581222883114
2124                     -3.9637071851101         -4.9551020348342         -3.9999999999935         -0.62416095787366
2126                     -3.963705308517          -4.9551001582411         -3.9999999999935         -0.62250968691618
2128                     -3.9637036466741         -4.9550984963982         -3.9999999999935         -0.6208584159587
2130                     -3.9637021749955         -4.9550970247196         -3.9999999999935         -0.61920714500121
2132                     -3.96370087171           -4.9550957214341         -3.9999999999935         -0.61755587404373
2134                     -3.9636997175381         -4.9550945672622         -3.9999999999935         -0.61590460308625
2136                     -3.9636986954069         -4.955093545131          -3.9999999999935         -0.61425333212877
2138                     -3.9636977901973         -4.9550926399214         -3.9999999999935         -0.61260206117129
2140                     -3.9636969885201         -4.9550918382442         -3.9999999999935         -0.61095079021381
2142                     -3.9636962785178         -4.9550911282419         -3.9999999999935         -0.60929951925633
2144                     -3.9636956496892         -4.9550904994133         -3.9999999999935         -0.60764824829884
2146                     -3.9636950927337         -4.9550899424578         -3.9999999999935         -0.60599697734136
2148                     -3.963694599414          -4.9550894491381         -3.9999999999935         -0.60434570638388
2150                     -3.9636941624341         -4.9550890121582         -3.9999999999935         -0.6026944354264
2152                     -3.9636937753314         -4.9550886250555         -3.9999999999934         -0.60104316446892
2154                     -3.9636934323809         -4.955088282105          -3.9999999999934         -0.59939189351144
2156                     -3.9636931285106         -4.9550879782347         -3.9999999999934         -0.59774062255396
2158                     -3.9636928592269         -4.955087708951          -3.9999999999934         -0.59608935159647
2160                     -3.9636926205471         -4.9550874702712         -3.9999999999934         -0.59443808063899
2162                     -3.9636924089417         -4.9550872586658         -3.9999999999934         -0.59278680968151
2164                     -3.9636922212813         -4.9550870710054         -3.9999999999934         -0.59113553872403
2166                     -3.9636920547907         -4.9550869045148         -3.9999999999934         -0.58948426776655
2168                     -3.9636919070079         -4.955086756732          -3.9999999999934         -0.58783299680907
2170                     -3.9636917757472         -4.9550866254713         -3.9999999999934         -0.58618172585158
2172                     -3.9636916590677         -4.9550865087918         -3.9999999999934         -0.5845304548941
2174                     -3.9636915552439         -4.955086404968          -3.9999999999934         -0.58287918393662
2176                     -3.9636914627405         -4.9550863124646         -3.9999999999934         -0.58122791297914
2178                     -3.9636913801894         -4.9550862299135         -3.9999999999934         -0.57957664202166
2180                     -3.96369130637           -4.9550861560941         -3.9999999999934         -0.57792537106418
2182                     -3.9636912401905         -4.9550860899146         -3.9999999999934         -0.57627410010669
2184                     -3.9636911806724         -4.9550860303965         -3.9999999999934         -0.57462282914921
2186                     -3.9636911269356         -4.9550859766597         -3.9999999999934         -0.57297155819173
2188                     -3.9636910781852         -4.9550859279093         -3.9999999999934         -0.57132028723425
2190                     -3.9636910337006         -4.9550858834247         -3.9999999999933         -0.56966901627677
2192                     -3.9636909928237         -4.9550858425478         -3.9999999999933         -0.56801774531929
2194                     -3.9636909549502         -4.9550858046743         -3.9999999999933         -0.5663664743618
2196                     -3.96369091952           -4.9550857692441         -3.9999999999933         -0.56471520340432
2198                     -3.9636908860091         -4.9550857357332         -3.9999999999933         -0.56306393244684
2200                     -3.963690853922          -4.9550857036461         -3.9999999999933         -0.56141266148936
2202                     -3.9636908227842         -4.9550856725083         -3.9999999999933         -0.55976139053188
2204                     -3.9636907921353         -4.9550856418594         -3.9999999999933         -0.5581101195744
2206                     -3.9636907615219         -4.955085611246          -3.9999999999933         -0.55645884861691
2208                     -3.9636907304916         -4.9550855802157         -3.9999999999933         -0.55480757765943
2210                     -3.9636906985852         -4.9550855483093         -3.9999999999933         -0.55315630670195
2212                     -3.9636906653312         -4.9550855150553         -3.9999999999933         -0.55150503574447
2214                     -3.9636906302376         -4.9550854799617         -3.9999999999933         -0.54985376478699
2216                     -3.9636905927855         -4.9550854425096         -3.9999999999933         -0.54820249382951
2218                     -3.9636905524212         -4.9550854021453         -3.9999999999932         -0.54655122287202
2220                     -3.9636905085478         -4.9550853582719         -3.9999999999932         -0.54489995191454
2222                     -3.9636904605164         -4.9550853102405         -3.9999999999932         -0.54324868095706
2224                     -3.9636904076167         -4.9550852573408         -3.9999999999932         -0.54159740999958
2226                     -3.9636903490667         -4.9550851987908         -3.9999999999932         -0.5399461390421
2228                     -3.9636902840003         -4.9550851337244         -3.9999999999932         -0.53829486808462
2230                     -3.9636902114556         -4.9550850611797         -3.9999999999932         -0.53664359712714
2232                     -3.9636901303597         -4.9550849800838         -3.9999999999932         -0.53499232616965
2234                     -3.9636900395134         -4.9550848892375         -3.9999999999932         -0.53334105521217
2236                     -3.9636899375734         -4.9550847872975         -3.9999999999932         -0.53168978425469
2238                     -3.9636898230322         -4.9550846727563         -3.9999999999932         -0.53003851329721
2240                     -3.9636896941962         -4.9550845439203         -3.9999999999932         -0.52838724233973
2242                     -3.9636895491602         -4.9550843988843         -3.9999999999932         -0.52673597138225
2244                     -3.9636893857795         -4.9550842355036         -3.9999999999932         -0.52508470042476
2246                     -3.9636892016383         -4.9550840513624         -3.9999999999932         -0.52343342946728
2248                     -3.9636889940136         -4.9550838437377         -3.9999999999932         -0.5217821585098
2250                     -3.9636887598354         -4.9550836095595         -3.9999999999932         -0.52013088755232
2252                     -3.963688495641          -4.9550833453651         -3.9999999999932         -0.51847961659484
2254                     -3.9636881975237         -4.9550830472478         -3.9999999999931         -0.51682834563736
2256                     -3.9636878610756         -4.9550827107997         -3.9999999999931         -0.51517707467987
2258                     -3.9636874813218         -4.9550823310459         -3.9999999999931         -0.51352580372239
2260                     -3.9636870526472         -4.9550819023713         -3.9999999999931         -0.51187453276491
2262                     -3.9636865687135         -4.9550814184376         -3.9999999999931         -0.51022326180743
2264                     -3.9636860223653         -4.9550808720894         -3.9999999999931         -0.50857199084995
2266                     -3.9636854055249         -4.955080255249          -3.9999999999931         -0.50692071989247
2268                     -3.9636847090719         -4.955079558796          -3.9999999999931         -0.50526944893498
2270                     -3.9636839227096         -4.9550787724337         -3.9999999999931         -0.5036181779775
2272                     -3.9636830348119         -4.955077884536          -3.9999999999931         -0.50196690702002
2274                     -3.9636820322522         -4.9550768819763         -3.9999999999931         -0.50031563606254
2276                     -3.963680900209          -4.9550757499331         -3.9999999999931         -0.49866436510506
2278                     -3.9636796219474         -4.9550744716715         -3.9999999999931         -0.49701309414758
2280                     -3.9636781785713         -4.9550730282954         -3.9999999999931         -0.49536182319009
2282                     -3.9636765487452         -4.9550713984693         -3.9999999999931         -0.49371055223261
2284                     -3.9636747083786         -4.9550695581027         -3.9999999999931         -0.49205928127513
2286                     -3.9636726302704         -4.9550674799945         -3.9999999999931         -0.49040801031765
2288                     -3.9636702837078         -4.9550651334319         -3.9999999999931         -0.48875673936017
2290                     -3.963667634013          -4.9550624837371         -3.9999999999931         -0.48710546840269
2292                     -3.9636646420317         -4.9550594917558         -3.9999999999931         -0.4854541974452
2294                     -3.9636612635557         -4.9550561132798         -3.9999999999931         -0.48380292648772
2296                     -3.9636574486716         -4.9550522983957         -3.9999999999931         -0.48215165553024
2298                     -3.9636531410252         -4.9550479907493         -3.9999999999931         -0.48050038457276
2300                     -3.9636482769915         -4.9550431267156         -3.999999999993          -0.47884911361528
2302                     -3.9636427847388         -4.9550376344629         -3.999999999993          -0.47719784265779
2304                     -3.9636365831715         -4.9550314328956         -3.999999999993          -0.47554657170031
2306                     -3.9636295807387         -4.9550244304628         -3.999999999993          -0.47389530074283
2308                     -3.9636216740893         -4.9550165238134         -3.999999999993          -0.47224402978535
2310                     -3.9636127465554         -4.9550075962795         -3.999999999993          -0.47059275882787
2312                     -3.963602666442          -4.9549975161661         -3.999999999993          -0.46894148787039
2314                     -3.963591285099          -4.9549861348231         -3.999999999993          -0.4672902169129
2316                     -3.9635784347468         -4.9549732844709         -3.999999999993          -0.46563894595542
2318                     -3.9635639260265         -4.9549587757506         -3.999999999993          -0.46398767499794
2320                     -3.9635475452391         -4.9549423949632         -3.999999999993          -0.46233640404046
2322                     -3.9635290512358         -4.9549239009599         -3.999999999993          -0.46068513308298
2324                     -3.9635081719158         -4.9549030216399         -3.999999999993          -0.45903386212549
2326                     -3.9634846002843         -4.9548794500084         -3.999999999993          -0.45738259116801
2328                     -3.9634579900165         -4.9548528397406         -3.999999999993          -0.45573132021053
2330                     -3.9634279504685         -4.9548228001926         -3.999999999993          -0.45408004925305
2332                     -3.9633940410692         -4.9547888907933         -3.999999999993          -0.45242877829557
2334                     -3.9633557650188         -4.9547506147429         -3.999999999993          -0.45077750733809
2336                     -3.9633125622158         -4.9547074119399         -3.999999999993          -0.4491262363806
2338                     -3.96326380132           -4.9546586510441         -3.999999999993          -0.44747496542312
2340                     -3.963208770858          -4.9546036205821         -3.999999999993          -0.44582369446564
2342                     -3.9631466692622         -4.9545415189863         -3.999999999993          -0.44417242350816
2344                     -3.963076593729          -4.9544714434531         -3.999999999993          -0.44252115255068
2346                     -3.9629975277731         -4.9543923774972         -3.999999999993          -0.44086988159319
2348                     -3.9629083273428         -4.9543031770669         -3.999999999993          -0.43921861063571
2350                     -3.9628077053583         -4.9542025550824         -3.999999999993          -0.43756733967823
2352                     -3.9626942145238         -4.9540890642479         -3.999999999993          -0.43591606872075
2354                     -3.9625662282629         -4.953961077987          -3.999999999993          -0.43426479776327
2356                     -3.9624219196237         -4.9538167693478         -3.999999999993          -0.43261352680579
2358                     -3.9622592380034         -4.9536540877275         -3.999999999993          -0.4309622558483
2360                     -3.9620758835496         -4.9534707332737         -3.999999999993          -0.42931098489082
2362                     -3.9618692791119         -4.953264128836          -3.999999999993          -0.42765971393334
2364                     -3.9616365396405         -4.9530313893646         -3.999999999993          -0.42600844297586
2366                     -3.9613744389695         -4.9527692886936         -3.999999999993          -0.42435717201838
2368                     -3.9610793739687         -4.9524742236928         -3.999999999993          -0.4227059010609
2370                     -3.9607473261253         -4.9521421758494         -3.999999999993          -0.42105463010341
2372                     -3.960373820702          -4.9517686704261         -3.999999999993          -0.41940335914593
2374                     -3.9599538837448         -4.9513487334689         -3.999999999993          -0.41775208818845
2376                     -3.9594819973551         -4.9508768470792         -3.999999999993          -0.41610081723097
2378                     -3.9589520538297         -4.9503469035538         -3.999999999993          -0.41444954627349
2380                     -3.9583573094856         -4.9497521592097         -3.999999999993          -0.412798275316
2382                     -3.9576903392481         -4.9490851889722         -3.999999999993          -0.41114700435852
2384                     -3.9569429933639         -4.948337843088          -3.999999999993          -0.40949573340104
2386                     -3.956106357931          -4.9475012076551         -3.999999999993          -0.40784446244356
2388                     -3.9551707212641         -4.9465655709882         -3.999999999993          -0.40619319148608
2390                     -3.9541255484616         -4.9455203981857         -3.999999999993          -0.4045419205286
2392                     -3.9529594668415         -4.9443543165656         -3.999999999993          -0.40289064957111
2394                     -3.9516602651588         -4.9430551148829         -3.999999999993          -0.40123937861363
2396                     -3.9502149096497         -4.9416097593738         -3.999999999993          -0.39958810765615
2398                     -3.9486095799025         -4.9400044296266         -3.999999999993          -0.39793683669867
2400                     -3.9468297272907         -4.9382245770148         -3.999999999993          -0.39628556574119
2402                     -3.944860158141          -4.9362550078651         -3.999999999993          -0.39463429478371
2404                     -3.9426851429156         -4.9340799926397         -3.999999999993          -0.39298302382622
2406                     -3.9402885514354         -4.9316834011595         -3.999999999993          -0.39133175286874
2408                     -3.9376540125832         -4.9290488623073         -3.999999999993          -0.38968048191126
2410                     -3.9347650950801         -4.9261599448042         -3.999999999993          -0.38802921095378
2412                     -3.9316055039608         -4.9230003536849         -3.999999999993          -0.3863779399963
2414                     -3.9281592854951         -4.9195541352192         -3.999999999993          -0.38472666903882
2416                     -3.924411031753          -4.9158058814771         -3.999999999993          -0.38307539808133
2418                     -3.9203460750603         -4.9117409247844         -3.999999999993          -0.38142412712385
2420                     -3.9159506624535         -4.9073455121776         -3.999999999993          -0.37977285616637
2422                     -3.9112121010623         -4.9026069507864         -3.999999999993          -0.37812158520889
2424                     -3.906118867118          -4.8975137168421         -3.999999999993          -0.37647031425141
2426                     -3.9006606738544         -4.8920555235785         -3.999999999993          -0.37481904329393
2428                     -3.8948284966446         -4.8862233463687         -3.999999999993          -0.37316777233644
2430                     -3.8886145569038         -4.8800094066279         -3.999999999993          -0.37151650137896
2432                     -3.8820122691881         -4.8734071189122         -3.999999999993          -0.36986523042148
2434                     -3.8750161581785         -4.8664110079026         -3.999999999993          -0.368213959464
2436                     -3.8676217536261         -4.8590166033502         -3.999999999993          -0.36656268850652
2438                     -3.8598254717944         -4.8512203215185         -3.999999999993          -0.36491141754904
2440                     -3.8516244915172         -4.8430193412413         -3.999999999993          -0.36326014659155
2442                     -3.8430166319126         -4.8344114816367         -3.999999999993          -0.36160887563407
2444                     -3.8340002372806         -4.8253950870047         -3.999999999993          -0.35995760467659
2446                     -3.8245740730382         -4.8159689227623         -3.999999999993          -0.35830633371911
2448                     -3.8147372349194         -4.8061320846435         -3.999999999993          -0.35665506276163
2450                     -3.8044890722564         -4.7958839219805         -3.999999999993          -0.35500379180415
2452                     -3.7938291250466         -4.7852239747707         -3.999999999993          -0.35335252084666
2454                     -3.7827570737343         -4.7741519234584         -3.999999999993          -0.35170124988918
2456                     -3.7712727001638         -4.7626675498879         -3.999999999993          -0.3500499789317
2458                     -3.759375857962          -4.7507707076861         -3.999999999993          -0.34839870797422
2460                     -3.7470664505964         -4.7384613003205         -3.999999999993          -0.34674743701674
2462                     -3.7343444154866         -4.7257392652107         -3.999999999993          -0.34509616605925
2464                     -3.7212097127495         -4.7126045624736         -3.999999999993          -0.34344489510177
2466                     -3.7076623173955         -4.6990571671196         -3.999999999993          -0.34179362414429
2468                     -3.6937022140298         -4.6850970637539         -3.999999999993          -0.34014235318681
2470                     -3.6793293933269         -4.670724243051          -3.999999999993          -0.33849108222933
2472                     -3.6645438497325         -4.6559386994566         -3.999999999993          -0.33683981127185
2474                     -3.6493455799929         -4.640740429717          -3.999999999993          -0.33518854031436
2476                     -3.6337345822342         -4.6251294319583         -3.999999999993          -0.33353726935688
2478                     -3.6177108553947         -4.6091057051188         -3.9999999999929         -0.3318859983994
2480                     -3.6012743988829         -4.592669248607          -3.9999999999929         -0.33023472744192
2482                     -3.5844252123747         -4.5758200620988         -3.9999999999929         -0.32858345648444
2484                     -3.5671632956954         -4.5585581454195         -3.9999999999927         -0.32693218552695
2486                     -3.5494886487524         -4.5408834984765         -3.9999999999925         -0.32528091456947
2488                     -3.5314012714975         -4.5227961212216         -3.9999999999921         -0.32362964361199
2490                     -3.5129011639059         -4.50429601363           -3.9999999999913         -0.32197837265451
2492                     -3.493988325965          -4.4853831756891         -3.9999999999895         -0.32032710169703
2494                     -3.4746627576687         -4.4660576073928         -3.9999999999858         -0.31867583073955
2496                     -3.454924459014          -4.4463193087381         -3.999999999978          -0.31702455978206
2498                     -3.4347734299993         -4.4261682797234         -3.9999999999611         -0.31537328882458
2500                     -3.4142096706241         -4.4056045203482         -3.999999999924          -0.3137220178671
2502                     -3.3932331808879         -4.384628030612          -3.9999999998416         -0.31207074690962
2504                     -3.3718439607907         -4.3632388105148         -3.9999999996551         -0.31041947595214
2506                     -3.3500420103324         -4.3414368600565         -3.9999999992265         -0.30876820499465
2508                     -3.3278273295129         -4.319222179237          -3.9999999982255         -0.30711693403717
2510                     -3.3051999183323         -4.2965947680564         -3.9999999958506         -0.30546566307969
2512                     -3.2821597767904         -4.2735546265145         -3.9999999901253         -0.30381439212221
2514                     -3.2587069048874         -4.2501017546115         -3.9999999761015         -0.30216312116473
2516                     -3.2348413026233         -4.2262361523474         -3.9999999412006         -0.30051185020725
2518                     -3.2105629699979         -4.201957819722          -3.9999998529493         -0.29886057924976
2520                     -3.1858719070114         -4.1772667567355         -3.9999996262163         -0.29720930829228
2522                     -3.1607681136637         -4.1521629633878         -3.99999903436           -0.2955580373348
2524                     -3.1352515899548         -4.1266464396789         -3.9999974646462         -0.29390676637732
2526                     -3.1093223358848         -4.1007171856089         -3.9999932349176         -0.29225549541984
2528                     -3.0829803514536         -4.0743752011777         -3.9999816564519         -0.29060422446235
2530                     -3.0562256366612         -4.0476204863853         -3.9999494664955         -0.28895295350487
2532                     -3.0290581915076         -4.0204530412317         -3.9998586443144         -0.28730168254739
2534                     -3.0014780159929         -3.992872865717          -3.9995991544432         -0.28565041158991
2536                     -2.973485110117          -3.9648799598411         -3.9988531035483         -0.28399914063243
2538                     -2.9450794738799         -3.936474323604          -3.9967333319347         -0.28234786967494
2540                     -2.9162611072816         -3.9076559570057         -3.9938155120206         -0.28069659871746
2542                     -2.8870300103222         -3.8784248600463         -3.9908976921065         -0.27904532775998
2544                     -2.8573861830015         -3.8487810327256         -3.9879798721925         -0.2773940568025
2546                     -2.8273296253198         -3.8187244750439         -3.9850620522784         -0.27574278584502
2548                     -2.7968603372768         -3.7882551870009         -3.9821442323644         -0.27409151488754
2550                     -2.7048405350392         -3.8769808170441         -3.9792264124503         -0.27244024393005
2552                     -2.6103972344763         -3.963282948762          -3.9725509381679         -0.2691651461384
2554                     -2.5770630180987         -3.9299487323845         -3.9658754638855         -0.26589004834675
2556                     -2.543700102073          -3.8965858163587         -3.9591999896031         -0.2626149505551
2558                     -2.5103084863991         -3.8631942006848         -3.9525245153207         -0.25933985276345
2560                     -2.4768881710769         -3.8297738853627         -3.9458490410384         -0.2560647549718
2562                     -2.4434391561066         -3.7963248703924         -3.939173566756          -0.25278965718015
2564                     -2.4099614414882         -3.7628471557739         -3.9324980924736         -0.2495145593885
2566                     -2.3764550272215         -3.7293407415072         -3.9258226181912         -0.24623946159685
2568                     -2.3429199133066         -3.6958056275923         -3.9191471439088         -0.2429643638052
2570                     -2.3093560997436         -3.6622418140293         -3.9124716696264         -0.23968926601355
2572                     -2.2757635865324         -3.6286493008181         -3.905796195344          -0.2364141682219
2574                     -2.242142373673          -3.5950280879587         -3.8991207210616         -0.23313907043025
2576                     -2.2084924611654         -3.5613781754511         -3.8924452467793         -0.2298639726386
2578                     -2.1748138490096         -3.5276995632953         -3.8857697724969         -0.22658887484695
2580                     -2.1411065372057         -3.4939922514914         -3.8790942982145         -0.2233137770553
2582                     -2.1073705257535         -3.4602562400392         -3.8724188239321         -0.22003867926364
2584                     -2.0736058146532         -3.4264915289389         -3.8657433496497         -0.21676358147199
2586                     -2.0398124039047         -3.3926981181904         -3.8590678753673         -0.21348848368034
2588                     -2.005990293508          -3.3588760077937         -3.8523924010849         -0.21021338588869
2590                     -1.9721394834631         -3.3250251977488         -3.8457169268026         -0.20693828809704
2592                     -1.9382599737701         -3.2911456880558         -3.8390414525202         -0.20366319030539
2594                     -1.9043517644288         -3.2572374787146         -3.8323659782378         -0.20038809251374
2596                     -1.8704148554394         -3.2233005697251         -3.8256905039554         -0.19711299472209
2598                     -1.8364492468018         -3.1893349610875         -3.819015029673          -0.19383789693044
2600                     -1.802454938516          -3.1553406528017         -3.8123395553906         -0.19056279913879
2602                     -1.7684319305821         -3.1213176448678         -3.8056640811082         -0.18728770134714
2604                     -1.7343802229999         -3.0872659372856         -3.7989886068259         -0.18401260355549
2606                     -1.7002998157696         -3.0531855300553         -3.7923131325435         -0.18073750576384
2608                     -1.666190708891          -3.0190764231768         -3.7856376582611         -0.17746240797219
2610                     -1.6320529023643         -2.98493861665           -3.7789621839787         -0.17418731018054
2612                     -1.5978863961894         -2.9507721104752         -3.7722867096963         -0.17091221238889
2614                     -1.5636911903664         -2.9165769046521         -3.7656112354139         -0.16763711459724
2616                     -1.5294672848951         -2.8823529991808         -3.7589357611315         -0.16436201680558
2618                     -1.4952146797757         -2.8481003940614         -3.7522602868492         -0.16108691901393
2620                     -1.460933375008          -2.8138190892938         -3.7455848125668         -0.15781182122228
2622                     -1.4266233705922         -2.779509084878          -3.7389093382844         -0.15453672343063
2624                     -1.3922846665282         -2.745170380814          -3.732233864002          -0.15126162563898
2626                     -1.3579172628161         -2.7108029771018         -3.7255583897196         -0.14798652784733
2628                     -1.3235211594557         -2.6764068737414         -3.7188829154372         -0.14471143005568
2630                     -1.2890963564472         -2.6419820707329         -3.7122074411549         -0.14143633226403
2632                     -1.2546428537904         -2.6075285680762         -3.7055319668725         -0.13816123447238
2634                     -1.2201606514855         -2.5730463657712         -3.6988564925901         -0.13488613668073
2636                     -1.1856497495324         -2.5385354638182         -3.6921810183077         -0.13161103888908
2638                     -1.1511101479312         -2.5039958622169         -3.6855055440253         -0.12833594109743
2640                     -1.1165418466817         -2.4694275609674         -3.6788300697429         -0.12506084330578
2642                     -1.0819448457841         -2.4348305600698         -3.6721545954605         -0.12178574551413
2644                     -1.0473191452382         -2.4002048595239         -3.6654791211782         -0.11851064772248
2646                     -1.0126647450442         -2.3655504593299         -3.6588036468958         -0.11523554993083
2648                     -0.97798164520203        -2.3308673594877         -3.6521281726134         -0.11196045213918
2650                     -0.94326984571165        -2.2961555599974         -3.645452698331          -0.10868535434752
2652                     -0.90852934657309        -2.2614150608588         -3.6387772240486         -0.10541025655587
2654                     -0.87376014778634        -2.2266458620721         -3.6321017497662         -0.10213515876422
2656                     -0.83896224935141        -2.1918479636371         -3.6254262754838         -0.098860060972573
2658                     -0.8041356512683         -2.157021365554          -3.6187508012015         -0.095584963180923
2660                     -0.769280353537          -2.1221660678227         -3.6120753269191         -0.092309865389272
2662                     -0.73439635615752        -2.0872820704432         -3.6053998526367         -0.089034767597621
2664                     -0.69948365912986        -2.0523693734156         -3.5987243783543         -0.085759669805971
2666                     -0.66454226245401        -2.0174279767397         -3.5920489040719         -0.08248457201432
2668                     -0.62957216612998        -1.9824578804157         -3.5853734297895         -0.07920947422267
2670                     -0.59457337015777        -1.9474590844435         -3.5786979555071         -0.075934376431019
2672                     -0.55954587453737        -1.9124315888231         -3.5720224812248         -0.072659278639368
2674                     -0.52448967926879        -1.8773753935545         -3.5653470069424         -0.069384180847718
2676                     -0.48940478435203        -1.8422904986377         -3.55867153266           -0.066109083056067
2678                     -0.45429118978708        -1.8071769040728         -3.5519960583776         -0.062833985264417
2680                     -0.41914889557395        -1.7720346098597         -3.5453205840952         -0.059558887472766
2682                     -0.38397790171263        -1.7368636159983         -3.5386451098128         -0.056283789681115
2684                     -0.34877820820313        -1.7016639224888         -3.5319696355304         -0.053008691889465
2686                     -0.31354981504545        -1.6664355293312         -3.5252941612481         -0.049733594097814
2688                     -0.27829272223959        -1.6311784365253         -3.5186186869657         -0.046458496306164
2690                     -0.24300692978554        -1.5958926440713         -3.5119432126833         -0.043183398514513
2692                     -0.20769243768331        -1.560578151969          -3.5052677384009         -0.039908300722862
2694                     -0.17234924593289        -1.5252349602186         -3.4985922641185         -0.036633202931212
2696                     -0.13697735453429        -1.48986306882           -3.4919167898361         -0.033358105139561
2698                     -0.10157676348751        -1.4544624777732         -3.4852413155537         -0.030083007347911
2700                     -0.066147472792545       -1.4190331870783         -3.4785658412714         -0.02680790955626
2702                     -0.030689482449395       -1.3835751967351         -3.471890366989          -0.023532811764609
2704                     0.0047972075419382       -1.3480885067438         -3.4652148927066         -0.020257713972959
2706                     0.040312597181455        -1.3125731171043         -3.4585394184242         -0.016982616181308
2708                     0.075856686469156        -1.2770290278166         -3.4518639441418         -0.013707518389658
2710                     0.11142947540504         -1.2414562388807         -3.4451884698594         -0.010432420598007
2712                     0.14703096398911         -1.2058547502966         -3.438512995577          -0.0071573228063564
2714                     0.18266115222136         -1.1702245620644         -3.4318375212947         -0.0038822250147058
2716                     0.21832004010179         -1.1345656741839         -3.4251620470123         -0.0010129137766139
2718                     0.25400762763041         -1.0988780866553         -3.4184865727299         -0.00025681445390706
2720                     0.28972391480721         -1.0631617994785         -3.4118110984475         -6.458075831566e-05
2722                     0.3254689016322          -1.0274168126535         -3.4051356241651         -1.6192847115083e-05
2724                     0.36124258810537         -0.99164312618035        -3.3984601498827         -4.0536970939844e-06
2726                     0.39704497422672         -0.955840740059          -3.3917846756003         -1.0134214266878e-06
2728                     0.43287605999625         -0.92000965428946        -3.385109201318          -2.5293029528269e-07
2730                     0.46873584541397         -0.88414986887174        -3.3784337270356         -6.2919713137895e-08
2732                     0.50462433047988         -0.84826138380584        -3.3717582527532         -1.5498204032606e-08
2734                     0.54054151519396         -0.81234419909175        -3.3650827784708         -3.6762361104428e-09
2736                     0.57648739955624         -0.77639831472948        -3.3584073041884         -7.3234511290324e-10
2738                     0.6124619835667          -0.74042373071901        -3.351731829906          -7.4852458845304e-14
2740                     0.58802492352741         -0.58617724412129        -3.3450563556236         -6.9748739943851e-15
2741.9548839583          0.55907822357693         -0.43231662614717        -3.342204355952          -2.9043675274026e-15
2743.8115212149          0.59033757793391         -0.40105727179019        -3.3394956893717         -1.8926907233601e-15
2745.5748493593          0.62004732353684         -0.37134752618726        -3.3369231523844         -1.5924821592293e-15
2747.2495578322          0.64828326217905         -0.34311158754505        -3.3344799035182         -1.4981633222316e-15
2748.8401003969          0.67511762095626         -0.31627722876784        -3.3321594451335         -1.4668757596641e-15
2750.3507069837          0.70061925244181         -0.29077559728229        -3.3299556061428         -1.4559462056968e-15
2751.7853949391          0.72485387384353         -0.26654097588057        -3.3278625255995         -1.451935672201e-15
2753.1479797095          0.74788438758089         -0.24351046214321        -3.3258746371106         -1.4503935093496e-15
2754.4420849884          0.76977135639066         -0.22162349333344        -3.3239866540338         -1.449773514666e-15
2755.671152353           0.79057375184728         -0.20082109787682        -3.3221935554177         -1.44951349293e-15
2756.8384504171          0.81035015912556         -0.18104469059854        -3.3204905726491         -1.4493999790495e-15
2757.9470835235          0.82916070476405         -0.16223414496005        -3.3188731767715         -1.4493485086696e-15
2759                     0.84707007928697         -0.14432477043713        -3.3173370664401         -1.4493243234158e-15
2760                     0.92528994131825         -0.24685034068666        -3.3158781564831         -1.4493068016633e-15
2761                     1.0044458400041          -0.34843987428165        -3.3125404193419         -1.4492361560598e-15
2762                     1.021775202838           -0.33111051144774        -3.3092026822007         -1.4090092730112e-15
2763                     1.0384158514075          -0.31446986287819        -3.3058649450595         -1.3880673774919e-15
2764                     1.0543678555452          -0.29851785874055        -3.3025272079183         -1.3768726021092e-15
2765                     1.0696313408145          -0.28325437347121        -3.2991894707771         -1.3707277359989e-15
2766                     1.0842065266579          -0.26867918762781        -3.2958517336359         -1.3672643271533e-15
2767                     1.0980937857746          -0.25479192851116        -3.2925139964947         -1.365259928781e-15
2768                     1.1112937332026          -0.24159198108314        -3.2891762593535         -1.3640688385181e-15
2769                     1.1238073549256          -0.2290783593601         -3.2858385222123         -1.3633421102879e-15
2770                     1.1356361861806          -0.2172495281051         -3.2825007850712         -1.3628868655987e-15
2771                     1.146782548267           -0.20610316601867        -3.27916304793           -1.3625940926363e-15
2772                     1.1572498488059          -0.19563586547986        -3.2758253107888         -1.3624008146249e-15
2773                     1.1670429435704          -0.18584277071534        -3.2724875736476         -1.3622698571083e-15
2774                     1.176168548266           -0.17671716601969        -3.2691498365064         -1.3621788074226e-15
2775                     1.1846356768748          -0.16825003741095        -3.2658120993652         -1.3621138699543e-15
2776                     1.1924560712778          -0.16042964300796        -3.262474362224          -1.3620663793163e-15
2777                     1.1996445774933          -0.15324113679243        -3.2591366250828         -1.3620307838631e-15
2778                     1.2062194199077          -0.14666629437797        -3.2557988879416         -1.3620034576889e-15
2779                     1.212202328583           -0.14068338570269        -3.2524611508004         -1.3619819879265e-15
2780                     1.2176184868004          -0.13526722748533        -3.2491234136593         -1.3619647395652e-15
2781                     1.2224962850717          -0.13038942921398        -3.2457856765181         -1.3619505851152e-15
2782                     1.2268668905769          -0.12601882370876        -3.2424479393769         -1.3619387338416e-15
2783                     1.2307636629216          -0.1221220513641         -3.2391102022357         -1.3619286221301e-15
2784                     1.2342214639727          -0.11866425031297        -3.2357724650945         -1.3619198419823e-15
2785                     1.2372759184237          -0.11560979586204        -3.2324347279533         -1.3619120936635e-15
2786                     1.2399626818318          -0.11292303245392        -3.2290969908121         -1.3619051538773e-15
2787                     1.2423167653496          -0.11056894893612        -3.2257592536709         -1.3618988540697e-15
2788                     1.2443719537807          -0.10851376050504        -3.2224215165297         -1.3618930654308e-15
2789                     1.2461603389478          -0.1067253753379         -3.2190837793886         -1.3618876883881e-15
2790                     1.2477119763247          -0.10517373796097        -3.2157460422474         -1.3618826451497e-15
2791                     1.2490546612916          -0.10383105299415        -3.2124083051062         -1.3618778743453e-15
2792                     1.2502138131078          -0.10267190117794        -3.209070567965          -1.3618733271279e-15
2793                     1.2512124498287          -0.10167326445698        -3.2057328308238         -1.361868964304e-15
2794                     1.2520712354536          -0.10081447883214        -3.2023950936826         -1.3618647541972e-15
2795                     1.2528085808613          -0.10007713342446        -3.1990573565414         -1.3618606710399e-15
2796                     1.2534407818027          -0.099444932482989       -3.1957196194002         -1.3618566937497e-15
2797                     1.253982179705           -0.098903534580712       -3.192381882259          -1.3618528049895e-15
2798                     1.254445333798           -0.098440380487703       -3.1890441451178         -1.3618489904377e-15
2799                     1.254841195752           -0.098044518533687       -3.1857064079767         -1.361845238217e-15
2800                     1.2551792804103          -0.097706433875366       -3.1823686708355         -1.3618415384433e-15
2801                     1.255467828223           -0.097417886062696       -3.1790309336943         -1.3618378828665e-15
2802                     1.2557139566124          -0.097171757673285       -3.1756931965531         -1.3618342645823e-15
2803                     1.2559237987541          -0.096961915531643       -3.1723554594119         -1.3618306777999e-15
2804                     1.2561026291828          -0.0967830851029         -3.1690177222707         -1.3618271176528e-15
2805                     1.2562549762924          -0.096630737993278       -3.1656799851295         -1.3618235800446e-15
2806                     1.256384722239           -0.096500992046734       -3.1623422479883         -1.3618200615219e-15
2807                     1.2564951910366          -0.096390523249127       -3.1590045108471         -1.3618165591699e-15
2808                     1.2565892257902          -0.09629648849547        -3.155666773706          -1.3618130705261e-15
2809                     1.2566692560776          -0.096216458208115       -3.1523290365648         -1.3618095935077e-15
2810                     1.2567373564988          -0.096148357786921       -3.1489912994236         -1.361806126352e-15
2811                     1.2567952973797          -0.096090416906047       -3.1456535622824         -1.3618026675662e-15
2812                     1.256844588555           -0.096041125730751       -3.1423158251412         -1.3617992158854e-15
2813                     1.2568865170854          -0.095999197200299       -3.138978088             -1.361795770237e-15
2814                     1.2569221796835          -0.095963534602179       -3.1356403508588         -1.3617923297115e-15
2815                     1.2569525105429          -0.09593320374283        -3.1323026137176         -1.3617888935372e-15
2816                     1.256978305188           -0.095907409097764       -3.1289648765764         -1.3617854610591e-15
2817                     1.2570002408887          -0.095885473396965       -3.1256271394352         -1.3617820317211e-15
2818                     1.2570188941169          -0.09586682016881        -3.1222894022941         -1.3617786050513e-15
2819                     1.2570347554589          -0.095850958826822       -3.1189516651529         -1.3617751806486e-15
2820                     1.2570482423474          -0.095837471938274       -3.1156139280117         -1.3617717581725e-15
2821                     1.2570597099234          -0.095826004362288       -3.1122761908705         -1.3617683373337e-15
2822                     1.2570694602979          -0.095816253987841       -3.1089384537293         -1.3617649178865e-15
2823                     1.2570777504461          -0.095807963839602       -3.1056007165881         -1.361761499622e-15
2824                     1.2570847989335          -0.095800915352178       -3.1022629794469         -1.3617580823627e-15
2825                     1.257090791644           -0.095794922641711       -3.0989252423057         -1.3617546659579e-15
2826                     1.2570958866574          -0.095789827628274       -3.0955875051645         -1.3617512502794e-15
2827                     1.257100218402           -0.095785495883691       -3.0922497680234         -1.3617478352182e-15
2828                     1.2571039011881          -0.095781813097584       -3.0889120308822         -1.3617444206819e-15
2829                     1.2571070322156          -0.09577868207013        -3.085574293741          -1.3617410065917e-15
2830                     1.2571096941323          -0.09577602015337        -3.0822365565998         -1.3617375928806e-15
2831                     1.2571119572113          -0.095773757074458       -3.0788988194586         -1.361734179492e-15
2832                     1.2571138812017          -0.095771833084009       -3.0755610823174         -1.3617307663774e-15
2833                     1.2571155169046          -0.095770197381144       -3.0722233451762         -1.3617273534958e-15
2834                     1.2571169075117          -0.095768806773982       -3.068885608035          -1.3617239408122e-15
2835                     1.2571180897453          -0.095767624540452       -3.0655478708938         -1.361720528297e-15
2836                     1.2571190948262          -0.095766619459527       -3.0622101337527         -1.3617171159249e-15
2837                     1.2571199492983          -0.09576576498741        -3.0588723966115         -1.3617137036745e-15
2838                     1.2571206757287          -0.095765038557028       -3.0555346594703         -1.3617102915276e-15
2839                     1.2571212933033          -0.095764420982383       -3.0521969223291         -1.3617068794685e-15
2840                     1.2571218183336          -0.095763895952085       -3.0488591851879         -1.3617034674843e-15
2841                     1.257122264687           -0.095763449598726       -3.0455214480467         -1.3617000555635e-15
2842                     1.257122644153           -0.095763070132741       -3.0421837109055         -1.3616966436969e-15
2843                     1.2571229667546          -0.09576274753111        -3.0388459737643         -1.3616932318761e-15
2844                     1.257123241013           -0.095762473272685       -3.0355082366231         -1.3616898200944e-15
2845                     1.2571234741726          -0.095762240113164       -3.032170499482          -1.3616864083459e-15
2846                     1.2571236723919          -0.09576204189378        -3.0288327623408         -1.3616829966256e-15
2847                     1.2571238409071          -0.095761873378644       -3.0254950251996         -1.3616795849293e-15
2848                     1.2571239841693          -0.095761730116464       -3.0221572880584         -1.3616761732534e-15
2849                     1.2571241059627          -0.095761608322975       -3.0188195509172         -1.3616727615948e-15
2850                     1.2571242095047          -0.095761504780993       -3.015481813776          -1.361669349951e-15
2851                     1.2571242975303          -0.095761416755434       -3.0121440766348         -1.3616659383197e-15
2852                     1.2571243723646          -0.095761341921078       -3.0088063394936         -1.3616625266991e-15
2853                     1.2571244359846          -0.095761278301147       -3.0054686023524         -1.3616591150875e-15
2854                     1.2571244900706          -0.095761224215091       -3.0021308652113         -1.3616557034836e-15
2855                     1.2571245360515          -0.095761178234202       -2.9987931280701         -1.3616522918863e-15
2856                     1.2571245751418          -0.095761139143866       -2.9954553909289         -1.3616488802945e-15
2857                     1.2571246083742          -0.095761105911491       -2.9921176537877         -1.3616454687075e-15
2858                     1.2571246366265          -0.095761077659221       -2.9887799166465         -1.3616420571245e-15
2859                     1.257124660645           -0.095761053640754       -2.9854421795053         -1.3616386455449e-15
2860                     1.2571246810641          -0.095761033221626       -2.9821044423641         -1.3616352339682e-15
2861                     1.2571246984233          -0.095761015862451       -2.9787667052229         -1.361631822394e-15
2862                     1.257124713181           -0.095761001104673       -2.9754289680817         -1.3616284108218e-15
2863                     1.2571247257273          -0.095760988558455       -2.9720912309406         -1.3616249992515e-15
2864                     1.2571247363933          -0.095760977892379       -2.9687534937994         -1.3616215876827e-15
2865                     1.257124745461           -0.095760968824692       -2.9654157566582         -1.3616181761152e-15
2866                     1.2571247531699          -0.095760961115864       -2.962078019517          -1.3616147645488e-15
2867                     1.2571247597235          -0.09576095456226        -2.9587402823758         -1.3616113529833e-15
2868                     1.257124765295           -0.095760948990762       -2.9554025452346         -1.3616079414186e-15
2869                     1.2571247700315          -0.095760944254193       -2.9520648080934         -1.3616045298546e-15
2870                     1.2571247740583          -0.095760940227434       -2.9487270709522         -1.3616011182911e-15
2871                     1.2571247774816          -0.095760936804114       -2.945389333811          -1.3615977067282e-15
2872                     1.2571247803919          -0.095760933893804       -2.9420515966699         -1.3615942951656e-15
2873                     1.2571247828661          -0.095760931419625       -2.9387138595287         -1.3615908836034e-15
2874                     1.2571247849695          -0.09576092931622        -2.9353761223875         -1.3615874720415e-15
2875                     1.2571247867577          -0.095760927528026       -2.9320383852463         -1.3615840604799e-15
2876                     1.2571247882779          -0.095760926007806       -2.9287006481051         -1.3615806489185e-15
2877                     1.2571247895703          -0.095760924715402       -2.9253629109639         -1.3615772373572e-15
2878                     1.257124790669           -0.095760923616674       -2.9220251738227         -1.3615738257962e-15
2879                     1.2571247916031          -0.095760922682599       -2.9186874366815         -1.3615704142352e-15
2880                     1.2571247923972          -0.095760921888502       -2.9153496995403         -1.3615670026744e-15
2881                     1.2571247930723          -0.095760921213406       -2.9120119623992         -1.3615635911136e-15
2882                     1.2571247936462          -0.095760920639478       -2.908674225258          -1.361560179553e-15
2883                     1.2571247941342          -0.095760920151557       -2.9053364881168         -1.3615567679924e-15
2884                     1.257124794549           -0.095760919736755       -2.9019987509756         -1.3615533564319e-15
2885                     1.2571247949016          -0.095760919384114       -2.8986610138344         -1.3615499448714e-15
2886                     1.2571247952014          -0.095760919084319       -2.8953232766932         -1.3615465333109e-15
2887                     1.2571247954563          -0.095760918829451       -2.891985539552          -1.3615431217505e-15
2888                     1.2571247956729          -0.095760918612776       -2.8886478024108         -1.3615397101902e-15
2889                     1.2571247958571          -0.095760918428571       -2.8853100652696         -1.3615362986298e-15
2890                     1.2571247960137          -0.095760918271972       -2.8819723281285         -1.3615328870695e-15
2891                     1.2571247961469          -0.095760918138839       -2.8786345909873         -1.3615294755092e-15
2892                     1.2571247962601          -0.095760918025658       -2.8752968538461         -1.3615260639489e-15
2893                     1.2571247963563          -0.095760917929438       -2.8719591167049         -1.3615226523887e-15
2894                     1.2571247964381          -0.095760917847637       -2.8686213795637         -1.3615192408284e-15
2895                     1.2571247965076          -0.095760917778094       -2.8652836424225         -1.3615158292681e-15
2896                     1.2571247965667          -0.095760917718973       -2.8619459052813         -1.3615124177079e-15
2897                     1.257124796617           -0.095760917668712       -2.8586081681401         -1.3615090061477e-15
2898                     1.2571247966597          -0.095760917625983       -2.8552704309989         -1.3615055945874e-15
2899                     1.2571247966961          -0.095760917589657       -2.8519326938578         -1.3615021830272e-15
2900                     1.2571247967269          -0.095760917558775       -2.8485949567166         -1.361498771467e-15
2901                     1.2571247967532          -0.09576091753252        -2.8452572195754         -1.3614953599068e-15
2902                     1.2571247967755          -0.095760917510201       -2.8419194824342         -1.3614919483466e-15
2903                     1.2571247967945          -0.095760917491225       -2.838581745293          -1.3614885367864e-15
2904                     1.2571247968106          -0.095760917475094       -2.8352440081518         -1.3614851252261e-15
2905                     1.2571247968243          -0.095760917461379       -2.8319062710106         -1.3614817136659e-15
2906                     1.257124796836           -0.09576091744972        -2.8285685338694         -1.3614783021057e-15
2907                     1.2571247968459          -0.095760917439808       -2.8252307967282         -1.3614748905455e-15
2908                     1.2571247968543          -0.095760917431382       -2.821893059587          -1.3614714789853e-15
2909                     1.2571247968615          -0.095760917424218       -2.8185553224459         -1.3614680674251e-15
2910                     1.2571247968676          -0.095760917418128       -2.8152175853047         -1.3614646558649e-15
2911                     1.2571247968728          -0.09576091741295        -2.8118798481635         -1.3614612443047e-15
2912                     1.2571247968772          -0.095760917408549       -2.8085421110223         -1.3614578327445e-15
2913                     1.2571247968809          -0.095760917404807       -2.8052043738811         -1.3614544211843e-15
2914                     1.2571247968841          -0.095760917401625       -2.8018666367399         -1.3614510096241e-15
2915                     1.2571247968868          -0.095760917398921       -2.7985288995987         -1.3614475980639e-15
2916                     1.2571247968891          -0.095760917396622       -2.7951911624575         -1.3614441865037e-15
2917                     1.257124796891           -0.095760917394667       -2.7918534253163         -1.3614407749435e-15
2918                     1.2571247968927          -0.095760917393006       -2.7885156881751         -1.3614373633833e-15
2919                     1.2571247968941          -0.095760917391593       -2.7851779510339         -1.3614339518231e-15
2920                     1.2571247968953          -0.095760917390392       -2.7818402138928         -1.3614305402629e-15
2921                     1.2571247968963          -0.095760917389371       -2.7785024767516         -1.3614271287027e-15
2922                     1.2571247968972          -0.095760917388503       -2.7751647396104         -1.3614237171425e-15
2923                     1.2571247968979          -0.095760917387765       -2.7718270024692         -1.3614203055823e-15
2924                     1.2571247968986          -0.095760917387137       -2.768489265328          -1.3614168940221e-15
2925                     1.2571247968991          -0.095760917386604       -2.7651515281868         -1.3614134824619e-15
2926                     1.2571247968996          -0.095760917386151       -2.7618137910456         -1.3614100709017e-15
2927                     1.2571247968999          -0.095760917385765       -2.7584760539044         -1.3614066593415e-15
2928                     1.2571247969003          -0.095760917385437       -2.7551383167632         -1.3614032477813e-15
2929                     1.2571247969006          -0.095760917385159       -2.751800579622          -1.3613998362211e-15
2930                     1.2571247969008          -0.095760917384922       -2.7484628424809         -1.3613964246609e-15
2931                     1.257124796901           -0.09576091738472        -2.7451251053397         -1.3613930131008e-15
2932                     1.2571247969012          -0.095760917384549       -2.7417873681985         -1.3613896015406e-15
2933                     1.2571247969013          -0.095760917384404       -2.7384496310573         -1.3613861899804e-15
2934                     1.2571247969014          -0.09576091738428        -2.7351118939161         -1.3613827784202e-15
2935                     1.2571247969015          -0.095760917384174       -2.7317741567749         -1.36137936686e-15
2936                     1.2571247969016          -0.095760917384085       -2.7284364196337         -1.3613759552998e-15
2937                     1.2571247969017          -0.095760917384009       -2.7250986824925         -1.3613725437396e-15
2938                     1.2571247969018          -0.095760917383945       -2.7217609453513         -1.3613691321794e-15
2939                     1.2571247969018          -0.09576091738389        -2.7184232082102         -1.3613657206192e-15
2940                     1.2571247969019          -0.095760917383843       -2.715085471069          -1.361362309059e-15
2941                     1.2571247969019          -0.095760917383804       -2.7117477339278         -1.3613588974988e-15
2942                     1.2571247969019          -0.09576091738377        -2.7084099967866         -1.3613554859386e-15
2943                     1.257124796902           -0.095760917383741       -2.7050722596454         -1.3613520743784e-15
2944                     1.257124796902           -0.095760917383717       -2.7017345225042         -1.3613486628182e-15
2945                     1.257124796902           -0.095760917383696       -2.698396785363          -1.361345251258e-15
2946                     1.257124796902           -0.095760917383679       -2.6950590482218         -1.3613418396978e-15
2947                     1.2571247969021          -0.095760917383664       -2.6917213110806         -1.3613384281376e-15
2948                     1.2571247969021          -0.095760917383651       -2.6883835739394         -1.3613350165774e-15
2949                     1.2571247969021          -0.09576091738364        -2.6850458367983         -1.3613316050172e-15
2950                     1.2571247969021          -0.095760917383631       -2.6817080996571         -1.361328193457e-15
2951                     1.2571247969021          -0.095760917383623       -2.6783703625159         -1.3613247818968e-15
2952                     1.2571247969021          -0.095760917383617       -2.6750326253747         -1.3613213703366e-15
2953                     1.2571247969021          -0.095760917383611       -2.6716948882335         -1.3613179587764e-15
2954                     1.2571247969021          -0.095760917383606       -2.6683571510923         -1.3613145472162e-15
2955                     1.2571247969021          -0.095760917383602       -2.6650194139511         -1.361311135656e-15
2956                     1.2571247969021          -0.095760917383599       -2.6616816768099         -1.3613077240958e-15
2957                     1.2571247969021          -0.095760917383596       -2.6583439396687         -1.3613043125356e-15
2958                     1.2571247969021          -0.095760917383593       -2.6550062025275         -1.3613009009754e-15
2959                     1.2571247969021          -0.095760917383591       -2.6516684653864         -1.3612974894152e-15
2960                     1.2571247969021          -0.095760917383589       -2.6483307282452         -1.361294077855e-15
2961                     1.2571247969021          -0.095760917383588       -2.644992991104          -1.3612906662948e-15
2962                     1.2571247969021          -0.095760917383586       -2.6416552539628         -1.3612872547346e-15
2963                     1.2571247969021          -0.095760917383585       -2.6383175168216         -1.3612838431744e-15
2964                     1.2571247969021          -0.095760917383584       -2.6349797796804         -1.3612804316142e-15
2965                     1.2571247969021          -0.095760917383583       -2.6316420425392         -1.361277020054e-15
2966                     1.2571247969021          -0.095760917383583       -2.628304305398          -1.3612736084938e-15
2967                     1.2571247969021          -0.095760917383582       -2.6249665682568         -1.3612701969336e-15
2968                     1.2571247969021          -0.095760917383582       -2.6216288311156         -1.3612667853734e-15
2969                     1.2571247969021          -0.095760917383581       -2.6182910939744         -1.3612633738132e-15
2970                     1.2571247969021          -0.095760917383581       -2.6149533568333         -1.361259962253e-15
2971                     1.2571247969021          -0.095760917383581       -2.6116156196921         -1.3612565506928e-15
2972                     1.2571247969021          -0.09576091738358        -2.6082778825509         -1.3612531391326e-15
2973                     1.2571247969021          -0.09576091738358        -2.6049401454097         -1.3612497275724e-15
2974                     1.2571247969021          -0.09576091738358        -2.6016024082685         -1.3612463160122e-15
2975                     1.2571247969021          -0.095760917383579       -2.5982646711273         -1.361242904452e-15
2976                     1.2571247969021          -0.095760917383579       -2.5949269339861         -1.3612394928918e-15
2977                     1.2571247969021          -0.095760917383579       -2.5915891968449         -1.3612360813316e-15
2978                     1.2571247969021          -0.095760917383579       -2.5882514597037         -1.3612326697714e-15
2979                     1.2571247969021          -0.095760917383579       -2.5849137225625         -1.3612292582113e-15
2980                     1.2571247969021          -0.095760917383579       -2.5815759854214         -1.3612258466511e-15
2981                     1.2571247969021          -0.095760917383578       -2.5782382482802         -1.3612224350909e-15
2982                     1.2571247969021          -0.095760917383578       -2.574900511139          -1.3612190235307e-15
2983                     1.2571247969021          -0.095760917383578       -2.5715627739978         -1.3612156119705e-15
2984                     1.2571247969021          -0.095760917383578       -2.5682250368566         -1.3612122004103e-15
2985                     1.2571247969021          -0.095760917383578       -2.5648872997154         -1.3612087888501e-15
2986                     1.2571247969021          -0.095760917383578       -2.5615495625742         -1.3612053772899e-15
2987                     1.2571247969021          -0.095760917383578       -2.558211825433          -1.3612019657297e-15
2988                     1.2571247969021          -0.095760917383578       -2.5548740882918         -1.3611985541695e-15
2989                     1.2571247969021          -0.095760917383578       -2.5515363511506         -1.3611951426093e-15
2990                     1.2571247969021          -0.095760917383578       -2.5481986140094         -1.3611917310491e-15
2991                     1.2571247969021          -0.095760917383578       -2.5448608768682         -1.3611883194889e-15
2992                     1.2571247969021          -0.095760917383577       -2.5415231397271         -1.3611849079287e-15
2993                     1.2571247969021          -0.095760917383577       -2.5381854025859         -1.3611814963685e-15
2994                     1.2571247969021          -0.095760917383577       -2.5348476654447         -1.3611780848083e-15
2995                     1.2571247969021          -0.095760917383577       -2.5315099283035         -1.3611746732481e-15
2996                     1.2571247969021          -0.095760917383577       -2.5281721911623         -1.3611712616879e-15
2997                     1.2571247969021          -0.095760917383577       -2.5248344540211         -1.3611678501277e-15
2998                     1.2571247969021          -0.095760917383577       -2.5214967168799         -1.3611644385675e-15
2999                     1.2571247969021          -0.095760917383577       -2.5181589797387         -1.3611610270073e-15
3000                     1.2571247969021          -0.095760917383577       -2.5148212425975         -1.3611576154471e-15
3001                     1.2571247969021          -0.095760917383577       -2.5114835054563         -1.3611542038869e-15
3002                     1.2571247969021          -0.095760917383577       -2.5081457683152         -1.3611507923267e-15
3003                     1.2571247969021          -0.095760917383577       -2.504808031174          -1.3611473807665e-15
3004                     1.2571247969021          -0.095760917383577       -2.5014702940328         -1.3611439692063e-15
3005                     1.2571247969021          -0.095760917383577       -2.4981325568916         -1.3611405576461e-15
3006                     1.2571247969021          -0.095760917383577       -2.4947948197504         -1.3611371460859e-15
3007                     1.2571247969021          -0.095760917383577       -2.4914570826092         -1.3611337345257e-15
3008                     1.2571247969021          -0.095760917383577       -2.488119345468          -1.3611303229655e-15
3009                     1.2571247969021          -0.095760917383577       -2.4847816083268         -1.3611269114053e-15
3010                     1.2571247969021          -0.095760917383577       -2.4814438711856         -1.3611234998451e-15
3011                     1.2571247969021          -0.095760917383577       -2.4781061340444         -1.3611200882849e-15
3012                     1.2571247969021          -0.095760917383577       -2.4747683969032         -1.3611166767247e-15
3013                     1.2571247969021          -0.095760917383577       -2.4714306597621         -1.3611132651645e-15
3014                     1.2571247969021          -0.095760917383577       -2.4680929226209         -1.3611098536043e-15
3015                     1.2571247969021          -0.095760917383577       -2.4647551854797         -1.3611064420441e-15
3016                     1.2571247969021          -0.095760917383577       -2.4614174483385         -1.3611030304839e-15
3017                     1.2571247969021          -0.095760917383578       -2.4580797111973         -1.3610996189237e-15
3018                     1.2571247969021          -0.095760917383578       -2.4547419740561         -1.3610962073635e-15
3019                     1.2571247969021          -0.095760917383578       -2.4514042369149         -1.3610927958033e-15
3020                     1.2571247969021          -0.095760917383578       -2.4480664997737         -1.3610893842431e-15
3021                     1.2571247969021          -0.095760917383578       -2.4447287626325         -1.3610859726829e-15
3022                     1.2571247969021          -0.095760917383579       -2.4413910254913         -1.3610825611227e-15
3023                     1.2571247969021          -0.095760917383579       -2.4380532883502         -1.3610791495625e-15
3024                     1.2571247969021          -0.095760917383579       -2.434715551209          -1.3610757380023e-15
3025                     1.2571247969021          -0.095760917383579       -2.4313778140678         -1.3610723264421e-15
3026                     1.2571247969021          -0.09576091738358        -2.4280400769266         -1.3610689148819e-15
3027                     1.2571247969021          -0.09576091738358        -2.4247023397854         -1.3610655033217e-15
3028                     1.2571247969021          -0.09576091738358        -2.4213646026442         -1.3610620917615e-15
3029                     1.2571247969021          -0.09576091738358        -2.418026865503          -1.3610586802013e-15
3030                     1.2571247969021          -0.09576091738358        -2.4146891283618         -1.3610552686412e-15
3031                     1.2571247969021          -0.09576091738358        -2.4113513912206         -1.361051857081e-15
3032                     1.2571247969021          -0.09576091738358        -2.4080136540794         -1.3610484455208e-15
3033                     1.2571247969021          -0.09576091738358        -2.4046759169383         -1.3610450339606e-15
3034                     1.2571247969021          -0.09576091738358        -2.4013381797971         -1.3610416224004e-15
3035                     1.2571247969021          -0.09576091738358        -2.3980004426559         -1.3610382108402e-15
3036                     1.2571247969021          -0.09576091738358        -2.3946627055147         -1.36103479928e-15
3037                     1.2571247969021          -0.095760917383579       -2.3913249683735         -1.3610313877198e-15
3038                     1.2571247969021          -0.095760917383579       -2.3879872312323         -1.3610279761596e-15
3039                     1.2571247969021          -0.095760917383579       -2.3846494940911         -1.3610245645994e-15
3040                     1.2571247969021          -0.095760917383579       -2.3813117569499         -1.3610211530392e-15
3041                     1.2571247969021          -0.095760917383579       -2.3779740198087         -1.361017741479e-15
3042                     1.2571247969021          -0.095760917383579       -2.3746362826675         -1.3610143299188e-15
3043                     1.2571247969021          -0.095760917383579       -2.3712985455263         -1.3610109183586e-15
3044                     1.2571247969021          -0.095760917383579       -2.3679608083852         -1.3610075067984e-15
3045                     1.2571247969021          -0.095760917383579       -2.364623071244          -1.3610040952382e-15
3046                     1.2571247969021          -0.095760917383579       -2.3612853341028         -1.361000683678e-15
3047                     1.2571247969021          -0.095760917383579       -2.3579475969616         -1.3609972721178e-15
3048                     1.2571247969021          -0.095760917383579       -2.3546098598204         -1.3609938605576e-15
3049                     1.2571247969021          -0.095760917383579       -2.3512721226792         -1.3609904489974e-15
3050                     1.2571247969021          -0.095760917383579       -2.347934385538          -1.3609870374372e-15
3051                     1.2571247969021          -0.095760917383579       -2.3445966483968         -1.360983625877e-15
3052                     1.2571247969021          -0.095760917383579       -2.3412589112556         -1.3609802143168e-15
3053                     1.2571247969021          -0.095760917383579       -2.3379211741144         -1.3609768027566e-15
3054                     1.2571247969021          -0.09576091738358        -2.3345834369733         -1.3609733911964e-15
3055                     1.2571247969021          -0.09576091738358        -2.3312456998321         -1.3609699796362e-15
3056                     1.2571247969021          -0.09576091738358        -2.3279079626909         -1.360966568076e-15
3057                     1.2571247969021          -0.09576091738358        -2.3245702255497         -1.3609631565158e-15
3058                     1.2571247969021          -0.09576091738358        -2.3212324884085         -1.3609597449556e-15
3059                     1.2571247969021          -0.09576091738358        -2.3178947512673         -1.3609563333954e-15
3060                     1.2571247969021          -0.09576091738358        -2.3145570141261         -1.3609529218352e-15
3061                     1.2571247969021          -0.09576091738358        -2.3112192769849         -1.360949510275e-15
3062                     1.2571247969021          -0.09576091738358        -2.3078815398437         -1.3609460987148e-15
3063                     1.2571247969021          -0.095760917383579       -2.3045438027025         -1.3609426871546e-15
3064                     1.2571247969021          -0.095760917383579       -2.3012060655613         -1.3609392755944e-15
3065                     1.2571247969021          -0.095760917383579       -2.2978683284202         -1.3609358640342e-15
3066                     1.2571247969021          -0.095760917383579       -2.294530591279          -1.360932452474e-15
3067                     1.2571247969021          -0.095760917383579       -2.2911928541378         -1.3609290409139e-15
3068                     1.2571247969021          -0.095760917383579       -2.2878551169966         -1.3609256293537e-15
3069                     1.2571247969021          -0.095760917383578       -2.2845173798554         -1.3609222177935e-15
3070                     1.2571247969021          -0.095760917383578       -2.2811796427142         -1.3609188062333e-15
3071                     1.2571247969021          -0.095760917383578       -2.277841905573          -1.3609153946731e-15
3072                     1.2571247969021          -0.095760917383578       -2.2745041684318         -1.3609119831129e-15
3073                     1.2571247969021          -0.095760917383578       -2.2711664312906         -1.3609085715527e-15
3074                     1.2571247969021          -0.095760917383578       -2.2678286941494         -1.3609051599925e-15
3075                     1.2571247969021          -0.095760917383578       -2.2644909570082         -1.3609017484323e-15
3076                     1.2571247969021          -0.095760917383578       -2.2611532198671         -1.3608983368721e-15
3077                     1.2571247969021          -0.095760917383578       -2.2578154827259         -1.3608949253119e-15
3078                     1.2571247969021          -0.095760917383578       -2.2544777455847         -1.3608915137517e-15
3079                     1.2571247969021          -0.095760917383578       -2.2511400084435         -1.3608881021915e-15
3080                     1.2571247969021          -0.095760917383578       -2.2478022713023         -1.3608846906313e-15
3081                     1.2571247969021          -0.095760917383578       -2.2444645341611         -1.3608812790711e-15
3082                     1.2571247969021          -0.095760917383578       -2.2411267970199         -1.3608778675109e-15
3083                     1.2571247969021          -0.095760917383579       -2.2377890598787         -1.3608744559507e-15
3084                     1.2571247969021          -0.095760917383579       -2.2344513227375         -1.3608710443905e-15
3085                     1.2571247969021          -0.095760917383579       -2.2311135855963         -1.3608676328303e-15
3086                     1.2571247969021          -0.095760917383579       -2.2277758484552         -1.3608642212701e-15
3087                     1.2571247969021          -0.095760917383579       -2.224438111314          -1.3608608097099e-15
3088                     1.2571247969021          -0.095760917383579       -2.2211003741728         -1.3608573981497e-15
3089                     1.2571247969021          -0.095760917383579       -2.2177626370316         -1.3608539865895e-15
3090                     1.2571247969021          -0.095760917383579       -2.2144248998904         -1.3608505750293e-15
3091                     1.2571247969021          -0.095760917383579       -2.2110871627492         -1.3608471634691e-15
3092                     1.2571247969021          -0.095760917383579       -2.207749425608          -1.3608437519089e-15
3093                     1.2571247969021          -0.095760917383579       -2.2044116884668         -1.3608403403487e-15
3094                     1.2571247969021          -0.095760917383579       -2.2010739513256         -1.3608369287885e-15
3095                     1.2571247969021          -0.095760917383579       -2.1977362141844         -1.3608335172283e-15
3096                     1.2571247969021          -0.095760917383579       -2.1943984770432         -1.3608301056681e-15
3097                     1.2571247969021          -0.095760917383579       -2.1910607399021         -1.3608266941079e-15
3098                     1.2571247969021          -0.095760917383579       -2.1877230027609         -1.3608232825477e-15
3099                     1.2571247969021          -0.095760917383579       -2.1843852656197         -1.3608198709875e-15
3100                     1.2571247969021          -0.09576091738358        -2.1810475284785         -1.3608164594273e-15
3101                     1.2571247969021          -0.09576091738358        -2.1777097913373         -1.3608130478671e-15
3102                     1.2571247969021          -0.09576091738358        -2.1743720541961         -1.3608096363069e-15
3103                     1.2571247969021          -0.09576091738358        -2.1710343170549         -1.3608062247468e-15
3104                     1.2571247969021          -0.09576091738358        -2.1676965799137         -1.3608028131866e-15
3105                     1.2571247969021          -0.09576091738358        -2.1643588427725         -1.3607994016264e-15
3106                     1.2571247969021          -0.095760917383579       -2.1610211056313         -1.3607959900662e-15
3107                     1.2571247969021          -0.095760917383579       -2.1576833684902         -1.360792578506e-15
3108                     1.2571247969021          -0.095760917383579       -2.154345631349          -1.3607891669458e-15
3109                     1.2571247969021          -0.095760917383579       -2.1510078942078         -1.3607857553856e-15
3110                     1.2571247969021          -0.095760917383579       -2.1476701570666         -1.3607823438254e-15
3111                     1.2571247969021          -0.095760917383578       -2.1443324199254         -1.3607789322652e-15
3112                     1.2571247969021          -0.095760917383578       -2.1409946827842         -1.360775520705e-15
3113                     1.2571247969021          -0.095760917383578       -2.137656945643          -1.3607721091448e-15
3114                     1.2571247969021          -0.095760917383578       -2.1343192085018         -1.3607686975846e-15
3115                     1.2571247969021          -0.095760917383578       -2.1309814713606         -1.3607652860244e-15
3116                     1.2571247969021          -0.095760917383578       -2.1276437342195         -1.3607618744642e-15
3117                     1.2571247969021          -0.095760917383578       -2.1243059970783         -1.360758462904e-15
3118                     1.2571247969021          -0.095760917383577       -2.1209682599371         -1.3607550513438e-15
3119                     1.2571247969021          -0.095760917383577       -2.1176305227959         -1.3607516397836e-15
3120                     1.2571247969021          -0.095760917383577       -2.1142927856547         -1.3607482282234e-15
3121                     1.2571247969021          -0.095760917383577       -2.1109550485135         -1.3607448166632e-15
3122                     1.2571247969021          -0.095760917383577       -2.1076173113723         -1.360741405103e-15
3123                     1.2571247969021          -0.095760917383577       -2.1042795742311         -1.3607379935428e-15
3124                     1.2571247969021          -0.095760917383578       -2.1009418370899         -1.3607345819826e-15
3125                     1.2571247969021          -0.095760917383578       -2.0976040999487         -1.3607311704224e-15
3126                     1.2571247969021          -0.095760917383578       -2.0942663628076         -1.3607277588622e-15
3127                     1.2571247969021          -0.095760917383578       -2.0909286256664         -1.360724347302e-15
3128                     1.2571247969021          -0.095760917383578       -2.0875908885252         -1.3607209357418e-15
3129                     1.2571247969021          -0.095760917383578       -2.084253151384          -1.3607175241816e-15
3130                     1.2571247969021          -0.095760917383578       -2.0809154142428         -1.3607141126215e-15
3131                     1.2571247969021          -0.095760917383578       -2.0775776771016         -1.3607107010613e-15
3132                     1.2571247969021          -0.095760917383578       -2.0742399399604         -1.3607072895011e-15
3133                     1.2571247969021          -0.095760917383578       -2.0709022028192         -1.3607038779409e-15
3134                     1.2571247969021          -0.095760917383578       -2.067564465678          -1.3607004663807e-15
3135                     1.2571247969021          -0.095760917383578       -2.0642267285368         -1.3606970548205e-15
3136                     1.2571247969021          -0.095760917383578       -2.0608889913957         -1.3606936432603e-15
3137                     1.2571247969021          -0.095760917383578       -2.0575512542545         -1.3606902317001e-15
3138                     1.2571247969021          -0.095760917383578       -2.0542135171133         -1.3606868201399e-15
3139                     1.2571247969021          -0.095760917383579       -2.0508757799721         -1.3606834085797e-15
3140                     1.2571247969021          -0.095760917383579       -2.0475380428309         -1.3606799970195e-15
3141                     1.2571247969021          -0.095760917383579       -2.0442003056897         -1.3606765854593e-15
3142                     1.2571247969021          -0.095760917383579       -2.0408625685485         -1.3606731738991e-15
3143                     1.2571247969021          -0.095760917383579       -2.0375248314073         -1.3606697623389e-15
3144                     1.2571247969021          -0.095760917383579       -2.0341870942661         -1.3606663507787e-15
3145                     1.2571247969021          -0.095760917383579       -2.0308493571249         -1.3606629392185e-15
3146                     1.2571247969021          -0.095760917383579       -2.0275116199838         -1.3606595276583e-15
3147                     1.2571247969021          -0.095760917383579       -2.0241738828426         -1.3606561160981e-15
3148                     1.2571247969021          -0.095760917383578       -2.0208361457014         -1.3606527045379e-15
3149                     1.2571247969021          -0.095760917383578       -2.0174984085602         -1.3606492929777e-15
3150                     1.2571247969021          -0.095760917383578       -2.014160671419          -1.3606458814175e-15
3151                     1.2571247969021          -0.095760917383578       -2.0108229342778         -1.3606424698573e-15
3152                     1.2571247969021          -0.095760917383578       -2.0074851971366         -1.3606390582971e-15
3153                     1.2571247969021          -0.095760917383578       -2.0041474599954         -1.3606356467369e-15
3154                     1.2571247969021          -0.095760917383578       -2.0008097228542         -1.3606322351767e-15
3155                     1.2571247969021          -0.095760917383578       -1.9974719857131         -1.3606288236165e-15
3156                     1.2571247969021          -0.095760917383578       -1.9941342485719         -1.3606254120564e-15
3157                     1.2571247969021          -0.095760917383578       -1.9907965114307         -1.3606220004962e-15
3158                     1.2571247969021          -0.095760917383578       -1.9874587742895         -1.360618588936e-15
3159                     1.2571247969021          -0.095760917383578       -1.9841210371483         -1.3606151773758e-15
3160                     1.2571247969021          -0.095760917383578       -1.9807833000071         -1.3606117658156e-15
3161                     1.2571247969021          -0.095760917383578       -1.9774455628659         -1.3606083542554e-15
3162                     1.2571247969021          -0.095760917383579       -1.9741078257247         -1.3606049426952e-15
3163                     1.2571247969021          -0.095760917383579       -1.9707700885835         -1.360601531135e-15
3164                     1.2571247969021          -0.095760917383579       -1.9674323514423         -1.3605981195748e-15
3165                     1.2571247969021          -0.095760917383579       -1.9640946143012         -1.3605947080146e-15
3166                     1.2571247969021          -0.095760917383579       -1.96075687716           -1.3605912964544e-15
3167                     1.2571247969021          -0.095760917383579       -1.9574191400188         -1.3605878848942e-15
3168                     1.2571247969021          -0.095760917383579       -1.9540814028776         -1.360584473334e-15
3169                     1.2571247969021          -0.095760917383579       -1.9507436657364         -1.3605810617738e-15
3170                     1.2571247969021          -0.095760917383579       -1.9474059285952         -1.3605776502136e-15
3171                     1.2571247969021          -0.095760917383579       -1.944068191454          -1.3605742386534e-15
3172                     1.2571247969021          -0.095760917383579       -1.9407304543128         -1.3605708270932e-15
3173                     1.2571247969021          -0.095760917383579       -1.9373927171716         -1.360567415533e-15
3174                     1.2571247969021          -0.095760917383579       -1.9340549800304         -1.3605640039728e-15
3175                     1.2571247969021          -0.095760917383579       -1.9307172428893         -1.3605605924126e-15
3176                     1.2571247969021          -0.095760917383579       -1.9273795057481         -1.3605571808524e-15
3177                     1.2571247969021          -0.095760917383579       -1.9240417686069         -1.3605537692922e-15
3178                     1.2571247969021          -0.095760917383579       -1.9207040314657         -1.360550357732e-15
3179                     1.2571247969021          -0.095760917383579       -1.9173662943245         -1.3605469461719e-15
3180                     1.2571247969021          -0.095760917383579       -1.9140285571833         -1.3605435346117e-15
3181                     1.2571247969021          -0.095760917383579       -1.9106908200421         -1.3605401230515e-15
3182                     1.2571247969021          -0.095760917383579       -1.9073530829009         -1.3605367114913e-15
3183                     1.2571247969021          -0.095760917383579       -1.9040153457597         -1.3605332999311e-15
3184                     1.2571247969021          -0.095760917383579       -1.9006776086185         -1.3605298883709e-15
3185                     1.2571247969021          -0.09576091738358        -1.8973398714774         -1.3605264768107e-15
3186                     1.2571247969021          -0.09576091738358        -1.8940021343362         -1.3605230652505e-15
3187                     1.2571247969021          -0.09576091738358        -1.890664397195          -1.3605196536903e-15
3188                     1.2571247969021          -0.095760917383579       -1.8873266600538         -1.3605162421301e-15
3189                     1.2571247969021          -0.095760917383579       -1.8839889229126         -1.3605128305699e-15
3190                     1.2571247969021          -0.095760917383579       -1.8806511857714         -1.3605094190097e-15
3191                     1.2571247969021          -0.095760917383579       -1.8773134486302         -1.3605060074495e-15
3192                     1.2571247969021          -0.095760917383579       -1.873975711489          -1.3605025958893e-15
3193                     1.2571247969021          -0.095760917383579       -1.8706379743478         -1.3604991843291e-15
3194                     1.2571247969021          -0.095760917383579       -1.8673002372066         -1.3604957727689e-15
3195                     1.2571247969021          -0.095760917383578       -1.8639625000655         -1.3604923612087e-15
3196                     1.2571247969021          -0.095760917383578       -1.8606247629243         -1.3604889496485e-15
3197                     1.2571247969021          -0.095760917383578       -1.8572870257831         -1.3604855380883e-15
3198                     1.2571247969021          -0.095760917383578       -1.8539492886419         -1.3604821265281e-15
3199                     1.2571247969021          -0.095760917383577       -1.8506115515007         -1.3604787149679e-15
3200                     1.2571247969021          -0.095760917383577       -1.8472738143595         -1.3604753034077e-15
3201                     1.2571247969021          -0.095760917383577       -1.8439360772183         -1.3604718918475e-15
3202                     1.2571247969021          -0.095760917383577       -1.8405983400771         -1.3604684802874e-15
3203                     1.2571247969021          -0.095760917383577       -1.8372606029359         -1.3604650687272e-15
3204                     1.2571247969021          -0.095760917383577       -1.8339228657948         -1.360461657167e-15
3205                     1.2571247969021          -0.095760917383578       -1.8305851286536         -1.3604582456068e-15
3206                     1.2571247969021          -0.095760917383578       -1.8272473915124         -1.3604548340466e-15
3207                     1.2571247969021          -0.095760917383578       -1.8239096543712         -1.3604514224864e-15
3208                     1.2571247969021          -0.095760917383578       -1.82057191723           -1.3604480109262e-15
3209                     1.2571247969021          -0.095760917383578       -1.8172341800888         -1.360444599366e-15
3210                     1.2571247969021          -0.095760917383577       -1.8138964429476         -1.3604411878058e-15
3211                     1.2571247969021          -0.095760917383577       -1.8105587058064         -1.3604377762456e-15
3212                     1.2571247969021          -0.095760917383577       -1.8072209686652         -1.3604343646854e-15
3213                     1.2571247969021          -0.095760917383577       -1.8038832315241         -1.3604309531252e-15
3214                     1.2571247969021          -0.095760917383577       -1.8005454943829         -1.360427541565e-15
3215                     1.2571247969021          -0.095760917383577       -1.7972077572417         -1.3604241300048e-15
3216                     1.2571247969021          -0.095760917383577       -1.7938700201005         -1.3604207184446e-15
3217                     1.2571247969021          -0.095760917383577       -1.7905322829593         -1.3604173068844e-15
3218                     1.2571247969021          -0.095760917383577       -1.7871945458181         -1.3604138953242e-15
3219                     1.2571247969021          -0.095760917383577       -1.7838568086769         -1.360410483764e-15
3220                     1.2571247969021          -0.095760917383577       -1.7805190715357         -1.3604070722038e-15
3221                     1.2571247969021          -0.095760917383577       -1.7771813343945         -1.3604036606436e-15
3222                     1.2571247969021          -0.095760917383577       -1.7738435972534         -1.3604002490835e-15
3223                     1.2571247969021          -0.095760917383577       -1.7705058601122         -1.3603968375233e-15
3224                     1.2571247969021          -0.095760917383577       -1.767168122971          -1.3603934259631e-15
3225                     1.2571247969021          -0.095760917383577       -1.7638303858298         -1.3603900144029e-15
3226                     1.2571247969021          -0.095760917383577       -1.7604926486886         -1.3603866028427e-15
3227                     1.2571247969021          -0.095760917383577       -1.7571549115474         -1.3603831912825e-15
3228                     1.2571247969021          -0.095760917383577       -1.7538171744062         -1.3603797797223e-15
3229                     1.2571247969021          -0.095760917383577       -1.750479437265          -1.3603763681621e-15
3230                     1.2571247969021          -0.095760917383577       -1.7471417001238         -1.3603729566019e-15
3231                     1.2571247969021          -0.095760917383577       -1.7438039629827         -1.3603695450417e-15
3232                     1.2571247969021          -0.095760917383577       -1.7404662258415         -1.3603661334815e-15
3233                     1.2571247969021          -0.095760917383577       -1.7371284887003         -1.3603627219213e-15
3234                     1.2571247969021          -0.095760917383577       -1.7337907515591         -1.3603593103611e-15
3235                     1.2571247969021          -0.095760917383577       -1.7304530144179         -1.3603558988009e-15
3236                     1.2571247969021          -0.095760917383577       -1.7271152772767         -1.3603524872407e-15
3237                     1.2571247969021          -0.095760917383578       -1.7237775401355         -1.3603490756805e-15
3238                     1.2571247969021          -0.095760917383578       -1.7204398029943         -1.3603456641203e-15
3239                     1.2571247969021          -0.095760917383578       -1.7171020658532         -1.3603422525601e-15
3240                     1.2571247969021          -0.095760917383578       -1.713764328712          -1.3603388409999e-15
3241                     1.2571247969021          -0.095760917383578       -1.7104265915708         -1.3603354294397e-15
3242                     1.2571247969021          -0.095760917383579       -1.7070888544296         -1.3603320178796e-15
3243                     1.2571247969021          -0.095760917383579       -1.7037511172884         -1.3603286063194e-15
3244                     1.2571247969021          -0.095760917383579       -1.7004133801472         -1.3603251947592e-15
3245                     1.2571247969021          -0.095760917383579       -1.697075643006          -1.360321783199e-15
3246                     1.2571247969021          -0.095760917383579       -1.6937379058648         -1.3603183716388e-15
3247                     1.2571247969021          -0.09576091738358        -1.6904001687237         -1.3603149600786e-15
3248                     1.2571247969021          -0.09576091738358        -1.6870624315825         -1.3603115485184e-15
3249                     1.2571247969021          -0.09576091738358        -1.6837246944413         -1.3603081369582e-15
3250                     1.2571247969021          -0.09576091738358        -1.6803869573001         -1.360304725398e-15
3251                     1.2571247969021          -0.09576091738358        -1.6770492201589         -1.3603013138378e-15
3252                     1.2571247969021          -0.09576091738358        -1.6737114830177         -1.3602979022776e-15
3253                     1.2571247969021          -0.09576091738358        -1.6703737458765         -1.3602944907174e-15
3254                     1.2571247969021          -0.09576091738358        -1.6670360087353         -1.3602910791572e-15
3255                     1.2571247969021          -0.09576091738358        -1.6636982715941         -1.360287667597e-15
3256                     1.2571247969021          -0.095760917383579       -1.660360534453          -1.3602842560368e-15
3257                     1.2571247969021          -0.095760917383579       -1.6570227973118         -1.3602808444766e-15
3258                     1.2571247969021          -0.095760917383579       -1.6536850601706         -1.3602774329164e-15
3259                     1.2571247969021          -0.095760917383579       -1.6503473230294         -1.3602740213562e-15
3260                     1.2571247969021          -0.095760917383579       -1.6470095858882         -1.360270609796e-15
3261                     1.2571247969021          -0.095760917383579       -1.643671848747          -1.3602671982359e-15
3262                     1.2571247969021          -0.095760917383579       -1.6403341116058         -1.3602637866757e-15
3263                     1.2571247969021          -0.095760917383579       -1.6369963744646         -1.3602603751155e-15
3264                     1.2571247969021          -0.095760917383579       -1.6336586373235         -1.3602569635553e-15
3265                     1.2571247969021          -0.09576091738358        -1.6303209001823         -1.3602535519951e-15
3266                     1.2571247969021          -0.09576091738358        -1.6269831630411         -1.3602501404349e-15
3267                     1.2571247969021          -0.09576091738358        -1.6236454258999         -1.3602467288747e-15
3268                     1.2571247969021          -0.09576091738358        -1.6203076887587         -1.3602433173145e-15
3269                     1.2571247969021          -0.09576091738358        -1.6169699516175         -1.3602399057543e-15
3270                     1.2571247969021          -0.09576091738358        -1.6136322144763         -1.3602364941941e-15
3271                     1.2571247969021          -0.09576091738358        -1.6102944773351         -1.3602330826339e-15
3272                     1.2571247969021          -0.09576091738358        -1.6069567401939         -1.3602296710737e-15
3273                     1.2571247969021          -0.09576091738358        -1.6036190030528         -1.3602262595135e-15
3274                     1.2571247969021          -0.095760917383579       -1.6002812659116         -1.3602228479533e-15
3275                     1.2571247969021          -0.095760917383579       -1.5969435287704         -1.3602194363931e-15
3276                     1.2571247969021          -0.095760917383579       -1.5936057916292         -1.3602160248329e-15
3277                     1.2571247969021          -0.095760917383579       -1.590268054488          -1.3602126132727e-15
3278                     1.2571247969021          -0.095760917383579       -1.5869303173468         -1.3602092017125e-15
3279                     1.2571247969021          -0.095760917383578       -1.5835925802056         -1.3602057901524e-15
3280                     1.2571247969021          -0.095760917383578       -1.5802548430644         -1.3602023785922e-15
3281                     1.2571247969021          -0.095760917383578       -1.5769171059233         -1.360198967032e-15
3282                     1.2571247969021          -0.095760917383578       -1.5735793687821         -1.3601955554718e-15
3283                     1.2571247969021          -0.095760917383578       -1.5702416316409         -1.3601921439116e-15
3284                     1.2571247969021          -0.095760917383578       -1.5669038944997         -1.3601887323514e-15
3285                     1.2571247969021          -0.095760917383579       -1.5635661573585         -1.3601853207912e-15
3286                     1.2571247969021          -0.095760917383579       -1.5602284202173         -1.360181909231e-15
3287                     1.2571247969021          -0.095760917383579       -1.5568906830761         -1.3601784976708e-15
3288                     1.2571247969021          -0.095760917383579       -1.5535529459349         -1.3601750861106e-15
3289                     1.2571247969021          -0.095760917383579       -1.5502152087937         -1.3601716745504e-15
3290                     1.2571247969021          -0.095760917383579       -1.5468774716526         -1.3601682629902e-15
3291                     1.2571247969021          -0.095760917383579       -1.5435397345114         -1.36016485143e-15
3292                     1.2571247969021          -0.095760917383579       -1.5402019973702         -1.3601614398698e-15
3293                     1.2571247969021          -0.095760917383579       -1.536864260229          -1.3601580283096e-15
3294                     1.2571247969021          -0.095760917383579       -1.5335265230878         -1.3601546167494e-15
3295                     1.2571247969021          -0.095760917383579       -1.5301887859466         -1.3601512051892e-15
3296                     1.2571247969021          -0.095760917383579       -1.5268510488054         -1.360147793629e-15
3297                     1.2571247969021          -0.095760917383579       -1.5235133116642         -1.3601443820689e-15
3298                     1.2571247969021          -0.095760917383579       -1.5201755745231         -1.3601409705087e-15
3299                     1.2571247969021          -0.095760917383579       -1.5168378373819         -1.3601375589485e-15
3300                     1.2571247969021          -0.095760917383579       -1.5135001002407         -1.3601341473883e-15
3301                     1.2571247969021          -0.095760917383579       -1.5101623630995         -1.3601307358281e-15
3302                     1.2571247969021          -0.095760917383579       -1.5068246259583         -1.3601273242679e-15
3303                     1.2571247969021          -0.095760917383579       -1.5034868888171         -1.3601239127077e-15
3304                     1.2571247969021          -0.095760917383579       -1.5001491516759         -1.3601205011475e-15
3305                     1.2571247969021          -0.095760917383579       -1.4968114145347         -1.3601170895873e-15
3306                     1.2571247969021          -0.095760917383579       -1.4934736773935         -1.3601136780271e-15
3307                     1.2571247969021          -0.095760917383579       -1.4901359402524         -1.3601102664669e-15
3308                     1.2571247969021          -0.095760917383579       -1.4867982031112         -1.3601068549067e-15
3309                     1.2571247969021          -0.095760917383579       -1.48346046597           -1.3601034433465e-15
3310                     1.2571247969021          -0.09576091738358        -1.4801227288288         -1.3601000317863e-15
3311                     1.2571247969021          -0.09576091738358        -1.4767849916876         -1.3600966202261e-15
3312                     1.2571247969021          -0.09576091738358        -1.4734472545464         -1.3600932086659e-15
3313                     1.2571247969021          -0.09576091738358        -1.4701095174052         -1.3600897971057e-15
3314                     1.2571247969021          -0.09576091738358        -1.466771780264          -1.3600863855455e-15
3315                     1.2571247969021          -0.095760917383579       -1.4634340431229         -1.3600829739854e-15
3316                     1.2571247969021          -0.095760917383579       -1.4600963059817         -1.3600795624252e-15
3317                     1.2571247969021          -0.095760917383579       -1.4567585688405         -1.360076150865e-15
3318                     1.2571247969021          -0.095760917383579       -1.4534208316993         -1.3600727393048e-15
3319                     1.2571247969021          -0.095760917383579       -1.4500830945581         -1.3600693277446e-15
3320                     1.2571247969021          -0.095760917383579       -1.4467453574169         -1.3600659161844e-15
3321                     1.2571247969021          -0.095760917383579       -1.4434076202757         -1.3600625046242e-15
3322                     1.2571247969021          -0.095760917383579       -1.4400698831345         -1.360059093064e-15
3323                     1.2571247969021          -0.095760917383579       -1.4367321459933         -1.3600556815038e-15
3324                     1.2571247969021          -0.095760917383579       -1.4333944088522         -1.3600522699436e-15
3325                     1.2571247969021          -0.095760917383579       -1.430056671711          -1.3600488583834e-15
3326                     1.2571247969021          -0.095760917383579       -1.4267189345698         -1.3600454468232e-15
3327                     1.2571247969021          -0.095760917383579       -1.4233811974286         -1.360042035263e-15
3328                     1.2571247969021          -0.095760917383579       -1.4200434602874         -1.3600386237028e-15
3329                     1.2571247969021          -0.095760917383579       -1.4167057231462         -1.3600352121426e-15
3330                     1.2571247969021          -0.09576091738358        -1.413367986005          -1.3600318005824e-15
3331                     1.2571247969021          -0.09576091738358        -1.4100302488638         -1.3600283890222e-15
3332                     1.2571247969021          -0.09576091738358        -1.4066925117226         -1.360024977462e-15
3333                     1.2571247969021          -0.09576091738358        -1.4033547745815         -1.3600215659019e-15
3334                     1.2571247969021          -0.09576091738358        -1.4000170374403         -1.3600181543417e-15
3335                     1.2571247969021          -0.09576091738358        -1.3966793002991         -1.3600147427815e-15
3336                     1.2571247969021          -0.09576091738358        -1.3933415631579         -1.3600113312213e-15
3337                     1.2571247969021          -0.09576091738358        -1.3900038260167         -1.3600079196611e-15
3338                     1.2571247969021          -0.09576091738358        -1.3866660888755         -1.3600045081009e-15
3339                     1.2571247969021          -0.09576091738358        -1.3833283517343         -1.3600010965407e-15
3340                     1.2571247969021          -0.095760917383579       -1.3799906145931         -1.3599976849805e-15
3341                     1.2571247969021          -0.095760917383579       -1.3766528774519         -1.3599942734203e-15
3342                     1.2571247969021          -0.095760917383579       -1.3733151403108         -1.3599908618601e-15
3343                     1.2571247969021          -0.095760917383579       -1.3699774031696         -1.3599874502999e-15
3344                     1.2571247969021          -0.095760917383579       -1.3666396660284         -1.3599840387397e-15
3345                     1.2571247969021          -0.095760917383579       -1.3633019288872         -1.3599806271795e-15
3346                     1.2571247969021          -0.095760917383579       -1.359964191746          -1.3599772156193e-15
3347                     1.2571247969021          -0.095760917383579       -1.3566264546048         -1.3599738040591e-15
3348                     1.2571247969021          -0.095760917383579       -1.3532887174636         -1.3599703924989e-15
3349                     1.2571247969021          -0.095760917383579       -1.3499509803224         -1.3599669809387e-15
3350                     1.2571247969021          -0.095760917383579       -1.3466132431812         -1.3599635693785e-15
3351                     1.2571247969021          -0.095760917383579       -1.34327550604           -1.3599601578183e-15
3352                     1.2571247969021          -0.09576091738358        -1.3399377688989         -1.3599567462582e-15
3353                     1.2571247969021          -0.09576091738358        -1.3366000317577         -1.359953334698e-15
3354                     1.2571247969021          -0.09576091738358        -1.3332622946165         -1.3599499231378e-15
3355                     1.2571247969021          -0.09576091738358        -1.3299245574753         -1.3599465115776e-15
3356                     1.2571247969021          -0.09576091738358        -1.3265868203341         -1.3599431000174e-15
3357                     1.2571247969021          -0.09576091738358        -1.3232490831929         -1.3599396884572e-15
3358                     1.2571247969021          -0.09576091738358        -1.3199113460517         -1.359936276897e-15
3359                     1.2571247969021          -0.09576091738358        -1.3165736089105         -1.3599328653368e-15
3360                     1.2571247969021          -0.09576091738358        -1.3132358717693         -1.3599294537766e-15
3361                     1.2571247969021          -0.09576091738358        -1.3098981346282         -1.3599260422164e-15
3362                     1.2571247969021          -0.09576091738358        -1.306560397487          -1.3599226306562e-15
3363                     1.2571247969021          -0.09576091738358        -1.3032226603458         -1.359919219096e-15
3364                     1.2571247969021          -0.09576091738358        -1.2998849232046         -1.3599158075358e-15
3365                     1.2571247969021          -0.09576091738358        -1.2965471860634         -1.3599123959756e-15
3366                     1.2571247969021          -0.09576091738358        -1.2932094489222         -1.3599089844154e-15
3367                     1.2571247969021          -0.09576091738358        -1.289871711781          -1.3599055728552e-15
3368                     1.2571247969021          -0.09576091738358        -1.2865339746398         -1.359902161295e-15
3369                     1.2571247969021          -0.09576091738358        -1.2831962374986         -1.3598987497348e-15
3370                     1.2571247969021          -0.095760917383581       -1.2798585003575         -1.3598953381746e-15
3371                     1.2571247969021          -0.095760917383581       -1.2765207632163         -1.3598919266144e-15
3372                     1.2571247969021          -0.095760917383581       -1.2731830260751         -1.3598885150542e-15
3373                     1.2571247969021          -0.095760917383581       -1.2698452889339         -1.3598851034941e-15
3374                     1.2571247969021          -0.095760917383581       -1.2665075517927         -1.3598816919339e-15
3375                     1.2571247969021          -0.095760917383581       -1.2631698146515         -1.3598782803737e-15
3376                     1.2571247969021          -0.095760917383581       -1.2598320775103         -1.3598748688135e-15
3377                     1.2571247969021          -0.095760917383581       -1.2564943403691         -1.3598714572533e-15
3378                     1.2571247969021          -0.095760917383581       -1.253156603228          -1.3598680456931e-15
3379                     1.2571247969021          -0.09576091738358        -1.2498188660868         -1.3598646341329e-15
3380                     1.2571247969021          -0.09576091738358        -1.2464811289456         -1.3598612225727e-15
3381                     1.2571247969021          -0.095760917383579       -1.2431433918044         -1.3598578110125e-15
3382                     1.2571247969021          -0.095760917383579       -1.2398056546632         -1.3598543994523e-15
3383                     1.2571247969021          -0.095760917383579       -1.236467917522          -1.3598509878921e-15
3384                     1.2571247969021          -0.095760917383579       -1.2331301803808         -1.3598475763319e-15
3385                     1.2571247969021          -0.095760917383579       -1.2297924432396         -1.3598441647717e-15
3386                     1.2571247969021          -0.095760917383579       -1.2264547060984         -1.3598407532115e-15
3387                     1.2571247969021          -0.095760917383579       -1.2231169689573         -1.3598373416513e-15
3388                     1.2571247969021          -0.095760917383579       -1.2197792318161         -1.3598339300911e-15
3389                     1.2571247969021          -0.095760917383579       -1.2164414946749         -1.3598305185309e-15
3390                     1.2571247969021          -0.095760917383579       -1.2131037575337         -1.3598271069707e-15
3391                     1.2571247969021          -0.095760917383579       -1.2097660203925         -1.3598236954105e-15
3392                     1.2571247969021          -0.095760917383579       -1.2064282832513         -1.3598202838504e-15
3393                     1.2571247969021          -0.095760917383579       -1.2030905461101         -1.3598168722902e-15
3394                     1.2571247969021          -0.095760917383579       -1.1997528089689         -1.35981346073e-15
3395                     1.2571247969021          -0.095760917383578       -1.1964150718277         -1.3598100491698e-15
3396                     1.2571247969021          -0.095760917383578       -1.1930773346866         -1.3598066376096e-15
3397                     1.2571247969021          -0.095760917383578       -1.1897395975454         -1.3598032260494e-15
3398                     1.2571247969021          -0.095760917383578       -1.1864018604042         -1.3597998144892e-15
3399                     1.2571247969021          -0.095760917383578       -1.183064123263          -1.359796402929e-15
3400                     1.2571247969021          -0.095760917383577       -1.1797263861218         -1.3597929913688e-15
3401                     1.2571247969021          -0.095760917383577       -1.1763886489806         -1.3597895798086e-15
3402                     1.2571247969021          -0.095760917383577       -1.1730509118394         -1.3597861682484e-15
3403                     1.2571247969021          -0.095760917383577       -1.1697131746982         -1.3597827566882e-15
3404                     1.2571247969021          -0.095760917383577       -1.166375437557          -1.359779345128e-15
3405                     1.2571247969021          -0.095760917383577       -1.1630377004159         -1.3597759335678e-15
3406                     1.2571247969021          -0.095760917383577       -1.1596999632747         -1.3597725220076e-15
3407                     1.2571247969021          -0.095760917383577       -1.1563622261335         -1.3597691104474e-15
3408                     1.2571247969021          -0.095760917383577       -1.1530244889923         -1.3597656988872e-15
3409                     1.2571247969021          -0.095760917383577       -1.1496867518511         -1.359762287327e-15
3410                     1.2571247969021          -0.095760917383577       -1.1463490147099         -1.3597588757669e-15
3411                     1.2571247969021          -0.095760917383577       -1.1430112775687         -1.3597554642067e-15
3412                     1.2571247969021          -0.095760917383577       -1.1396735404275         -1.3597520526465e-15
3413                     1.2571247969021          -0.095760917383577       -1.1363358032863         -1.3597486410863e-15
3414                     1.2571247969021          -0.095760917383577       -1.1329980661452         -1.3597452295261e-15
3415                     1.2571247969021          -0.095760917383577       -1.129660329004          -1.3597418179659e-15
3416                     1.2571247969021          -0.095760917383577       -1.1263225918628         -1.3597384064057e-15
3417                     1.2571247969021          -0.095760917383577       -1.1229848547216         -1.3597349948455e-15
3418                     1.2571247969021          -0.095760917383577       -1.1196471175804         -1.3597315832853e-15
3419                     1.2571247969021          -0.095760917383577       -1.1163093804392         -1.3597281717251e-15
3420                     1.2571247969021          -0.095760917383577       -1.112971643298          -1.3597247601649e-15
3421                     1.2571247969021          -0.095760917383577       -1.1096339061568         -1.3597213486047e-15
3422                     1.2571247969021          -0.095760917383577       -1.1062961690156         -1.3597179370445e-15
3423                     1.2571247969021          -0.095760917383577       -1.1029584318745         -1.3597145254843e-15
3424                     1.2571247969021          -0.095760917383577       -1.0996206947333         -1.3597111139241e-15
3425                     1.2571247969021          -0.095760917383577       -1.0962829575921         -1.3597077023639e-15
3426                     1.2571247969021          -0.095760917383577       -1.0929452204509         -1.3597042908038e-15
3427                     1.2571247969021          -0.095760917383577       -1.0896074833097         -1.3597008792436e-15
3428                     1.2571247969021          -0.095760917383577       -1.0862697461685         -1.3596974676834e-15
3429                     1.2571247969021          -0.095760917383577       -1.0829320090273         -1.3596940561232e-15
3430                     1.2571247969021          -0.095760917383577       -1.0795942718861         -1.359690644563e-15
3431                     1.2571247969021          -0.095760917383576       -1.0762565347449         -1.3596872330028e-15
3432                     1.2571247969021          -0.095760917383576       -1.0729187976038         -1.3596838214426e-15
3433                     1.2571247969021          -0.095760917383576       -1.0695810604626         -1.3596804098824e-15
3434                     1.2571247969021          -0.095760917383576       -1.0662433233214         -1.3596769983222e-15
3435                     1.2571247969021          -0.095760917383576       -1.0629055861802         -1.359673586762e-15
3436                     1.2571247969021          -0.095760917383576       -1.059567849039          -1.3596701752018e-15
3437                     1.2571247969021          -0.095760917383576       -1.0562301118978         -1.3596667636416e-15
3438                     1.2571247969021          -0.095760917383576       -1.0528923747566         -1.3596633520814e-15
3439                     1.2571247969021          -0.095760917383576       -1.0495546376154         -1.3596599405212e-15
3440                     1.2571247969021          -0.095760917383576       -1.0462169004742         -1.359656528961e-15
3441                     1.2571247969021          -0.095760917383576       -1.0428791633331         -1.3596531174008e-15
3442                     1.2571247969021          -0.095760917383577       -1.0395414261919         -1.3596497058407e-15
3443                     1.2571247969021          -0.095760917383577       -1.0362036890507         -1.3596462942805e-15
3444                     1.2571247969021          -0.095760917383577       -1.0328659519095         -1.3596428827203e-15
3445                     1.2571247969021          -0.095760917383577       -1.0295282147683         -1.3596394711601e-15
3446                     1.2571247969021          -0.095760917383577       -1.0261904776271         -1.3596360595999e-15
3447                     1.2571247969021          -0.095760917383577       -1.0228527404859         -1.3596326480397e-15
3448                     1.2571247969021          -0.095760917383577       -1.0195150033447         -1.3596292364795e-15
3449                     1.2571247969021          -0.095760917383577       -1.0161772662035         -1.3596258249193e-15
3450                     1.2571247969021          -0.095760917383577       -1.0128395290624         -1.3596224133591e-15
3451                     1.2571247969021          -0.095760917383577       -1.0095017919212         -1.3596190017989e-15
3452                     1.2571247969021          -0.095760917383577       -1.00616405478           -1.3596155902387e-15
3453                     1.2571247969021          -0.095760917383577       -1.0028263176388         -1.3596121786785e-15
3454                     1.2571247969021          -0.095760917383577       -0.9994885804976         -1.3596087671183e-15
3455                     1.2571247969021          -0.095760917383577       -0.99615084335641        -1.3596053555581e-15
3456                     1.2571247969021          -0.095760917383577       -0.99281310621522        -1.3596019439979e-15
3457                     1.2571247969021          -0.095760917383577       -0.98947536907403        -1.3595985324377e-15
3458                     1.2571247969021          -0.095760917383578       -0.98613763193284        -1.3595951208775e-15
3459                     1.2571247969021          -0.095760917383578       -0.98279989479166        -1.3595917093174e-15
3460                     1.2571247969021          -0.095760917383578       -0.97946215765047        -1.3595882977572e-15
3461                     1.2571247969021          -0.095760917383578       -0.97612442050928        -1.359584886197e-15
3462                     1.2571247969021          -0.095760917383578       -0.97278668336809        -1.3595814746368e-15
3463                     1.2571247969021          -0.095760917383578       -0.9694489462269         -1.3595780630766e-15
3464                     1.2571247969021          -0.095760917383578       -0.96611120908571        -1.3595746515164e-15
3465                     1.2571247969021          -0.095760917383578       -0.96277347194453        -1.3595712399562e-15
3466                     1.2571247969021          -0.095760917383578       -0.95943573480334        -1.359567828396e-15
3467                     1.2571247969021          -0.095760917383578       -0.95609799766215        -1.3595644168358e-15
3468                     1.2571247969021          -0.095760917383578       -0.95276026052096        -1.3595610052756e-15
3469                     1.2571247969021          -0.095760917383578       -0.94942252337977        -1.3595575937154e-15
3470                     1.2571247969021          -0.095760917383578       -0.94608478623858        -1.3595541821552e-15
3471                     1.2571247969021          -0.095760917383578       -0.94274704909739        -1.359550770595e-15
3472                     1.2571247969021          -0.095760917383578       -0.93940931195621        -1.3595473590348e-15
3473                     1.2571247969021          -0.095760917383578       -0.93607157481502        -1.3595439474746e-15
3474                     1.2571247969021          -0.095760917383578       -0.93273383767383        -1.3595405359145e-15
3475                     1.2571247969021          -0.095760917383578       -0.92939610053264        -1.3595371243543e-15
3476                     1.2571247969021          -0.095760917383578       -0.92605836339145        -1.3595337127941e-15
3477                     1.2571247969021          -0.095760917383578       -0.92272062625026        -1.3595303012339e-15
3478                     1.2571247969021          -0.095760917383578       -0.91938288910908        -1.3595268896737e-15
3479                     1.2571247969021          -0.095760917383578       -0.91604515196789        -1.3595234781135e-15
3480                     1.2571247969021          -0.095760917383578       -0.9127074148267         -1.3595200665533e-15
3481                     1.2571247969021          -0.095760917383578       -0.90936967768551        -1.3595166549931e-15
3482                     1.2571247969021          -0.095760917383578       -0.90603194054432        -1.3595132434329e-15
3483                     1.2571247969021          -0.095760917383578       -0.90269420340313        -1.3595098318727e-15
3484                     1.2571247969021          -0.095760917383578       -0.89935646626194        -1.3595064203125e-15
3485                     1.2571247969021          -0.095760917383578       -0.89601872912076        -1.3595030087523e-15
3486                     1.2571247969021          -0.095760917383578       -0.89268099197957        -1.3594995971921e-15
3487                     1.2571247969021          -0.095760917383578       -0.88934325483838        -1.3594961856319e-15
3488                     1.2571247969021          -0.095760917383578       -0.88600551769719        -1.3594927740718e-15
3489                     1.2571247969021          -0.095760917383578       -0.882667780556          -1.3594893625116e-15
3490                     1.2571247969021          -0.095760917383578       -0.87933004341481        -1.3594859509514e-15
3491                     1.2571247969021          -0.095760917383578       -0.87599230627362        -1.3594825393912e-15
3492                     1.2571247969021          -0.095760917383578       -0.87265456913244        -1.359479127831e-15
3493                     1.2571247969021          -0.095760917383578       -0.86931683199125        -1.3594757162708e-15
3494                     1.2571247969021          -0.095760917383578       -0.86597909485006        -1.3594723047106e-15
3495                     1.2571247969021          -0.095760917383578       -0.86264135770887        -1.3594688931504e-15
3496                     1.2571247969021          -0.095760917383578       -0.85930362056768        -1.3594654815902e-15
3497                     1.2571247969021          -0.095760917383578       -0.85596588342649        -1.35946207003e-15
3498                     1.2571247969021          -0.095760917383578       -0.85262814628531        -1.3594586584698e-15
3499                     1.2571247969021          -0.095760917383578       -0.84929040914412        -1.3594552469096e-15
3500                     1.2571247969021          -0.095760917383578       -0.84595267200293        -1.3594518353494e-15
3501                     1.2571247969021          -0.095760917383578       -0.84261493486174        -1.3594484237893e-15
3502                     1.2571247969021          -0.095760917383578       -0.83927719772055        -1.3594450122291e-15
3503                     1.2571247969021          -0.095760917383578       -0.83593946057936        -1.3594416006689e-15
3504                     1.2571247969021          -0.095760917383578       -0.83260172343818        -1.3594381891087e-15
3505                     1.2571247969021          -0.095760917383578       -0.82926398629699        -1.3594347775485e-15
3506                     1.2571247969021          -0.095760917383578       -0.8259262491558         -1.3594313659883e-15
3507                     1.2571247969021          -0.095760917383578       -0.82258851201461        -1.3594279544281e-15
3508                     1.2571247969021          -0.095760917383578       -0.81925077487342        -1.3594245428679e-15
3509                     1.2571247969021          -0.095760917383578       -0.81591303773223        -1.3594211313077e-15
3510                     1.2571247969021          -0.095760917383578       -0.81257530059104        -1.3594177197475e-15
3511                     1.2571247969021          -0.095760917383579       -0.80923756344986        -1.3594143081873e-15
3512                     1.2571247969021          -0.095760917383579       -0.80589982630867        -1.3594108966271e-15
3513                     1.2571247969021          -0.095760917383579       -0.80256208916748        -1.3594074850669e-15
3514                     1.2571247969021          -0.095760917383579       -0.79922435202629        -1.3594040735068e-15
3515                     1.2571247969021          -0.095760917383578       -0.7958866148851         -1.3594006619466e-15
3516                     1.2571247969021          -0.095760917383578       -0.79254887774391        -1.3593972503864e-15
3517                     1.2571247969021          -0.095760917383578       -0.78921114060273        -1.3593938388262e-15
3518                     1.2571247969021          -0.095760917383578       -0.78587340346154        -1.359390427266e-15
3519                     1.2571247969021          -0.095760917383578       -0.78253566632035        -1.3593870157058e-15
3520                     1.2571247969021          -0.095760917383578       -0.77919792917916        -1.3593836041456e-15
3521                     1.2571247969021          -0.095760917383578       -0.77586019203797        -1.3593801925854e-15
3522                     1.2571247969021          -0.095760917383579       -0.77252245489678        -1.3593767810252e-15
3523                     1.2571247969021          -0.095760917383579       -0.76918471775559        -1.359373369465e-15
3524                     1.2571247969021          -0.095760917383579       -0.76584698061441        -1.3593699579048e-15
3525                     1.2571247969021          -0.095760917383579       -0.76250924347322        -1.3593665463446e-15
3526                     1.2571247969021          -0.095760917383578       -0.75917150633203        -1.3593631347844e-15
3527                     1.2571247969021          -0.095760917383578       -0.75583376919084        -1.3593597232243e-15
3528                     1.2571247969021          -0.095760917383578       -0.75249603204965        -1.3593563116641e-15
3529                     1.2571247969021          -0.095760917383578       -0.74915829490846        -1.3593529001039e-15
3530                     1.2571247969021          -0.095760917383578       -0.74582055776728        -1.3593494885437e-15
3531                     1.2571247969021          -0.095760917383578       -0.74248282062609        -1.3593460769835e-15
3532                     1.2571247969021          -0.095760917383578       -0.7391450834849         -1.3593426654233e-15
3533                     1.2571247969021          -0.095760917383578       -0.73580734634371        -1.3593392538631e-15
3534                     1.2571247969021          -0.095760917383578       -0.73246960920252        -1.3593358423029e-15
3535                     1.2571247969021          -0.095760917383578       -0.72913187206133        -1.3593324307427e-15
3536                     1.2571247969021          -0.095760917383578       -0.72579413492014        -1.3593290191825e-15
3537                     1.2571247969021          -0.095760917383578       -0.72245639777896        -1.3593256076223e-15
3538                     1.2571247969021          -0.095760917383578       -0.71911866063777        -1.3593221960621e-15
3539                     1.2571247969021          -0.095760917383579       -0.71578092349658        -1.3593187845019e-15
3540                     1.2571247969021          -0.095760917383579       -0.71244318635539        -1.3593153729418e-15
3541                     1.2571247969021          -0.095760917383579       -0.7091054492142         -1.3593119613816e-15
3542                     1.2571247969021          -0.095760917383579       -0.70576771207301        -1.3593085498214e-15
3543                     1.2571247969021          -0.09576091738358        -0.70242997493183        -1.3593051382612e-15
3544                     1.2571247969021          -0.09576091738358        -0.69909223779064        -1.359301726701e-15
3545                     1.2571247969021          -0.095760917383581       -0.69575450064945        -1.3592983151408e-15
3546                     1.2571247969021          -0.095760917383581       -0.69241676350826        -1.3592949035806e-15
3547                     1.2571247969021          -0.095760917383581       -0.68907902636707        -1.3592914920204e-15
3548                     1.2571247969021          -0.095760917383582       -0.68574128922588        -1.3592880804602e-15
3549                     1.2571247969021          -0.095760917383582       -0.68240355208469        -1.3592846689e-15
3550                     1.2571247969021          -0.095760917383583       -0.67906581494351        -1.3592812573398e-15
3551                     1.2571247969021          -0.095760917383583       -0.67572807780232        -1.3592778457796e-15
3552                     1.2571247969021          -0.095760917383584       -0.67239034066113        -1.3592744342195e-15
3553                     1.2571247969021          -0.095760917383585       -0.66905260351994        -1.3592710226593e-15
3554                     1.2571247969021          -0.095760917383586       -0.66571486637875        -1.3592676110991e-15
3555                     1.2571247969021          -0.095760917383587       -0.66237712923756        -1.3592641995389e-15
3556                     1.2571247969021          -0.095760917383589       -0.65903939209638        -1.3592607879787e-15
3557                     1.2571247969021          -0.09576091738359        -0.65570165495519        -1.3592573764185e-15
3558                     1.2571247969021          -0.095760917383593       -0.652363917814          -1.3592539648583e-15
3559                     1.2571247969021          -0.095760917383595       -0.64902618067281        -1.3592505532981e-15
3560                     1.2571247969021          -0.095760917383598       -0.64568844353162        -1.3592471417379e-15
3561                     1.2571247969021          -0.095760917383602       -0.64235070639043        -1.3592437301777e-15
3562                     1.2571247969021          -0.095760917383606       -0.63901296924924        -1.3592403186175e-15
3563                     1.2571247969021          -0.095760917383611       -0.63567523210805        -1.3592369070573e-15
3564                     1.2571247969021          -0.095760917383616       -0.63233749496687        -1.3592334954971e-15
3565                     1.2571247969021          -0.095760917383623       -0.62899975782568        -1.359230083937e-15
3566                     1.2571247969021          -0.095760917383631       -0.62566202068449        -1.3592266723768e-15
3567                     1.2571247969021          -0.09576091738364        -0.6223242835433         -1.3592232608166e-15
3568                     1.2571247969021          -0.095760917383651       -0.61898654640211        -1.3592198492564e-15
3569                     1.2571247969021          -0.095760917383664       -0.61564880926092        -1.3592164376962e-15
3570                     1.257124796902           -0.095760917383679       -0.61231107211973        -1.359213026136e-15
3571                     1.257124796902           -0.095760917383696       -0.60897333497855        -1.3592096145758e-15
3572                     1.257124796902           -0.095760917383717       -0.60563559783736        -1.3592062030156e-15
3573                     1.257124796902           -0.095760917383741       -0.60229786069617        -1.3592027914554e-15
3574                     1.2571247969019          -0.09576091738377        -0.59896012355498        -1.3591993798952e-15
3575                     1.2571247969019          -0.095760917383803       -0.59562238641379        -1.359195968335e-15
3576                     1.2571247969019          -0.095760917383843       -0.5922846492726         -1.3591925567749e-15
3577                     1.2571247969018          -0.095760917383889       -0.58894691213141        -1.3591891452147e-15
3578                     1.2571247969018          -0.095760917383944       -0.58560917499022        -1.3591857336545e-15
3579                     1.2571247969017          -0.095760917384009       -0.58227143784904        -1.3591823220943e-15
3580                     1.2571247969016          -0.095760917384084       -0.57893370070785        -1.3591789105341e-15
3581                     1.2571247969015          -0.095760917384173       -0.57559596356666        -1.3591754989739e-15
3582                     1.2571247969014          -0.095760917384278       -0.57225822642547        -1.3591720874137e-15
3583                     1.2571247969013          -0.095760917384402       -0.56892048928428        -1.3591686758535e-15
3584                     1.2571247969012          -0.095760917384547       -0.56558275214309        -1.3591652642933e-15
3585                     1.257124796901           -0.095760917384717       -0.5622450150019         -1.3591618527331e-15
3586                     1.2571247969008          -0.095760917384918       -0.55890727786071        -1.3591584411729e-15
3587                     1.2571247969006          -0.095760917385154       -0.55556954071953        -1.3591550296128e-15
3588                     1.2571247969003          -0.095760917385432       -0.55223180357834        -1.3591516180526e-15
3589                     1.2571247969             -0.095760917385759       -0.54889406643715        -1.3591482064924e-15
3590                     1.2571247968996          -0.095760917386143       -0.54555632929596        -1.3591447949322e-15
3591                     1.2571247968991          -0.095760917386595       -0.54221859215477        -1.359141383372e-15
3592                     1.2571247968986          -0.095760917387127       -0.53888085501358        -1.3591379718118e-15
3593                     1.257124796898           -0.095760917387753       -0.53554311787239        -1.3591345602516e-15
3594                     1.2571247968972          -0.095760917388489       -0.53220538073121        -1.3591311486914e-15
3595                     1.2571247968964          -0.095760917389355       -0.52886764359002        -1.3591277371312e-15
3596                     1.2571247968953          -0.095760917390373       -0.52552990644883        -1.359124325571e-15
3597                     1.2571247968941          -0.095760917391571       -0.52219216930764        -1.3591209140108e-15
3598                     1.2571247968927          -0.09576091739298        -0.51885443216645        -1.3591175024507e-15
3599                     1.2571247968911          -0.095760917394637       -0.51551669502526        -1.3591140908905e-15
3600                     1.2571247968891          -0.095760917396587       -0.51217895788407        -1.3591106793303e-15
3601                     1.2571247968868          -0.09576091739888        -0.50884122074288        -1.3591072677701e-15
3602                     1.2571247968841          -0.095760917401577       -0.5055034836017         -1.3591038562099e-15
3603                     1.257124796881           -0.09576091740475        -0.50216574646051        -1.3591004446497e-15
3604                     1.2571247968772          -0.095760917408482       -0.49882800931932        -1.3590970330895e-15
3605                     1.2571247968728          -0.095760917412872       -0.49549027217813        -1.3590936215293e-15
3606                     1.2571247968677          -0.095760917418036       -0.49215253503694        -1.3590902099691e-15
3607                     1.2571247968616          -0.09576091742411        -0.48881479789575        -1.3590867984089e-15
3608                     1.2571247968545          -0.095760917431255       -0.48547706075456        -1.3590833868487e-15
3609                     1.2571247968461          -0.095760917439659       -0.48213932361338        -1.3590799752885e-15
3610                     1.2571247968362          -0.095760917449545       -0.47880158647219        -1.3590765637283e-15
3611                     1.2571247968245          -0.095760917461173       -0.475463849331          -1.3590731521681e-15
3612                     1.2571247968109          -0.095760917474851       -0.47212611218981        -1.3590697406079e-15
3613                     1.2571247967948          -0.095760917490939       -0.46878837504862        -1.3590663290477e-15
3614                     1.2571247967759          -0.095760917509864       -0.46545063790743        -1.3590629174875e-15
3615                     1.2571247967536          -0.095760917532125       -0.46211290076624        -1.3590595059273e-15
3616                     1.2571247967274          -0.09576091755831        -0.45877516362505        -1.3590560943671e-15
3617                     1.2571247966966          -0.09576091758911        -0.45543742648387        -1.3590526828069e-15
3618                     1.2571247966604          -0.09576091762534        -0.45209968934268        -1.3590492712466e-15
3619                     1.2571247966178          -0.095760917667955       -0.44876195220149        -1.3590458596864e-15
3620                     1.2571247965676          -0.095760917718083       -0.4454242150603         -1.3590424481262e-15
3621                     1.2571247965087          -0.095760917777047       -0.44208647791911        -1.3590390365659e-15
3622                     1.2571247964393          -0.095760917846405       -0.43874874077792        -1.3590356250057e-15
3623                     1.2571247963577          -0.095760917927989       -0.43541100363674        -1.3590322134454e-15
3624                     1.2571247962618          -0.095760918023954       -0.43207326649555        -1.3590288018852e-15
3625                     1.2571247961489          -0.095760918136835       -0.42873552935436        -1.3590253903249e-15
3626                     1.2571247960161          -0.095760918269614       -0.42539779221317        -1.3590219787646e-15
3627                     1.2571247958599          -0.095760918425798       -0.42206005507198        -1.3590185672043e-15
3628                     1.2571247956762          -0.095760918609514       -0.41872231793079        -1.3590151556439e-15
3629                     1.2571247954601          -0.095760918825613       -0.4153845807896         -1.3590117440836e-15
3630                     1.2571247952059          -0.095760919079805       -0.41204684364842        -1.3590083325232e-15
3631                     1.2571247949069          -0.095760919378804       -0.40870910650723        -1.3590049209627e-15
3632                     1.2571247945552          -0.095760919730509       -0.40537136936604        -1.3590015094023e-15
3633                     1.2571247941415          -0.09576092014421        -0.40203363222485        -1.3589980978417e-15
3634                     1.2571247936549          -0.095760920630835       -0.39869589508366        -1.3589946862811e-15
3635                     1.2571247930825          -0.09576092120324        -0.39535815794247        -1.3589912747205e-15
3636                     1.2571247924092          -0.095760921876544       -0.39202042080128        -1.3589878631598e-15
3637                     1.2571247916172          -0.095760922668533       -0.3886826836601         -1.3589844515989e-15
3638                     1.2571247906856          -0.095760923600129       -0.38534494651891        -1.358981040038e-15
3639                     1.2571247895898          -0.09576092469594        -0.38200720937772        -1.3589776284769e-15
3640                     1.2571247883008          -0.095760925984913       -0.37866947223653        -1.3589742169157e-15
3641                     1.2571247867846          -0.095760927501098       -0.37533173509534        -1.3589708053543e-15
3642                     1.2571247850012          -0.095760929284546       -0.37199399795415        -1.3589673937926e-15
3643                     1.2571247829033          -0.095760931382368       -0.36865626081297        -1.3589639822307e-15
3644                     1.2571247804357          -0.095760933849979       -0.36531852367178        -1.3589605706686e-15
3645                     1.2571247775332          -0.095760936752563       -0.36198078653059        -1.358957159106e-15
3646                     1.2571247741189          -0.095760940166796       -0.3586430493894         -1.3589537475431e-15
3647                     1.2571247701028          -0.095760944182866       -0.35530531224821        -1.3589503359796e-15
3648                     1.2571247653789          -0.095760948906861       -0.35196757510702        -1.3589469244156e-15
3649                     1.2571247598221          -0.09576095446357        -0.34862983796583        -1.3589435128509e-15
3650                     1.2571247532859          -0.095760960999777       -0.34529210082465        -1.3589401012855e-15
3651                     1.2571247455976          -0.095760968688142       -0.34195436368346        -1.3589366897191e-15
3652                     1.257124736554           -0.09576097773176        -0.33861662654227        -1.3589332781516e-15
3653                     1.2571247259162          -0.095760988369523       -0.33527888940108        -1.3589298665828e-15
3654                     1.2571247134033          -0.095761000882437       -0.33194115225989        -1.3589264550125e-15
3655                     1.2571246986847          -0.09576101560104        -0.3286034151187         -1.3589230434404e-15
3656                     1.2571246813716          -0.095761032914135       -0.32526567797752        -1.3589196318662e-15
3657                     1.2571246610067          -0.095761053279061       -0.32192794083633        -1.3589162202896e-15
3658                     1.2571246370519          -0.095761077233771       -0.31859020369514        -1.3589128087101e-15
3659                     1.2571246088747          -0.095761105411045       -0.31525246655395        -1.3589093971271e-15
3660                     1.2571245757305          -0.095761138555206       -0.31191472941276        -1.3589059855402e-15
3661                     1.2571245367439          -0.095761177541776       -0.30857699227157        -1.3589025739485e-15
3662                     1.2571244908851          -0.09576122340061        -0.30523925513038        -1.3588991623512e-15
3663                     1.2571244369426          -0.095761277343095       -0.3019015179892         -1.3588957507475e-15
3664                     1.2571243734916          -0.095761340794148       -0.29856378084801        -1.358892339136e-15
3665                     1.2571242988559          -0.095761415429858       -0.29522604370682        -1.3588889275156e-15
3666                     1.257124211064           -0.095761503221755       -0.29188830656563        -1.3588855158845e-15
3667                     1.2571241077968          -0.095761606488888       -0.28855056942444        -1.3588821042409e-15
3668                     1.2571239863266          -0.095761727959079       -0.28521283228325        -1.3588786925826e-15
3669                     1.2571238434447          -0.095761870840975       -0.28187509514206        -1.358875280907e-15
3670                     1.2571236753769          -0.095762038908794       -0.27853735800088        -1.358871869211e-15
3671                     1.2571234776837          -0.095762236602014       -0.27519962085969        -1.3588684574912e-15
3672                     1.2571232451431          -0.095762469142625       -0.2718618837185         -1.3588650457432e-15
3673                     1.2571229716127          -0.095762742673049       -0.26852414657731        -1.358861633962e-15
3674                     1.2571226498674          -0.095763064418357       -0.26518640943612        -1.358858222142e-15
3675                     1.2571222714086          -0.095763442877081       -0.26184867229493        -1.3588548102761e-15
3676                     1.2571218262401          -0.095763888045638       -0.25851093515374        -1.3588513983563e-15
3677                     1.2571213026034          -0.095764411682303       -0.25517319801256        -1.3588479863732e-15
3678                     1.257120686668           -0.095765027617678       -0.25183546087137        -1.3588445743155e-15
3679                     1.2571199621659          -0.095765752119864       -0.24849772373018        -1.3588411621701e-15
3680                     1.2571191099618          -0.095766604323939       -0.24515998658899        -1.3588377499215e-15
3681                     1.2571181075486          -0.095767606737091       -0.2418222494478         -1.3588343375516e-15
3682                     1.257116928453           -0.095768785832675       -0.23848451230661        -1.3588309250389e-15
3683                     1.2571155415368          -0.095770172748876       -0.23514677516543        -1.3588275123583e-15
3684                     1.2571139101754          -0.095771804110327       -0.23180903802424        -1.3588240994802e-15
3685                     1.2571119912914          -0.095773722994315       -0.22847130088305        -1.3588206863697e-15
3686                     1.2571097342188          -0.095775980066949       -0.22513356374186        -1.358817272986e-15
3687                     1.2571070793666          -0.095778634919121       -0.22179582660067        -1.3588138592807e-15
3688                     1.2571039566484          -0.095781757637295       -0.21845808945948        -1.3588104451972e-15
3689                     1.2571002836355          -0.095785430650252       -0.21512035231829        -1.3588070306687e-15
3690                     1.2570959633856          -0.095789750900097       -0.21178261517711        -1.3588036156169e-15
3691                     1.2570908818915          -0.09579483239418        -0.20844487803592        -1.3588001999493e-15
3692                     1.2570849050813          -0.095800809204405       -0.20510714089473        -1.3587967835574e-15
3693                     1.2570778752939          -0.09580783899186        -0.20176940375354        -1.3587933663132e-15
3694                     1.2570696071377          -0.095816107148059       -0.19843166661235        -1.3587899480665e-15
3695                     1.257059882626           -0.095825831659711       -0.19509392947116        -1.3587865286402e-15
3696                     1.2570484454636          -0.09583726882208        -0.19175619232997        -1.3587831078261e-15
3697                     1.2570349943386          -0.095850719947101       -0.18841845518878        -1.358779685379e-15
3698                     1.2570191750488          -0.095866539236893       -0.1850807180476         -1.3587762610105e-15
3699                     1.2570005712641          -0.095885143021582       -0.18174298090641        -1.3587728343808e-15
3700                     1.2569786936928          -0.095907020592953       -0.17840524376522        -1.3587694050901e-15
3701                     1.2569529673829          -0.095932746902842       -0.17506750662403        -1.3587659726676e-15
3702                     1.2569227168478          -0.095962997437899       -0.17172976948284        -1.3587625365588e-15
3703                     1.2568871486549          -0.095998565630843       -0.16839203234165        -1.3587590961104e-15
3704                     1.2568453310627          -0.096040383222965       -0.16505429520046        -1.3587556505529e-15
3705                     1.2567961702321          -0.096089544053575       -0.16171655805928        -1.3587521989789e-15
3706                     1.2567383824664          -0.096147331819356       -0.15837882091809        -1.3587487403191e-15
3707                     1.2566704618662          -0.096215252419519       -0.1550410837769         -1.3587452733118e-15
3708                     1.2565906427055          -0.096295071580247       -0.15170334663571        -1.3587417964682e-15
3709                     1.2564968557538          -0.096388858531914       -0.14836560949452        -1.3587383080306e-15
3710                     1.256386677694           -0.09649903659172        -0.14502787235333        -1.3587348059218e-15
3711                     1.2562572727085          -0.096628441577259       -0.14169013521214        -1.3587312876859e-15
3712                     1.2561053252501          -0.096780389035577       -0.13835239807096        -1.3587277504163e-15
3713                     1.2559269629793          -0.096958751306401       -0.13501466092977        -1.3587241906694e-15
3714                     1.2557176688535          -0.097168045432234       -0.13167692378858        -1.3587206043599e-15
3715                     1.2554721814242          -0.097413532861468       -0.12833918664739        -1.3587169866354e-15
3716                     1.2551843825491          -0.09770133173663        -0.1250014495062         -1.3587133317213e-15
3717                     1.2548471720017          -0.098038542284062       -0.12166371236501        -1.3587096327337e-15
3718                     1.2544523289041          -0.098433385381597       -0.11832597522382        -1.3587058814463e-15
3719                     1.2539903605583          -0.09889535372739        -0.11498823808264        -1.3587020680047e-15
3720                     1.2534503401749          -0.09943537411084        -0.11165050094145        -1.3586981805674e-15
3721                     1.2528197362459          -0.1000659780398         -0.10831276380026        -1.3586942048571e-15
3722                     1.252084237926           -0.10080147635971        -0.10497502665907        -1.3586901235914e-15
3723                     1.2512275828002          -0.10165813148548        -0.10163728951788        -1.3586859157563e-15
3724                     1.2502313958098          -0.10265431847593        -0.098299552376693       -1.3586815556697e-15
3725                     1.249075050779           -0.10381066350671        -0.094961815235504       -1.3586770117637e-15
3726                     1.247735568744           -0.10515014554173        -0.091624078094315       -1.3586722449835e-15
3727                     1.2461875697786          -0.10669814450709        -0.088286340953127       -1.3586672066608e-15
3728                     1.2444032967431          -0.10848241754257        -0.084948603811938       -1.3586618356584e-15
3729                     1.2423527296781          -0.11053298460759        -0.08161086667075        -1.3586560544918e-15
3730                     1.2400038076719          -0.1128819066138         -0.078273129529561       -1.3586497639983e-15
3731                     1.2373227702139          -0.11556294407186        -0.074935392388372       -1.3586428359213e-15
3732                     1.2342746218364          -0.11861109244933        -0.071597655247184       -1.3586351024635e-15
3733                     1.2308237123079          -0.12206200197781        -0.068259918105995       -1.3586263413775e-15
3734                     1.2269344106299          -0.1259513036558         -0.064922180964807       -1.3586162544026e-15
3735                     1.2225718364383          -0.1303138778474         -0.061584443823618       -1.3586044356424e-15
3736                     1.2177025997617          -0.13518311452398        -0.058246706682429       -1.358590324525e-15
3737                     1.2122954924607          -0.14059022182505        -0.054908969541241       -1.3585731347878e-15
3738                     1.2063220746244          -0.14656363966127        -0.051571232400052       -1.3585517456214e-15
3739                     1.1997571079538          -0.15312860633194        -0.048233495258864       -1.3585245321599e-15
3740                     1.1925788049068          -0.16030690937887        -0.044895758117675       -1.3584890972065e-15
3741                     1.1847688842724          -0.16811683001328        -0.041558020976486       -1.3584418394901e-15
3742                     1.1763124465851          -0.17657326770058        -0.038220283835298       -1.358377246796e-15
3743                     1.1671977019599          -0.18568801232586        -0.034882546694109       -1.3582867180315e-15
3744                     1.1574155951314          -0.19547011915433        -0.03154480955292        -1.3581565644295e-15
3745                     1.1469593763264          -0.2059263379593         -0.028207072411732       -1.3579645543708e-15
3746                     1.1358241627472          -0.21706155153855        -0.024869335270543       -1.3576738263236e-15
3747                     1.1240065261349          -0.22887918815081        -0.021531598129355       -1.3572219554566e-15
3748                     1.1115041299976          -0.24138158428808        -0.018193860988166       -1.3565009238016e-15
3749                     1.098315428305           -0.25457028598071        -0.014856123846977       -1.3553196804077e-15
3750                     1.0844394276657          -0.26844628662           -0.011518386705789       -1.3533327122867e-15
3751                     1.0698755081261          -0.28301020615966        -0.0081806495646002      -1.3499009074456e-15
3752                     1.0546232938305          -0.29826242045519        -0.0048429124234115      -1.3438147511993e-15
3753                     1.0386825633744          -0.3142031509113         -0.0023873639106596      -1.3327317382515e-15
3754                     1.0220531900121          -0.3308325242736         -0.001164996713451       -1.3120079004238e-15
3755                     1.0047351032211          -0.34815061106465        -0.00055344797073291     -1.2722171352141e-15
3756                     0.98672826485647         -0.36615744942925        -0.00025078390740143     -1.1937666532209e-15
3757                     0.96803265485928         -0.38485305942644        -0.00010377159648028     -1.0349444460757e-15
3758                     0.94864826297287         -0.40423745131284        -3.3971722056842e-05     -7.0478024467689e-16
3759                     0.92857508409733         -0.42431063018838        -1.6442774936803e-06     -1.7615449844725e-21
3760                     0.84314926054109         -0.20192193185259        -9.5245609114238e-07     -1.4287823875576e-21
3761                     0.76582948252559         0.028572812023957        -8.7213239131639e-07     -1.3874062691414e-21
3762.0374419527          0.75900695734074         0.021750286839107        -8.2465243011065e-07     -1.348430633612e-21
3763.1137277578          0.75532046485503         0.018063794353392        -7.8420707965182e-07     -1.3020181181564e-21
3764.2303118051          0.75334598473402         0.016089314232379        -7.4653079536984e-07     -1.2500457324815e-21
3765.3887029394          0.75230489451807         0.01504822401643         -7.0963897063345e-07     -1.1938561323288e-21
3766.5904664997          0.75176679052963         0.014510120027994        -6.725116856409e-07      -1.1342803992316e-21
3767.8372264344          0.75149490443276         0.014238233931127        -6.3459151639382e-07     -1.0717779758944e-21
3769.1306674955          0.75136086722053         0.014104196718894        -5.9555883674967e-07     -1.0065697777872e-21
3770.4725375156          0.75129648531941         0.014039814817778        -5.552197573587e-07      -9.3873374778991e-22
3771.8646497695          0.75126639021885         0.014009719717216        -5.1344674537121e-07     -8.682655496228e-22
3773.3088854244          0.75125271383225         0.013996043330619        -4.7014640836629e-07     -7.9511449204322e-22
3774.8071960824          0.75124667757329         0.013990007071649        -4.2524202104891e-07     -7.1920376444532e-22
3776.3616064171          0.75124409244362         0.01398742194198         -3.7866417522699e-07     -6.4044137323286e-22
3777.9742169099          0.75124301899893         0.013986348497293        -3.3034587166782e-07     -5.5872581773399e-22
3779.6472066885          0.75124258670079         0.013985916199157        -2.8021999171261e-07     -4.7394890172172e-22
3781.3828364711          0.75124241649202         0.013985745990383        -2.2821800963212e-07     -3.8599703742712e-22
3783.1834516219          0.75124234658511         0.013985676083473        -1.7426933289193e-07     -2.9475177970353e-22
3785.05148532            0.75124230363454         0.013985633132903        -1.1830095350017e-07     -2.0008997317959e-22
3786.9894618473          0.75124223454018         0.013985564038546        -6.0237262582571e-08     -1.0188369115525e-22
3789                     0.37660800708836         0.007011058265114        0                        0
3791                     0                        0                        0                        0
3793                     0                        0                        0                        0
3795                     0                        0                        0                        0
3797                     0                        0                        0                        0
3799                     0                        0                        0                        0
